id,kind,location,path,name,bytes,files,role,modality,week,subject,copy_of,parent,note,nested
Dropbox:MultiModal/LungTumor,Folder,Dropbox,MultiModal/LungTumor,LungTumor,,,root,,,,,,,False
atwai:/data0/core/atwai/Anderson_Scott/Multimodal/MultiModal Lung tumor test,Folder,atwai,/data0/core/atwai/Anderson_Scott/Multimodal/MultiModal Lung tumor test,MultiModal Lung tumor test,,,root,,,,,,,False
atwai:/data0/core/atwai/Milton_CornwallBrady/Protocol Development in vivo/MultiModal Lung tumor test,Folder,atwai,/data0/core/atwai/Milton_CornwallBrady/Protocol Development in vivo/MultiModal Lung tumor test,MultiModal Lung tumor test,,,root,,,,,,,False
atwai:/data0/core/atwai/archive/microct/longitudinal mouse lung tumors,Folder,atwai,/data0/core/atwai/archive/microct/longitudinal mouse lung tumors,longitudinal mouse lung tumors,,,root,,,,,,,False
atwai:/data0/core/atwai/huangw/2024,Folder,atwai,/data0/core/atwai/huangw/2024,2024,,,root,,,,,,,False
atwai:/data0/core/atwai/Anderson_Scott/Multimodal/MultiModal Lung tumor test/raw data/wk10_10_Rec,Folder,atwai,/data0/core/atwai/Anderson_Scott/Multimodal/MultiModal Lung tumor test/raw data/wk10_10_Rec,wk10_10_Rec,651684568.0,702.0,raw,microCT,10.0,M10,,atwai:/data0/core/atwai/Anderson_Scott/Multimodal/MultiModal Lung tumor test,SkyScan reconstruction (canonical copy),False
atwai:/data0/core/atwai/Anderson_Scott/Multimodal/MultiModal Lung tumor test/raw data/wk10_11_Rec,Folder,atwai,/data0/core/atwai/Anderson_Scott/Multimodal/MultiModal Lung tumor test/raw data/wk10_11_Rec,wk10_11_Rec,632160323.0,681.0,raw,microCT,10.0,M11,,atwai:/data0/core/atwai/Anderson_Scott/Multimodal/MultiModal Lung tumor test,SkyScan reconstruction (canonical copy),False
atwai:/data0/core/atwai/Anderson_Scott/Multimodal/MultiModal Lung tumor test/raw data/wk10_12_Rec,Folder,atwai,/data0/core/atwai/Anderson_Scott/Multimodal/MultiModal Lung tumor test/raw data/wk10_12_Rec,wk10_12_Rec,585674023.0,631.0,raw,microCT,10.0,M12,,atwai:/data0/core/atwai/Anderson_Scott/Multimodal/MultiModal Lung tumor test,SkyScan reconstruction (canonical copy),False
atwai:/data0/core/atwai/Anderson_Scott/Multimodal/MultiModal Lung tumor test/raw data/wk10_13_Rec,Folder,atwai,/data0/core/atwai/Anderson_Scott/Multimodal/MultiModal Lung tumor test/raw data/wk10_13_Rec,wk10_13_Rec,625652240.0,674.0,raw,microCT,10.0,M13,,atwai:/data0/core/atwai/Anderson_Scott/Multimodal/MultiModal Lung tumor test,SkyScan reconstruction (canonical copy),False
atwai:/data0/core/atwai/Anderson_Scott/Multimodal/MultiModal Lung tumor test/raw data/wk10_14_Rec,Folder,atwai,/data0/core/atwai/Anderson_Scott/Multimodal/MultiModal Lung tumor test/raw data/wk10_14_Rec,wk10_14_Rec,517804025.0,558.0,raw,microCT,10.0,M14,,atwai:/data0/core/atwai/Anderson_Scott/Multimodal/MultiModal Lung tumor test,SkyScan reconstruction (canonical copy),False
atwai:/data0/core/atwai/Anderson_Scott/Multimodal/MultiModal Lung tumor test/raw data/wk10_15_Rec,Folder,atwai,/data0/core/atwai/Anderson_Scott/Multimodal/MultiModal Lung tumor test/raw data/wk10_15_Rec,wk10_15_Rec,535468818.0,577.0,raw,microCT,10.0,M15,,atwai:/data0/core/atwai/Anderson_Scott/Multimodal/MultiModal Lung tumor test,SkyScan reconstruction (canonical copy),False
atwai:/data0/core/atwai/Anderson_Scott/Multimodal/MultiModal Lung tumor test/raw data/wk10_17_Rec,Folder,atwai,/data0/core/atwai/Anderson_Scott/Multimodal/MultiModal Lung tumor test/raw data/wk10_17_Rec,wk10_17_Rec,513155394.0,553.0,raw,microCT,10.0,M17,,atwai:/data0/core/atwai/Anderson_Scott/Multimodal/MultiModal Lung tumor test,SkyScan reconstruction (canonical copy),False
atwai:/data0/core/atwai/Anderson_Scott/Multimodal/MultiModal Lung tumor test/raw data/wk10_18_Rec,Folder,atwai,/data0/core/atwai/Anderson_Scott/Multimodal/MultiModal Lung tumor test/raw data/wk10_18_Rec,wk10_18_Rec,515014846.0,555.0,raw,microCT,10.0,M18,,atwai:/data0/core/atwai/Anderson_Scott/Multimodal/MultiModal Lung tumor test,SkyScan reconstruction (canonical copy),False
atwai:/data0/core/atwai/Anderson_Scott/Multimodal/MultiModal Lung tumor test/raw data/wk10_19_Rec,Folder,atwai,/data0/core/atwai/Anderson_Scott/Multimodal/MultiModal Lung tumor test/raw data/wk10_19_Rec,wk10_19_Rec,566149778.0,610.0,raw,microCT,10.0,M19,,atwai:/data0/core/atwai/Anderson_Scott/Multimodal/MultiModal Lung tumor test,SkyScan reconstruction (canonical copy),False
atwai:/data0/core/atwai/Anderson_Scott/Multimodal/MultiModal Lung tumor test/raw data/wk10_67_Rec,Folder,atwai,/data0/core/atwai/Anderson_Scott/Multimodal/MultiModal Lung tumor test/raw data/wk10_67_Rec,wk10_67_Rec,595901009.0,642.0,raw,microCT,10.0,M67,,atwai:/data0/core/atwai/Anderson_Scott/Multimodal/MultiModal Lung tumor test,SkyScan reconstruction (canonical copy),False
atwai:/data0/core/atwai/Anderson_Scott/Multimodal/MultiModal Lung tumor test/raw data/wk10_68_Rec,Folder,atwai,/data0/core/atwai/Anderson_Scott/Multimodal/MultiModal Lung tumor test/raw data/wk10_68_Rec,wk10_68_Rec,564290324.0,608.0,raw,microCT,10.0,M68,,atwai:/data0/core/atwai/Anderson_Scott/Multimodal/MultiModal Lung tumor test,SkyScan reconstruction (canonical copy),False
atwai:/data0/core/atwai/Anderson_Scott/Multimodal/MultiModal Lung tumor test/raw data/wk10_69_Rec,Folder,atwai,/data0/core/atwai/Anderson_Scott/Multimodal/MultiModal Lung tumor test/raw data/wk10_69_Rec,wk10_69_Rec,536398544.0,578.0,raw,microCT,10.0,M69,,atwai:/data0/core/atwai/Anderson_Scott/Multimodal/MultiModal Lung tumor test,SkyScan reconstruction (canonical copy),False
atwai:/data0/core/atwai/Anderson_Scott/Multimodal/MultiModal Lung tumor test/raw data/wk10_75_Rec,Folder,atwai,/data0/core/atwai/Anderson_Scott/Multimodal/MultiModal Lung tumor test/raw data/wk10_75_Rec,wk10_75_Rec,556852516.0,600.0,raw,microCT,10.0,M75,,atwai:/data0/core/atwai/Anderson_Scott/Multimodal/MultiModal Lung tumor test,SkyScan reconstruction (canonical copy),False
atwai:/data0/core/atwai/Anderson_Scott/Multimodal/MultiModal Lung tumor test/raw data/wk11_10_Rec,Folder,atwai,/data0/core/atwai/Anderson_Scott/Multimodal/MultiModal Lung tumor test/raw data/wk11_10_Rec,wk11_10_Rec,537519266.0,617.0,raw,microCT,11.0,M10,,atwai:/data0/core/atwai/Anderson_Scott/Multimodal/MultiModal Lung tumor test,SkyScan reconstruction (canonical copy),False
atwai:/data0/core/atwai/Anderson_Scott/Multimodal/MultiModal Lung tumor test/raw data/wk11_11_Rec,Folder,atwai,/data0/core/atwai/Anderson_Scott/Multimodal/MultiModal Lung tumor test/raw data/wk11_11_Rec,wk11_11_Rec,567177807.0,651.0,raw,microCT,11.0,M11,,atwai:/data0/core/atwai/Anderson_Scott/Multimodal/MultiModal Lung tumor test,SkyScan reconstruction (canonical copy),False
atwai:/data0/core/atwai/Anderson_Scott/Multimodal/MultiModal Lung tumor test/raw data/wk11_12_Rec,Folder,atwai,/data0/core/atwai/Anderson_Scott/Multimodal/MultiModal Lung tumor test/raw data/wk11_12_Rec,wk11_12_Rec,530540785.0,609.0,raw,microCT,11.0,M12,,atwai:/data0/core/atwai/Anderson_Scott/Multimodal/MultiModal Lung tumor test,SkyScan reconstruction (canonical copy),False
atwai:/data0/core/atwai/Anderson_Scott/Multimodal/MultiModal Lung tumor test/raw data/wk11_13_Rec,Folder,atwai,/data0/core/atwai/Anderson_Scott/Multimodal/MultiModal Lung tumor test/raw data/wk11_13_Rec,wk11_13_Rec,553220845.0,635.0,raw,microCT,11.0,M13,,atwai:/data0/core/atwai/Anderson_Scott/Multimodal/MultiModal Lung tumor test,SkyScan reconstruction (canonical copy),False
atwai:/data0/core/atwai/Anderson_Scott/Multimodal/MultiModal Lung tumor test/raw data/wk11_14_Rec,Folder,atwai,/data0/core/atwai/Anderson_Scott/Multimodal/MultiModal Lung tumor test/raw data/wk11_14_Rec,wk11_14_Rec,527051546.0,605.0,raw,microCT,11.0,M14,,atwai:/data0/core/atwai/Anderson_Scott/Multimodal/MultiModal Lung tumor test,SkyScan reconstruction (canonical copy),False
atwai:/data0/core/atwai/Anderson_Scott/Multimodal/MultiModal Lung tumor test/raw data/wk11_15_Rec,Folder,atwai,/data0/core/atwai/Anderson_Scott/Multimodal/MultiModal Lung tumor test/raw data/wk11_15_Rec,wk11_15_Rec,502111127.0,576.0,raw,microCT,11.0,M15,,atwai:/data0/core/atwai/Anderson_Scott/Multimodal/MultiModal Lung tumor test,SkyScan reconstruction (canonical copy),False
atwai:/data0/core/atwai/Anderson_Scott/Multimodal/MultiModal Lung tumor test/raw data/wk11_17_Rec,Folder,atwai,/data0/core/atwai/Anderson_Scott/Multimodal/MultiModal Lung tumor test/raw data/wk11_17_Rec,wk11_17_Rec,507344987.0,582.0,raw,microCT,11.0,M17,,atwai:/data0/core/atwai/Anderson_Scott/Multimodal/MultiModal Lung tumor test,SkyScan reconstruction (canonical copy),False
atwai:/data0/core/atwai/Anderson_Scott/Multimodal/MultiModal Lung tumor test/raw data/wk11_18_Rec,Folder,atwai,/data0/core/atwai/Anderson_Scott/Multimodal/MultiModal Lung tumor test/raw data/wk11_18_Rec,wk11_18_Rec,525306925.0,603.0,raw,microCT,11.0,M18,,atwai:/data0/core/atwai/Anderson_Scott/Multimodal/MultiModal Lung tumor test,SkyScan reconstruction (canonical copy),False
atwai:/data0/core/atwai/Anderson_Scott/Multimodal/MultiModal Lung tumor test/raw data/wk11_19_Rec,Folder,atwai,/data0/core/atwai/Anderson_Scott/Multimodal/MultiModal Lung tumor test/raw data/wk11_19_Rec,wk11_19_Rec,507860726.0,583.0,raw,microCT,11.0,M19,,atwai:/data0/core/atwai/Anderson_Scott/Multimodal/MultiModal Lung tumor test,SkyScan reconstruction (canonical copy),False
atwai:/data0/core/atwai/Anderson_Scott/Multimodal/MultiModal Lung tumor test/raw data/wk11_67_Rec,Folder,atwai,/data0/core/atwai/Anderson_Scott/Multimodal/MultiModal Lung tumor test/raw data/wk11_67_Rec,wk11_67_Rec,525663497.0,603.0,raw,microCT,11.0,M67,,atwai:/data0/core/atwai/Anderson_Scott/Multimodal/MultiModal Lung tumor test,SkyScan reconstruction (canonical copy),False
atwai:/data0/core/atwai/Anderson_Scott/Multimodal/MultiModal Lung tumor test/raw data/wk11_68_Rec,Folder,atwai,/data0/core/atwai/Anderson_Scott/Multimodal/MultiModal Lung tumor test/raw data/wk11_68_Rec,wk11_68_Rec,559327015.0,642.0,raw,microCT,11.0,M68,,atwai:/data0/core/atwai/Anderson_Scott/Multimodal/MultiModal Lung tumor test,SkyScan reconstruction (canonical copy),False
atwai:/data0/core/atwai/Anderson_Scott/Multimodal/MultiModal Lung tumor test/raw data/wk11_69_Rec,Folder,atwai,/data0/core/atwai/Anderson_Scott/Multimodal/MultiModal Lung tumor test/raw data/wk11_69_Rec,wk11_69_Rec,564045138.0,647.0,raw,microCT,11.0,M69,,atwai:/data0/core/atwai/Anderson_Scott/Multimodal/MultiModal Lung tumor test,SkyScan reconstruction (canonical copy),False
atwai:/data0/core/atwai/Anderson_Scott/Multimodal/MultiModal Lung tumor test/raw data/wk11_75_Rec,Folder,atwai,/data0/core/atwai/Anderson_Scott/Multimodal/MultiModal Lung tumor test/raw data/wk11_75_Rec,wk11_75_Rec,525663497.0,603.0,raw,microCT,11.0,M75,,atwai:/data0/core/atwai/Anderson_Scott/Multimodal/MultiModal Lung tumor test,SkyScan reconstruction (canonical copy),False
atwai:/data0/core/atwai/Anderson_Scott/Multimodal/MultiModal Lung tumor test/raw data/wk13_10_Rec,Folder,atwai,/data0/core/atwai/Anderson_Scott/Multimodal/MultiModal Lung tumor test/raw data/wk13_10_Rec,wk13_10_Rec,684962525.0,696.0,raw,microCT,13.0,M10,,atwai:/data0/core/atwai/Anderson_Scott/Multimodal/MultiModal Lung tumor test,SkyScan reconstruction (canonical copy),False
atwai:/data0/core/atwai/Anderson_Scott/Multimodal/MultiModal Lung tumor test/raw data/wk13_11_Rec,Folder,atwai,/data0/core/atwai/Anderson_Scott/Multimodal/MultiModal Lung tumor test/raw data/wk13_11_Rec,wk13_11_Rec,686934440.0,698.0,raw,microCT,13.0,M11,,atwai:/data0/core/atwai/Anderson_Scott/Multimodal/MultiModal Lung tumor test,SkyScan reconstruction (canonical copy),False
atwai:/data0/core/atwai/Anderson_Scott/Multimodal/MultiModal Lung tumor test/raw data/wk13_12_Rec,Folder,atwai,/data0/core/atwai/Anderson_Scott/Multimodal/MultiModal Lung tumor test/raw data/wk13_12_Rec,wk13_12_Rec,682990608.0,694.0,raw,microCT,13.0,M12,,atwai:/data0/core/atwai/Anderson_Scott/Multimodal/MultiModal Lung tumor test,SkyScan reconstruction (canonical copy),False
atwai:/data0/core/atwai/Anderson_Scott/Multimodal/MultiModal Lung tumor test/raw data/wk13_13_Rec,Folder,atwai,/data0/core/atwai/Anderson_Scott/Multimodal/MultiModal Lung tumor test/raw data/wk13_13_Rec,wk13_13_Rec,606085884.0,616.0,raw,microCT,13.0,M13,,atwai:/data0/core/atwai/Anderson_Scott/Multimodal/MultiModal Lung tumor test,SkyScan reconstruction (canonical copy),False
atwai:/data0/core/atwai/Anderson_Scott/Multimodal/MultiModal Lung tumor test/raw data/wk13_14_Rec,Folder,atwai,/data0/core/atwai/Anderson_Scott/Multimodal/MultiModal Lung tumor test/raw data/wk13_14_Rec,wk13_14_Rec,671159112.0,682.0,raw,microCT,13.0,M14,,atwai:/data0/core/atwai/Anderson_Scott/Multimodal/MultiModal Lung tumor test,SkyScan reconstruction (canonical copy),False
atwai:/data0/core/atwai/Anderson_Scott/Multimodal/MultiModal Lung tumor test/raw data/wk13_15_Rec,Folder,atwai,/data0/core/atwai/Anderson_Scott/Multimodal/MultiModal Lung tumor test/raw data/wk13_15_Rec,wk13_15_Rec,697779978.0,709.0,raw,microCT,13.0,M15,,atwai:/data0/core/atwai/Anderson_Scott/Multimodal/MultiModal Lung tumor test,SkyScan reconstruction (canonical copy),False
atwai:/data0/core/atwai/Anderson_Scott/Multimodal/MultiModal Lung tumor test/raw data/wk13_17_Rec,Folder,atwai,/data0/core/atwai/Anderson_Scott/Multimodal/MultiModal Lung tumor test/raw data/wk13_17_Rec,wk13_17_Rec,639608457.0,650.0,raw,microCT,13.0,M17,,atwai:/data0/core/atwai/Anderson_Scott/Multimodal/MultiModal Lung tumor test,SkyScan reconstruction (canonical copy),False
atwai:/data0/core/atwai/Anderson_Scott/Multimodal/MultiModal Lung tumor test/raw data/wk13_18_Rec,Folder,atwai,/data0/core/atwai/Anderson_Scott/Multimodal/MultiModal Lung tumor test/raw data/wk13_18_Rec,wk13_18_Rec,698765936.0,710.0,raw,microCT,13.0,M18,,atwai:/data0/core/atwai/Anderson_Scott/Multimodal/MultiModal Lung tumor test,SkyScan reconstruction (canonical copy),False
atwai:/data0/core/atwai/Anderson_Scott/Multimodal/MultiModal Lung tumor test/raw data/wk13_19_Rec,Folder,atwai,/data0/core/atwai/Anderson_Scott/Multimodal/MultiModal Lung tumor test/raw data/wk13_19_Rec,wk13_19_Rec,600170136.0,610.0,raw,microCT,13.0,M19,,atwai:/data0/core/atwai/Anderson_Scott/Multimodal/MultiModal Lung tumor test,SkyScan reconstruction (canonical copy),False
atwai:/data0/core/atwai/Anderson_Scott/Multimodal/MultiModal Lung tumor test/raw data/wk13_67_Rec,Folder,atwai,/data0/core/atwai/Anderson_Scott/Multimodal/MultiModal Lung tumor test/raw data/wk13_67_Rec,wk13_67_Rec,628762919.0,639.0,raw,microCT,13.0,M67,,atwai:/data0/core/atwai/Anderson_Scott/Multimodal/MultiModal Lung tumor test,SkyScan reconstruction (canonical copy),False
atwai:/data0/core/atwai/Anderson_Scott/Multimodal/MultiModal Lung tumor test/raw data/wk13_68_Rec,Folder,atwai,/data0/core/atwai/Anderson_Scott/Multimodal/MultiModal Lung tumor test/raw data/wk13_68_Rec,wk13_68_Rec,618903338.0,629.0,raw,microCT,13.0,M68,,atwai:/data0/core/atwai/Anderson_Scott/Multimodal/MultiModal Lung tumor test,SkyScan reconstruction (canonical copy),False
atwai:/data0/core/atwai/Anderson_Scott/Multimodal/MultiModal Lung tumor test/raw data/wk13_69_Rec,Folder,atwai,/data0/core/atwai/Anderson_Scott/Multimodal/MultiModal Lung tumor test/raw data/wk13_69_Rec,wk13_69_Rec,597212262.0,607.0,raw,microCT,13.0,M69,,atwai:/data0/core/atwai/Anderson_Scott/Multimodal/MultiModal Lung tumor test,SkyScan reconstruction (canonical copy),False
atwai:/data0/core/atwai/Anderson_Scott/Multimodal/MultiModal Lung tumor test/raw data/wk14_10_Rec,Folder,atwai,/data0/core/atwai/Anderson_Scott/Multimodal/MultiModal Lung tumor test/raw data/wk14_10_Rec,wk14_10_Rec,433633757.0,672.0,raw,microCT,14.0,M10,,atwai:/data0/core/atwai/Anderson_Scott/Multimodal/MultiModal Lung tumor test,SkyScan reconstruction (canonical copy),False
atwai:/data0/core/atwai/Anderson_Scott/Multimodal/MultiModal Lung tumor test/raw data/wk14_11_Rec,Folder,atwai,/data0/core/atwai/Anderson_Scott/Multimodal/MultiModal Lung tumor test/raw data/wk14_11_Rec,wk14_11_Rec,433633757.0,672.0,raw,microCT,14.0,M11,,atwai:/data0/core/atwai/Anderson_Scott/Multimodal/MultiModal Lung tumor test,SkyScan reconstruction (canonical copy),False
atwai:/data0/core/atwai/Anderson_Scott/Multimodal/MultiModal Lung tumor test/raw data/wk14_12_Rec,Folder,atwai,/data0/core/atwai/Anderson_Scott/Multimodal/MultiModal Lung tumor test/raw data/wk14_12_Rec,wk14_12_Rec,433633758.0,672.0,raw,microCT,14.0,M12,,atwai:/data0/core/atwai/Anderson_Scott/Multimodal/MultiModal Lung tumor test,SkyScan reconstruction (canonical copy),False
atwai:/data0/core/atwai/Anderson_Scott/Multimodal/MultiModal Lung tumor test/raw data/wk14_13_Rec,Folder,atwai,/data0/core/atwai/Anderson_Scott/Multimodal/MultiModal Lung tumor test/raw data/wk14_13_Rec,wk14_13_Rec,433633757.0,672.0,raw,microCT,14.0,M13,,atwai:/data0/core/atwai/Anderson_Scott/Multimodal/MultiModal Lung tumor test,SkyScan reconstruction (canonical copy),False
atwai:/data0/core/atwai/Anderson_Scott/Multimodal/MultiModal Lung tumor test/raw data/wk14_14_Rec,Folder,atwai,/data0/core/atwai/Anderson_Scott/Multimodal/MultiModal Lung tumor test/raw data/wk14_14_Rec,wk14_14_Rec,433633758.0,672.0,raw,microCT,14.0,M14,,atwai:/data0/core/atwai/Anderson_Scott/Multimodal/MultiModal Lung tumor test,SkyScan reconstruction (canonical copy),False
atwai:/data0/core/atwai/Anderson_Scott/Multimodal/MultiModal Lung tumor test/raw data/wk14_15_Rec,Folder,atwai,/data0/core/atwai/Anderson_Scott/Multimodal/MultiModal Lung tumor test/raw data/wk14_15_Rec,wk14_15_Rec,433633757.0,672.0,raw,microCT,14.0,M15,,atwai:/data0/core/atwai/Anderson_Scott/Multimodal/MultiModal Lung tumor test,SkyScan reconstruction (canonical copy),False
atwai:/data0/core/atwai/Anderson_Scott/Multimodal/MultiModal Lung tumor test/raw data/wk14_17_Rec,Folder,atwai,/data0/core/atwai/Anderson_Scott/Multimodal/MultiModal Lung tumor test/raw data/wk14_17_Rec,wk14_17_Rec,433633757.0,672.0,raw,microCT,14.0,M17,,atwai:/data0/core/atwai/Anderson_Scott/Multimodal/MultiModal Lung tumor test,SkyScan reconstruction (canonical copy),False
atwai:/data0/core/atwai/Anderson_Scott/Multimodal/MultiModal Lung tumor test/raw data/wk14_18_Rec,Folder,atwai,/data0/core/atwai/Anderson_Scott/Multimodal/MultiModal Lung tumor test/raw data/wk14_18_Rec,wk14_18_Rec,433633757.0,672.0,raw,microCT,14.0,M18,,atwai:/data0/core/atwai/Anderson_Scott/Multimodal/MultiModal Lung tumor test,SkyScan reconstruction (canonical copy),False
atwai:/data0/core/atwai/Anderson_Scott/Multimodal/MultiModal Lung tumor test/raw data/wk14_19_Rec,Folder,atwai,/data0/core/atwai/Anderson_Scott/Multimodal/MultiModal Lung tumor test/raw data/wk14_19_Rec,wk14_19_Rec,433633757.0,672.0,raw,microCT,14.0,M19,,atwai:/data0/core/atwai/Anderson_Scott/Multimodal/MultiModal Lung tumor test,SkyScan reconstruction (canonical copy),False
atwai:/data0/core/atwai/Anderson_Scott/Multimodal/MultiModal Lung tumor test/raw data/wk14_67_Rec,Folder,atwai,/data0/core/atwai/Anderson_Scott/Multimodal/MultiModal Lung tumor test/raw data/wk14_67_Rec,wk14_67_Rec,433633758.0,672.0,raw,microCT,14.0,M67,,atwai:/data0/core/atwai/Anderson_Scott/Multimodal/MultiModal Lung tumor test,SkyScan reconstruction (canonical copy),False
atwai:/data0/core/atwai/Anderson_Scott/Multimodal/MultiModal Lung tumor test/raw data/wk14_68_Rec,Folder,atwai,/data0/core/atwai/Anderson_Scott/Multimodal/MultiModal Lung tumor test/raw data/wk14_68_Rec,wk14_68_Rec,433633757.0,672.0,raw,microCT,14.0,M68,,atwai:/data0/core/atwai/Anderson_Scott/Multimodal/MultiModal Lung tumor test,SkyScan reconstruction (canonical copy),False
atwai:/data0/core/atwai/Anderson_Scott/Multimodal/MultiModal Lung tumor test/raw data/wk14_69_Rec,Folder,atwai,/data0/core/atwai/Anderson_Scott/Multimodal/MultiModal Lung tumor test/raw data/wk14_69_Rec,wk14_69_Rec,433633757.0,672.0,raw,microCT,14.0,M69,,atwai:/data0/core/atwai/Anderson_Scott/Multimodal/MultiModal Lung tumor test,SkyScan reconstruction (canonical copy),False
atwai:/data0/core/atwai/Anderson_Scott/Multimodal/MultiModal Lung tumor test/raw data/wk6-10_Rec,Folder,atwai,/data0/core/atwai/Anderson_Scott/Multimodal/MultiModal Lung tumor test/raw data/wk6-10_Rec,wk6-10_Rec,489742831.0,498.0,raw,microCT,6.0,M10,,atwai:/data0/core/atwai/Anderson_Scott/Multimodal/MultiModal Lung tumor test,SkyScan reconstruction (canonical copy),False
atwai:/data0/core/atwai/Anderson_Scott/Multimodal/MultiModal Lung tumor test/raw data/wk6-11_Rec,Folder,atwai,/data0/core/atwai/Anderson_Scott/Multimodal/MultiModal Lung tumor test/raw data/wk6-11_Rec,wk6-11_Rec,561847038.0,571.0,raw,microCT,6.0,M11,,atwai:/data0/core/atwai/Anderson_Scott/Multimodal/MultiModal Lung tumor test,SkyScan reconstruction (canonical copy),False
atwai:/data0/core/atwai/Anderson_Scott/Multimodal/MultiModal Lung tumor test/raw data/wk6-12_Rec,Folder,atwai,/data0/core/atwai/Anderson_Scott/Multimodal/MultiModal Lung tumor test/raw data/wk6-12_Rec,wk6-12_Rec,545942437.0,555.0,raw,microCT,6.0,M12,,atwai:/data0/core/atwai/Anderson_Scott/Multimodal/MultiModal Lung tumor test,SkyScan reconstruction (canonical copy),False
atwai:/data0/core/atwai/Anderson_Scott/Multimodal/MultiModal Lung tumor test/raw data/wk6-13_Rec,Folder,atwai,/data0/core/atwai/Anderson_Scott/Multimodal/MultiModal Lung tumor test/raw data/wk6-13_Rec,wk6-13_Rec,549886268.0,559.0,raw,microCT,6.0,M13,,atwai:/data0/core/atwai/Anderson_Scott/Multimodal/MultiModal Lung tumor test,SkyScan reconstruction (canonical copy),False
atwai:/data0/core/atwai/Anderson_Scott/Multimodal/MultiModal Lung tumor test/raw data/wk6-14_Rec,Folder,atwai,/data0/core/atwai/Anderson_Scott/Multimodal/MultiModal Lung tumor test/raw data/wk6-14_Rec,wk6-14_Rec,574535219.0,584.0,raw,microCT,6.0,M14,,atwai:/data0/core/atwai/Anderson_Scott/Multimodal/MultiModal Lung tumor test,SkyScan reconstruction (canonical copy),False
atwai:/data0/core/atwai/Anderson_Scott/Multimodal/MultiModal Lung tumor test/raw data/wk6-15_Rec,Folder,atwai,/data0/core/atwai/Anderson_Scott/Multimodal/MultiModal Lung tumor test/raw data/wk6-15_Rec,wk6-15_Rec,502689558.0,511.0,raw,microCT,6.0,M15,,atwai:/data0/core/atwai/Anderson_Scott/Multimodal/MultiModal Lung tumor test,SkyScan reconstruction (canonical copy),False
atwai:/data0/core/atwai/Anderson_Scott/Multimodal/MultiModal Lung tumor test/raw data/wk6-17_Rec,Folder,atwai,/data0/core/atwai/Anderson_Scott/Multimodal/MultiModal Lung tumor test/raw data/wk6-17_Rec,wk6-17_Rec,502689558.0,511.0,raw,microCT,6.0,M17,,atwai:/data0/core/atwai/Anderson_Scott/Multimodal/MultiModal Lung tumor test,SkyScan reconstruction (canonical copy),False
atwai:/data0/core/atwai/Anderson_Scott/Multimodal/MultiModal Lung tumor test/raw data/wk6-18_Rec,Folder,atwai,/data0/core/atwai/Anderson_Scott/Multimodal/MultiModal Lung tumor test/raw data/wk6-18_Rec,wk6-18_Rec,586495988.0,596.0,raw,microCT,6.0,M18,,atwai:/data0/core/atwai/Anderson_Scott/Multimodal/MultiModal Lung tumor test,SkyScan reconstruction (canonical copy),False
atwai:/data0/core/atwai/Anderson_Scott/Multimodal/MultiModal Lung tumor test/raw data/wk6-19_Rec,Folder,atwai,/data0/core/atwai/Anderson_Scott/Multimodal/MultiModal Lung tumor test/raw data/wk6-19_Rec,wk6-19_Rec,500588368.0,509.0,raw,microCT,6.0,M19,,atwai:/data0/core/atwai/Anderson_Scott/Multimodal/MultiModal Lung tumor test,SkyScan reconstruction (canonical copy),False
atwai:/data0/core/atwai/Anderson_Scott/Multimodal/MultiModal Lung tumor test/raw data/wk6-67_Rec,Folder,atwai,/data0/core/atwai/Anderson_Scott/Multimodal/MultiModal Lung tumor test/raw data/wk6-67_Rec,wk6-67_Rec,534240215.0,543.0,raw,microCT,6.0,M67,,atwai:/data0/core/atwai/Anderson_Scott/Multimodal/MultiModal Lung tumor test,SkyScan reconstruction (canonical copy),False
atwai:/data0/core/atwai/Anderson_Scott/Multimodal/MultiModal Lung tumor test/raw data/wk6-68_Rec,Folder,atwai,/data0/core/atwai/Anderson_Scott/Multimodal/MultiModal Lung tumor test/raw data/wk6-68_Rec,wk6-68_Rec,519321570.0,528.0,raw,microCT,6.0,M68,,atwai:/data0/core/atwai/Anderson_Scott/Multimodal/MultiModal Lung tumor test,SkyScan reconstruction (canonical copy),False
atwai:/data0/core/atwai/Anderson_Scott/Multimodal/MultiModal Lung tumor test/raw data/wk6-69_Rec,Folder,atwai,/data0/core/atwai/Anderson_Scott/Multimodal/MultiModal Lung tumor test/raw data/wk6-69_Rec,wk6-69_Rec,502689559.0,511.0,raw,microCT,6.0,M69,,atwai:/data0/core/atwai/Anderson_Scott/Multimodal/MultiModal Lung tumor test,SkyScan reconstruction (canonical copy),False
atwai:/data0/core/atwai/Anderson_Scott/Multimodal/MultiModal Lung tumor test/raw data/wk6-75_Rec,Folder,atwai,/data0/core/atwai/Anderson_Scott/Multimodal/MultiModal Lung tumor test/raw data/wk6-75_Rec,wk6-75_Rec,500588372.0,509.0,raw,microCT,6.0,M75,,atwai:/data0/core/atwai/Anderson_Scott/Multimodal/MultiModal Lung tumor test,SkyScan reconstruction (canonical copy),False
atwai:/data0/core/atwai/Anderson_Scott/Multimodal/MultiModal Lung tumor test/raw data/wk7-10_Rec,Folder,atwai,/data0/core/atwai/Anderson_Scott/Multimodal/MultiModal Lung tumor test/raw data/wk7-10_Rec,wk7-10_Rec,505537209.0,564.0,raw,microCT,7.0,M10,,atwai:/data0/core/atwai/Anderson_Scott/Multimodal/MultiModal Lung tumor test,SkyScan reconstruction (canonical copy),False
atwai:/data0/core/atwai/Anderson_Scott/Multimodal/MultiModal Lung tumor test/raw data/wk7-11_Rec,Folder,atwai,/data0/core/atwai/Anderson_Scott/Multimodal/MultiModal Lung tumor test/raw data/wk7-11_Rec,wk7-11_Rec,461571768.0,515.0,raw,microCT,7.0,M11,,atwai:/data0/core/atwai/Anderson_Scott/Multimodal/MultiModal Lung tumor test,SkyScan reconstruction (canonical copy),False
atwai:/data0/core/atwai/Anderson_Scott/Multimodal/MultiModal Lung tumor test/raw data/wk7-12_Rec,Folder,atwai,/data0/core/atwai/Anderson_Scott/Multimodal/MultiModal Lung tumor test/raw data/wk7-12_Rec,wk7-12_Rec,471441562.0,526.0,raw,microCT,7.0,M12,,atwai:/data0/core/atwai/Anderson_Scott/Multimodal/MultiModal Lung tumor test,SkyScan reconstruction (canonical copy),False
atwai:/data0/core/atwai/Anderson_Scott/Multimodal/MultiModal Lung tumor test/raw data/wk7-13_Rec,Folder,atwai,/data0/core/atwai/Anderson_Scott/Multimodal/MultiModal Lung tumor test/raw data/wk7-13_Rec,wk7-13_Rec,493713161.0,572.0,raw,microCT,7.0,M13,,atwai:/data0/core/atwai/Anderson_Scott/Multimodal/MultiModal Lung tumor test,SkyScan reconstruction (canonical copy),False
atwai:/data0/core/atwai/Anderson_Scott/Multimodal/MultiModal Lung tumor test/raw data/wk7-14_Rec,Folder,atwai,/data0/core/atwai/Anderson_Scott/Multimodal/MultiModal Lung tumor test/raw data/wk7-14_Rec,wk7-14_Rec,542324624.0,605.0,raw,microCT,7.0,M14,,atwai:/data0/core/atwai/Anderson_Scott/Multimodal/MultiModal Lung tumor test,SkyScan reconstruction (canonical copy),False
atwai:/data0/core/atwai/Anderson_Scott/Multimodal/MultiModal Lung tumor test/raw data/wk7-15_Rec,Folder,atwai,/data0/core/atwai/Anderson_Scott/Multimodal/MultiModal Lung tumor test/raw data/wk7-15_Rec,wk7-15_Rec,551887726.0,616.0,raw,microCT,7.0,M15,,atwai:/data0/core/atwai/Anderson_Scott/Multimodal/MultiModal Lung tumor test,SkyScan reconstruction (canonical copy),False
atwai:/data0/core/atwai/Anderson_Scott/Multimodal/MultiModal Lung tumor test/raw data/wk7-17_Rec,Folder,atwai,/data0/core/atwai/Anderson_Scott/Multimodal/MultiModal Lung tumor test/raw data/wk7-17_Rec,wk7-17_Rec,485797612.0,542.0,raw,microCT,7.0,M17,,atwai:/data0/core/atwai/Anderson_Scott/Multimodal/MultiModal Lung tumor test,SkyScan reconstruction (canonical copy),False
atwai:/data0/core/atwai/Anderson_Scott/Multimodal/MultiModal Lung tumor test/raw data/wk7-18_Rec,Folder,atwai,/data0/core/atwai/Anderson_Scott/Multimodal/MultiModal Lung tumor test/raw data/wk7-18_Rec,wk7-18_Rec,484593677.0,541.0,raw,microCT,7.0,M18,,atwai:/data0/core/atwai/Anderson_Scott/Multimodal/MultiModal Lung tumor test,SkyScan reconstruction (canonical copy),False
atwai:/data0/core/atwai/Anderson_Scott/Multimodal/MultiModal Lung tumor test/raw data/wk7-19_Rec,Folder,atwai,/data0/core/atwai/Anderson_Scott/Multimodal/MultiModal Lung tumor test/raw data/wk7-19_Rec,wk7-19_Rec,542915194.0,606.0,raw,microCT,7.0,M19,,atwai:/data0/core/atwai/Anderson_Scott/Multimodal/MultiModal Lung tumor test,SkyScan reconstruction (canonical copy),False
atwai:/data0/core/atwai/Anderson_Scott/Multimodal/MultiModal Lung tumor test/raw data/wk7-67_Rec,Folder,atwai,/data0/core/atwai/Anderson_Scott/Multimodal/MultiModal Lung tumor test/raw data/wk7-67_Rec,wk7-67_Rec,555893946.0,644.0,raw,microCT,7.0,M67,,atwai:/data0/core/atwai/Anderson_Scott/Multimodal/MultiModal Lung tumor test,SkyScan reconstruction (canonical copy),False
atwai:/data0/core/atwai/Anderson_Scott/Multimodal/MultiModal Lung tumor test/raw data/wk7-68_Rec,Folder,atwai,/data0/core/atwai/Anderson_Scott/Multimodal/MultiModal Lung tumor test/raw data/wk7-68_Rec,wk7-68_Rec,478167965.0,554.0,raw,microCT,7.0,M68,,atwai:/data0/core/atwai/Anderson_Scott/Multimodal/MultiModal Lung tumor test,SkyScan reconstruction (canonical copy),False
atwai:/data0/core/atwai/Anderson_Scott/Multimodal/MultiModal Lung tumor test/raw data/wk7-69_Rec,Folder,atwai,/data0/core/atwai/Anderson_Scott/Multimodal/MultiModal Lung tumor test/raw data/wk7-69_Rec,wk7-69_Rec,572302764.0,663.0,raw,microCT,7.0,M69,,atwai:/data0/core/atwai/Anderson_Scott/Multimodal/MultiModal Lung tumor test,SkyScan reconstruction (canonical copy),False
atwai:/data0/core/atwai/Anderson_Scott/Multimodal/MultiModal Lung tumor test/raw data/wk7-75_Rec,Folder,atwai,/data0/core/atwai/Anderson_Scott/Multimodal/MultiModal Lung tumor test/raw data/wk7-75_Rec,wk7-75_Rec,526174051.0,587.0,raw,microCT,7.0,M75,,atwai:/data0/core/atwai/Anderson_Scott/Multimodal/MultiModal Lung tumor test,SkyScan reconstruction (canonical copy),False
atwai:/data0/core/atwai/Anderson_Scott/Multimodal/MultiModal Lung tumor test/raw data/wk8_10_Rec,Folder,atwai,/data0/core/atwai/Anderson_Scott/Multimodal/MultiModal Lung tumor test/raw data/wk8_10_Rec,wk8_10_Rec,572474429.0,629.0,raw,microCT,8.0,M10,,atwai:/data0/core/atwai/Anderson_Scott/Multimodal/MultiModal Lung tumor test,SkyScan reconstruction (canonical copy),False
atwai:/data0/core/atwai/Anderson_Scott/Multimodal/MultiModal Lung tumor test/raw data/wk8_11_Rec,Folder,atwai,/data0/core/atwai/Anderson_Scott/Multimodal/MultiModal Lung tumor test/raw data/wk8_11_Rec,wk8_11_Rec,523983053.0,577.0,raw,microCT,8.0,M11,,atwai:/data0/core/atwai/Anderson_Scott/Multimodal/MultiModal Lung tumor test,SkyScan reconstruction (canonical copy),False
atwai:/data0/core/atwai/Anderson_Scott/Multimodal/MultiModal Lung tumor test/raw data/wk8_12_Rec,Folder,atwai,/data0/core/atwai/Anderson_Scott/Multimodal/MultiModal Lung tumor test/raw data/wk8_12_Rec,wk8_12_Rec,559741145.0,616.0,raw,microCT,8.0,M12,,atwai:/data0/core/atwai/Anderson_Scott/Multimodal/MultiModal Lung tumor test,SkyScan reconstruction (canonical copy),False
atwai:/data0/core/atwai/Anderson_Scott/Multimodal/MultiModal Lung tumor test/raw data/wk8_13_Rec,Folder,atwai,/data0/core/atwai/Anderson_Scott/Multimodal/MultiModal Lung tumor test/raw data/wk8_13_Rec,wk8_13_Rec,635869510.0,700.0,raw,microCT,8.0,M13,,atwai:/data0/core/atwai/Anderson_Scott/Multimodal/MultiModal Lung tumor test,SkyScan reconstruction (canonical copy),False
atwai:/data0/core/atwai/Anderson_Scott/Multimodal/MultiModal Lung tumor test/raw data/wk8_14_Rec,Folder,atwai,/data0/core/atwai/Anderson_Scott/Multimodal/MultiModal Lung tumor test/raw data/wk8_14_Rec,wk8_14_Rec,554283269.0,610.0,raw,microCT,8.0,M14,,atwai:/data0/core/atwai/Anderson_Scott/Multimodal/MultiModal Lung tumor test,SkyScan reconstruction (canonical copy),False
atwai:/data0/core/atwai/Anderson_Scott/Multimodal/MultiModal Lung tumor test/raw data/wk8_15_Rec,Folder,atwai,/data0/core/atwai/Anderson_Scott/Multimodal/MultiModal Lung tumor test/raw data/wk8_15_Rec,wk8_15_Rec,515168490.0,567.0,raw,microCT,8.0,M15,,atwai:/data0/core/atwai/Anderson_Scott/Multimodal/MultiModal Lung tumor test,SkyScan reconstruction (canonical copy),False
atwai:/data0/core/atwai/Anderson_Scott/Multimodal/MultiModal Lung tumor test/raw data/wk8_17_Rec,Folder,atwai,/data0/core/atwai/Anderson_Scott/Multimodal/MultiModal Lung tumor test/raw data/wk8_17_Rec,wk8_17_Rec,475144066.0,523.0,raw,microCT,8.0,M17,,atwai:/data0/core/atwai/Anderson_Scott/Multimodal/MultiModal Lung tumor test,SkyScan reconstruction (canonical copy),False
atwai:/data0/core/atwai/Anderson_Scott/Multimodal/MultiModal Lung tumor test/raw data/wk8_18_Rec,Folder,atwai,/data0/core/atwai/Anderson_Scott/Multimodal/MultiModal Lung tumor test/raw data/wk8_18_Rec,wk8_18_Rec,532451764.0,586.0,raw,microCT,8.0,M18,,atwai:/data0/core/atwai/Anderson_Scott/Multimodal/MultiModal Lung tumor test,SkyScan reconstruction (canonical copy),False
atwai:/data0/core/atwai/Anderson_Scott/Multimodal/MultiModal Lung tumor test/raw data/wk8_19_Rec,Folder,atwai,/data0/core/atwai/Anderson_Scott/Multimodal/MultiModal Lung tumor test/raw data/wk8_19_Rec,wk8_19_Rec,518807075.0,571.0,raw,microCT,8.0,M19,,atwai:/data0/core/atwai/Anderson_Scott/Multimodal/MultiModal Lung tumor test,SkyScan reconstruction (canonical copy),False
atwai:/data0/core/atwai/Anderson_Scott/Multimodal/MultiModal Lung tumor test/raw data/wk8_67_Rec,Folder,atwai,/data0/core/atwai/Anderson_Scott/Multimodal/MultiModal Lung tumor test/raw data/wk8_67_Rec,wk8_67_Rec,517897429.0,570.0,raw,microCT,8.0,M67,,atwai:/data0/core/atwai/Anderson_Scott/Multimodal/MultiModal Lung tumor test,SkyScan reconstruction (canonical copy),False
atwai:/data0/core/atwai/Anderson_Scott/Multimodal/MultiModal Lung tumor test/raw data/wk8_68_Rec,Folder,atwai,/data0/core/atwai/Anderson_Scott/Multimodal/MultiModal Lung tumor test/raw data/wk8_68_Rec,wk8_68_Rec,601584861.0,662.0,raw,microCT,8.0,M68,,atwai:/data0/core/atwai/Anderson_Scott/Multimodal/MultiModal Lung tumor test,SkyScan reconstruction (canonical copy),False
atwai:/data0/core/atwai/Anderson_Scott/Multimodal/MultiModal Lung tumor test/raw data/wk8_69_Rec,Folder,atwai,/data0/core/atwai/Anderson_Scott/Multimodal/MultiModal Lung tumor test/raw data/wk8_69_Rec,wk8_69_Rec,590669108.0,650.0,raw,microCT,8.0,M69,,atwai:/data0/core/atwai/Anderson_Scott/Multimodal/MultiModal Lung tumor test,SkyScan reconstruction (canonical copy),False
atwai:/data0/core/atwai/Anderson_Scott/Multimodal/MultiModal Lung tumor test/raw data/wk8_75_Rec,Folder,atwai,/data0/core/atwai/Anderson_Scott/Multimodal/MultiModal Lung tumor test/raw data/wk8_75_Rec,wk8_75_Rec,561560436.0,618.0,raw,microCT,8.0,M75,,atwai:/data0/core/atwai/Anderson_Scott/Multimodal/MultiModal Lung tumor test,SkyScan reconstruction (canonical copy),False
atwai:/data0/core/atwai/Anderson_Scott/Multimodal/MultiModal Lung tumor test/raw data/wk9_10_Rec,Folder,atwai,/data0/core/atwai/Anderson_Scott/Multimodal/MultiModal Lung tumor test/raw data/wk9_10_Rec,wk9_10_Rec,625863421.0,689.0,raw,microCT,9.0,M10,,atwai:/data0/core/atwai/Anderson_Scott/Multimodal/MultiModal Lung tumor test,SkyScan reconstruction (canonical copy),False
atwai:/data0/core/atwai/Anderson_Scott/Multimodal/MultiModal Lung tumor test/raw data/wk9_11_Rec,Folder,atwai,/data0/core/atwai/Anderson_Scott/Multimodal/MultiModal Lung tumor test/raw data/wk9_11_Rec,wk9_11_Rec,623134483.0,686.0,raw,microCT,9.0,M11,,atwai:/data0/core/atwai/Anderson_Scott/Multimodal/MultiModal Lung tumor test,SkyScan reconstruction (canonical copy),False
atwai:/data0/core/atwai/Anderson_Scott/Multimodal/MultiModal Lung tumor test/raw data/wk9_12_Rec,Folder,atwai,/data0/core/atwai/Anderson_Scott/Multimodal/MultiModal Lung tumor test/raw data/wk9_12_Rec,wk9_12_Rec,583110064.0,642.0,raw,microCT,9.0,M12,,atwai:/data0/core/atwai/Anderson_Scott/Multimodal/MultiModal Lung tumor test,SkyScan reconstruction (canonical copy),False
atwai:/data0/core/atwai/Anderson_Scott/Multimodal/MultiModal Lung tumor test/raw data/wk9_13_Rec,Folder,atwai,/data0/core/atwai/Anderson_Scott/Multimodal/MultiModal Lung tumor test/raw data/wk9_13_Rec,wk9_13_Rec,613128378.0,675.0,raw,microCT,9.0,M13,,atwai:/data0/core/atwai/Anderson_Scott/Multimodal/MultiModal Lung tumor test,SkyScan reconstruction (canonical copy),False
atwai:/data0/core/atwai/Anderson_Scott/Multimodal/MultiModal Lung tumor test/raw data/wk9_14_Rec,Folder,atwai,/data0/core/atwai/Anderson_Scott/Multimodal/MultiModal Lung tumor test/raw data/wk9_14_Rec,wk9_14_Rec,556730326.0,613.0,raw,microCT,9.0,M14,,atwai:/data0/core/atwai/Anderson_Scott/Multimodal/MultiModal Lung tumor test,SkyScan reconstruction (canonical copy),False
atwai:/data0/core/atwai/Anderson_Scott/Multimodal/MultiModal Lung tumor test/raw data/wk9_15_Rec,Folder,atwai,/data0/core/atwai/Anderson_Scott/Multimodal/MultiModal Lung tumor test/raw data/wk9_15_Rec,wk9_15_Rec,587658290.0,647.0,raw,microCT,9.0,M15,,atwai:/data0/core/atwai/Anderson_Scott/Multimodal/MultiModal Lung tumor test,SkyScan reconstruction (canonical copy),False
atwai:/data0/core/atwai/Anderson_Scott/Multimodal/MultiModal Lung tumor test/raw data/wk9_17_Rec,Folder,atwai,/data0/core/atwai/Anderson_Scott/Multimodal/MultiModal Lung tumor test/raw data/wk9_17_Rec,wk9_17_Rec,577652183.0,636.0,raw,microCT,9.0,M17,,atwai:/data0/core/atwai/Anderson_Scott/Multimodal/MultiModal Lung tumor test,SkyScan reconstruction (canonical copy),False
atwai:/data0/core/atwai/Anderson_Scott/Multimodal/MultiModal Lung tumor test/raw data/wk9_18_Rec,Folder,atwai,/data0/core/atwai/Anderson_Scott/Multimodal/MultiModal Lung tumor test/raw data/wk9_18_Rec,wk9_18_Rec,591296873.0,651.0,raw,microCT,9.0,M18,,atwai:/data0/core/atwai/Anderson_Scott/Multimodal/MultiModal Lung tumor test,SkyScan reconstruction (canonical copy),False
atwai:/data0/core/atwai/Anderson_Scott/Multimodal/MultiModal Lung tumor test/raw data/wk9_19_Rec,Folder,atwai,/data0/core/atwai/Anderson_Scott/Multimodal/MultiModal Lung tumor test/raw data/wk9_19_Rec,wk9_19_Rec,658610678.0,725.0,raw,microCT,9.0,M19,,atwai:/data0/core/atwai/Anderson_Scott/Multimodal/MultiModal Lung tumor test,SkyScan reconstruction (canonical copy),False
atwai:/data0/core/atwai/Anderson_Scott/Multimodal/MultiModal Lung tumor test/raw data/wk9_67_Rec,Folder,atwai,/data0/core/atwai/Anderson_Scott/Multimodal/MultiModal Lung tumor test/raw data/wk9_67_Rec,wk9_67_Rec,613128377.0,675.0,raw,microCT,9.0,M67,,atwai:/data0/core/atwai/Anderson_Scott/Multimodal/MultiModal Lung tumor test,SkyScan reconstruction (canonical copy),False
atwai:/data0/core/atwai/Anderson_Scott/Multimodal/MultiModal Lung tumor test/raw data/wk9_68_Rec,Folder,atwai,/data0/core/atwai/Anderson_Scott/Multimodal/MultiModal Lung tumor test/raw data/wk9_68_Rec,wk9_68_Rec,566736432.0,624.0,raw,microCT,9.0,M68,,atwai:/data0/core/atwai/Anderson_Scott/Multimodal/MultiModal Lung tumor test,SkyScan reconstruction (canonical copy),False
atwai:/data0/core/atwai/Anderson_Scott/Multimodal/MultiModal Lung tumor test/raw data/wk9_69_Rec,Folder,atwai,/data0/core/atwai/Anderson_Scott/Multimodal/MultiModal Lung tumor test/raw data/wk9_69_Rec,wk9_69_Rec,611309085.0,673.0,raw,microCT,9.0,M69,,atwai:/data0/core/atwai/Anderson_Scott/Multimodal/MultiModal Lung tumor test,SkyScan reconstruction (canonical copy),False
atwai:/data0/core/atwai/Anderson_Scott/Multimodal/MultiModal Lung tumor test/raw data/wk9_75_Rec,Folder,atwai,/data0/core/atwai/Anderson_Scott/Multimodal/MultiModal Lung tumor test/raw data/wk9_75_Rec,wk9_75_Rec,615857319.0,678.0,raw,microCT,9.0,M75,,atwai:/data0/core/atwai/Anderson_Scott/Multimodal/MultiModal Lung tumor test,SkyScan reconstruction (canonical copy),False
atwai:/data0/core/atwai/Milton_CornwallBrady/Protocol Development in vivo/MultiModal Lung tumor test/wk10_10_Rec,Folder,atwai,/data0/core/atwai/Milton_CornwallBrady/Protocol Development in vivo/MultiModal Lung tumor test/wk10_10_Rec,wk10_10_Rec,651684568.0,702.0,copy,microCT,10.0,M10,atwai:/data0/core/atwai/Anderson_Scott/Multimodal/MultiModal Lung tumor test/raw data/wk10_10_Rec,atwai:/data0/core/atwai/Milton_CornwallBrady/Protocol Development in vivo/MultiModal Lung tumor test,copy of the reconstruction,False
atwai:/data0/core/atwai/Milton_CornwallBrady/Protocol Development in vivo/MultiModal Lung tumor test/wk10_11_Rec,Folder,atwai,/data0/core/atwai/Milton_CornwallBrady/Protocol Development in vivo/MultiModal Lung tumor test/wk10_11_Rec,wk10_11_Rec,632160323.0,681.0,copy,microCT,10.0,M11,atwai:/data0/core/atwai/Anderson_Scott/Multimodal/MultiModal Lung tumor test/raw data/wk10_11_Rec,atwai:/data0/core/atwai/Milton_CornwallBrady/Protocol Development in vivo/MultiModal Lung tumor test,copy of the reconstruction,False
atwai:/data0/core/atwai/Milton_CornwallBrady/Protocol Development in vivo/MultiModal Lung tumor test/wk10_12_Rec,Folder,atwai,/data0/core/atwai/Milton_CornwallBrady/Protocol Development in vivo/MultiModal Lung tumor test/wk10_12_Rec,wk10_12_Rec,585674023.0,631.0,copy,microCT,10.0,M12,atwai:/data0/core/atwai/Anderson_Scott/Multimodal/MultiModal Lung tumor test/raw data/wk10_12_Rec,atwai:/data0/core/atwai/Milton_CornwallBrady/Protocol Development in vivo/MultiModal Lung tumor test,copy of the reconstruction,False
atwai:/data0/core/atwai/Milton_CornwallBrady/Protocol Development in vivo/MultiModal Lung tumor test/wk10_13_Rec,Folder,atwai,/data0/core/atwai/Milton_CornwallBrady/Protocol Development in vivo/MultiModal Lung tumor test/wk10_13_Rec,wk10_13_Rec,625652240.0,674.0,copy,microCT,10.0,M13,atwai:/data0/core/atwai/Anderson_Scott/Multimodal/MultiModal Lung tumor test/raw data/wk10_13_Rec,atwai:/data0/core/atwai/Milton_CornwallBrady/Protocol Development in vivo/MultiModal Lung tumor test,copy of the reconstruction,False
atwai:/data0/core/atwai/Milton_CornwallBrady/Protocol Development in vivo/MultiModal Lung tumor test/wk10_14_Rec,Folder,atwai,/data0/core/atwai/Milton_CornwallBrady/Protocol Development in vivo/MultiModal Lung tumor test/wk10_14_Rec,wk10_14_Rec,517804025.0,558.0,copy,microCT,10.0,M14,atwai:/data0/core/atwai/Anderson_Scott/Multimodal/MultiModal Lung tumor test/raw data/wk10_14_Rec,atwai:/data0/core/atwai/Milton_CornwallBrady/Protocol Development in vivo/MultiModal Lung tumor test,copy of the reconstruction,False
atwai:/data0/core/atwai/Milton_CornwallBrady/Protocol Development in vivo/MultiModal Lung tumor test/wk10_15_Rec,Folder,atwai,/data0/core/atwai/Milton_CornwallBrady/Protocol Development in vivo/MultiModal Lung tumor test/wk10_15_Rec,wk10_15_Rec,535468818.0,577.0,copy,microCT,10.0,M15,atwai:/data0/core/atwai/Anderson_Scott/Multimodal/MultiModal Lung tumor test/raw data/wk10_15_Rec,atwai:/data0/core/atwai/Milton_CornwallBrady/Protocol Development in vivo/MultiModal Lung tumor test,copy of the reconstruction,False
atwai:/data0/core/atwai/Milton_CornwallBrady/Protocol Development in vivo/MultiModal Lung tumor test/wk10_17_Rec,Folder,atwai,/data0/core/atwai/Milton_CornwallBrady/Protocol Development in vivo/MultiModal Lung tumor test/wk10_17_Rec,wk10_17_Rec,513155394.0,553.0,copy,microCT,10.0,M17,atwai:/data0/core/atwai/Anderson_Scott/Multimodal/MultiModal Lung tumor test/raw data/wk10_17_Rec,atwai:/data0/core/atwai/Milton_CornwallBrady/Protocol Development in vivo/MultiModal Lung tumor test,copy of the reconstruction,False
atwai:/data0/core/atwai/Milton_CornwallBrady/Protocol Development in vivo/MultiModal Lung tumor test/wk10_18_Rec,Folder,atwai,/data0/core/atwai/Milton_CornwallBrady/Protocol Development in vivo/MultiModal Lung tumor test/wk10_18_Rec,wk10_18_Rec,515014846.0,555.0,copy,microCT,10.0,M18,atwai:/data0/core/atwai/Anderson_Scott/Multimodal/MultiModal Lung tumor test/raw data/wk10_18_Rec,atwai:/data0/core/atwai/Milton_CornwallBrady/Protocol Development in vivo/MultiModal Lung tumor test,copy of the reconstruction,False
atwai:/data0/core/atwai/Milton_CornwallBrady/Protocol Development in vivo/MultiModal Lung tumor test/wk10_19_Rec,Folder,atwai,/data0/core/atwai/Milton_CornwallBrady/Protocol Development in vivo/MultiModal Lung tumor test/wk10_19_Rec,wk10_19_Rec,566149778.0,610.0,copy,microCT,10.0,M19,atwai:/data0/core/atwai/Anderson_Scott/Multimodal/MultiModal Lung tumor test/raw data/wk10_19_Rec,atwai:/data0/core/atwai/Milton_CornwallBrady/Protocol Development in vivo/MultiModal Lung tumor test,copy of the reconstruction,False
atwai:/data0/core/atwai/Milton_CornwallBrady/Protocol Development in vivo/MultiModal Lung tumor test/wk10_67_Rec,Folder,atwai,/data0/core/atwai/Milton_CornwallBrady/Protocol Development in vivo/MultiModal Lung tumor test/wk10_67_Rec,wk10_67_Rec,595901009.0,642.0,copy,microCT,10.0,M67,atwai:/data0/core/atwai/Anderson_Scott/Multimodal/MultiModal Lung tumor test/raw data/wk10_67_Rec,atwai:/data0/core/atwai/Milton_CornwallBrady/Protocol Development in vivo/MultiModal Lung tumor test,copy of the reconstruction,False
atwai:/data0/core/atwai/Milton_CornwallBrady/Protocol Development in vivo/MultiModal Lung tumor test/wk10_68_Rec,Folder,atwai,/data0/core/atwai/Milton_CornwallBrady/Protocol Development in vivo/MultiModal Lung tumor test/wk10_68_Rec,wk10_68_Rec,564290324.0,608.0,copy,microCT,10.0,M68,atwai:/data0/core/atwai/Anderson_Scott/Multimodal/MultiModal Lung tumor test/raw data/wk10_68_Rec,atwai:/data0/core/atwai/Milton_CornwallBrady/Protocol Development in vivo/MultiModal Lung tumor test,copy of the reconstruction,False
atwai:/data0/core/atwai/Milton_CornwallBrady/Protocol Development in vivo/MultiModal Lung tumor test/wk10_69_Rec,Folder,atwai,/data0/core/atwai/Milton_CornwallBrady/Protocol Development in vivo/MultiModal Lung tumor test/wk10_69_Rec,wk10_69_Rec,536398544.0,578.0,copy,microCT,10.0,M69,atwai:/data0/core/atwai/Anderson_Scott/Multimodal/MultiModal Lung tumor test/raw data/wk10_69_Rec,atwai:/data0/core/atwai/Milton_CornwallBrady/Protocol Development in vivo/MultiModal Lung tumor test,copy of the reconstruction,False
atwai:/data0/core/atwai/Milton_CornwallBrady/Protocol Development in vivo/MultiModal Lung tumor test/wk10_75_Rec,Folder,atwai,/data0/core/atwai/Milton_CornwallBrady/Protocol Development in vivo/MultiModal Lung tumor test/wk10_75_Rec,wk10_75_Rec,556852516.0,600.0,copy,microCT,10.0,M75,atwai:/data0/core/atwai/Anderson_Scott/Multimodal/MultiModal Lung tumor test/raw data/wk10_75_Rec,atwai:/data0/core/atwai/Milton_CornwallBrady/Protocol Development in vivo/MultiModal Lung tumor test,copy of the reconstruction,False
atwai:/data0/core/atwai/Milton_CornwallBrady/Protocol Development in vivo/MultiModal Lung tumor test/wk11_10_Rec,Folder,atwai,/data0/core/atwai/Milton_CornwallBrady/Protocol Development in vivo/MultiModal Lung tumor test/wk11_10_Rec,wk11_10_Rec,537519266.0,617.0,copy,microCT,11.0,M10,atwai:/data0/core/atwai/Anderson_Scott/Multimodal/MultiModal Lung tumor test/raw data/wk11_10_Rec,atwai:/data0/core/atwai/Milton_CornwallBrady/Protocol Development in vivo/MultiModal Lung tumor test,copy of the reconstruction,False
atwai:/data0/core/atwai/Milton_CornwallBrady/Protocol Development in vivo/MultiModal Lung tumor test/wk11_11_Rec,Folder,atwai,/data0/core/atwai/Milton_CornwallBrady/Protocol Development in vivo/MultiModal Lung tumor test/wk11_11_Rec,wk11_11_Rec,567177807.0,651.0,copy,microCT,11.0,M11,atwai:/data0/core/atwai/Anderson_Scott/Multimodal/MultiModal Lung tumor test/raw data/wk11_11_Rec,atwai:/data0/core/atwai/Milton_CornwallBrady/Protocol Development in vivo/MultiModal Lung tumor test,copy of the reconstruction,False
atwai:/data0/core/atwai/Milton_CornwallBrady/Protocol Development in vivo/MultiModal Lung tumor test/wk11_12_Rec,Folder,atwai,/data0/core/atwai/Milton_CornwallBrady/Protocol Development in vivo/MultiModal Lung tumor test/wk11_12_Rec,wk11_12_Rec,530540785.0,609.0,copy,microCT,11.0,M12,atwai:/data0/core/atwai/Anderson_Scott/Multimodal/MultiModal Lung tumor test/raw data/wk11_12_Rec,atwai:/data0/core/atwai/Milton_CornwallBrady/Protocol Development in vivo/MultiModal Lung tumor test,copy of the reconstruction,False
atwai:/data0/core/atwai/Milton_CornwallBrady/Protocol Development in vivo/MultiModal Lung tumor test/wk11_13_Rec,Folder,atwai,/data0/core/atwai/Milton_CornwallBrady/Protocol Development in vivo/MultiModal Lung tumor test/wk11_13_Rec,wk11_13_Rec,553220845.0,635.0,copy,microCT,11.0,M13,atwai:/data0/core/atwai/Anderson_Scott/Multimodal/MultiModal Lung tumor test/raw data/wk11_13_Rec,atwai:/data0/core/atwai/Milton_CornwallBrady/Protocol Development in vivo/MultiModal Lung tumor test,copy of the reconstruction,False
atwai:/data0/core/atwai/Milton_CornwallBrady/Protocol Development in vivo/MultiModal Lung tumor test/wk11_14_Rec,Folder,atwai,/data0/core/atwai/Milton_CornwallBrady/Protocol Development in vivo/MultiModal Lung tumor test/wk11_14_Rec,wk11_14_Rec,527051546.0,605.0,copy,microCT,11.0,M14,atwai:/data0/core/atwai/Anderson_Scott/Multimodal/MultiModal Lung tumor test/raw data/wk11_14_Rec,atwai:/data0/core/atwai/Milton_CornwallBrady/Protocol Development in vivo/MultiModal Lung tumor test,copy of the reconstruction,False
atwai:/data0/core/atwai/Milton_CornwallBrady/Protocol Development in vivo/MultiModal Lung tumor test/wk11_15_Rec,Folder,atwai,/data0/core/atwai/Milton_CornwallBrady/Protocol Development in vivo/MultiModal Lung tumor test/wk11_15_Rec,wk11_15_Rec,502111127.0,576.0,copy,microCT,11.0,M15,atwai:/data0/core/atwai/Anderson_Scott/Multimodal/MultiModal Lung tumor test/raw data/wk11_15_Rec,atwai:/data0/core/atwai/Milton_CornwallBrady/Protocol Development in vivo/MultiModal Lung tumor test,copy of the reconstruction,False
atwai:/data0/core/atwai/Milton_CornwallBrady/Protocol Development in vivo/MultiModal Lung tumor test/wk11_17_Rec,Folder,atwai,/data0/core/atwai/Milton_CornwallBrady/Protocol Development in vivo/MultiModal Lung tumor test/wk11_17_Rec,wk11_17_Rec,507344987.0,582.0,copy,microCT,11.0,M17,atwai:/data0/core/atwai/Anderson_Scott/Multimodal/MultiModal Lung tumor test/raw data/wk11_17_Rec,atwai:/data0/core/atwai/Milton_CornwallBrady/Protocol Development in vivo/MultiModal Lung tumor test,copy of the reconstruction,False
atwai:/data0/core/atwai/Milton_CornwallBrady/Protocol Development in vivo/MultiModal Lung tumor test/wk11_18_Rec,Folder,atwai,/data0/core/atwai/Milton_CornwallBrady/Protocol Development in vivo/MultiModal Lung tumor test/wk11_18_Rec,wk11_18_Rec,525306925.0,603.0,copy,microCT,11.0,M18,atwai:/data0/core/atwai/Anderson_Scott/Multimodal/MultiModal Lung tumor test/raw data/wk11_18_Rec,atwai:/data0/core/atwai/Milton_CornwallBrady/Protocol Development in vivo/MultiModal Lung tumor test,copy of the reconstruction,False
atwai:/data0/core/atwai/Milton_CornwallBrady/Protocol Development in vivo/MultiModal Lung tumor test/wk11_19_Rec,Folder,atwai,/data0/core/atwai/Milton_CornwallBrady/Protocol Development in vivo/MultiModal Lung tumor test/wk11_19_Rec,wk11_19_Rec,507860726.0,583.0,copy,microCT,11.0,M19,atwai:/data0/core/atwai/Anderson_Scott/Multimodal/MultiModal Lung tumor test/raw data/wk11_19_Rec,atwai:/data0/core/atwai/Milton_CornwallBrady/Protocol Development in vivo/MultiModal Lung tumor test,copy of the reconstruction,False
atwai:/data0/core/atwai/Milton_CornwallBrady/Protocol Development in vivo/MultiModal Lung tumor test/wk11_67_Rec,Folder,atwai,/data0/core/atwai/Milton_CornwallBrady/Protocol Development in vivo/MultiModal Lung tumor test/wk11_67_Rec,wk11_67_Rec,525663497.0,603.0,copy,microCT,11.0,M67,atwai:/data0/core/atwai/Anderson_Scott/Multimodal/MultiModal Lung tumor test/raw data/wk11_67_Rec,atwai:/data0/core/atwai/Milton_CornwallBrady/Protocol Development in vivo/MultiModal Lung tumor test,copy of the reconstruction,False
atwai:/data0/core/atwai/Milton_CornwallBrady/Protocol Development in vivo/MultiModal Lung tumor test/wk11_68_Rec,Folder,atwai,/data0/core/atwai/Milton_CornwallBrady/Protocol Development in vivo/MultiModal Lung tumor test/wk11_68_Rec,wk11_68_Rec,559327015.0,642.0,copy,microCT,11.0,M68,atwai:/data0/core/atwai/Anderson_Scott/Multimodal/MultiModal Lung tumor test/raw data/wk11_68_Rec,atwai:/data0/core/atwai/Milton_CornwallBrady/Protocol Development in vivo/MultiModal Lung tumor test,copy of the reconstruction,False
atwai:/data0/core/atwai/Milton_CornwallBrady/Protocol Development in vivo/MultiModal Lung tumor test/wk11_69_Rec,Folder,atwai,/data0/core/atwai/Milton_CornwallBrady/Protocol Development in vivo/MultiModal Lung tumor test/wk11_69_Rec,wk11_69_Rec,564045138.0,647.0,copy,microCT,11.0,M69,atwai:/data0/core/atwai/Anderson_Scott/Multimodal/MultiModal Lung tumor test/raw data/wk11_69_Rec,atwai:/data0/core/atwai/Milton_CornwallBrady/Protocol Development in vivo/MultiModal Lung tumor test,copy of the reconstruction,False
atwai:/data0/core/atwai/Milton_CornwallBrady/Protocol Development in vivo/MultiModal Lung tumor test/wk11_75_Rec,Folder,atwai,/data0/core/atwai/Milton_CornwallBrady/Protocol Development in vivo/MultiModal Lung tumor test/wk11_75_Rec,wk11_75_Rec,525663497.0,603.0,copy,microCT,11.0,M75,atwai:/data0/core/atwai/Anderson_Scott/Multimodal/MultiModal Lung tumor test/raw data/wk11_75_Rec,atwai:/data0/core/atwai/Milton_CornwallBrady/Protocol Development in vivo/MultiModal Lung tumor test,copy of the reconstruction,False
atwai:/data0/core/atwai/Milton_CornwallBrady/Protocol Development in vivo/MultiModal Lung tumor test/wk13_10_Rec,Folder,atwai,/data0/core/atwai/Milton_CornwallBrady/Protocol Development in vivo/MultiModal Lung tumor test/wk13_10_Rec,wk13_10_Rec,684962525.0,696.0,copy,microCT,13.0,M10,atwai:/data0/core/atwai/Anderson_Scott/Multimodal/MultiModal Lung tumor test/raw data/wk13_10_Rec,atwai:/data0/core/atwai/Milton_CornwallBrady/Protocol Development in vivo/MultiModal Lung tumor test,copy of the reconstruction,False
atwai:/data0/core/atwai/Milton_CornwallBrady/Protocol Development in vivo/MultiModal Lung tumor test/wk13_11_Rec,Folder,atwai,/data0/core/atwai/Milton_CornwallBrady/Protocol Development in vivo/MultiModal Lung tumor test/wk13_11_Rec,wk13_11_Rec,686934440.0,698.0,copy,microCT,13.0,M11,atwai:/data0/core/atwai/Anderson_Scott/Multimodal/MultiModal Lung tumor test/raw data/wk13_11_Rec,atwai:/data0/core/atwai/Milton_CornwallBrady/Protocol Development in vivo/MultiModal Lung tumor test,copy of the reconstruction,False
atwai:/data0/core/atwai/Milton_CornwallBrady/Protocol Development in vivo/MultiModal Lung tumor test/wk13_12_Rec,Folder,atwai,/data0/core/atwai/Milton_CornwallBrady/Protocol Development in vivo/MultiModal Lung tumor test/wk13_12_Rec,wk13_12_Rec,682990608.0,694.0,copy,microCT,13.0,M12,atwai:/data0/core/atwai/Anderson_Scott/Multimodal/MultiModal Lung tumor test/raw data/wk13_12_Rec,atwai:/data0/core/atwai/Milton_CornwallBrady/Protocol Development in vivo/MultiModal Lung tumor test,copy of the reconstruction,False
atwai:/data0/core/atwai/Milton_CornwallBrady/Protocol Development in vivo/MultiModal Lung tumor test/wk13_13_Rec,Folder,atwai,/data0/core/atwai/Milton_CornwallBrady/Protocol Development in vivo/MultiModal Lung tumor test/wk13_13_Rec,wk13_13_Rec,606085884.0,616.0,copy,microCT,13.0,M13,atwai:/data0/core/atwai/Anderson_Scott/Multimodal/MultiModal Lung tumor test/raw data/wk13_13_Rec,atwai:/data0/core/atwai/Milton_CornwallBrady/Protocol Development in vivo/MultiModal Lung tumor test,copy of the reconstruction,False
atwai:/data0/core/atwai/Milton_CornwallBrady/Protocol Development in vivo/MultiModal Lung tumor test/wk13_14_Rec,Folder,atwai,/data0/core/atwai/Milton_CornwallBrady/Protocol Development in vivo/MultiModal Lung tumor test/wk13_14_Rec,wk13_14_Rec,671159112.0,682.0,copy,microCT,13.0,M14,atwai:/data0/core/atwai/Anderson_Scott/Multimodal/MultiModal Lung tumor test/raw data/wk13_14_Rec,atwai:/data0/core/atwai/Milton_CornwallBrady/Protocol Development in vivo/MultiModal Lung tumor test,copy of the reconstruction,False
atwai:/data0/core/atwai/Milton_CornwallBrady/Protocol Development in vivo/MultiModal Lung tumor test/wk13_15_Rec,Folder,atwai,/data0/core/atwai/Milton_CornwallBrady/Protocol Development in vivo/MultiModal Lung tumor test/wk13_15_Rec,wk13_15_Rec,697779978.0,709.0,copy,microCT,13.0,M15,atwai:/data0/core/atwai/Anderson_Scott/Multimodal/MultiModal Lung tumor test/raw data/wk13_15_Rec,atwai:/data0/core/atwai/Milton_CornwallBrady/Protocol Development in vivo/MultiModal Lung tumor test,copy of the reconstruction,False
atwai:/data0/core/atwai/Milton_CornwallBrady/Protocol Development in vivo/MultiModal Lung tumor test/wk13_17_Rec,Folder,atwai,/data0/core/atwai/Milton_CornwallBrady/Protocol Development in vivo/MultiModal Lung tumor test/wk13_17_Rec,wk13_17_Rec,639608457.0,650.0,copy,microCT,13.0,M17,atwai:/data0/core/atwai/Anderson_Scott/Multimodal/MultiModal Lung tumor test/raw data/wk13_17_Rec,atwai:/data0/core/atwai/Milton_CornwallBrady/Protocol Development in vivo/MultiModal Lung tumor test,copy of the reconstruction,False
atwai:/data0/core/atwai/Milton_CornwallBrady/Protocol Development in vivo/MultiModal Lung tumor test/wk13_18_Rec,Folder,atwai,/data0/core/atwai/Milton_CornwallBrady/Protocol Development in vivo/MultiModal Lung tumor test/wk13_18_Rec,wk13_18_Rec,698765936.0,710.0,copy,microCT,13.0,M18,atwai:/data0/core/atwai/Anderson_Scott/Multimodal/MultiModal Lung tumor test/raw data/wk13_18_Rec,atwai:/data0/core/atwai/Milton_CornwallBrady/Protocol Development in vivo/MultiModal Lung tumor test,copy of the reconstruction,False
atwai:/data0/core/atwai/Milton_CornwallBrady/Protocol Development in vivo/MultiModal Lung tumor test/wk13_19_Rec,Folder,atwai,/data0/core/atwai/Milton_CornwallBrady/Protocol Development in vivo/MultiModal Lung tumor test/wk13_19_Rec,wk13_19_Rec,600170136.0,610.0,copy,microCT,13.0,M19,atwai:/data0/core/atwai/Anderson_Scott/Multimodal/MultiModal Lung tumor test/raw data/wk13_19_Rec,atwai:/data0/core/atwai/Milton_CornwallBrady/Protocol Development in vivo/MultiModal Lung tumor test,copy of the reconstruction,False
atwai:/data0/core/atwai/Milton_CornwallBrady/Protocol Development in vivo/MultiModal Lung tumor test/wk13_67_Rec,Folder,atwai,/data0/core/atwai/Milton_CornwallBrady/Protocol Development in vivo/MultiModal Lung tumor test/wk13_67_Rec,wk13_67_Rec,628762919.0,639.0,copy,microCT,13.0,M67,atwai:/data0/core/atwai/Anderson_Scott/Multimodal/MultiModal Lung tumor test/raw data/wk13_67_Rec,atwai:/data0/core/atwai/Milton_CornwallBrady/Protocol Development in vivo/MultiModal Lung tumor test,copy of the reconstruction,False
atwai:/data0/core/atwai/Milton_CornwallBrady/Protocol Development in vivo/MultiModal Lung tumor test/wk13_68_Rec,Folder,atwai,/data0/core/atwai/Milton_CornwallBrady/Protocol Development in vivo/MultiModal Lung tumor test/wk13_68_Rec,wk13_68_Rec,618903338.0,629.0,copy,microCT,13.0,M68,atwai:/data0/core/atwai/Anderson_Scott/Multimodal/MultiModal Lung tumor test/raw data/wk13_68_Rec,atwai:/data0/core/atwai/Milton_CornwallBrady/Protocol Development in vivo/MultiModal Lung tumor test,copy of the reconstruction,False
atwai:/data0/core/atwai/Milton_CornwallBrady/Protocol Development in vivo/MultiModal Lung tumor test/wk13_69_Rec,Folder,atwai,/data0/core/atwai/Milton_CornwallBrady/Protocol Development in vivo/MultiModal Lung tumor test/wk13_69_Rec,wk13_69_Rec,597212262.0,607.0,copy,microCT,13.0,M69,atwai:/data0/core/atwai/Anderson_Scott/Multimodal/MultiModal Lung tumor test/raw data/wk13_69_Rec,atwai:/data0/core/atwai/Milton_CornwallBrady/Protocol Development in vivo/MultiModal Lung tumor test,copy of the reconstruction,False
atwai:/data0/core/atwai/Milton_CornwallBrady/Protocol Development in vivo/MultiModal Lung tumor test/wk14_10_Rec,Folder,atwai,/data0/core/atwai/Milton_CornwallBrady/Protocol Development in vivo/MultiModal Lung tumor test/wk14_10_Rec,wk14_10_Rec,433633757.0,672.0,copy,microCT,14.0,M10,atwai:/data0/core/atwai/Anderson_Scott/Multimodal/MultiModal Lung tumor test/raw data/wk14_10_Rec,atwai:/data0/core/atwai/Milton_CornwallBrady/Protocol Development in vivo/MultiModal Lung tumor test,copy of the reconstruction,False
atwai:/data0/core/atwai/Milton_CornwallBrady/Protocol Development in vivo/MultiModal Lung tumor test/wk14_11_Rec,Folder,atwai,/data0/core/atwai/Milton_CornwallBrady/Protocol Development in vivo/MultiModal Lung tumor test/wk14_11_Rec,wk14_11_Rec,433633757.0,672.0,copy,microCT,14.0,M11,atwai:/data0/core/atwai/Anderson_Scott/Multimodal/MultiModal Lung tumor test/raw data/wk14_11_Rec,atwai:/data0/core/atwai/Milton_CornwallBrady/Protocol Development in vivo/MultiModal Lung tumor test,copy of the reconstruction,False
atwai:/data0/core/atwai/Milton_CornwallBrady/Protocol Development in vivo/MultiModal Lung tumor test/wk14_12_Rec,Folder,atwai,/data0/core/atwai/Milton_CornwallBrady/Protocol Development in vivo/MultiModal Lung tumor test/wk14_12_Rec,wk14_12_Rec,433633758.0,672.0,copy,microCT,14.0,M12,atwai:/data0/core/atwai/Anderson_Scott/Multimodal/MultiModal Lung tumor test/raw data/wk14_12_Rec,atwai:/data0/core/atwai/Milton_CornwallBrady/Protocol Development in vivo/MultiModal Lung tumor test,copy of the reconstruction,False
atwai:/data0/core/atwai/Milton_CornwallBrady/Protocol Development in vivo/MultiModal Lung tumor test/wk14_13_Rec,Folder,atwai,/data0/core/atwai/Milton_CornwallBrady/Protocol Development in vivo/MultiModal Lung tumor test/wk14_13_Rec,wk14_13_Rec,433633757.0,672.0,copy,microCT,14.0,M13,atwai:/data0/core/atwai/Anderson_Scott/Multimodal/MultiModal Lung tumor test/raw data/wk14_13_Rec,atwai:/data0/core/atwai/Milton_CornwallBrady/Protocol Development in vivo/MultiModal Lung tumor test,copy of the reconstruction,False
atwai:/data0/core/atwai/Milton_CornwallBrady/Protocol Development in vivo/MultiModal Lung tumor test/wk14_14_Rec,Folder,atwai,/data0/core/atwai/Milton_CornwallBrady/Protocol Development in vivo/MultiModal Lung tumor test/wk14_14_Rec,wk14_14_Rec,433633758.0,672.0,copy,microCT,14.0,M14,atwai:/data0/core/atwai/Anderson_Scott/Multimodal/MultiModal Lung tumor test/raw data/wk14_14_Rec,atwai:/data0/core/atwai/Milton_CornwallBrady/Protocol Development in vivo/MultiModal Lung tumor test,copy of the reconstruction,False
atwai:/data0/core/atwai/Milton_CornwallBrady/Protocol Development in vivo/MultiModal Lung tumor test/wk14_15_Rec,Folder,atwai,/data0/core/atwai/Milton_CornwallBrady/Protocol Development in vivo/MultiModal Lung tumor test/wk14_15_Rec,wk14_15_Rec,433633757.0,672.0,copy,microCT,14.0,M15,atwai:/data0/core/atwai/Anderson_Scott/Multimodal/MultiModal Lung tumor test/raw data/wk14_15_Rec,atwai:/data0/core/atwai/Milton_CornwallBrady/Protocol Development in vivo/MultiModal Lung tumor test,copy of the reconstruction,False
atwai:/data0/core/atwai/Milton_CornwallBrady/Protocol Development in vivo/MultiModal Lung tumor test/wk14_17_Rec,Folder,atwai,/data0/core/atwai/Milton_CornwallBrady/Protocol Development in vivo/MultiModal Lung tumor test/wk14_17_Rec,wk14_17_Rec,433633757.0,672.0,copy,microCT,14.0,M17,atwai:/data0/core/atwai/Anderson_Scott/Multimodal/MultiModal Lung tumor test/raw data/wk14_17_Rec,atwai:/data0/core/atwai/Milton_CornwallBrady/Protocol Development in vivo/MultiModal Lung tumor test,copy of the reconstruction,False
atwai:/data0/core/atwai/Milton_CornwallBrady/Protocol Development in vivo/MultiModal Lung tumor test/wk14_18_Rec,Folder,atwai,/data0/core/atwai/Milton_CornwallBrady/Protocol Development in vivo/MultiModal Lung tumor test/wk14_18_Rec,wk14_18_Rec,433633757.0,672.0,copy,microCT,14.0,M18,atwai:/data0/core/atwai/Anderson_Scott/Multimodal/MultiModal Lung tumor test/raw data/wk14_18_Rec,atwai:/data0/core/atwai/Milton_CornwallBrady/Protocol Development in vivo/MultiModal Lung tumor test,copy of the reconstruction,False
atwai:/data0/core/atwai/Milton_CornwallBrady/Protocol Development in vivo/MultiModal Lung tumor test/wk14_19_Rec,Folder,atwai,/data0/core/atwai/Milton_CornwallBrady/Protocol Development in vivo/MultiModal Lung tumor test/wk14_19_Rec,wk14_19_Rec,433633757.0,672.0,copy,microCT,14.0,M19,atwai:/data0/core/atwai/Anderson_Scott/Multimodal/MultiModal Lung tumor test/raw data/wk14_19_Rec,atwai:/data0/core/atwai/Milton_CornwallBrady/Protocol Development in vivo/MultiModal Lung tumor test,copy of the reconstruction,False
atwai:/data0/core/atwai/Milton_CornwallBrady/Protocol Development in vivo/MultiModal Lung tumor test/wk14_67_Rec,Folder,atwai,/data0/core/atwai/Milton_CornwallBrady/Protocol Development in vivo/MultiModal Lung tumor test/wk14_67_Rec,wk14_67_Rec,433633758.0,672.0,copy,microCT,14.0,M67,atwai:/data0/core/atwai/Anderson_Scott/Multimodal/MultiModal Lung tumor test/raw data/wk14_67_Rec,atwai:/data0/core/atwai/Milton_CornwallBrady/Protocol Development in vivo/MultiModal Lung tumor test,copy of the reconstruction,False
atwai:/data0/core/atwai/Milton_CornwallBrady/Protocol Development in vivo/MultiModal Lung tumor test/wk14_68_Rec,Folder,atwai,/data0/core/atwai/Milton_CornwallBrady/Protocol Development in vivo/MultiModal Lung tumor test/wk14_68_Rec,wk14_68_Rec,433633757.0,672.0,copy,microCT,14.0,M68,atwai:/data0/core/atwai/Anderson_Scott/Multimodal/MultiModal Lung tumor test/raw data/wk14_68_Rec,atwai:/data0/core/atwai/Milton_CornwallBrady/Protocol Development in vivo/MultiModal Lung tumor test,copy of the reconstruction,False
atwai:/data0/core/atwai/Milton_CornwallBrady/Protocol Development in vivo/MultiModal Lung tumor test/wk14_69_Rec,Folder,atwai,/data0/core/atwai/Milton_CornwallBrady/Protocol Development in vivo/MultiModal Lung tumor test/wk14_69_Rec,wk14_69_Rec,433633757.0,672.0,copy,microCT,14.0,M69,atwai:/data0/core/atwai/Anderson_Scott/Multimodal/MultiModal Lung tumor test/raw data/wk14_69_Rec,atwai:/data0/core/atwai/Milton_CornwallBrady/Protocol Development in vivo/MultiModal Lung tumor test,copy of the reconstruction,False
atwai:/data0/core/atwai/Milton_CornwallBrady/Protocol Development in vivo/MultiModal Lung tumor test/wk6-10_Rec,Folder,atwai,/data0/core/atwai/Milton_CornwallBrady/Protocol Development in vivo/MultiModal Lung tumor test/wk6-10_Rec,wk6-10_Rec,489742831.0,498.0,copy,microCT,6.0,M10,atwai:/data0/core/atwai/Anderson_Scott/Multimodal/MultiModal Lung tumor test/raw data/wk6-10_Rec,atwai:/data0/core/atwai/Milton_CornwallBrady/Protocol Development in vivo/MultiModal Lung tumor test,copy of the reconstruction,False
atwai:/data0/core/atwai/Milton_CornwallBrady/Protocol Development in vivo/MultiModal Lung tumor test/wk6-11_Rec,Folder,atwai,/data0/core/atwai/Milton_CornwallBrady/Protocol Development in vivo/MultiModal Lung tumor test/wk6-11_Rec,wk6-11_Rec,561847038.0,571.0,copy,microCT,6.0,M11,atwai:/data0/core/atwai/Anderson_Scott/Multimodal/MultiModal Lung tumor test/raw data/wk6-11_Rec,atwai:/data0/core/atwai/Milton_CornwallBrady/Protocol Development in vivo/MultiModal Lung tumor test,copy of the reconstruction,False
atwai:/data0/core/atwai/Milton_CornwallBrady/Protocol Development in vivo/MultiModal Lung tumor test/wk6-12_Rec,Folder,atwai,/data0/core/atwai/Milton_CornwallBrady/Protocol Development in vivo/MultiModal Lung tumor test/wk6-12_Rec,wk6-12_Rec,545942437.0,555.0,copy,microCT,6.0,M12,atwai:/data0/core/atwai/Anderson_Scott/Multimodal/MultiModal Lung tumor test/raw data/wk6-12_Rec,atwai:/data0/core/atwai/Milton_CornwallBrady/Protocol Development in vivo/MultiModal Lung tumor test,copy of the reconstruction,False
atwai:/data0/core/atwai/Milton_CornwallBrady/Protocol Development in vivo/MultiModal Lung tumor test/wk6-13_Rec,Folder,atwai,/data0/core/atwai/Milton_CornwallBrady/Protocol Development in vivo/MultiModal Lung tumor test/wk6-13_Rec,wk6-13_Rec,549886268.0,559.0,copy,microCT,6.0,M13,atwai:/data0/core/atwai/Anderson_Scott/Multimodal/MultiModal Lung tumor test/raw data/wk6-13_Rec,atwai:/data0/core/atwai/Milton_CornwallBrady/Protocol Development in vivo/MultiModal Lung tumor test,copy of the reconstruction,False
atwai:/data0/core/atwai/Milton_CornwallBrady/Protocol Development in vivo/MultiModal Lung tumor test/wk6-14_Rec,Folder,atwai,/data0/core/atwai/Milton_CornwallBrady/Protocol Development in vivo/MultiModal Lung tumor test/wk6-14_Rec,wk6-14_Rec,574535219.0,584.0,copy,microCT,6.0,M14,atwai:/data0/core/atwai/Anderson_Scott/Multimodal/MultiModal Lung tumor test/raw data/wk6-14_Rec,atwai:/data0/core/atwai/Milton_CornwallBrady/Protocol Development in vivo/MultiModal Lung tumor test,copy of the reconstruction,False
atwai:/data0/core/atwai/Milton_CornwallBrady/Protocol Development in vivo/MultiModal Lung tumor test/wk6-15_Rec,Folder,atwai,/data0/core/atwai/Milton_CornwallBrady/Protocol Development in vivo/MultiModal Lung tumor test/wk6-15_Rec,wk6-15_Rec,502689558.0,511.0,copy,microCT,6.0,M15,atwai:/data0/core/atwai/Anderson_Scott/Multimodal/MultiModal Lung tumor test/raw data/wk6-15_Rec,atwai:/data0/core/atwai/Milton_CornwallBrady/Protocol Development in vivo/MultiModal Lung tumor test,copy of the reconstruction,False
atwai:/data0/core/atwai/Milton_CornwallBrady/Protocol Development in vivo/MultiModal Lung tumor test/wk6-17_Rec,Folder,atwai,/data0/core/atwai/Milton_CornwallBrady/Protocol Development in vivo/MultiModal Lung tumor test/wk6-17_Rec,wk6-17_Rec,502689558.0,511.0,copy,microCT,6.0,M17,atwai:/data0/core/atwai/Anderson_Scott/Multimodal/MultiModal Lung tumor test/raw data/wk6-17_Rec,atwai:/data0/core/atwai/Milton_CornwallBrady/Protocol Development in vivo/MultiModal Lung tumor test,copy of the reconstruction,False
atwai:/data0/core/atwai/Milton_CornwallBrady/Protocol Development in vivo/MultiModal Lung tumor test/wk6-18_Rec,Folder,atwai,/data0/core/atwai/Milton_CornwallBrady/Protocol Development in vivo/MultiModal Lung tumor test/wk6-18_Rec,wk6-18_Rec,586495988.0,596.0,copy,microCT,6.0,M18,atwai:/data0/core/atwai/Anderson_Scott/Multimodal/MultiModal Lung tumor test/raw data/wk6-18_Rec,atwai:/data0/core/atwai/Milton_CornwallBrady/Protocol Development in vivo/MultiModal Lung tumor test,copy of the reconstruction,False
atwai:/data0/core/atwai/Milton_CornwallBrady/Protocol Development in vivo/MultiModal Lung tumor test/wk6-19_Rec,Folder,atwai,/data0/core/atwai/Milton_CornwallBrady/Protocol Development in vivo/MultiModal Lung tumor test/wk6-19_Rec,wk6-19_Rec,500588368.0,509.0,copy,microCT,6.0,M19,atwai:/data0/core/atwai/Anderson_Scott/Multimodal/MultiModal Lung tumor test/raw data/wk6-19_Rec,atwai:/data0/core/atwai/Milton_CornwallBrady/Protocol Development in vivo/MultiModal Lung tumor test,copy of the reconstruction,False
atwai:/data0/core/atwai/Milton_CornwallBrady/Protocol Development in vivo/MultiModal Lung tumor test/wk6-67_Rec,Folder,atwai,/data0/core/atwai/Milton_CornwallBrady/Protocol Development in vivo/MultiModal Lung tumor test/wk6-67_Rec,wk6-67_Rec,534240215.0,543.0,copy,microCT,6.0,M67,atwai:/data0/core/atwai/Anderson_Scott/Multimodal/MultiModal Lung tumor test/raw data/wk6-67_Rec,atwai:/data0/core/atwai/Milton_CornwallBrady/Protocol Development in vivo/MultiModal Lung tumor test,copy of the reconstruction,False
atwai:/data0/core/atwai/Milton_CornwallBrady/Protocol Development in vivo/MultiModal Lung tumor test/wk6-68_Rec,Folder,atwai,/data0/core/atwai/Milton_CornwallBrady/Protocol Development in vivo/MultiModal Lung tumor test/wk6-68_Rec,wk6-68_Rec,519321570.0,528.0,copy,microCT,6.0,M68,atwai:/data0/core/atwai/Anderson_Scott/Multimodal/MultiModal Lung tumor test/raw data/wk6-68_Rec,atwai:/data0/core/atwai/Milton_CornwallBrady/Protocol Development in vivo/MultiModal Lung tumor test,copy of the reconstruction,False
atwai:/data0/core/atwai/Milton_CornwallBrady/Protocol Development in vivo/MultiModal Lung tumor test/wk6-69_Rec,Folder,atwai,/data0/core/atwai/Milton_CornwallBrady/Protocol Development in vivo/MultiModal Lung tumor test/wk6-69_Rec,wk6-69_Rec,502689559.0,511.0,copy,microCT,6.0,M69,atwai:/data0/core/atwai/Anderson_Scott/Multimodal/MultiModal Lung tumor test/raw data/wk6-69_Rec,atwai:/data0/core/atwai/Milton_CornwallBrady/Protocol Development in vivo/MultiModal Lung tumor test,copy of the reconstruction,False
atwai:/data0/core/atwai/Milton_CornwallBrady/Protocol Development in vivo/MultiModal Lung tumor test/wk6-75_Rec,Folder,atwai,/data0/core/atwai/Milton_CornwallBrady/Protocol Development in vivo/MultiModal Lung tumor test/wk6-75_Rec,wk6-75_Rec,500588372.0,509.0,copy,microCT,6.0,M75,atwai:/data0/core/atwai/Anderson_Scott/Multimodal/MultiModal Lung tumor test/raw data/wk6-75_Rec,atwai:/data0/core/atwai/Milton_CornwallBrady/Protocol Development in vivo/MultiModal Lung tumor test,copy of the reconstruction,False
atwai:/data0/core/atwai/Milton_CornwallBrady/Protocol Development in vivo/MultiModal Lung tumor test/wk7-10_Rec,Folder,atwai,/data0/core/atwai/Milton_CornwallBrady/Protocol Development in vivo/MultiModal Lung tumor test/wk7-10_Rec,wk7-10_Rec,505537209.0,564.0,copy,microCT,7.0,M10,atwai:/data0/core/atwai/Anderson_Scott/Multimodal/MultiModal Lung tumor test/raw data/wk7-10_Rec,atwai:/data0/core/atwai/Milton_CornwallBrady/Protocol Development in vivo/MultiModal Lung tumor test,copy of the reconstruction,False
atwai:/data0/core/atwai/Milton_CornwallBrady/Protocol Development in vivo/MultiModal Lung tumor test/wk7-11_Rec,Folder,atwai,/data0/core/atwai/Milton_CornwallBrady/Protocol Development in vivo/MultiModal Lung tumor test/wk7-11_Rec,wk7-11_Rec,461571768.0,515.0,copy,microCT,7.0,M11,atwai:/data0/core/atwai/Anderson_Scott/Multimodal/MultiModal Lung tumor test/raw data/wk7-11_Rec,atwai:/data0/core/atwai/Milton_CornwallBrady/Protocol Development in vivo/MultiModal Lung tumor test,copy of the reconstruction,False
atwai:/data0/core/atwai/Milton_CornwallBrady/Protocol Development in vivo/MultiModal Lung tumor test/wk7-12_Rec,Folder,atwai,/data0/core/atwai/Milton_CornwallBrady/Protocol Development in vivo/MultiModal Lung tumor test/wk7-12_Rec,wk7-12_Rec,471441562.0,526.0,copy,microCT,7.0,M12,atwai:/data0/core/atwai/Anderson_Scott/Multimodal/MultiModal Lung tumor test/raw data/wk7-12_Rec,atwai:/data0/core/atwai/Milton_CornwallBrady/Protocol Development in vivo/MultiModal Lung tumor test,copy of the reconstruction,False
atwai:/data0/core/atwai/Milton_CornwallBrady/Protocol Development in vivo/MultiModal Lung tumor test/wk7-13_Rec,Folder,atwai,/data0/core/atwai/Milton_CornwallBrady/Protocol Development in vivo/MultiModal Lung tumor test/wk7-13_Rec,wk7-13_Rec,493713161.0,572.0,copy,microCT,7.0,M13,atwai:/data0/core/atwai/Anderson_Scott/Multimodal/MultiModal Lung tumor test/raw data/wk7-13_Rec,atwai:/data0/core/atwai/Milton_CornwallBrady/Protocol Development in vivo/MultiModal Lung tumor test,copy of the reconstruction,False
atwai:/data0/core/atwai/Milton_CornwallBrady/Protocol Development in vivo/MultiModal Lung tumor test/wk7-14_Rec,Folder,atwai,/data0/core/atwai/Milton_CornwallBrady/Protocol Development in vivo/MultiModal Lung tumor test/wk7-14_Rec,wk7-14_Rec,542324624.0,605.0,copy,microCT,7.0,M14,atwai:/data0/core/atwai/Anderson_Scott/Multimodal/MultiModal Lung tumor test/raw data/wk7-14_Rec,atwai:/data0/core/atwai/Milton_CornwallBrady/Protocol Development in vivo/MultiModal Lung tumor test,copy of the reconstruction,False
atwai:/data0/core/atwai/Milton_CornwallBrady/Protocol Development in vivo/MultiModal Lung tumor test/wk7-15_Rec,Folder,atwai,/data0/core/atwai/Milton_CornwallBrady/Protocol Development in vivo/MultiModal Lung tumor test/wk7-15_Rec,wk7-15_Rec,551887726.0,616.0,copy,microCT,7.0,M15,atwai:/data0/core/atwai/Anderson_Scott/Multimodal/MultiModal Lung tumor test/raw data/wk7-15_Rec,atwai:/data0/core/atwai/Milton_CornwallBrady/Protocol Development in vivo/MultiModal Lung tumor test,copy of the reconstruction,False
atwai:/data0/core/atwai/Milton_CornwallBrady/Protocol Development in vivo/MultiModal Lung tumor test/wk7-17_Rec,Folder,atwai,/data0/core/atwai/Milton_CornwallBrady/Protocol Development in vivo/MultiModal Lung tumor test/wk7-17_Rec,wk7-17_Rec,485797612.0,542.0,copy,microCT,7.0,M17,atwai:/data0/core/atwai/Anderson_Scott/Multimodal/MultiModal Lung tumor test/raw data/wk7-17_Rec,atwai:/data0/core/atwai/Milton_CornwallBrady/Protocol Development in vivo/MultiModal Lung tumor test,copy of the reconstruction,False
atwai:/data0/core/atwai/Milton_CornwallBrady/Protocol Development in vivo/MultiModal Lung tumor test/wk7-18_Rec,Folder,atwai,/data0/core/atwai/Milton_CornwallBrady/Protocol Development in vivo/MultiModal Lung tumor test/wk7-18_Rec,wk7-18_Rec,484593677.0,541.0,copy,microCT,7.0,M18,atwai:/data0/core/atwai/Anderson_Scott/Multimodal/MultiModal Lung tumor test/raw data/wk7-18_Rec,atwai:/data0/core/atwai/Milton_CornwallBrady/Protocol Development in vivo/MultiModal Lung tumor test,copy of the reconstruction,False
atwai:/data0/core/atwai/Milton_CornwallBrady/Protocol Development in vivo/MultiModal Lung tumor test/wk7-19_Rec,Folder,atwai,/data0/core/atwai/Milton_CornwallBrady/Protocol Development in vivo/MultiModal Lung tumor test/wk7-19_Rec,wk7-19_Rec,542915194.0,606.0,copy,microCT,7.0,M19,atwai:/data0/core/atwai/Anderson_Scott/Multimodal/MultiModal Lung tumor test/raw data/wk7-19_Rec,atwai:/data0/core/atwai/Milton_CornwallBrady/Protocol Development in vivo/MultiModal Lung tumor test,copy of the reconstruction,False
atwai:/data0/core/atwai/Milton_CornwallBrady/Protocol Development in vivo/MultiModal Lung tumor test/wk7-67_Rec,Folder,atwai,/data0/core/atwai/Milton_CornwallBrady/Protocol Development in vivo/MultiModal Lung tumor test/wk7-67_Rec,wk7-67_Rec,555893946.0,644.0,copy,microCT,7.0,M67,atwai:/data0/core/atwai/Anderson_Scott/Multimodal/MultiModal Lung tumor test/raw data/wk7-67_Rec,atwai:/data0/core/atwai/Milton_CornwallBrady/Protocol Development in vivo/MultiModal Lung tumor test,copy of the reconstruction,False
atwai:/data0/core/atwai/Milton_CornwallBrady/Protocol Development in vivo/MultiModal Lung tumor test/wk7-68_Rec,Folder,atwai,/data0/core/atwai/Milton_CornwallBrady/Protocol Development in vivo/MultiModal Lung tumor test/wk7-68_Rec,wk7-68_Rec,478167965.0,554.0,copy,microCT,7.0,M68,atwai:/data0/core/atwai/Anderson_Scott/Multimodal/MultiModal Lung tumor test/raw data/wk7-68_Rec,atwai:/data0/core/atwai/Milton_CornwallBrady/Protocol Development in vivo/MultiModal Lung tumor test,copy of the reconstruction,False
atwai:/data0/core/atwai/Milton_CornwallBrady/Protocol Development in vivo/MultiModal Lung tumor test/wk7-69_Rec,Folder,atwai,/data0/core/atwai/Milton_CornwallBrady/Protocol Development in vivo/MultiModal Lung tumor test/wk7-69_Rec,wk7-69_Rec,572302764.0,663.0,copy,microCT,7.0,M69,atwai:/data0/core/atwai/Anderson_Scott/Multimodal/MultiModal Lung tumor test/raw data/wk7-69_Rec,atwai:/data0/core/atwai/Milton_CornwallBrady/Protocol Development in vivo/MultiModal Lung tumor test,copy of the reconstruction,False
atwai:/data0/core/atwai/Milton_CornwallBrady/Protocol Development in vivo/MultiModal Lung tumor test/wk7-75_Rec,Folder,atwai,/data0/core/atwai/Milton_CornwallBrady/Protocol Development in vivo/MultiModal Lung tumor test/wk7-75_Rec,wk7-75_Rec,526174051.0,587.0,copy,microCT,7.0,M75,atwai:/data0/core/atwai/Anderson_Scott/Multimodal/MultiModal Lung tumor test/raw data/wk7-75_Rec,atwai:/data0/core/atwai/Milton_CornwallBrady/Protocol Development in vivo/MultiModal Lung tumor test,copy of the reconstruction,False
atwai:/data0/core/atwai/Milton_CornwallBrady/Protocol Development in vivo/MultiModal Lung tumor test/wk8_10_Rec,Folder,atwai,/data0/core/atwai/Milton_CornwallBrady/Protocol Development in vivo/MultiModal Lung tumor test/wk8_10_Rec,wk8_10_Rec,572474429.0,629.0,copy,microCT,8.0,M10,atwai:/data0/core/atwai/Anderson_Scott/Multimodal/MultiModal Lung tumor test/raw data/wk8_10_Rec,atwai:/data0/core/atwai/Milton_CornwallBrady/Protocol Development in vivo/MultiModal Lung tumor test,copy of the reconstruction,False
atwai:/data0/core/atwai/Milton_CornwallBrady/Protocol Development in vivo/MultiModal Lung tumor test/wk8_11_Rec,Folder,atwai,/data0/core/atwai/Milton_CornwallBrady/Protocol Development in vivo/MultiModal Lung tumor test/wk8_11_Rec,wk8_11_Rec,523983053.0,577.0,copy,microCT,8.0,M11,atwai:/data0/core/atwai/Anderson_Scott/Multimodal/MultiModal Lung tumor test/raw data/wk8_11_Rec,atwai:/data0/core/atwai/Milton_CornwallBrady/Protocol Development in vivo/MultiModal Lung tumor test,copy of the reconstruction,False
atwai:/data0/core/atwai/Milton_CornwallBrady/Protocol Development in vivo/MultiModal Lung tumor test/wk8_12_Rec,Folder,atwai,/data0/core/atwai/Milton_CornwallBrady/Protocol Development in vivo/MultiModal Lung tumor test/wk8_12_Rec,wk8_12_Rec,559741145.0,616.0,copy,microCT,8.0,M12,atwai:/data0/core/atwai/Anderson_Scott/Multimodal/MultiModal Lung tumor test/raw data/wk8_12_Rec,atwai:/data0/core/atwai/Milton_CornwallBrady/Protocol Development in vivo/MultiModal Lung tumor test,copy of the reconstruction,False
atwai:/data0/core/atwai/Milton_CornwallBrady/Protocol Development in vivo/MultiModal Lung tumor test/wk8_13_Rec,Folder,atwai,/data0/core/atwai/Milton_CornwallBrady/Protocol Development in vivo/MultiModal Lung tumor test/wk8_13_Rec,wk8_13_Rec,635869510.0,700.0,copy,microCT,8.0,M13,atwai:/data0/core/atwai/Anderson_Scott/Multimodal/MultiModal Lung tumor test/raw data/wk8_13_Rec,atwai:/data0/core/atwai/Milton_CornwallBrady/Protocol Development in vivo/MultiModal Lung tumor test,copy of the reconstruction,False
atwai:/data0/core/atwai/Milton_CornwallBrady/Protocol Development in vivo/MultiModal Lung tumor test/wk8_14_Rec,Folder,atwai,/data0/core/atwai/Milton_CornwallBrady/Protocol Development in vivo/MultiModal Lung tumor test/wk8_14_Rec,wk8_14_Rec,554283269.0,610.0,copy,microCT,8.0,M14,atwai:/data0/core/atwai/Anderson_Scott/Multimodal/MultiModal Lung tumor test/raw data/wk8_14_Rec,atwai:/data0/core/atwai/Milton_CornwallBrady/Protocol Development in vivo/MultiModal Lung tumor test,copy of the reconstruction,False
atwai:/data0/core/atwai/Milton_CornwallBrady/Protocol Development in vivo/MultiModal Lung tumor test/wk8_15_Rec,Folder,atwai,/data0/core/atwai/Milton_CornwallBrady/Protocol Development in vivo/MultiModal Lung tumor test/wk8_15_Rec,wk8_15_Rec,515168490.0,567.0,copy,microCT,8.0,M15,atwai:/data0/core/atwai/Anderson_Scott/Multimodal/MultiModal Lung tumor test/raw data/wk8_15_Rec,atwai:/data0/core/atwai/Milton_CornwallBrady/Protocol Development in vivo/MultiModal Lung tumor test,copy of the reconstruction,False
atwai:/data0/core/atwai/Milton_CornwallBrady/Protocol Development in vivo/MultiModal Lung tumor test/wk8_17_Rec,Folder,atwai,/data0/core/atwai/Milton_CornwallBrady/Protocol Development in vivo/MultiModal Lung tumor test/wk8_17_Rec,wk8_17_Rec,475144066.0,523.0,copy,microCT,8.0,M17,atwai:/data0/core/atwai/Anderson_Scott/Multimodal/MultiModal Lung tumor test/raw data/wk8_17_Rec,atwai:/data0/core/atwai/Milton_CornwallBrady/Protocol Development in vivo/MultiModal Lung tumor test,copy of the reconstruction,False
atwai:/data0/core/atwai/Milton_CornwallBrady/Protocol Development in vivo/MultiModal Lung tumor test/wk8_18_Rec,Folder,atwai,/data0/core/atwai/Milton_CornwallBrady/Protocol Development in vivo/MultiModal Lung tumor test/wk8_18_Rec,wk8_18_Rec,532451764.0,586.0,copy,microCT,8.0,M18,atwai:/data0/core/atwai/Anderson_Scott/Multimodal/MultiModal Lung tumor test/raw data/wk8_18_Rec,atwai:/data0/core/atwai/Milton_CornwallBrady/Protocol Development in vivo/MultiModal Lung tumor test,copy of the reconstruction,False
atwai:/data0/core/atwai/Milton_CornwallBrady/Protocol Development in vivo/MultiModal Lung tumor test/wk8_19_Rec,Folder,atwai,/data0/core/atwai/Milton_CornwallBrady/Protocol Development in vivo/MultiModal Lung tumor test/wk8_19_Rec,wk8_19_Rec,518807075.0,571.0,copy,microCT,8.0,M19,atwai:/data0/core/atwai/Anderson_Scott/Multimodal/MultiModal Lung tumor test/raw data/wk8_19_Rec,atwai:/data0/core/atwai/Milton_CornwallBrady/Protocol Development in vivo/MultiModal Lung tumor test,copy of the reconstruction,False
atwai:/data0/core/atwai/Milton_CornwallBrady/Protocol Development in vivo/MultiModal Lung tumor test/wk8_67_Rec,Folder,atwai,/data0/core/atwai/Milton_CornwallBrady/Protocol Development in vivo/MultiModal Lung tumor test/wk8_67_Rec,wk8_67_Rec,517897429.0,570.0,copy,microCT,8.0,M67,atwai:/data0/core/atwai/Anderson_Scott/Multimodal/MultiModal Lung tumor test/raw data/wk8_67_Rec,atwai:/data0/core/atwai/Milton_CornwallBrady/Protocol Development in vivo/MultiModal Lung tumor test,copy of the reconstruction,False
atwai:/data0/core/atwai/Milton_CornwallBrady/Protocol Development in vivo/MultiModal Lung tumor test/wk8_68_Rec,Folder,atwai,/data0/core/atwai/Milton_CornwallBrady/Protocol Development in vivo/MultiModal Lung tumor test/wk8_68_Rec,wk8_68_Rec,601584861.0,662.0,copy,microCT,8.0,M68,atwai:/data0/core/atwai/Anderson_Scott/Multimodal/MultiModal Lung tumor test/raw data/wk8_68_Rec,atwai:/data0/core/atwai/Milton_CornwallBrady/Protocol Development in vivo/MultiModal Lung tumor test,copy of the reconstruction,False
atwai:/data0/core/atwai/Milton_CornwallBrady/Protocol Development in vivo/MultiModal Lung tumor test/wk8_69_Rec,Folder,atwai,/data0/core/atwai/Milton_CornwallBrady/Protocol Development in vivo/MultiModal Lung tumor test/wk8_69_Rec,wk8_69_Rec,590669108.0,650.0,copy,microCT,8.0,M69,atwai:/data0/core/atwai/Anderson_Scott/Multimodal/MultiModal Lung tumor test/raw data/wk8_69_Rec,atwai:/data0/core/atwai/Milton_CornwallBrady/Protocol Development in vivo/MultiModal Lung tumor test,copy of the reconstruction,False
atwai:/data0/core/atwai/Milton_CornwallBrady/Protocol Development in vivo/MultiModal Lung tumor test/wk8_75_Rec,Folder,atwai,/data0/core/atwai/Milton_CornwallBrady/Protocol Development in vivo/MultiModal Lung tumor test/wk8_75_Rec,wk8_75_Rec,561560436.0,618.0,copy,microCT,8.0,M75,atwai:/data0/core/atwai/Anderson_Scott/Multimodal/MultiModal Lung tumor test/raw data/wk8_75_Rec,atwai:/data0/core/atwai/Milton_CornwallBrady/Protocol Development in vivo/MultiModal Lung tumor test,copy of the reconstruction,False
atwai:/data0/core/atwai/Milton_CornwallBrady/Protocol Development in vivo/MultiModal Lung tumor test/wk9_10_Rec,Folder,atwai,/data0/core/atwai/Milton_CornwallBrady/Protocol Development in vivo/MultiModal Lung tumor test/wk9_10_Rec,wk9_10_Rec,625863421.0,689.0,copy,microCT,9.0,M10,atwai:/data0/core/atwai/Anderson_Scott/Multimodal/MultiModal Lung tumor test/raw data/wk9_10_Rec,atwai:/data0/core/atwai/Milton_CornwallBrady/Protocol Development in vivo/MultiModal Lung tumor test,copy of the reconstruction,False
atwai:/data0/core/atwai/Milton_CornwallBrady/Protocol Development in vivo/MultiModal Lung tumor test/wk9_11_Rec,Folder,atwai,/data0/core/atwai/Milton_CornwallBrady/Protocol Development in vivo/MultiModal Lung tumor test/wk9_11_Rec,wk9_11_Rec,623134483.0,686.0,copy,microCT,9.0,M11,atwai:/data0/core/atwai/Anderson_Scott/Multimodal/MultiModal Lung tumor test/raw data/wk9_11_Rec,atwai:/data0/core/atwai/Milton_CornwallBrady/Protocol Development in vivo/MultiModal Lung tumor test,copy of the reconstruction,False
atwai:/data0/core/atwai/Milton_CornwallBrady/Protocol Development in vivo/MultiModal Lung tumor test/wk9_12_Rec,Folder,atwai,/data0/core/atwai/Milton_CornwallBrady/Protocol Development in vivo/MultiModal Lung tumor test/wk9_12_Rec,wk9_12_Rec,583110064.0,642.0,copy,microCT,9.0,M12,atwai:/data0/core/atwai/Anderson_Scott/Multimodal/MultiModal Lung tumor test/raw data/wk9_12_Rec,atwai:/data0/core/atwai/Milton_CornwallBrady/Protocol Development in vivo/MultiModal Lung tumor test,copy of the reconstruction,False
atwai:/data0/core/atwai/Milton_CornwallBrady/Protocol Development in vivo/MultiModal Lung tumor test/wk9_13_Rec,Folder,atwai,/data0/core/atwai/Milton_CornwallBrady/Protocol Development in vivo/MultiModal Lung tumor test/wk9_13_Rec,wk9_13_Rec,613128378.0,675.0,copy,microCT,9.0,M13,atwai:/data0/core/atwai/Anderson_Scott/Multimodal/MultiModal Lung tumor test/raw data/wk9_13_Rec,atwai:/data0/core/atwai/Milton_CornwallBrady/Protocol Development in vivo/MultiModal Lung tumor test,copy of the reconstruction,False
atwai:/data0/core/atwai/Milton_CornwallBrady/Protocol Development in vivo/MultiModal Lung tumor test/wk9_14_Rec,Folder,atwai,/data0/core/atwai/Milton_CornwallBrady/Protocol Development in vivo/MultiModal Lung tumor test/wk9_14_Rec,wk9_14_Rec,556730326.0,613.0,copy,microCT,9.0,M14,atwai:/data0/core/atwai/Anderson_Scott/Multimodal/MultiModal Lung tumor test/raw data/wk9_14_Rec,atwai:/data0/core/atwai/Milton_CornwallBrady/Protocol Development in vivo/MultiModal Lung tumor test,copy of the reconstruction,False
atwai:/data0/core/atwai/Milton_CornwallBrady/Protocol Development in vivo/MultiModal Lung tumor test/wk9_15_Rec,Folder,atwai,/data0/core/atwai/Milton_CornwallBrady/Protocol Development in vivo/MultiModal Lung tumor test/wk9_15_Rec,wk9_15_Rec,587658290.0,647.0,copy,microCT,9.0,M15,atwai:/data0/core/atwai/Anderson_Scott/Multimodal/MultiModal Lung tumor test/raw data/wk9_15_Rec,atwai:/data0/core/atwai/Milton_CornwallBrady/Protocol Development in vivo/MultiModal Lung tumor test,copy of the reconstruction,False
atwai:/data0/core/atwai/Milton_CornwallBrady/Protocol Development in vivo/MultiModal Lung tumor test/wk9_17_Rec,Folder,atwai,/data0/core/atwai/Milton_CornwallBrady/Protocol Development in vivo/MultiModal Lung tumor test/wk9_17_Rec,wk9_17_Rec,577652183.0,636.0,copy,microCT,9.0,M17,atwai:/data0/core/atwai/Anderson_Scott/Multimodal/MultiModal Lung tumor test/raw data/wk9_17_Rec,atwai:/data0/core/atwai/Milton_CornwallBrady/Protocol Development in vivo/MultiModal Lung tumor test,copy of the reconstruction,False
atwai:/data0/core/atwai/Milton_CornwallBrady/Protocol Development in vivo/MultiModal Lung tumor test/wk9_18_Rec,Folder,atwai,/data0/core/atwai/Milton_CornwallBrady/Protocol Development in vivo/MultiModal Lung tumor test/wk9_18_Rec,wk9_18_Rec,591296873.0,651.0,copy,microCT,9.0,M18,atwai:/data0/core/atwai/Anderson_Scott/Multimodal/MultiModal Lung tumor test/raw data/wk9_18_Rec,atwai:/data0/core/atwai/Milton_CornwallBrady/Protocol Development in vivo/MultiModal Lung tumor test,copy of the reconstruction,False
atwai:/data0/core/atwai/Milton_CornwallBrady/Protocol Development in vivo/MultiModal Lung tumor test/wk9_19_Rec,Folder,atwai,/data0/core/atwai/Milton_CornwallBrady/Protocol Development in vivo/MultiModal Lung tumor test/wk9_19_Rec,wk9_19_Rec,658610678.0,725.0,copy,microCT,9.0,M19,atwai:/data0/core/atwai/Anderson_Scott/Multimodal/MultiModal Lung tumor test/raw data/wk9_19_Rec,atwai:/data0/core/atwai/Milton_CornwallBrady/Protocol Development in vivo/MultiModal Lung tumor test,copy of the reconstruction,False
atwai:/data0/core/atwai/Milton_CornwallBrady/Protocol Development in vivo/MultiModal Lung tumor test/wk9_67_Rec,Folder,atwai,/data0/core/atwai/Milton_CornwallBrady/Protocol Development in vivo/MultiModal Lung tumor test/wk9_67_Rec,wk9_67_Rec,613128377.0,675.0,copy,microCT,9.0,M67,atwai:/data0/core/atwai/Anderson_Scott/Multimodal/MultiModal Lung tumor test/raw data/wk9_67_Rec,atwai:/data0/core/atwai/Milton_CornwallBrady/Protocol Development in vivo/MultiModal Lung tumor test,copy of the reconstruction,False
atwai:/data0/core/atwai/Milton_CornwallBrady/Protocol Development in vivo/MultiModal Lung tumor test/wk9_68_Rec,Folder,atwai,/data0/core/atwai/Milton_CornwallBrady/Protocol Development in vivo/MultiModal Lung tumor test/wk9_68_Rec,wk9_68_Rec,566736432.0,624.0,copy,microCT,9.0,M68,atwai:/data0/core/atwai/Anderson_Scott/Multimodal/MultiModal Lung tumor test/raw data/wk9_68_Rec,atwai:/data0/core/atwai/Milton_CornwallBrady/Protocol Development in vivo/MultiModal Lung tumor test,copy of the reconstruction,False
atwai:/data0/core/atwai/Milton_CornwallBrady/Protocol Development in vivo/MultiModal Lung tumor test/wk9_69_Rec,Folder,atwai,/data0/core/atwai/Milton_CornwallBrady/Protocol Development in vivo/MultiModal Lung tumor test/wk9_69_Rec,wk9_69_Rec,611309085.0,673.0,copy,microCT,9.0,M69,atwai:/data0/core/atwai/Anderson_Scott/Multimodal/MultiModal Lung tumor test/raw data/wk9_69_Rec,atwai:/data0/core/atwai/Milton_CornwallBrady/Protocol Development in vivo/MultiModal Lung tumor test,copy of the reconstruction,False
atwai:/data0/core/atwai/Milton_CornwallBrady/Protocol Development in vivo/MultiModal Lung tumor test/wk9_75_Rec,Folder,atwai,/data0/core/atwai/Milton_CornwallBrady/Protocol Development in vivo/MultiModal Lung tumor test/wk9_75_Rec,wk9_75_Rec,615857319.0,678.0,copy,microCT,9.0,M75,atwai:/data0/core/atwai/Anderson_Scott/Multimodal/MultiModal Lung tumor test/raw data/wk9_75_Rec,atwai:/data0/core/atwai/Milton_CornwallBrady/Protocol Development in vivo/MultiModal Lung tumor test,copy of the reconstruction,False
atwai:/data0/core/atwai/archive/microct/longitudinal mouse lung tumors/wk10_10_Rec,Folder,atwai,/data0/core/atwai/archive/microct/longitudinal mouse lung tumors/wk10_10_Rec,wk10_10_Rec,651684568.0,702.0,copy,microCT,10.0,M10,atwai:/data0/core/atwai/Anderson_Scott/Multimodal/MultiModal Lung tumor test/raw data/wk10_10_Rec,atwai:/data0/core/atwai/archive/microct/longitudinal mouse lung tumors,copy of the reconstruction,False
atwai:/data0/core/atwai/archive/microct/longitudinal mouse lung tumors/wk10_11_Rec,Folder,atwai,/data0/core/atwai/archive/microct/longitudinal mouse lung tumors/wk10_11_Rec,wk10_11_Rec,632160323.0,681.0,copy,microCT,10.0,M11,atwai:/data0/core/atwai/Anderson_Scott/Multimodal/MultiModal Lung tumor test/raw data/wk10_11_Rec,atwai:/data0/core/atwai/archive/microct/longitudinal mouse lung tumors,copy of the reconstruction,False
atwai:/data0/core/atwai/archive/microct/longitudinal mouse lung tumors/wk10_12_Rec,Folder,atwai,/data0/core/atwai/archive/microct/longitudinal mouse lung tumors/wk10_12_Rec,wk10_12_Rec,585674023.0,631.0,copy,microCT,10.0,M12,atwai:/data0/core/atwai/Anderson_Scott/Multimodal/MultiModal Lung tumor test/raw data/wk10_12_Rec,atwai:/data0/core/atwai/archive/microct/longitudinal mouse lung tumors,copy of the reconstruction,False
atwai:/data0/core/atwai/archive/microct/longitudinal mouse lung tumors/wk10_13_Rec,Folder,atwai,/data0/core/atwai/archive/microct/longitudinal mouse lung tumors/wk10_13_Rec,wk10_13_Rec,625652240.0,674.0,copy,microCT,10.0,M13,atwai:/data0/core/atwai/Anderson_Scott/Multimodal/MultiModal Lung tumor test/raw data/wk10_13_Rec,atwai:/data0/core/atwai/archive/microct/longitudinal mouse lung tumors,copy of the reconstruction,False
atwai:/data0/core/atwai/archive/microct/longitudinal mouse lung tumors/wk10_14_Rec,Folder,atwai,/data0/core/atwai/archive/microct/longitudinal mouse lung tumors/wk10_14_Rec,wk10_14_Rec,517804025.0,558.0,copy,microCT,10.0,M14,atwai:/data0/core/atwai/Anderson_Scott/Multimodal/MultiModal Lung tumor test/raw data/wk10_14_Rec,atwai:/data0/core/atwai/archive/microct/longitudinal mouse lung tumors,copy of the reconstruction,False
atwai:/data0/core/atwai/archive/microct/longitudinal mouse lung tumors/wk10_15_Rec,Folder,atwai,/data0/core/atwai/archive/microct/longitudinal mouse lung tumors/wk10_15_Rec,wk10_15_Rec,535468818.0,577.0,copy,microCT,10.0,M15,atwai:/data0/core/atwai/Anderson_Scott/Multimodal/MultiModal Lung tumor test/raw data/wk10_15_Rec,atwai:/data0/core/atwai/archive/microct/longitudinal mouse lung tumors,copy of the reconstruction,False
atwai:/data0/core/atwai/archive/microct/longitudinal mouse lung tumors/wk10_17_Rec,Folder,atwai,/data0/core/atwai/archive/microct/longitudinal mouse lung tumors/wk10_17_Rec,wk10_17_Rec,513155394.0,553.0,copy,microCT,10.0,M17,atwai:/data0/core/atwai/Anderson_Scott/Multimodal/MultiModal Lung tumor test/raw data/wk10_17_Rec,atwai:/data0/core/atwai/archive/microct/longitudinal mouse lung tumors,copy of the reconstruction,False
atwai:/data0/core/atwai/archive/microct/longitudinal mouse lung tumors/wk10_18_Rec,Folder,atwai,/data0/core/atwai/archive/microct/longitudinal mouse lung tumors/wk10_18_Rec,wk10_18_Rec,515014846.0,555.0,copy,microCT,10.0,M18,atwai:/data0/core/atwai/Anderson_Scott/Multimodal/MultiModal Lung tumor test/raw data/wk10_18_Rec,atwai:/data0/core/atwai/archive/microct/longitudinal mouse lung tumors,copy of the reconstruction,False
atwai:/data0/core/atwai/archive/microct/longitudinal mouse lung tumors/wk10_19_Rec,Folder,atwai,/data0/core/atwai/archive/microct/longitudinal mouse lung tumors/wk10_19_Rec,wk10_19_Rec,566149778.0,610.0,copy,microCT,10.0,M19,atwai:/data0/core/atwai/Anderson_Scott/Multimodal/MultiModal Lung tumor test/raw data/wk10_19_Rec,atwai:/data0/core/atwai/archive/microct/longitudinal mouse lung tumors,copy of the reconstruction,False
atwai:/data0/core/atwai/archive/microct/longitudinal mouse lung tumors/wk10_67_Rec,Folder,atwai,/data0/core/atwai/archive/microct/longitudinal mouse lung tumors/wk10_67_Rec,wk10_67_Rec,595901009.0,642.0,copy,microCT,10.0,M67,atwai:/data0/core/atwai/Anderson_Scott/Multimodal/MultiModal Lung tumor test/raw data/wk10_67_Rec,atwai:/data0/core/atwai/archive/microct/longitudinal mouse lung tumors,copy of the reconstruction,False
atwai:/data0/core/atwai/archive/microct/longitudinal mouse lung tumors/wk10_68_Rec,Folder,atwai,/data0/core/atwai/archive/microct/longitudinal mouse lung tumors/wk10_68_Rec,wk10_68_Rec,564290324.0,608.0,copy,microCT,10.0,M68,atwai:/data0/core/atwai/Anderson_Scott/Multimodal/MultiModal Lung tumor test/raw data/wk10_68_Rec,atwai:/data0/core/atwai/archive/microct/longitudinal mouse lung tumors,copy of the reconstruction,False
atwai:/data0/core/atwai/archive/microct/longitudinal mouse lung tumors/wk10_69_Rec,Folder,atwai,/data0/core/atwai/archive/microct/longitudinal mouse lung tumors/wk10_69_Rec,wk10_69_Rec,536398544.0,578.0,copy,microCT,10.0,M69,atwai:/data0/core/atwai/Anderson_Scott/Multimodal/MultiModal Lung tumor test/raw data/wk10_69_Rec,atwai:/data0/core/atwai/archive/microct/longitudinal mouse lung tumors,copy of the reconstruction,False
atwai:/data0/core/atwai/archive/microct/longitudinal mouse lung tumors/wk10_75_Rec,Folder,atwai,/data0/core/atwai/archive/microct/longitudinal mouse lung tumors/wk10_75_Rec,wk10_75_Rec,556852516.0,600.0,copy,microCT,10.0,M75,atwai:/data0/core/atwai/Anderson_Scott/Multimodal/MultiModal Lung tumor test/raw data/wk10_75_Rec,atwai:/data0/core/atwai/archive/microct/longitudinal mouse lung tumors,copy of the reconstruction,False
atwai:/data0/core/atwai/archive/microct/longitudinal mouse lung tumors/wk11_10_Rec,Folder,atwai,/data0/core/atwai/archive/microct/longitudinal mouse lung tumors/wk11_10_Rec,wk11_10_Rec,537519266.0,617.0,copy,microCT,11.0,M10,atwai:/data0/core/atwai/Anderson_Scott/Multimodal/MultiModal Lung tumor test/raw data/wk11_10_Rec,atwai:/data0/core/atwai/archive/microct/longitudinal mouse lung tumors,copy of the reconstruction,False
atwai:/data0/core/atwai/archive/microct/longitudinal mouse lung tumors/wk11_11_Rec,Folder,atwai,/data0/core/atwai/archive/microct/longitudinal mouse lung tumors/wk11_11_Rec,wk11_11_Rec,567177807.0,651.0,copy,microCT,11.0,M11,atwai:/data0/core/atwai/Anderson_Scott/Multimodal/MultiModal Lung tumor test/raw data/wk11_11_Rec,atwai:/data0/core/atwai/archive/microct/longitudinal mouse lung tumors,copy of the reconstruction,False
atwai:/data0/core/atwai/archive/microct/longitudinal mouse lung tumors/wk11_12_Rec,Folder,atwai,/data0/core/atwai/archive/microct/longitudinal mouse lung tumors/wk11_12_Rec,wk11_12_Rec,530540785.0,609.0,copy,microCT,11.0,M12,atwai:/data0/core/atwai/Anderson_Scott/Multimodal/MultiModal Lung tumor test/raw data/wk11_12_Rec,atwai:/data0/core/atwai/archive/microct/longitudinal mouse lung tumors,copy of the reconstruction,False
atwai:/data0/core/atwai/archive/microct/longitudinal mouse lung tumors/wk11_13_Rec,Folder,atwai,/data0/core/atwai/archive/microct/longitudinal mouse lung tumors/wk11_13_Rec,wk11_13_Rec,553220845.0,635.0,copy,microCT,11.0,M13,atwai:/data0/core/atwai/Anderson_Scott/Multimodal/MultiModal Lung tumor test/raw data/wk11_13_Rec,atwai:/data0/core/atwai/archive/microct/longitudinal mouse lung tumors,copy of the reconstruction,False
atwai:/data0/core/atwai/archive/microct/longitudinal mouse lung tumors/wk11_14_Rec,Folder,atwai,/data0/core/atwai/archive/microct/longitudinal mouse lung tumors/wk11_14_Rec,wk11_14_Rec,527051546.0,605.0,copy,microCT,11.0,M14,atwai:/data0/core/atwai/Anderson_Scott/Multimodal/MultiModal Lung tumor test/raw data/wk11_14_Rec,atwai:/data0/core/atwai/archive/microct/longitudinal mouse lung tumors,copy of the reconstruction,False
atwai:/data0/core/atwai/archive/microct/longitudinal mouse lung tumors/wk11_15_Rec,Folder,atwai,/data0/core/atwai/archive/microct/longitudinal mouse lung tumors/wk11_15_Rec,wk11_15_Rec,502111127.0,576.0,copy,microCT,11.0,M15,atwai:/data0/core/atwai/Anderson_Scott/Multimodal/MultiModal Lung tumor test/raw data/wk11_15_Rec,atwai:/data0/core/atwai/archive/microct/longitudinal mouse lung tumors,copy of the reconstruction,False
atwai:/data0/core/atwai/archive/microct/longitudinal mouse lung tumors/wk11_17_Rec,Folder,atwai,/data0/core/atwai/archive/microct/longitudinal mouse lung tumors/wk11_17_Rec,wk11_17_Rec,507344987.0,582.0,copy,microCT,11.0,M17,atwai:/data0/core/atwai/Anderson_Scott/Multimodal/MultiModal Lung tumor test/raw data/wk11_17_Rec,atwai:/data0/core/atwai/archive/microct/longitudinal mouse lung tumors,copy of the reconstruction,False
atwai:/data0/core/atwai/archive/microct/longitudinal mouse lung tumors/wk11_18_Rec,Folder,atwai,/data0/core/atwai/archive/microct/longitudinal mouse lung tumors/wk11_18_Rec,wk11_18_Rec,525306925.0,603.0,copy,microCT,11.0,M18,atwai:/data0/core/atwai/Anderson_Scott/Multimodal/MultiModal Lung tumor test/raw data/wk11_18_Rec,atwai:/data0/core/atwai/archive/microct/longitudinal mouse lung tumors,copy of the reconstruction,False
atwai:/data0/core/atwai/archive/microct/longitudinal mouse lung tumors/wk11_19_Rec,Folder,atwai,/data0/core/atwai/archive/microct/longitudinal mouse lung tumors/wk11_19_Rec,wk11_19_Rec,507860726.0,583.0,copy,microCT,11.0,M19,atwai:/data0/core/atwai/Anderson_Scott/Multimodal/MultiModal Lung tumor test/raw data/wk11_19_Rec,atwai:/data0/core/atwai/archive/microct/longitudinal mouse lung tumors,copy of the reconstruction,False
atwai:/data0/core/atwai/archive/microct/longitudinal mouse lung tumors/wk11_67_Rec,Folder,atwai,/data0/core/atwai/archive/microct/longitudinal mouse lung tumors/wk11_67_Rec,wk11_67_Rec,525663497.0,603.0,copy,microCT,11.0,M67,atwai:/data0/core/atwai/Anderson_Scott/Multimodal/MultiModal Lung tumor test/raw data/wk11_67_Rec,atwai:/data0/core/atwai/archive/microct/longitudinal mouse lung tumors,copy of the reconstruction,False
atwai:/data0/core/atwai/archive/microct/longitudinal mouse lung tumors/wk11_68_Rec,Folder,atwai,/data0/core/atwai/archive/microct/longitudinal mouse lung tumors/wk11_68_Rec,wk11_68_Rec,559327015.0,642.0,copy,microCT,11.0,M68,atwai:/data0/core/atwai/Anderson_Scott/Multimodal/MultiModal Lung tumor test/raw data/wk11_68_Rec,atwai:/data0/core/atwai/archive/microct/longitudinal mouse lung tumors,copy of the reconstruction,False
atwai:/data0/core/atwai/archive/microct/longitudinal mouse lung tumors/wk11_69_Rec,Folder,atwai,/data0/core/atwai/archive/microct/longitudinal mouse lung tumors/wk11_69_Rec,wk11_69_Rec,564045138.0,647.0,copy,microCT,11.0,M69,atwai:/data0/core/atwai/Anderson_Scott/Multimodal/MultiModal Lung tumor test/raw data/wk11_69_Rec,atwai:/data0/core/atwai/archive/microct/longitudinal mouse lung tumors,copy of the reconstruction,False
atwai:/data0/core/atwai/archive/microct/longitudinal mouse lung tumors/wk11_75_Rec,Folder,atwai,/data0/core/atwai/archive/microct/longitudinal mouse lung tumors/wk11_75_Rec,wk11_75_Rec,525663497.0,603.0,copy,microCT,11.0,M75,atwai:/data0/core/atwai/Anderson_Scott/Multimodal/MultiModal Lung tumor test/raw data/wk11_75_Rec,atwai:/data0/core/atwai/archive/microct/longitudinal mouse lung tumors,copy of the reconstruction,False
atwai:/data0/core/atwai/archive/microct/longitudinal mouse lung tumors/wk13_10_Rec,Folder,atwai,/data0/core/atwai/archive/microct/longitudinal mouse lung tumors/wk13_10_Rec,wk13_10_Rec,684962525.0,696.0,copy,microCT,13.0,M10,atwai:/data0/core/atwai/Anderson_Scott/Multimodal/MultiModal Lung tumor test/raw data/wk13_10_Rec,atwai:/data0/core/atwai/archive/microct/longitudinal mouse lung tumors,copy of the reconstruction,False
atwai:/data0/core/atwai/archive/microct/longitudinal mouse lung tumors/wk13_11_Rec,Folder,atwai,/data0/core/atwai/archive/microct/longitudinal mouse lung tumors/wk13_11_Rec,wk13_11_Rec,686934440.0,698.0,copy,microCT,13.0,M11,atwai:/data0/core/atwai/Anderson_Scott/Multimodal/MultiModal Lung tumor test/raw data/wk13_11_Rec,atwai:/data0/core/atwai/archive/microct/longitudinal mouse lung tumors,copy of the reconstruction,False
atwai:/data0/core/atwai/archive/microct/longitudinal mouse lung tumors/wk13_12_Rec,Folder,atwai,/data0/core/atwai/archive/microct/longitudinal mouse lung tumors/wk13_12_Rec,wk13_12_Rec,682990608.0,694.0,copy,microCT,13.0,M12,atwai:/data0/core/atwai/Anderson_Scott/Multimodal/MultiModal Lung tumor test/raw data/wk13_12_Rec,atwai:/data0/core/atwai/archive/microct/longitudinal mouse lung tumors,copy of the reconstruction,False
atwai:/data0/core/atwai/archive/microct/longitudinal mouse lung tumors/wk13_13_Rec,Folder,atwai,/data0/core/atwai/archive/microct/longitudinal mouse lung tumors/wk13_13_Rec,wk13_13_Rec,606085884.0,616.0,copy,microCT,13.0,M13,atwai:/data0/core/atwai/Anderson_Scott/Multimodal/MultiModal Lung tumor test/raw data/wk13_13_Rec,atwai:/data0/core/atwai/archive/microct/longitudinal mouse lung tumors,copy of the reconstruction,False
atwai:/data0/core/atwai/archive/microct/longitudinal mouse lung tumors/wk13_14_Rec,Folder,atwai,/data0/core/atwai/archive/microct/longitudinal mouse lung tumors/wk13_14_Rec,wk13_14_Rec,671159112.0,682.0,copy,microCT,13.0,M14,atwai:/data0/core/atwai/Anderson_Scott/Multimodal/MultiModal Lung tumor test/raw data/wk13_14_Rec,atwai:/data0/core/atwai/archive/microct/longitudinal mouse lung tumors,copy of the reconstruction,False
atwai:/data0/core/atwai/archive/microct/longitudinal mouse lung tumors/wk13_15_Rec,Folder,atwai,/data0/core/atwai/archive/microct/longitudinal mouse lung tumors/wk13_15_Rec,wk13_15_Rec,697779978.0,709.0,copy,microCT,13.0,M15,atwai:/data0/core/atwai/Anderson_Scott/Multimodal/MultiModal Lung tumor test/raw data/wk13_15_Rec,atwai:/data0/core/atwai/archive/microct/longitudinal mouse lung tumors,copy of the reconstruction,False
atwai:/data0/core/atwai/archive/microct/longitudinal mouse lung tumors/wk13_17_Rec,Folder,atwai,/data0/core/atwai/archive/microct/longitudinal mouse lung tumors/wk13_17_Rec,wk13_17_Rec,639608457.0,650.0,copy,microCT,13.0,M17,atwai:/data0/core/atwai/Anderson_Scott/Multimodal/MultiModal Lung tumor test/raw data/wk13_17_Rec,atwai:/data0/core/atwai/archive/microct/longitudinal mouse lung tumors,copy of the reconstruction,False
atwai:/data0/core/atwai/archive/microct/longitudinal mouse lung tumors/wk13_18_Rec,Folder,atwai,/data0/core/atwai/archive/microct/longitudinal mouse lung tumors/wk13_18_Rec,wk13_18_Rec,698765936.0,710.0,copy,microCT,13.0,M18,atwai:/data0/core/atwai/Anderson_Scott/Multimodal/MultiModal Lung tumor test/raw data/wk13_18_Rec,atwai:/data0/core/atwai/archive/microct/longitudinal mouse lung tumors,copy of the reconstruction,False
atwai:/data0/core/atwai/archive/microct/longitudinal mouse lung tumors/wk13_19_Rec,Folder,atwai,/data0/core/atwai/archive/microct/longitudinal mouse lung tumors/wk13_19_Rec,wk13_19_Rec,600170136.0,610.0,copy,microCT,13.0,M19,atwai:/data0/core/atwai/Anderson_Scott/Multimodal/MultiModal Lung tumor test/raw data/wk13_19_Rec,atwai:/data0/core/atwai/archive/microct/longitudinal mouse lung tumors,copy of the reconstruction,False
atwai:/data0/core/atwai/archive/microct/longitudinal mouse lung tumors/wk13_67_Rec,Folder,atwai,/data0/core/atwai/archive/microct/longitudinal mouse lung tumors/wk13_67_Rec,wk13_67_Rec,628762919.0,639.0,copy,microCT,13.0,M67,atwai:/data0/core/atwai/Anderson_Scott/Multimodal/MultiModal Lung tumor test/raw data/wk13_67_Rec,atwai:/data0/core/atwai/archive/microct/longitudinal mouse lung tumors,copy of the reconstruction,False
atwai:/data0/core/atwai/archive/microct/longitudinal mouse lung tumors/wk13_68_Rec,Folder,atwai,/data0/core/atwai/archive/microct/longitudinal mouse lung tumors/wk13_68_Rec,wk13_68_Rec,618903338.0,629.0,copy,microCT,13.0,M68,atwai:/data0/core/atwai/Anderson_Scott/Multimodal/MultiModal Lung tumor test/raw data/wk13_68_Rec,atwai:/data0/core/atwai/archive/microct/longitudinal mouse lung tumors,copy of the reconstruction,False
atwai:/data0/core/atwai/archive/microct/longitudinal mouse lung tumors/wk13_69_Rec,Folder,atwai,/data0/core/atwai/archive/microct/longitudinal mouse lung tumors/wk13_69_Rec,wk13_69_Rec,597212262.0,607.0,copy,microCT,13.0,M69,atwai:/data0/core/atwai/Anderson_Scott/Multimodal/MultiModal Lung tumor test/raw data/wk13_69_Rec,atwai:/data0/core/atwai/archive/microct/longitudinal mouse lung tumors,copy of the reconstruction,False
atwai:/data0/core/atwai/archive/microct/longitudinal mouse lung tumors/wk14_10_Rec,Folder,atwai,/data0/core/atwai/archive/microct/longitudinal mouse lung tumors/wk14_10_Rec,wk14_10_Rec,433633757.0,672.0,copy,microCT,14.0,M10,atwai:/data0/core/atwai/Anderson_Scott/Multimodal/MultiModal Lung tumor test/raw data/wk14_10_Rec,atwai:/data0/core/atwai/archive/microct/longitudinal mouse lung tumors,copy of the reconstruction,False
atwai:/data0/core/atwai/archive/microct/longitudinal mouse lung tumors/wk14_11_Rec,Folder,atwai,/data0/core/atwai/archive/microct/longitudinal mouse lung tumors/wk14_11_Rec,wk14_11_Rec,433633757.0,672.0,copy,microCT,14.0,M11,atwai:/data0/core/atwai/Anderson_Scott/Multimodal/MultiModal Lung tumor test/raw data/wk14_11_Rec,atwai:/data0/core/atwai/archive/microct/longitudinal mouse lung tumors,copy of the reconstruction,False
atwai:/data0/core/atwai/archive/microct/longitudinal mouse lung tumors/wk14_12_Rec,Folder,atwai,/data0/core/atwai/archive/microct/longitudinal mouse lung tumors/wk14_12_Rec,wk14_12_Rec,433633758.0,672.0,copy,microCT,14.0,M12,atwai:/data0/core/atwai/Anderson_Scott/Multimodal/MultiModal Lung tumor test/raw data/wk14_12_Rec,atwai:/data0/core/atwai/archive/microct/longitudinal mouse lung tumors,copy of the reconstruction,False
atwai:/data0/core/atwai/archive/microct/longitudinal mouse lung tumors/wk14_13_Rec,Folder,atwai,/data0/core/atwai/archive/microct/longitudinal mouse lung tumors/wk14_13_Rec,wk14_13_Rec,433633757.0,672.0,copy,microCT,14.0,M13,atwai:/data0/core/atwai/Anderson_Scott/Multimodal/MultiModal Lung tumor test/raw data/wk14_13_Rec,atwai:/data0/core/atwai/archive/microct/longitudinal mouse lung tumors,copy of the reconstruction,False
atwai:/data0/core/atwai/archive/microct/longitudinal mouse lung tumors/wk14_14_Rec,Folder,atwai,/data0/core/atwai/archive/microct/longitudinal mouse lung tumors/wk14_14_Rec,wk14_14_Rec,433633758.0,672.0,copy,microCT,14.0,M14,atwai:/data0/core/atwai/Anderson_Scott/Multimodal/MultiModal Lung tumor test/raw data/wk14_14_Rec,atwai:/data0/core/atwai/archive/microct/longitudinal mouse lung tumors,copy of the reconstruction,False
atwai:/data0/core/atwai/archive/microct/longitudinal mouse lung tumors/wk14_15_Rec,Folder,atwai,/data0/core/atwai/archive/microct/longitudinal mouse lung tumors/wk14_15_Rec,wk14_15_Rec,433633757.0,672.0,copy,microCT,14.0,M15,atwai:/data0/core/atwai/Anderson_Scott/Multimodal/MultiModal Lung tumor test/raw data/wk14_15_Rec,atwai:/data0/core/atwai/archive/microct/longitudinal mouse lung tumors,copy of the reconstruction,False
atwai:/data0/core/atwai/archive/microct/longitudinal mouse lung tumors/wk14_17_Rec,Folder,atwai,/data0/core/atwai/archive/microct/longitudinal mouse lung tumors/wk14_17_Rec,wk14_17_Rec,433633757.0,672.0,copy,microCT,14.0,M17,atwai:/data0/core/atwai/Anderson_Scott/Multimodal/MultiModal Lung tumor test/raw data/wk14_17_Rec,atwai:/data0/core/atwai/archive/microct/longitudinal mouse lung tumors,copy of the reconstruction,False
atwai:/data0/core/atwai/archive/microct/longitudinal mouse lung tumors/wk14_18_Rec,Folder,atwai,/data0/core/atwai/archive/microct/longitudinal mouse lung tumors/wk14_18_Rec,wk14_18_Rec,433633757.0,672.0,copy,microCT,14.0,M18,atwai:/data0/core/atwai/Anderson_Scott/Multimodal/MultiModal Lung tumor test/raw data/wk14_18_Rec,atwai:/data0/core/atwai/archive/microct/longitudinal mouse lung tumors,copy of the reconstruction,False
atwai:/data0/core/atwai/archive/microct/longitudinal mouse lung tumors/wk14_19_Rec,Folder,atwai,/data0/core/atwai/archive/microct/longitudinal mouse lung tumors/wk14_19_Rec,wk14_19_Rec,433633757.0,672.0,copy,microCT,14.0,M19,atwai:/data0/core/atwai/Anderson_Scott/Multimodal/MultiModal Lung tumor test/raw data/wk14_19_Rec,atwai:/data0/core/atwai/archive/microct/longitudinal mouse lung tumors,copy of the reconstruction,False
atwai:/data0/core/atwai/archive/microct/longitudinal mouse lung tumors/wk14_67_Rec,Folder,atwai,/data0/core/atwai/archive/microct/longitudinal mouse lung tumors/wk14_67_Rec,wk14_67_Rec,433633758.0,672.0,copy,microCT,14.0,M67,atwai:/data0/core/atwai/Anderson_Scott/Multimodal/MultiModal Lung tumor test/raw data/wk14_67_Rec,atwai:/data0/core/atwai/archive/microct/longitudinal mouse lung tumors,copy of the reconstruction,False
atwai:/data0/core/atwai/archive/microct/longitudinal mouse lung tumors/wk14_68_Rec,Folder,atwai,/data0/core/atwai/archive/microct/longitudinal mouse lung tumors/wk14_68_Rec,wk14_68_Rec,433633757.0,672.0,copy,microCT,14.0,M68,atwai:/data0/core/atwai/Anderson_Scott/Multimodal/MultiModal Lung tumor test/raw data/wk14_68_Rec,atwai:/data0/core/atwai/archive/microct/longitudinal mouse lung tumors,copy of the reconstruction,False
atwai:/data0/core/atwai/archive/microct/longitudinal mouse lung tumors/wk14_69_Rec,Folder,atwai,/data0/core/atwai/archive/microct/longitudinal mouse lung tumors/wk14_69_Rec,wk14_69_Rec,433633757.0,672.0,copy,microCT,14.0,M69,atwai:/data0/core/atwai/Anderson_Scott/Multimodal/MultiModal Lung tumor test/raw data/wk14_69_Rec,atwai:/data0/core/atwai/archive/microct/longitudinal mouse lung tumors,copy of the reconstruction,False
atwai:/data0/core/atwai/archive/microct/longitudinal mouse lung tumors/wk6-10_Rec,Folder,atwai,/data0/core/atwai/archive/microct/longitudinal mouse lung tumors/wk6-10_Rec,wk6-10_Rec,489742831.0,498.0,copy,microCT,6.0,M10,atwai:/data0/core/atwai/Anderson_Scott/Multimodal/MultiModal Lung tumor test/raw data/wk6-10_Rec,atwai:/data0/core/atwai/archive/microct/longitudinal mouse lung tumors,copy of the reconstruction,False
atwai:/data0/core/atwai/archive/microct/longitudinal mouse lung tumors/wk6-11_Rec,Folder,atwai,/data0/core/atwai/archive/microct/longitudinal mouse lung tumors/wk6-11_Rec,wk6-11_Rec,561847038.0,571.0,copy,microCT,6.0,M11,atwai:/data0/core/atwai/Anderson_Scott/Multimodal/MultiModal Lung tumor test/raw data/wk6-11_Rec,atwai:/data0/core/atwai/archive/microct/longitudinal mouse lung tumors,copy of the reconstruction,False
atwai:/data0/core/atwai/archive/microct/longitudinal mouse lung tumors/wk6-12_Rec,Folder,atwai,/data0/core/atwai/archive/microct/longitudinal mouse lung tumors/wk6-12_Rec,wk6-12_Rec,545942437.0,555.0,copy,microCT,6.0,M12,atwai:/data0/core/atwai/Anderson_Scott/Multimodal/MultiModal Lung tumor test/raw data/wk6-12_Rec,atwai:/data0/core/atwai/archive/microct/longitudinal mouse lung tumors,copy of the reconstruction,False
atwai:/data0/core/atwai/archive/microct/longitudinal mouse lung tumors/wk6-13_Rec,Folder,atwai,/data0/core/atwai/archive/microct/longitudinal mouse lung tumors/wk6-13_Rec,wk6-13_Rec,549886268.0,559.0,copy,microCT,6.0,M13,atwai:/data0/core/atwai/Anderson_Scott/Multimodal/MultiModal Lung tumor test/raw data/wk6-13_Rec,atwai:/data0/core/atwai/archive/microct/longitudinal mouse lung tumors,copy of the reconstruction,False
atwai:/data0/core/atwai/archive/microct/longitudinal mouse lung tumors/wk6-14_Rec,Folder,atwai,/data0/core/atwai/archive/microct/longitudinal mouse lung tumors/wk6-14_Rec,wk6-14_Rec,574535219.0,584.0,copy,microCT,6.0,M14,atwai:/data0/core/atwai/Anderson_Scott/Multimodal/MultiModal Lung tumor test/raw data/wk6-14_Rec,atwai:/data0/core/atwai/archive/microct/longitudinal mouse lung tumors,copy of the reconstruction,False
atwai:/data0/core/atwai/archive/microct/longitudinal mouse lung tumors/wk6-15_Rec,Folder,atwai,/data0/core/atwai/archive/microct/longitudinal mouse lung tumors/wk6-15_Rec,wk6-15_Rec,502689558.0,511.0,copy,microCT,6.0,M15,atwai:/data0/core/atwai/Anderson_Scott/Multimodal/MultiModal Lung tumor test/raw data/wk6-15_Rec,atwai:/data0/core/atwai/archive/microct/longitudinal mouse lung tumors,copy of the reconstruction,False
atwai:/data0/core/atwai/archive/microct/longitudinal mouse lung tumors/wk6-17_Rec,Folder,atwai,/data0/core/atwai/archive/microct/longitudinal mouse lung tumors/wk6-17_Rec,wk6-17_Rec,502689558.0,511.0,copy,microCT,6.0,M17,atwai:/data0/core/atwai/Anderson_Scott/Multimodal/MultiModal Lung tumor test/raw data/wk6-17_Rec,atwai:/data0/core/atwai/archive/microct/longitudinal mouse lung tumors,copy of the reconstruction,False
atwai:/data0/core/atwai/archive/microct/longitudinal mouse lung tumors/wk6-18_Rec,Folder,atwai,/data0/core/atwai/archive/microct/longitudinal mouse lung tumors/wk6-18_Rec,wk6-18_Rec,586495988.0,596.0,copy,microCT,6.0,M18,atwai:/data0/core/atwai/Anderson_Scott/Multimodal/MultiModal Lung tumor test/raw data/wk6-18_Rec,atwai:/data0/core/atwai/archive/microct/longitudinal mouse lung tumors,copy of the reconstruction,False
atwai:/data0/core/atwai/archive/microct/longitudinal mouse lung tumors/wk6-19_Rec,Folder,atwai,/data0/core/atwai/archive/microct/longitudinal mouse lung tumors/wk6-19_Rec,wk6-19_Rec,500588368.0,509.0,copy,microCT,6.0,M19,atwai:/data0/core/atwai/Anderson_Scott/Multimodal/MultiModal Lung tumor test/raw data/wk6-19_Rec,atwai:/data0/core/atwai/archive/microct/longitudinal mouse lung tumors,copy of the reconstruction,False
atwai:/data0/core/atwai/archive/microct/longitudinal mouse lung tumors/wk6-67_Rec,Folder,atwai,/data0/core/atwai/archive/microct/longitudinal mouse lung tumors/wk6-67_Rec,wk6-67_Rec,534240215.0,543.0,copy,microCT,6.0,M67,atwai:/data0/core/atwai/Anderson_Scott/Multimodal/MultiModal Lung tumor test/raw data/wk6-67_Rec,atwai:/data0/core/atwai/archive/microct/longitudinal mouse lung tumors,copy of the reconstruction,False
atwai:/data0/core/atwai/archive/microct/longitudinal mouse lung tumors/wk6-68_Rec,Folder,atwai,/data0/core/atwai/archive/microct/longitudinal mouse lung tumors/wk6-68_Rec,wk6-68_Rec,519321570.0,528.0,copy,microCT,6.0,M68,atwai:/data0/core/atwai/Anderson_Scott/Multimodal/MultiModal Lung tumor test/raw data/wk6-68_Rec,atwai:/data0/core/atwai/archive/microct/longitudinal mouse lung tumors,copy of the reconstruction,False
atwai:/data0/core/atwai/archive/microct/longitudinal mouse lung tumors/wk6-69_Rec,Folder,atwai,/data0/core/atwai/archive/microct/longitudinal mouse lung tumors/wk6-69_Rec,wk6-69_Rec,502689559.0,511.0,copy,microCT,6.0,M69,atwai:/data0/core/atwai/Anderson_Scott/Multimodal/MultiModal Lung tumor test/raw data/wk6-69_Rec,atwai:/data0/core/atwai/archive/microct/longitudinal mouse lung tumors,copy of the reconstruction,False
atwai:/data0/core/atwai/archive/microct/longitudinal mouse lung tumors/wk6-75_Rec,Folder,atwai,/data0/core/atwai/archive/microct/longitudinal mouse lung tumors/wk6-75_Rec,wk6-75_Rec,500588372.0,509.0,copy,microCT,6.0,M75,atwai:/data0/core/atwai/Anderson_Scott/Multimodal/MultiModal Lung tumor test/raw data/wk6-75_Rec,atwai:/data0/core/atwai/archive/microct/longitudinal mouse lung tumors,copy of the reconstruction,False
atwai:/data0/core/atwai/archive/microct/longitudinal mouse lung tumors/wk7-10_Rec,Folder,atwai,/data0/core/atwai/archive/microct/longitudinal mouse lung tumors/wk7-10_Rec,wk7-10_Rec,505537209.0,564.0,copy,microCT,7.0,M10,atwai:/data0/core/atwai/Anderson_Scott/Multimodal/MultiModal Lung tumor test/raw data/wk7-10_Rec,atwai:/data0/core/atwai/archive/microct/longitudinal mouse lung tumors,copy of the reconstruction,False
atwai:/data0/core/atwai/archive/microct/longitudinal mouse lung tumors/wk7-11_Rec,Folder,atwai,/data0/core/atwai/archive/microct/longitudinal mouse lung tumors/wk7-11_Rec,wk7-11_Rec,461571768.0,515.0,copy,microCT,7.0,M11,atwai:/data0/core/atwai/Anderson_Scott/Multimodal/MultiModal Lung tumor test/raw data/wk7-11_Rec,atwai:/data0/core/atwai/archive/microct/longitudinal mouse lung tumors,copy of the reconstruction,False
atwai:/data0/core/atwai/archive/microct/longitudinal mouse lung tumors/wk7-12_Rec,Folder,atwai,/data0/core/atwai/archive/microct/longitudinal mouse lung tumors/wk7-12_Rec,wk7-12_Rec,471441562.0,526.0,copy,microCT,7.0,M12,atwai:/data0/core/atwai/Anderson_Scott/Multimodal/MultiModal Lung tumor test/raw data/wk7-12_Rec,atwai:/data0/core/atwai/archive/microct/longitudinal mouse lung tumors,copy of the reconstruction,False
atwai:/data0/core/atwai/archive/microct/longitudinal mouse lung tumors/wk7-13_Rec,Folder,atwai,/data0/core/atwai/archive/microct/longitudinal mouse lung tumors/wk7-13_Rec,wk7-13_Rec,493713161.0,572.0,copy,microCT,7.0,M13,atwai:/data0/core/atwai/Anderson_Scott/Multimodal/MultiModal Lung tumor test/raw data/wk7-13_Rec,atwai:/data0/core/atwai/archive/microct/longitudinal mouse lung tumors,copy of the reconstruction,False
atwai:/data0/core/atwai/archive/microct/longitudinal mouse lung tumors/wk7-14_Rec,Folder,atwai,/data0/core/atwai/archive/microct/longitudinal mouse lung tumors/wk7-14_Rec,wk7-14_Rec,542324624.0,605.0,copy,microCT,7.0,M14,atwai:/data0/core/atwai/Anderson_Scott/Multimodal/MultiModal Lung tumor test/raw data/wk7-14_Rec,atwai:/data0/core/atwai/archive/microct/longitudinal mouse lung tumors,copy of the reconstruction,False
atwai:/data0/core/atwai/archive/microct/longitudinal mouse lung tumors/wk7-15_Rec,Folder,atwai,/data0/core/atwai/archive/microct/longitudinal mouse lung tumors/wk7-15_Rec,wk7-15_Rec,551887726.0,616.0,copy,microCT,7.0,M15,atwai:/data0/core/atwai/Anderson_Scott/Multimodal/MultiModal Lung tumor test/raw data/wk7-15_Rec,atwai:/data0/core/atwai/archive/microct/longitudinal mouse lung tumors,copy of the reconstruction,False
atwai:/data0/core/atwai/archive/microct/longitudinal mouse lung tumors/wk7-17_Rec,Folder,atwai,/data0/core/atwai/archive/microct/longitudinal mouse lung tumors/wk7-17_Rec,wk7-17_Rec,485797612.0,542.0,copy,microCT,7.0,M17,atwai:/data0/core/atwai/Anderson_Scott/Multimodal/MultiModal Lung tumor test/raw data/wk7-17_Rec,atwai:/data0/core/atwai/archive/microct/longitudinal mouse lung tumors,copy of the reconstruction,False
atwai:/data0/core/atwai/archive/microct/longitudinal mouse lung tumors/wk7-18_Rec,Folder,atwai,/data0/core/atwai/archive/microct/longitudinal mouse lung tumors/wk7-18_Rec,wk7-18_Rec,484593677.0,541.0,copy,microCT,7.0,M18,atwai:/data0/core/atwai/Anderson_Scott/Multimodal/MultiModal Lung tumor test/raw data/wk7-18_Rec,atwai:/data0/core/atwai/archive/microct/longitudinal mouse lung tumors,copy of the reconstruction,False
atwai:/data0/core/atwai/archive/microct/longitudinal mouse lung tumors/wk7-19_Rec,Folder,atwai,/data0/core/atwai/archive/microct/longitudinal mouse lung tumors/wk7-19_Rec,wk7-19_Rec,542915194.0,606.0,copy,microCT,7.0,M19,atwai:/data0/core/atwai/Anderson_Scott/Multimodal/MultiModal Lung tumor test/raw data/wk7-19_Rec,atwai:/data0/core/atwai/archive/microct/longitudinal mouse lung tumors,copy of the reconstruction,False
atwai:/data0/core/atwai/archive/microct/longitudinal mouse lung tumors/wk7-67_Rec,Folder,atwai,/data0/core/atwai/archive/microct/longitudinal mouse lung tumors/wk7-67_Rec,wk7-67_Rec,555893946.0,644.0,copy,microCT,7.0,M67,atwai:/data0/core/atwai/Anderson_Scott/Multimodal/MultiModal Lung tumor test/raw data/wk7-67_Rec,atwai:/data0/core/atwai/archive/microct/longitudinal mouse lung tumors,copy of the reconstruction,False
atwai:/data0/core/atwai/archive/microct/longitudinal mouse lung tumors/wk7-68_Rec,Folder,atwai,/data0/core/atwai/archive/microct/longitudinal mouse lung tumors/wk7-68_Rec,wk7-68_Rec,478167965.0,554.0,copy,microCT,7.0,M68,atwai:/data0/core/atwai/Anderson_Scott/Multimodal/MultiModal Lung tumor test/raw data/wk7-68_Rec,atwai:/data0/core/atwai/archive/microct/longitudinal mouse lung tumors,copy of the reconstruction,False
atwai:/data0/core/atwai/archive/microct/longitudinal mouse lung tumors/wk7-69_Rec,Folder,atwai,/data0/core/atwai/archive/microct/longitudinal mouse lung tumors/wk7-69_Rec,wk7-69_Rec,572302764.0,663.0,copy,microCT,7.0,M69,atwai:/data0/core/atwai/Anderson_Scott/Multimodal/MultiModal Lung tumor test/raw data/wk7-69_Rec,atwai:/data0/core/atwai/archive/microct/longitudinal mouse lung tumors,copy of the reconstruction,False
atwai:/data0/core/atwai/archive/microct/longitudinal mouse lung tumors/wk7-75_Rec,Folder,atwai,/data0/core/atwai/archive/microct/longitudinal mouse lung tumors/wk7-75_Rec,wk7-75_Rec,526174051.0,587.0,copy,microCT,7.0,M75,atwai:/data0/core/atwai/Anderson_Scott/Multimodal/MultiModal Lung tumor test/raw data/wk7-75_Rec,atwai:/data0/core/atwai/archive/microct/longitudinal mouse lung tumors,copy of the reconstruction,False
atwai:/data0/core/atwai/archive/microct/longitudinal mouse lung tumors/wk8_10_Rec,Folder,atwai,/data0/core/atwai/archive/microct/longitudinal mouse lung tumors/wk8_10_Rec,wk8_10_Rec,572474429.0,629.0,copy,microCT,8.0,M10,atwai:/data0/core/atwai/Anderson_Scott/Multimodal/MultiModal Lung tumor test/raw data/wk8_10_Rec,atwai:/data0/core/atwai/archive/microct/longitudinal mouse lung tumors,copy of the reconstruction,False
atwai:/data0/core/atwai/archive/microct/longitudinal mouse lung tumors/wk8_11_Rec,Folder,atwai,/data0/core/atwai/archive/microct/longitudinal mouse lung tumors/wk8_11_Rec,wk8_11_Rec,523983053.0,577.0,copy,microCT,8.0,M11,atwai:/data0/core/atwai/Anderson_Scott/Multimodal/MultiModal Lung tumor test/raw data/wk8_11_Rec,atwai:/data0/core/atwai/archive/microct/longitudinal mouse lung tumors,copy of the reconstruction,False
atwai:/data0/core/atwai/archive/microct/longitudinal mouse lung tumors/wk8_12_Rec,Folder,atwai,/data0/core/atwai/archive/microct/longitudinal mouse lung tumors/wk8_12_Rec,wk8_12_Rec,559741145.0,616.0,copy,microCT,8.0,M12,atwai:/data0/core/atwai/Anderson_Scott/Multimodal/MultiModal Lung tumor test/raw data/wk8_12_Rec,atwai:/data0/core/atwai/archive/microct/longitudinal mouse lung tumors,copy of the reconstruction,False
atwai:/data0/core/atwai/archive/microct/longitudinal mouse lung tumors/wk8_13_Rec,Folder,atwai,/data0/core/atwai/archive/microct/longitudinal mouse lung tumors/wk8_13_Rec,wk8_13_Rec,635869510.0,700.0,copy,microCT,8.0,M13,atwai:/data0/core/atwai/Anderson_Scott/Multimodal/MultiModal Lung tumor test/raw data/wk8_13_Rec,atwai:/data0/core/atwai/archive/microct/longitudinal mouse lung tumors,copy of the reconstruction,False
atwai:/data0/core/atwai/archive/microct/longitudinal mouse lung tumors/wk8_14_Rec,Folder,atwai,/data0/core/atwai/archive/microct/longitudinal mouse lung tumors/wk8_14_Rec,wk8_14_Rec,554283269.0,610.0,copy,microCT,8.0,M14,atwai:/data0/core/atwai/Anderson_Scott/Multimodal/MultiModal Lung tumor test/raw data/wk8_14_Rec,atwai:/data0/core/atwai/archive/microct/longitudinal mouse lung tumors,copy of the reconstruction,False
atwai:/data0/core/atwai/archive/microct/longitudinal mouse lung tumors/wk8_15_Rec,Folder,atwai,/data0/core/atwai/archive/microct/longitudinal mouse lung tumors/wk8_15_Rec,wk8_15_Rec,515168490.0,567.0,copy,microCT,8.0,M15,atwai:/data0/core/atwai/Anderson_Scott/Multimodal/MultiModal Lung tumor test/raw data/wk8_15_Rec,atwai:/data0/core/atwai/archive/microct/longitudinal mouse lung tumors,copy of the reconstruction,False
atwai:/data0/core/atwai/archive/microct/longitudinal mouse lung tumors/wk8_17_Rec,Folder,atwai,/data0/core/atwai/archive/microct/longitudinal mouse lung tumors/wk8_17_Rec,wk8_17_Rec,475144066.0,523.0,copy,microCT,8.0,M17,atwai:/data0/core/atwai/Anderson_Scott/Multimodal/MultiModal Lung tumor test/raw data/wk8_17_Rec,atwai:/data0/core/atwai/archive/microct/longitudinal mouse lung tumors,copy of the reconstruction,False
atwai:/data0/core/atwai/archive/microct/longitudinal mouse lung tumors/wk8_18_Rec,Folder,atwai,/data0/core/atwai/archive/microct/longitudinal mouse lung tumors/wk8_18_Rec,wk8_18_Rec,532451764.0,586.0,copy,microCT,8.0,M18,atwai:/data0/core/atwai/Anderson_Scott/Multimodal/MultiModal Lung tumor test/raw data/wk8_18_Rec,atwai:/data0/core/atwai/archive/microct/longitudinal mouse lung tumors,copy of the reconstruction,False
atwai:/data0/core/atwai/archive/microct/longitudinal mouse lung tumors/wk8_19_Rec,Folder,atwai,/data0/core/atwai/archive/microct/longitudinal mouse lung tumors/wk8_19_Rec,wk8_19_Rec,518807075.0,571.0,copy,microCT,8.0,M19,atwai:/data0/core/atwai/Anderson_Scott/Multimodal/MultiModal Lung tumor test/raw data/wk8_19_Rec,atwai:/data0/core/atwai/archive/microct/longitudinal mouse lung tumors,copy of the reconstruction,False
atwai:/data0/core/atwai/archive/microct/longitudinal mouse lung tumors/wk8_67_Rec,Folder,atwai,/data0/core/atwai/archive/microct/longitudinal mouse lung tumors/wk8_67_Rec,wk8_67_Rec,517897429.0,570.0,copy,microCT,8.0,M67,atwai:/data0/core/atwai/Anderson_Scott/Multimodal/MultiModal Lung tumor test/raw data/wk8_67_Rec,atwai:/data0/core/atwai/archive/microct/longitudinal mouse lung tumors,copy of the reconstruction,False
atwai:/data0/core/atwai/archive/microct/longitudinal mouse lung tumors/wk8_68_Rec,Folder,atwai,/data0/core/atwai/archive/microct/longitudinal mouse lung tumors/wk8_68_Rec,wk8_68_Rec,601584861.0,662.0,copy,microCT,8.0,M68,atwai:/data0/core/atwai/Anderson_Scott/Multimodal/MultiModal Lung tumor test/raw data/wk8_68_Rec,atwai:/data0/core/atwai/archive/microct/longitudinal mouse lung tumors,copy of the reconstruction,False
atwai:/data0/core/atwai/archive/microct/longitudinal mouse lung tumors/wk8_69_Rec,Folder,atwai,/data0/core/atwai/archive/microct/longitudinal mouse lung tumors/wk8_69_Rec,wk8_69_Rec,590669108.0,650.0,copy,microCT,8.0,M69,atwai:/data0/core/atwai/Anderson_Scott/Multimodal/MultiModal Lung tumor test/raw data/wk8_69_Rec,atwai:/data0/core/atwai/archive/microct/longitudinal mouse lung tumors,copy of the reconstruction,False
atwai:/data0/core/atwai/archive/microct/longitudinal mouse lung tumors/wk8_75_Rec,Folder,atwai,/data0/core/atwai/archive/microct/longitudinal mouse lung tumors/wk8_75_Rec,wk8_75_Rec,561560436.0,618.0,copy,microCT,8.0,M75,atwai:/data0/core/atwai/Anderson_Scott/Multimodal/MultiModal Lung tumor test/raw data/wk8_75_Rec,atwai:/data0/core/atwai/archive/microct/longitudinal mouse lung tumors,copy of the reconstruction,False
atwai:/data0/core/atwai/archive/microct/longitudinal mouse lung tumors/wk9_10_Rec,Folder,atwai,/data0/core/atwai/archive/microct/longitudinal mouse lung tumors/wk9_10_Rec,wk9_10_Rec,625863421.0,689.0,copy,microCT,9.0,M10,atwai:/data0/core/atwai/Anderson_Scott/Multimodal/MultiModal Lung tumor test/raw data/wk9_10_Rec,atwai:/data0/core/atwai/archive/microct/longitudinal mouse lung tumors,copy of the reconstruction,False
atwai:/data0/core/atwai/archive/microct/longitudinal mouse lung tumors/wk9_11_Rec,Folder,atwai,/data0/core/atwai/archive/microct/longitudinal mouse lung tumors/wk9_11_Rec,wk9_11_Rec,623134483.0,686.0,copy,microCT,9.0,M11,atwai:/data0/core/atwai/Anderson_Scott/Multimodal/MultiModal Lung tumor test/raw data/wk9_11_Rec,atwai:/data0/core/atwai/archive/microct/longitudinal mouse lung tumors,copy of the reconstruction,False
atwai:/data0/core/atwai/archive/microct/longitudinal mouse lung tumors/wk9_12_Rec,Folder,atwai,/data0/core/atwai/archive/microct/longitudinal mouse lung tumors/wk9_12_Rec,wk9_12_Rec,583110064.0,642.0,copy,microCT,9.0,M12,atwai:/data0/core/atwai/Anderson_Scott/Multimodal/MultiModal Lung tumor test/raw data/wk9_12_Rec,atwai:/data0/core/atwai/archive/microct/longitudinal mouse lung tumors,copy of the reconstruction,False
atwai:/data0/core/atwai/archive/microct/longitudinal mouse lung tumors/wk9_13_Rec,Folder,atwai,/data0/core/atwai/archive/microct/longitudinal mouse lung tumors/wk9_13_Rec,wk9_13_Rec,613128378.0,675.0,copy,microCT,9.0,M13,atwai:/data0/core/atwai/Anderson_Scott/Multimodal/MultiModal Lung tumor test/raw data/wk9_13_Rec,atwai:/data0/core/atwai/archive/microct/longitudinal mouse lung tumors,copy of the reconstruction,False
atwai:/data0/core/atwai/archive/microct/longitudinal mouse lung tumors/wk9_14_Rec,Folder,atwai,/data0/core/atwai/archive/microct/longitudinal mouse lung tumors/wk9_14_Rec,wk9_14_Rec,556730326.0,613.0,copy,microCT,9.0,M14,atwai:/data0/core/atwai/Anderson_Scott/Multimodal/MultiModal Lung tumor test/raw data/wk9_14_Rec,atwai:/data0/core/atwai/archive/microct/longitudinal mouse lung tumors,copy of the reconstruction,False
atwai:/data0/core/atwai/archive/microct/longitudinal mouse lung tumors/wk9_15_Rec,Folder,atwai,/data0/core/atwai/archive/microct/longitudinal mouse lung tumors/wk9_15_Rec,wk9_15_Rec,587658290.0,647.0,copy,microCT,9.0,M15,atwai:/data0/core/atwai/Anderson_Scott/Multimodal/MultiModal Lung tumor test/raw data/wk9_15_Rec,atwai:/data0/core/atwai/archive/microct/longitudinal mouse lung tumors,copy of the reconstruction,False
atwai:/data0/core/atwai/archive/microct/longitudinal mouse lung tumors/wk9_17_Rec,Folder,atwai,/data0/core/atwai/archive/microct/longitudinal mouse lung tumors/wk9_17_Rec,wk9_17_Rec,577652183.0,636.0,copy,microCT,9.0,M17,atwai:/data0/core/atwai/Anderson_Scott/Multimodal/MultiModal Lung tumor test/raw data/wk9_17_Rec,atwai:/data0/core/atwai/archive/microct/longitudinal mouse lung tumors,copy of the reconstruction,False
atwai:/data0/core/atwai/archive/microct/longitudinal mouse lung tumors/wk9_18_Rec,Folder,atwai,/data0/core/atwai/archive/microct/longitudinal mouse lung tumors/wk9_18_Rec,wk9_18_Rec,591296873.0,651.0,copy,microCT,9.0,M18,atwai:/data0/core/atwai/Anderson_Scott/Multimodal/MultiModal Lung tumor test/raw data/wk9_18_Rec,atwai:/data0/core/atwai/archive/microct/longitudinal mouse lung tumors,copy of the reconstruction,False
atwai:/data0/core/atwai/archive/microct/longitudinal mouse lung tumors/wk9_19_Rec,Folder,atwai,/data0/core/atwai/archive/microct/longitudinal mouse lung tumors/wk9_19_Rec,wk9_19_Rec,658610678.0,725.0,copy,microCT,9.0,M19,atwai:/data0/core/atwai/Anderson_Scott/Multimodal/MultiModal Lung tumor test/raw data/wk9_19_Rec,atwai:/data0/core/atwai/archive/microct/longitudinal mouse lung tumors,copy of the reconstruction,False
atwai:/data0/core/atwai/archive/microct/longitudinal mouse lung tumors/wk9_67_Rec,Folder,atwai,/data0/core/atwai/archive/microct/longitudinal mouse lung tumors/wk9_67_Rec,wk9_67_Rec,613128377.0,675.0,copy,microCT,9.0,M67,atwai:/data0/core/atwai/Anderson_Scott/Multimodal/MultiModal Lung tumor test/raw data/wk9_67_Rec,atwai:/data0/core/atwai/archive/microct/longitudinal mouse lung tumors,copy of the reconstruction,False
atwai:/data0/core/atwai/archive/microct/longitudinal mouse lung tumors/wk9_68_Rec,Folder,atwai,/data0/core/atwai/archive/microct/longitudinal mouse lung tumors/wk9_68_Rec,wk9_68_Rec,566736432.0,624.0,copy,microCT,9.0,M68,atwai:/data0/core/atwai/Anderson_Scott/Multimodal/MultiModal Lung tumor test/raw data/wk9_68_Rec,atwai:/data0/core/atwai/archive/microct/longitudinal mouse lung tumors,copy of the reconstruction,False
atwai:/data0/core/atwai/archive/microct/longitudinal mouse lung tumors/wk9_69_Rec,Folder,atwai,/data0/core/atwai/archive/microct/longitudinal mouse lung tumors/wk9_69_Rec,wk9_69_Rec,611309085.0,673.0,copy,microCT,9.0,M69,atwai:/data0/core/atwai/Anderson_Scott/Multimodal/MultiModal Lung tumor test/raw data/wk9_69_Rec,atwai:/data0/core/atwai/archive/microct/longitudinal mouse lung tumors,copy of the reconstruction,False
atwai:/data0/core/atwai/archive/microct/longitudinal mouse lung tumors/wk9_75_Rec,Folder,atwai,/data0/core/atwai/archive/microct/longitudinal mouse lung tumors/wk9_75_Rec,wk9_75_Rec,615857319.0,678.0,copy,microCT,9.0,M75,atwai:/data0/core/atwai/Anderson_Scott/Multimodal/MultiModal Lung tumor test/raw data/wk9_75_Rec,atwai:/data0/core/atwai/archive/microct/longitudinal mouse lung tumors,copy of the reconstruction,False
atwai:/data0/core/atwai/archive/microct/longitudinal mouse lung tumors/wk10_10_Rec-Nifti,Folder,atwai,/data0/core/atwai/archive/microct/longitudinal mouse lung tumors/wk10_10_Rec-Nifti,wk10_10_Rec-Nifti,121846009.0,13.0,derived,microCT,10.0,M10,,atwai:/data0/core/atwai/archive/microct/longitudinal mouse lung tumors,NIfTI conversion with img/ and prediction/ (segmentation model output),False
atwai:/data0/core/atwai/archive/microct/longitudinal mouse lung tumors/wk10_11_Rec-Nifti,Folder,atwai,/data0/core/atwai/archive/microct/longitudinal mouse lung tumors/wk10_11_Rec-Nifti,wk10_11_Rec-Nifti,118476201.0,13.0,derived,microCT,10.0,M11,,atwai:/data0/core/atwai/archive/microct/longitudinal mouse lung tumors,NIfTI conversion with img/ and prediction/ (segmentation model output),False
atwai:/data0/core/atwai/archive/microct/longitudinal mouse lung tumors/wk10_12_Rec-Nifti,Folder,atwai,/data0/core/atwai/archive/microct/longitudinal mouse lung tumors/wk10_12_Rec-Nifti,wk10_12_Rec-Nifti,107607163.0,12.0,derived,microCT,10.0,M12,,atwai:/data0/core/atwai/archive/microct/longitudinal mouse lung tumors,NIfTI conversion with img/ and prediction/ (segmentation model output),False
atwai:/data0/core/atwai/archive/microct/longitudinal mouse lung tumors/wk10_13_Rec-Nifti,Folder,atwai,/data0/core/atwai/archive/microct/longitudinal mouse lung tumors/wk10_13_Rec-Nifti,wk10_13_Rec-Nifti,114580016.0,12.0,derived,microCT,10.0,M13,,atwai:/data0/core/atwai/archive/microct/longitudinal mouse lung tumors,NIfTI conversion with img/ and prediction/ (segmentation model output),False
atwai:/data0/core/atwai/archive/microct/longitudinal mouse lung tumors/wk10_14_Rec-Nifti,Folder,atwai,/data0/core/atwai/archive/microct/longitudinal mouse lung tumors/wk10_14_Rec-Nifti,wk10_14_Rec-Nifti,95302448.0,12.0,derived,microCT,10.0,M14,,atwai:/data0/core/atwai/archive/microct/longitudinal mouse lung tumors,NIfTI conversion with img/ and prediction/ (segmentation model output),False
atwai:/data0/core/atwai/archive/microct/longitudinal mouse lung tumors/wk10_15_Rec-Nifti,Folder,atwai,/data0/core/atwai/archive/microct/longitudinal mouse lung tumors/wk10_15_Rec-Nifti,wk10_15_Rec-Nifti,98039903.0,12.0,derived,microCT,10.0,M15,,atwai:/data0/core/atwai/archive/microct/longitudinal mouse lung tumors,NIfTI conversion with img/ and prediction/ (segmentation model output),False
atwai:/data0/core/atwai/archive/microct/longitudinal mouse lung tumors/wk10_17_Rec-Nifti,Folder,atwai,/data0/core/atwai/archive/microct/longitudinal mouse lung tumors/wk10_17_Rec-Nifti,wk10_17_Rec-Nifti,94586845.0,12.0,derived,microCT,10.0,M17,,atwai:/data0/core/atwai/archive/microct/longitudinal mouse lung tumors,NIfTI conversion with img/ and prediction/ (segmentation model output),False
atwai:/data0/core/atwai/archive/microct/longitudinal mouse lung tumors/wk10_18_Rec-Nifti,Folder,atwai,/data0/core/atwai/archive/microct/longitudinal mouse lung tumors/wk10_18_Rec-Nifti,wk10_18_Rec-Nifti,94509082.0,12.0,derived,microCT,10.0,M18,,atwai:/data0/core/atwai/archive/microct/longitudinal mouse lung tumors,NIfTI conversion with img/ and prediction/ (segmentation model output),False
atwai:/data0/core/atwai/archive/microct/longitudinal mouse lung tumors/wk10_19_Rec-Nifti,Folder,atwai,/data0/core/atwai/archive/microct/longitudinal mouse lung tumors/wk10_19_Rec-Nifti,wk10_19_Rec-Nifti,103618100.0,18.0,derived,microCT,10.0,M19,,atwai:/data0/core/atwai/archive/microct/longitudinal mouse lung tumors,NIfTI conversion with img/ and prediction/ (segmentation model output),False
atwai:/data0/core/atwai/archive/microct/longitudinal mouse lung tumors/wk10_67_Rec-Nifti,Folder,atwai,/data0/core/atwai/archive/microct/longitudinal mouse lung tumors/wk10_67_Rec-Nifti,wk10_67_Rec-Nifti,109363621.0,12.0,derived,microCT,10.0,M67,,atwai:/data0/core/atwai/archive/microct/longitudinal mouse lung tumors,NIfTI conversion with img/ and prediction/ (segmentation model output),False
atwai:/data0/core/atwai/archive/microct/longitudinal mouse lung tumors/wk10_68_Rec-Nifti,Folder,atwai,/data0/core/atwai/archive/microct/longitudinal mouse lung tumors/wk10_68_Rec-Nifti,wk10_68_Rec-Nifti,103098454.0,12.0,derived,microCT,10.0,M68,,atwai:/data0/core/atwai/archive/microct/longitudinal mouse lung tumors,NIfTI conversion with img/ and prediction/ (segmentation model output),False
atwai:/data0/core/atwai/archive/microct/longitudinal mouse lung tumors/wk10_69_Rec-Nifti,Folder,atwai,/data0/core/atwai/archive/microct/longitudinal mouse lung tumors/wk10_69_Rec-Nifti,wk10_69_Rec-Nifti,98825985.0,12.0,derived,microCT,10.0,M69,,atwai:/data0/core/atwai/archive/microct/longitudinal mouse lung tumors,NIfTI conversion with img/ and prediction/ (segmentation model output),False
atwai:/data0/core/atwai/archive/microct/longitudinal mouse lung tumors/wk10_75_Rec-Nifti,Folder,atwai,/data0/core/atwai/archive/microct/longitudinal mouse lung tumors/wk10_75_Rec-Nifti,wk10_75_Rec-Nifti,101972763.0,12.0,derived,microCT,10.0,M75,,atwai:/data0/core/atwai/archive/microct/longitudinal mouse lung tumors,NIfTI conversion with img/ and prediction/ (segmentation model output),False
atwai:/data0/core/atwai/archive/microct/longitudinal mouse lung tumors/wk11_10_Rec-Nifti,Folder,atwai,/data0/core/atwai/archive/microct/longitudinal mouse lung tumors/wk11_10_Rec-Nifti,wk11_10_Rec-Nifti,123000682.0,12.0,derived,microCT,11.0,M10,,atwai:/data0/core/atwai/archive/microct/longitudinal mouse lung tumors,NIfTI conversion with img/ and prediction/ (segmentation model output),False
atwai:/data0/core/atwai/archive/microct/longitudinal mouse lung tumors/wk11_11_Rec-Nifti,Folder,atwai,/data0/core/atwai/archive/microct/longitudinal mouse lung tumors/wk11_11_Rec-Nifti,wk11_11_Rec-Nifti,129500472.0,12.0,derived,microCT,11.0,M11,,atwai:/data0/core/atwai/archive/microct/longitudinal mouse lung tumors,NIfTI conversion with img/ and prediction/ (segmentation model output),False
atwai:/data0/core/atwai/archive/microct/longitudinal mouse lung tumors/wk11_12_Rec-Nifti,Folder,atwai,/data0/core/atwai/archive/microct/longitudinal mouse lung tumors/wk11_12_Rec-Nifti,wk11_12_Rec-Nifti,121165215.0,12.0,derived,microCT,11.0,M12,,atwai:/data0/core/atwai/archive/microct/longitudinal mouse lung tumors,NIfTI conversion with img/ and prediction/ (segmentation model output),False
atwai:/data0/core/atwai/archive/microct/longitudinal mouse lung tumors/wk11_13_Rec-Nifti,Folder,atwai,/data0/core/atwai/archive/microct/longitudinal mouse lung tumors/wk11_13_Rec-Nifti,wk11_13_Rec-Nifti,126391142.0,12.0,derived,microCT,11.0,M13,,atwai:/data0/core/atwai/archive/microct/longitudinal mouse lung tumors,NIfTI conversion with img/ and prediction/ (segmentation model output),False
atwai:/data0/core/atwai/archive/microct/longitudinal mouse lung tumors/wk11_14_Rec-Nifti,Folder,atwai,/data0/core/atwai/archive/microct/longitudinal mouse lung tumors/wk11_14_Rec-Nifti,wk11_14_Rec-Nifti,120405767.0,12.0,derived,microCT,11.0,M14,,atwai:/data0/core/atwai/archive/microct/longitudinal mouse lung tumors,NIfTI conversion with img/ and prediction/ (segmentation model output),False
atwai:/data0/core/atwai/archive/microct/longitudinal mouse lung tumors/wk11_15_Rec-Nifti,Folder,atwai,/data0/core/atwai/archive/microct/longitudinal mouse lung tumors/wk11_15_Rec-Nifti,wk11_15_Rec-Nifti,114226558.0,11.0,derived,microCT,11.0,M15,,atwai:/data0/core/atwai/archive/microct/longitudinal mouse lung tumors,NIfTI conversion with img/ and prediction/ (segmentation model output),False
atwai:/data0/core/atwai/archive/microct/longitudinal mouse lung tumors/wk11_17_Rec-Nifti,Folder,atwai,/data0/core/atwai/archive/microct/longitudinal mouse lung tumors/wk11_17_Rec-Nifti,wk11_17_Rec-Nifti,115705390.0,11.0,derived,microCT,11.0,M17,,atwai:/data0/core/atwai/archive/microct/longitudinal mouse lung tumors,NIfTI conversion with img/ and prediction/ (segmentation model output),False
atwai:/data0/core/atwai/archive/microct/longitudinal mouse lung tumors/wk11_18_Rec-Nifti,Folder,atwai,/data0/core/atwai/archive/microct/longitudinal mouse lung tumors/wk11_18_Rec-Nifti,wk11_18_Rec-Nifti,119774407.0,12.0,derived,microCT,11.0,M18,,atwai:/data0/core/atwai/archive/microct/longitudinal mouse lung tumors,NIfTI conversion with img/ and prediction/ (segmentation model output),False
atwai:/data0/core/atwai/archive/microct/longitudinal mouse lung tumors/wk11_19_Rec-Nifti,Folder,atwai,/data0/core/atwai/archive/microct/longitudinal mouse lung tumors/wk11_19_Rec-Nifti,wk11_19_Rec-Nifti,116111670.0,12.0,derived,microCT,11.0,M19,,atwai:/data0/core/atwai/archive/microct/longitudinal mouse lung tumors,NIfTI conversion with img/ and prediction/ (segmentation model output),False
atwai:/data0/core/atwai/archive/microct/longitudinal mouse lung tumors/wk11_67_Rec-Nifti,Folder,atwai,/data0/core/atwai/archive/microct/longitudinal mouse lung tumors/wk11_67_Rec-Nifti,wk11_67_Rec-Nifti,119958557.0,11.0,derived,microCT,11.0,M67,,atwai:/data0/core/atwai/archive/microct/longitudinal mouse lung tumors,NIfTI conversion with img/ and prediction/ (segmentation model output),False
atwai:/data0/core/atwai/archive/microct/longitudinal mouse lung tumors/wk11_68_Rec-Nifti,Folder,atwai,/data0/core/atwai/archive/microct/longitudinal mouse lung tumors/wk11_68_Rec-Nifti,wk11_68_Rec-Nifti,127075794.0,12.0,derived,microCT,11.0,M68,,atwai:/data0/core/atwai/archive/microct/longitudinal mouse lung tumors,NIfTI conversion with img/ and prediction/ (segmentation model output),False
atwai:/data0/core/atwai/archive/microct/longitudinal mouse lung tumors/wk11_69_Rec-Nifti,Folder,atwai,/data0/core/atwai/archive/microct/longitudinal mouse lung tumors/wk11_69_Rec-Nifti,wk11_69_Rec-Nifti,127929301.0,11.0,derived,microCT,11.0,M69,,atwai:/data0/core/atwai/archive/microct/longitudinal mouse lung tumors,NIfTI conversion with img/ and prediction/ (segmentation model output),False
atwai:/data0/core/atwai/archive/microct/longitudinal mouse lung tumors/wk11_75_Rec-Nifti,Folder,atwai,/data0/core/atwai/archive/microct/longitudinal mouse lung tumors/wk11_75_Rec-Nifti,wk11_75_Rec-Nifti,119574561.0,11.0,derived,microCT,11.0,M75,,atwai:/data0/core/atwai/archive/microct/longitudinal mouse lung tumors,NIfTI conversion with img/ and prediction/ (segmentation model output),False
atwai:/data0/core/atwai/archive/microct/longitudinal mouse lung tumors/wk13_10_Rec-Nifti,Folder,atwai,/data0/core/atwai/archive/microct/longitudinal mouse lung tumors/wk13_10_Rec-Nifti,wk13_10_Rec-Nifti,119187075.0,12.0,derived,microCT,13.0,M10,,atwai:/data0/core/atwai/archive/microct/longitudinal mouse lung tumors,NIfTI conversion with img/ and prediction/ (segmentation model output),False
atwai:/data0/core/atwai/archive/microct/longitudinal mouse lung tumors/wk13_11_Rec-Nifti,Folder,atwai,/data0/core/atwai/archive/microct/longitudinal mouse lung tumors/wk13_11_Rec-Nifti,wk13_11_Rec-Nifti,119647663.0,12.0,derived,microCT,13.0,M11,,atwai:/data0/core/atwai/archive/microct/longitudinal mouse lung tumors,NIfTI conversion with img/ and prediction/ (segmentation model output),False
atwai:/data0/core/atwai/archive/microct/longitudinal mouse lung tumors/wk13_12_Rec-Nifti,Folder,atwai,/data0/core/atwai/archive/microct/longitudinal mouse lung tumors/wk13_12_Rec-Nifti,wk13_12_Rec-Nifti,118601997.0,12.0,derived,microCT,13.0,M12,,atwai:/data0/core/atwai/archive/microct/longitudinal mouse lung tumors,NIfTI conversion with img/ and prediction/ (segmentation model output),False
atwai:/data0/core/atwai/archive/microct/longitudinal mouse lung tumors/wk13_13_Rec-Nifti,Folder,atwai,/data0/core/atwai/archive/microct/longitudinal mouse lung tumors/wk13_13_Rec-Nifti,wk13_13_Rec-Nifti,105510591.0,12.0,derived,microCT,13.0,M13,,atwai:/data0/core/atwai/archive/microct/longitudinal mouse lung tumors,NIfTI conversion with img/ and prediction/ (segmentation model output),False
atwai:/data0/core/atwai/archive/microct/longitudinal mouse lung tumors/wk13_14_Rec-Nifti,Folder,atwai,/data0/core/atwai/archive/microct/longitudinal mouse lung tumors/wk13_14_Rec-Nifti,wk13_14_Rec-Nifti,116866858.0,12.0,derived,microCT,13.0,M14,,atwai:/data0/core/atwai/archive/microct/longitudinal mouse lung tumors,NIfTI conversion with img/ and prediction/ (segmentation model output),False
atwai:/data0/core/atwai/archive/microct/longitudinal mouse lung tumors/wk13_15_Rec-Nifti,Folder,atwai,/data0/core/atwai/archive/microct/longitudinal mouse lung tumors/wk13_15_Rec-Nifti,wk13_15_Rec-Nifti,120515867.0,12.0,derived,microCT,13.0,M15,,atwai:/data0/core/atwai/archive/microct/longitudinal mouse lung tumors,NIfTI conversion with img/ and prediction/ (segmentation model output),False
atwai:/data0/core/atwai/archive/microct/longitudinal mouse lung tumors/wk13_17_Rec-Nifti,Folder,atwai,/data0/core/atwai/archive/microct/longitudinal mouse lung tumors/wk13_17_Rec-Nifti,wk13_17_Rec-Nifti,111304192.0,12.0,derived,microCT,13.0,M17,,atwai:/data0/core/atwai/archive/microct/longitudinal mouse lung tumors,NIfTI conversion with img/ and prediction/ (segmentation model output),False
atwai:/data0/core/atwai/archive/microct/longitudinal mouse lung tumors/wk13_18_Rec-Nifti,Folder,atwai,/data0/core/atwai/archive/microct/longitudinal mouse lung tumors/wk13_18_Rec-Nifti,wk13_18_Rec-Nifti,120918433.0,12.0,derived,microCT,13.0,M18,,atwai:/data0/core/atwai/archive/microct/longitudinal mouse lung tumors,NIfTI conversion with img/ and prediction/ (segmentation model output),False
atwai:/data0/core/atwai/archive/microct/longitudinal mouse lung tumors/wk13_19_Rec-Nifti,Folder,atwai,/data0/core/atwai/archive/microct/longitudinal mouse lung tumors/wk13_19_Rec-Nifti,wk13_19_Rec-Nifti,104216904.0,12.0,derived,microCT,13.0,M19,,atwai:/data0/core/atwai/archive/microct/longitudinal mouse lung tumors,NIfTI conversion with img/ and prediction/ (segmentation model output),False
atwai:/data0/core/atwai/archive/microct/longitudinal mouse lung tumors/wk13_67_Rec-Nifti,Folder,atwai,/data0/core/atwai/archive/microct/longitudinal mouse lung tumors/wk13_67_Rec-Nifti,wk13_67_Rec-Nifti,109837539.0,12.0,derived,microCT,13.0,M67,,atwai:/data0/core/atwai/archive/microct/longitudinal mouse lung tumors,NIfTI conversion with img/ and prediction/ (segmentation model output),False
atwai:/data0/core/atwai/archive/microct/longitudinal mouse lung tumors/wk13_68_Rec-Nifti,Folder,atwai,/data0/core/atwai/archive/microct/longitudinal mouse lung tumors/wk13_68_Rec-Nifti,wk13_68_Rec-Nifti,107627278.0,12.0,derived,microCT,13.0,M68,,atwai:/data0/core/atwai/archive/microct/longitudinal mouse lung tumors,NIfTI conversion with img/ and prediction/ (segmentation model output),False
atwai:/data0/core/atwai/archive/microct/longitudinal mouse lung tumors/wk13_69_Rec-Nifti,Folder,atwai,/data0/core/atwai/archive/microct/longitudinal mouse lung tumors/wk13_69_Rec-Nifti,wk13_69_Rec-Nifti,104009299.0,12.0,derived,microCT,13.0,M69,,atwai:/data0/core/atwai/archive/microct/longitudinal mouse lung tumors,NIfTI conversion with img/ and prediction/ (segmentation model output),False
atwai:/data0/core/atwai/archive/microct/longitudinal mouse lung tumors/wk14_10_Rec-Nifti,Folder,atwai,/data0/core/atwai/archive/microct/longitudinal mouse lung tumors/wk14_10_Rec-Nifti,wk14_10_Rec-Nifti,97065092.0,12.0,derived,microCT,14.0,M10,,atwai:/data0/core/atwai/archive/microct/longitudinal mouse lung tumors,NIfTI conversion with img/ and prediction/ (segmentation model output),False
atwai:/data0/core/atwai/archive/microct/longitudinal mouse lung tumors/wk14_11_Rec-Nifti,Folder,atwai,/data0/core/atwai/archive/microct/longitudinal mouse lung tumors/wk14_11_Rec-Nifti,wk14_11_Rec-Nifti,97085840.0,12.0,derived,microCT,14.0,M11,,atwai:/data0/core/atwai/archive/microct/longitudinal mouse lung tumors,NIfTI conversion with img/ and prediction/ (segmentation model output),False
atwai:/data0/core/atwai/archive/microct/longitudinal mouse lung tumors/wk14_12_Rec-Nifti,Folder,atwai,/data0/core/atwai/archive/microct/longitudinal mouse lung tumors/wk14_12_Rec-Nifti,wk14_12_Rec-Nifti,97045455.0,12.0,derived,microCT,14.0,M12,,atwai:/data0/core/atwai/archive/microct/longitudinal mouse lung tumors,NIfTI conversion with img/ and prediction/ (segmentation model output),False
atwai:/data0/core/atwai/archive/microct/longitudinal mouse lung tumors/wk14_13_Rec-Nifti,Folder,atwai,/data0/core/atwai/archive/microct/longitudinal mouse lung tumors/wk14_13_Rec-Nifti,wk14_13_Rec-Nifti,96915359.0,12.0,derived,microCT,14.0,M13,,atwai:/data0/core/atwai/archive/microct/longitudinal mouse lung tumors,NIfTI conversion with img/ and prediction/ (segmentation model output),False
atwai:/data0/core/atwai/archive/microct/longitudinal mouse lung tumors/wk14_14_Rec-Nifti,Folder,atwai,/data0/core/atwai/archive/microct/longitudinal mouse lung tumors/wk14_14_Rec-Nifti,wk14_14_Rec-Nifti,97102154.0,12.0,derived,microCT,14.0,M14,,atwai:/data0/core/atwai/archive/microct/longitudinal mouse lung tumors,NIfTI conversion with img/ and prediction/ (segmentation model output),False
atwai:/data0/core/atwai/archive/microct/longitudinal mouse lung tumors/wk14_15_Rec-Nifti,Folder,atwai,/data0/core/atwai/archive/microct/longitudinal mouse lung tumors/wk14_15_Rec-Nifti,wk14_15_Rec-Nifti,97011625.0,12.0,derived,microCT,14.0,M15,,atwai:/data0/core/atwai/archive/microct/longitudinal mouse lung tumors,NIfTI conversion with img/ and prediction/ (segmentation model output),False
atwai:/data0/core/atwai/archive/microct/longitudinal mouse lung tumors/wk14_17_Rec-Nifti,Folder,atwai,/data0/core/atwai/archive/microct/longitudinal mouse lung tumors/wk14_17_Rec-Nifti,wk14_17_Rec-Nifti,96330399.0,12.0,derived,microCT,14.0,M17,,atwai:/data0/core/atwai/archive/microct/longitudinal mouse lung tumors,NIfTI conversion with img/ and prediction/ (segmentation model output),False
atwai:/data0/core/atwai/archive/microct/longitudinal mouse lung tumors/wk14_18_Rec-Nifti,Folder,atwai,/data0/core/atwai/archive/microct/longitudinal mouse lung tumors/wk14_18_Rec-Nifti,wk14_18_Rec-Nifti,96796742.0,12.0,derived,microCT,14.0,M18,,atwai:/data0/core/atwai/archive/microct/longitudinal mouse lung tumors,NIfTI conversion with img/ and prediction/ (segmentation model output),False
atwai:/data0/core/atwai/archive/microct/longitudinal mouse lung tumors/wk14_19_Rec-Nifti,Folder,atwai,/data0/core/atwai/archive/microct/longitudinal mouse lung tumors/wk14_19_Rec-Nifti,wk14_19_Rec-Nifti,96906387.0,12.0,derived,microCT,14.0,M19,,atwai:/data0/core/atwai/archive/microct/longitudinal mouse lung tumors,NIfTI conversion with img/ and prediction/ (segmentation model output),False
atwai:/data0/core/atwai/archive/microct/longitudinal mouse lung tumors/wk14_67_Rec-Nifti,Folder,atwai,/data0/core/atwai/archive/microct/longitudinal mouse lung tumors/wk14_67_Rec-Nifti,wk14_67_Rec-Nifti,97028166.0,12.0,derived,microCT,14.0,M67,,atwai:/data0/core/atwai/archive/microct/longitudinal mouse lung tumors,NIfTI conversion with img/ and prediction/ (segmentation model output),False
atwai:/data0/core/atwai/archive/microct/longitudinal mouse lung tumors/wk14_68_Rec-Nifti,Folder,atwai,/data0/core/atwai/archive/microct/longitudinal mouse lung tumors/wk14_68_Rec-Nifti,wk14_68_Rec-Nifti,97013095.0,12.0,derived,microCT,14.0,M68,,atwai:/data0/core/atwai/archive/microct/longitudinal mouse lung tumors,NIfTI conversion with img/ and prediction/ (segmentation model output),False
atwai:/data0/core/atwai/archive/microct/longitudinal mouse lung tumors/wk14_69_Rec-Nifti,Folder,atwai,/data0/core/atwai/archive/microct/longitudinal mouse lung tumors/wk14_69_Rec-Nifti,wk14_69_Rec-Nifti,96953556.0,12.0,derived,microCT,14.0,M69,,atwai:/data0/core/atwai/archive/microct/longitudinal mouse lung tumors,NIfTI conversion with img/ and prediction/ (segmentation model output),False
atwai:/data0/core/atwai/archive/microct/longitudinal mouse lung tumors/wk6-10_Rec-Nifti,Folder,atwai,/data0/core/atwai/archive/microct/longitudinal mouse lung tumors/wk6-10_Rec-Nifti,wk6-10_Rec-Nifti,86401850.0,12.0,derived,microCT,6.0,M10,,atwai:/data0/core/atwai/archive/microct/longitudinal mouse lung tumors,NIfTI conversion with img/ and prediction/ (segmentation model output),False
atwai:/data0/core/atwai/archive/microct/longitudinal mouse lung tumors/wk6-11_Rec-Nifti,Folder,atwai,/data0/core/atwai/archive/microct/longitudinal mouse lung tumors/wk6-11_Rec-Nifti,wk6-11_Rec-Nifti,98103767.0,11.0,derived,microCT,6.0,M11,,atwai:/data0/core/atwai/archive/microct/longitudinal mouse lung tumors,NIfTI conversion with img/ and prediction/ (segmentation model output),False
atwai:/data0/core/atwai/archive/microct/longitudinal mouse lung tumors/wk6-12_Rec-Nifti,Folder,atwai,/data0/core/atwai/archive/microct/longitudinal mouse lung tumors/wk6-12_Rec-Nifti,wk6-12_Rec-Nifti,95711758.0,12.0,derived,microCT,6.0,M12,,atwai:/data0/core/atwai/archive/microct/longitudinal mouse lung tumors,NIfTI conversion with img/ and prediction/ (segmentation model output),False
atwai:/data0/core/atwai/archive/microct/longitudinal mouse lung tumors/wk6-13_Rec-Nifti,Folder,atwai,/data0/core/atwai/archive/microct/longitudinal mouse lung tumors/wk6-13_Rec-Nifti,wk6-13_Rec-Nifti,96163318.0,12.0,derived,microCT,6.0,M13,,atwai:/data0/core/atwai/archive/microct/longitudinal mouse lung tumors,NIfTI conversion with img/ and prediction/ (segmentation model output),False
atwai:/data0/core/atwai/archive/microct/longitudinal mouse lung tumors/wk6-14_Rec-Nifti,Folder,atwai,/data0/core/atwai/archive/microct/longitudinal mouse lung tumors/wk6-14_Rec-Nifti,wk6-14_Rec-Nifti,100272460.0,12.0,derived,microCT,6.0,M14,,atwai:/data0/core/atwai/archive/microct/longitudinal mouse lung tumors,NIfTI conversion with img/ and prediction/ (segmentation model output),False
atwai:/data0/core/atwai/archive/microct/longitudinal mouse lung tumors/wk6-15_Rec-Nifti,Folder,atwai,/data0/core/atwai/archive/microct/longitudinal mouse lung tumors/wk6-15_Rec-Nifti,wk6-15_Rec-Nifti,88002022.0,11.0,derived,microCT,6.0,M15,,atwai:/data0/core/atwai/archive/microct/longitudinal mouse lung tumors,NIfTI conversion with img/ and prediction/ (segmentation model output),False
atwai:/data0/core/atwai/archive/microct/longitudinal mouse lung tumors/wk6-17_Rec-Nifti,Folder,atwai,/data0/core/atwai/archive/microct/longitudinal mouse lung tumors/wk6-17_Rec-Nifti,wk6-17_Rec-Nifti,87930956.0,16.0,derived,microCT,6.0,M17,,atwai:/data0/core/atwai/archive/microct/longitudinal mouse lung tumors,NIfTI conversion with img/ and prediction/ (segmentation model output),False
atwai:/data0/core/atwai/archive/microct/longitudinal mouse lung tumors/wk6-18_Rec-Nifti,Folder,atwai,/data0/core/atwai/archive/microct/longitudinal mouse lung tumors/wk6-18_Rec-Nifti,wk6-18_Rec-Nifti,101889435.0,13.0,derived,microCT,6.0,M18,,atwai:/data0/core/atwai/archive/microct/longitudinal mouse lung tumors,NIfTI conversion with img/ and prediction/ (segmentation model output),False
atwai:/data0/core/atwai/archive/microct/longitudinal mouse lung tumors/wk6-19_Rec-Nifti,Folder,atwai,/data0/core/atwai/archive/microct/longitudinal mouse lung tumors/wk6-19_Rec-Nifti,wk6-19_Rec-Nifti,87968459.0,16.0,derived,microCT,6.0,M19,,atwai:/data0/core/atwai/archive/microct/longitudinal mouse lung tumors,NIfTI conversion with img/ and prediction/ (segmentation model output),False
atwai:/data0/core/atwai/archive/microct/longitudinal mouse lung tumors/wk6-67_Rec-Nifti,Folder,atwai,/data0/core/atwai/archive/microct/longitudinal mouse lung tumors/wk6-67_Rec-Nifti,wk6-67_Rec-Nifti,93383189.0,11.0,derived,microCT,6.0,M67,,atwai:/data0/core/atwai/archive/microct/longitudinal mouse lung tumors,NIfTI conversion with img/ and prediction/ (segmentation model output),False
atwai:/data0/core/atwai/archive/microct/longitudinal mouse lung tumors/wk6-68_Rec-Nifti,Folder,atwai,/data0/core/atwai/archive/microct/longitudinal mouse lung tumors/wk6-68_Rec-Nifti,wk6-68_Rec-Nifti,90818819.0,12.0,derived,microCT,6.0,M68,,atwai:/data0/core/atwai/archive/microct/longitudinal mouse lung tumors,NIfTI conversion with img/ and prediction/ (segmentation model output),False
atwai:/data0/core/atwai/archive/microct/longitudinal mouse lung tumors/wk6-69_Rec-Nifti,Folder,atwai,/data0/core/atwai/archive/microct/longitudinal mouse lung tumors/wk6-69_Rec-Nifti,wk6-69_Rec-Nifti,88009535.0,11.0,derived,microCT,6.0,M69,,atwai:/data0/core/atwai/archive/microct/longitudinal mouse lung tumors,NIfTI conversion with img/ and prediction/ (segmentation model output),False
atwai:/data0/core/atwai/archive/microct/longitudinal mouse lung tumors/wk6-75_Rec-Nifti,Folder,atwai,/data0/core/atwai/archive/microct/longitudinal mouse lung tumors/wk6-75_Rec-Nifti,wk6-75_Rec-Nifti,88097083.0,12.0,derived,microCT,6.0,M75,,atwai:/data0/core/atwai/archive/microct/longitudinal mouse lung tumors,NIfTI conversion with img/ and prediction/ (segmentation model output),False
atwai:/data0/core/atwai/archive/microct/longitudinal mouse lung tumors/wk7-10_Rec-Nifti,Folder,atwai,/data0/core/atwai/archive/microct/longitudinal mouse lung tumors/wk7-10_Rec-Nifti,wk7-10_Rec-Nifti,97562147.0,11.0,derived,microCT,7.0,M10,,atwai:/data0/core/atwai/archive/microct/longitudinal mouse lung tumors,NIfTI conversion with img/ and prediction/ (segmentation model output),False
atwai:/data0/core/atwai/archive/microct/longitudinal mouse lung tumors/wk7-11_Rec-Nifti,Folder,atwai,/data0/core/atwai/archive/microct/longitudinal mouse lung tumors/wk7-11_Rec-Nifti,wk7-11_Rec-Nifti,89385837.0,11.0,derived,microCT,7.0,M11,,atwai:/data0/core/atwai/archive/microct/longitudinal mouse lung tumors,NIfTI conversion with img/ and prediction/ (segmentation model output),False
atwai:/data0/core/atwai/archive/microct/longitudinal mouse lung tumors/wk7-12_Rec-Nifti,Folder,atwai,/data0/core/atwai/archive/microct/longitudinal mouse lung tumors/wk7-12_Rec-Nifti,wk7-12_Rec-Nifti,91233005.0,11.0,derived,microCT,7.0,M12,,atwai:/data0/core/atwai/archive/microct/longitudinal mouse lung tumors,NIfTI conversion with img/ and prediction/ (segmentation model output),False
atwai:/data0/core/atwai/archive/microct/longitudinal mouse lung tumors/wk7-13_Rec-Nifti,Folder,atwai,/data0/core/atwai/archive/microct/longitudinal mouse lung tumors/wk7-13_Rec-Nifti,wk7-13_Rec-Nifti,95216278.0,11.0,derived,microCT,7.0,M13,,atwai:/data0/core/atwai/archive/microct/longitudinal mouse lung tumors,NIfTI conversion with img/ and prediction/ (segmentation model output),False
atwai:/data0/core/atwai/archive/microct/longitudinal mouse lung tumors/wk7-14_Rec-Nifti,Folder,atwai,/data0/core/atwai/archive/microct/longitudinal mouse lung tumors/wk7-14_Rec-Nifti,wk7-14_Rec-Nifti,104372231.0,11.0,derived,microCT,7.0,M14,,atwai:/data0/core/atwai/archive/microct/longitudinal mouse lung tumors,NIfTI conversion with img/ and prediction/ (segmentation model output),False
atwai:/data0/core/atwai/archive/microct/longitudinal mouse lung tumors/wk7-15_Rec-Nifti,Folder,atwai,/data0/core/atwai/archive/microct/longitudinal mouse lung tumors/wk7-15_Rec-Nifti,wk7-15_Rec-Nifti,106030048.0,12.0,derived,microCT,7.0,M15,,atwai:/data0/core/atwai/archive/microct/longitudinal mouse lung tumors,NIfTI conversion with img/ and prediction/ (segmentation model output),False
atwai:/data0/core/atwai/archive/microct/longitudinal mouse lung tumors/wk7-17_Rec-Nifti,Folder,atwai,/data0/core/atwai/archive/microct/longitudinal mouse lung tumors/wk7-17_Rec-Nifti,wk7-17_Rec-Nifti,93525113.0,11.0,derived,microCT,7.0,M17,,atwai:/data0/core/atwai/archive/microct/longitudinal mouse lung tumors,NIfTI conversion with img/ and prediction/ (segmentation model output),False
atwai:/data0/core/atwai/archive/microct/longitudinal mouse lung tumors/wk7-18_Rec-Nifti,Folder,atwai,/data0/core/atwai/archive/microct/longitudinal mouse lung tumors/wk7-18_Rec-Nifti,wk7-18_Rec-Nifti,93979093.0,12.0,derived,microCT,7.0,M18,,atwai:/data0/core/atwai/archive/microct/longitudinal mouse lung tumors,NIfTI conversion with img/ and prediction/ (segmentation model output),False
atwai:/data0/core/atwai/archive/microct/longitudinal mouse lung tumors/wk7-19_Rec-Nifti,Folder,atwai,/data0/core/atwai/archive/microct/longitudinal mouse lung tumors/wk7-19_Rec-Nifti,wk7-19_Rec-Nifti,104371583.0,12.0,derived,microCT,7.0,M19,,atwai:/data0/core/atwai/archive/microct/longitudinal mouse lung tumors,NIfTI conversion with img/ and prediction/ (segmentation model output),False
atwai:/data0/core/atwai/archive/microct/longitudinal mouse lung tumors/wk7-67_Rec-Nifti,Folder,atwai,/data0/core/atwai/archive/microct/longitudinal mouse lung tumors/wk7-67_Rec-Nifti,wk7-67_Rec-Nifti,106610529.0,11.0,derived,microCT,7.0,M67,,atwai:/data0/core/atwai/archive/microct/longitudinal mouse lung tumors,NIfTI conversion with img/ and prediction/ (segmentation model output),False
atwai:/data0/core/atwai/archive/microct/longitudinal mouse lung tumors/wk7-68_Rec-Nifti,Folder,atwai,/data0/core/atwai/archive/microct/longitudinal mouse lung tumors/wk7-68_Rec-Nifti,wk7-68_Rec-Nifti,92331792.0,11.0,derived,microCT,7.0,M68,,atwai:/data0/core/atwai/archive/microct/longitudinal mouse lung tumors,NIfTI conversion with img/ and prediction/ (segmentation model output),False
atwai:/data0/core/atwai/archive/microct/longitudinal mouse lung tumors/wk7-69_Rec-Nifti,Folder,atwai,/data0/core/atwai/archive/microct/longitudinal mouse lung tumors/wk7-69_Rec-Nifti,wk7-69_Rec-Nifti,109445353.0,11.0,derived,microCT,7.0,M69,,atwai:/data0/core/atwai/archive/microct/longitudinal mouse lung tumors,NIfTI conversion with img/ and prediction/ (segmentation model output),False
atwai:/data0/core/atwai/archive/microct/longitudinal mouse lung tumors/wk7-75_Rec-Nifti,Folder,atwai,/data0/core/atwai/archive/microct/longitudinal mouse lung tumors/wk7-75_Rec-Nifti,wk7-75_Rec-Nifti,101413429.0,11.0,derived,microCT,7.0,M75,,atwai:/data0/core/atwai/archive/microct/longitudinal mouse lung tumors,NIfTI conversion with img/ and prediction/ (segmentation model output),False
atwai:/data0/core/atwai/archive/microct/longitudinal mouse lung tumors/wk8_10_Rec-Nifti,Folder,atwai,/data0/core/atwai/archive/microct/longitudinal mouse lung tumors/wk8_10_Rec-Nifti,wk8_10_Rec-Nifti,117298747.0,12.0,derived,microCT,8.0,M10,,atwai:/data0/core/atwai/archive/microct/longitudinal mouse lung tumors,NIfTI conversion with img/ and prediction/ (segmentation model output),False
atwai:/data0/core/atwai/archive/microct/longitudinal mouse lung tumors/wk8_11_Rec-Nifti,Folder,atwai,/data0/core/atwai/archive/microct/longitudinal mouse lung tumors/wk8_11_Rec-Nifti,wk8_11_Rec-Nifti,108163523.0,12.0,derived,microCT,8.0,M11,,atwai:/data0/core/atwai/archive/microct/longitudinal mouse lung tumors,NIfTI conversion with img/ and prediction/ (segmentation model output),False
atwai:/data0/core/atwai/archive/microct/longitudinal mouse lung tumors/wk8_12_Rec-Nifti,Folder,atwai,/data0/core/atwai/archive/microct/longitudinal mouse lung tumors/wk8_12_Rec-Nifti,wk8_12_Rec-Nifti,114484164.0,11.0,derived,microCT,8.0,M12,,atwai:/data0/core/atwai/archive/microct/longitudinal mouse lung tumors,NIfTI conversion with img/ and prediction/ (segmentation model output),False
atwai:/data0/core/atwai/archive/microct/longitudinal mouse lung tumors/wk8_13_Rec-Nifti,Folder,atwai,/data0/core/atwai/archive/microct/longitudinal mouse lung tumors/wk8_13_Rec-Nifti,wk8_13_Rec-Nifti,124067473.0,12.0,derived,microCT,8.0,M13,,atwai:/data0/core/atwai/archive/microct/longitudinal mouse lung tumors,NIfTI conversion with img/ and prediction/ (segmentation model output),False
atwai:/data0/core/atwai/archive/microct/longitudinal mouse lung tumors/wk8_14_Rec-Nifti,Folder,atwai,/data0/core/atwai/archive/microct/longitudinal mouse lung tumors/wk8_14_Rec-Nifti,wk8_14_Rec-Nifti,113465620.0,11.0,derived,microCT,8.0,M14,,atwai:/data0/core/atwai/archive/microct/longitudinal mouse lung tumors,NIfTI conversion with img/ and prediction/ (segmentation model output),False
atwai:/data0/core/atwai/archive/microct/longitudinal mouse lung tumors/wk8_15_Rec-Nifti,Folder,atwai,/data0/core/atwai/archive/microct/longitudinal mouse lung tumors/wk8_15_Rec-Nifti,wk8_15_Rec-Nifti,105407152.0,11.0,derived,microCT,8.0,M15,,atwai:/data0/core/atwai/archive/microct/longitudinal mouse lung tumors,NIfTI conversion with img/ and prediction/ (segmentation model output),False
atwai:/data0/core/atwai/archive/microct/longitudinal mouse lung tumors/wk8_17_Rec-Nifti,Folder,atwai,/data0/core/atwai/archive/microct/longitudinal mouse lung tumors/wk8_17_Rec-Nifti,wk8_17_Rec-Nifti,97887167.0,11.0,derived,microCT,8.0,M17,,atwai:/data0/core/atwai/archive/microct/longitudinal mouse lung tumors,NIfTI conversion with img/ and prediction/ (segmentation model output),False
atwai:/data0/core/atwai/archive/microct/longitudinal mouse lung tumors/wk8_18_Rec-Nifti,Folder,atwai,/data0/core/atwai/archive/microct/longitudinal mouse lung tumors/wk8_18_Rec-Nifti,wk8_18_Rec-Nifti,108969736.0,11.0,derived,microCT,8.0,M18,,atwai:/data0/core/atwai/archive/microct/longitudinal mouse lung tumors,NIfTI conversion with img/ and prediction/ (segmentation model output),False
atwai:/data0/core/atwai/archive/microct/longitudinal mouse lung tumors/wk8_19_Rec-Nifti,Folder,atwai,/data0/core/atwai/archive/microct/longitudinal mouse lung tumors/wk8_19_Rec-Nifti,wk8_19_Rec-Nifti,106307053.0,11.0,derived,microCT,8.0,M19,,atwai:/data0/core/atwai/archive/microct/longitudinal mouse lung tumors,NIfTI conversion with img/ and prediction/ (segmentation model output),False
atwai:/data0/core/atwai/archive/microct/longitudinal mouse lung tumors/wk8_67_Rec-Nifti,Folder,atwai,/data0/core/atwai/archive/microct/longitudinal mouse lung tumors/wk8_67_Rec-Nifti,wk8_67_Rec-Nifti,106371527.0,11.0,derived,microCT,8.0,M67,,atwai:/data0/core/atwai/archive/microct/longitudinal mouse lung tumors,NIfTI conversion with img/ and prediction/ (segmentation model output),False
atwai:/data0/core/atwai/archive/microct/longitudinal mouse lung tumors/wk8_68_Rec-Nifti,Folder,atwai,/data0/core/atwai/archive/microct/longitudinal mouse lung tumors/wk8_68_Rec-Nifti,wk8_68_Rec-Nifti,122684177.0,11.0,derived,microCT,8.0,M68,,atwai:/data0/core/atwai/archive/microct/longitudinal mouse lung tumors,NIfTI conversion with img/ and prediction/ (segmentation model output),False
atwai:/data0/core/atwai/archive/microct/longitudinal mouse lung tumors/wk8_69_Rec-Nifti,Folder,atwai,/data0/core/atwai/archive/microct/longitudinal mouse lung tumors/wk8_69_Rec-Nifti,wk8_69_Rec-Nifti,120286195.0,11.0,derived,microCT,8.0,M69,,atwai:/data0/core/atwai/archive/microct/longitudinal mouse lung tumors,NIfTI conversion with img/ and prediction/ (segmentation model output),False
atwai:/data0/core/atwai/archive/microct/longitudinal mouse lung tumors/wk8_75_Rec-Nifti,Folder,atwai,/data0/core/atwai/archive/microct/longitudinal mouse lung tumors/wk8_75_Rec-Nifti,wk8_75_Rec-Nifti,114842345.0,11.0,derived,microCT,8.0,M75,,atwai:/data0/core/atwai/archive/microct/longitudinal mouse lung tumors,NIfTI conversion with img/ and prediction/ (segmentation model output),False
atwai:/data0/core/atwai/archive/microct/longitudinal mouse lung tumors/wk9_10_Rec-Nifti,Folder,atwai,/data0/core/atwai/archive/microct/longitudinal mouse lung tumors/wk9_10_Rec-Nifti,wk9_10_Rec-Nifti,128380500.0,12.0,derived,microCT,9.0,M10,,atwai:/data0/core/atwai/archive/microct/longitudinal mouse lung tumors,NIfTI conversion with img/ and prediction/ (segmentation model output),False
atwai:/data0/core/atwai/archive/microct/longitudinal mouse lung tumors/wk9_11_Rec-Nifti,Folder,atwai,/data0/core/atwai/archive/microct/longitudinal mouse lung tumors/wk9_11_Rec-Nifti,wk9_11_Rec-Nifti,127354983.0,12.0,derived,microCT,9.0,M11,,atwai:/data0/core/atwai/archive/microct/longitudinal mouse lung tumors,NIfTI conversion with img/ and prediction/ (segmentation model output),False
atwai:/data0/core/atwai/archive/microct/longitudinal mouse lung tumors/wk9_12_Rec-Nifti,Folder,atwai,/data0/core/atwai/archive/microct/longitudinal mouse lung tumors/wk9_12_Rec-Nifti,wk9_12_Rec-Nifti,119878990.0,12.0,derived,microCT,9.0,M12,,atwai:/data0/core/atwai/archive/microct/longitudinal mouse lung tumors,NIfTI conversion with img/ and prediction/ (segmentation model output),False
atwai:/data0/core/atwai/archive/microct/longitudinal mouse lung tumors/wk9_13_Rec-Nifti,Folder,atwai,/data0/core/atwai/archive/microct/longitudinal mouse lung tumors/wk9_13_Rec-Nifti,wk9_13_Rec-Nifti,125494535.0,12.0,derived,microCT,9.0,M13,,atwai:/data0/core/atwai/archive/microct/longitudinal mouse lung tumors,NIfTI conversion with img/ and prediction/ (segmentation model output),False
atwai:/data0/core/atwai/archive/microct/longitudinal mouse lung tumors/wk9_14_Rec-Nifti,Folder,atwai,/data0/core/atwai/archive/microct/longitudinal mouse lung tumors/wk9_14_Rec-Nifti,wk9_14_Rec-Nifti,114412871.0,12.0,derived,microCT,9.0,M14,,atwai:/data0/core/atwai/archive/microct/longitudinal mouse lung tumors,NIfTI conversion with img/ and prediction/ (segmentation model output),False
atwai:/data0/core/atwai/archive/microct/longitudinal mouse lung tumors/wk9_15_Rec-Nifti,Folder,atwai,/data0/core/atwai/archive/microct/longitudinal mouse lung tumors/wk9_15_Rec-Nifti,wk9_15_Rec-Nifti,120317209.0,12.0,derived,microCT,9.0,M15,,atwai:/data0/core/atwai/archive/microct/longitudinal mouse lung tumors,NIfTI conversion with img/ and prediction/ (segmentation model output),False
atwai:/data0/core/atwai/archive/microct/longitudinal mouse lung tumors/wk9_17_Rec-Nifti,Folder,atwai,/data0/core/atwai/archive/microct/longitudinal mouse lung tumors/wk9_17_Rec-Nifti,wk9_17_Rec-Nifti,118162479.0,17.0,derived,microCT,9.0,M17,,atwai:/data0/core/atwai/archive/microct/longitudinal mouse lung tumors,NIfTI conversion with img/ and prediction/ (segmentation model output),False
atwai:/data0/core/atwai/archive/microct/longitudinal mouse lung tumors/wk9_18_Rec-Nifti,Folder,atwai,/data0/core/atwai/archive/microct/longitudinal mouse lung tumors/wk9_18_Rec-Nifti,wk9_18_Rec-Nifti,120693059.0,12.0,derived,microCT,9.0,M18,,atwai:/data0/core/atwai/archive/microct/longitudinal mouse lung tumors,NIfTI conversion with img/ and prediction/ (segmentation model output),False
atwai:/data0/core/atwai/archive/microct/longitudinal mouse lung tumors/wk9_19_Rec-Nifti,Folder,atwai,/data0/core/atwai/archive/microct/longitudinal mouse lung tumors/wk9_19_Rec-Nifti,wk9_19_Rec-Nifti,116125720.0,12.0,derived,microCT,9.0,M19,,atwai:/data0/core/atwai/archive/microct/longitudinal mouse lung tumors,NIfTI conversion with img/ and prediction/ (segmentation model output),False
atwai:/data0/core/atwai/archive/microct/longitudinal mouse lung tumors/wk9_67_Rec-Nifti,Folder,atwai,/data0/core/atwai/archive/microct/longitudinal mouse lung tumors/wk9_67_Rec-Nifti,wk9_67_Rec-Nifti,125525782.0,12.0,derived,microCT,9.0,M67,,atwai:/data0/core/atwai/archive/microct/longitudinal mouse lung tumors,NIfTI conversion with img/ and prediction/ (segmentation model output),False
atwai:/data0/core/atwai/archive/microct/longitudinal mouse lung tumors/wk9_68_Rec-Nifti,Folder,atwai,/data0/core/atwai/archive/microct/longitudinal mouse lung tumors/wk9_68_Rec-Nifti,wk9_68_Rec-Nifti,115986615.0,12.0,derived,microCT,9.0,M68,,atwai:/data0/core/atwai/archive/microct/longitudinal mouse lung tumors,NIfTI conversion with img/ and prediction/ (segmentation model output),False
atwai:/data0/core/atwai/archive/microct/longitudinal mouse lung tumors/wk9_69_Rec-Nifti,Folder,atwai,/data0/core/atwai/archive/microct/longitudinal mouse lung tumors/wk9_69_Rec-Nifti,wk9_69_Rec-Nifti,125193992.0,12.0,derived,microCT,9.0,M69,,atwai:/data0/core/atwai/archive/microct/longitudinal mouse lung tumors,NIfTI conversion with img/ and prediction/ (segmentation model output),False
atwai:/data0/core/atwai/archive/microct/longitudinal mouse lung tumors/wk9_75_Rec-Nifti,Folder,atwai,/data0/core/atwai/archive/microct/longitudinal mouse lung tumors/wk9_75_Rec-Nifti,wk9_75_Rec-Nifti,125833297.0,12.0,derived,microCT,9.0,M75,,atwai:/data0/core/atwai/archive/microct/longitudinal mouse lung tumors,NIfTI conversion with img/ and prediction/ (segmentation model output),False
atwai:/data0/core/atwai/Anderson_Scott/Multimodal/MultiModal Lung tumor test/processed data/Mouse 10,Folder,atwai,/data0/core/atwai/Anderson_Scott/Multimodal/MultiModal Lung tumor test/processed data/Mouse 10,Mouse 10,1163879670.0,116.0,derived,microCT,,M10,,atwai:/data0/core/atwai/Anderson_Scott/Multimodal/MultiModal Lung tumor test,analysis outputs (Anderson),False
atwai:/data0/core/atwai/Anderson_Scott/Multimodal/MultiModal Lung tumor test/processed data/Mouse 11,Folder,atwai,/data0/core/atwai/Anderson_Scott/Multimodal/MultiModal Lung tumor test/processed data/Mouse 11,Mouse 11,839816342.0,93.0,derived,microCT,,M11,,atwai:/data0/core/atwai/Anderson_Scott/Multimodal/MultiModal Lung tumor test,analysis outputs (Anderson),False
atwai:/data0/core/atwai/Anderson_Scott/Multimodal/MultiModal Lung tumor test/processed data/Mouse 12,Folder,atwai,/data0/core/atwai/Anderson_Scott/Multimodal/MultiModal Lung tumor test/processed data/Mouse 12,Mouse 12,820569802.0,88.0,derived,microCT,,M12,,atwai:/data0/core/atwai/Anderson_Scott/Multimodal/MultiModal Lung tumor test,analysis outputs (Anderson),False
atwai:/data0/core/atwai/Anderson_Scott/Multimodal/MultiModal Lung tumor test/processed data/Mouse 13,Folder,atwai,/data0/core/atwai/Anderson_Scott/Multimodal/MultiModal Lung tumor test/processed data/Mouse 13,Mouse 13,839272833.0,89.0,derived,microCT,,M13,,atwai:/data0/core/atwai/Anderson_Scott/Multimodal/MultiModal Lung tumor test,analysis outputs (Anderson),False
atwai:/data0/core/atwai/Anderson_Scott/Multimodal/MultiModal Lung tumor test/processed data/Mouse 14,Folder,atwai,/data0/core/atwai/Anderson_Scott/Multimodal/MultiModal Lung tumor test/processed data/Mouse 14,Mouse 14,817349970.0,88.0,derived,microCT,,M14,,atwai:/data0/core/atwai/Anderson_Scott/Multimodal/MultiModal Lung tumor test,analysis outputs (Anderson),False
atwai:/data0/core/atwai/Anderson_Scott/Multimodal/MultiModal Lung tumor test/processed data/Mouse 15,Folder,atwai,/data0/core/atwai/Anderson_Scott/Multimodal/MultiModal Lung tumor test/processed data/Mouse 15,Mouse 15,805535624.0,87.0,derived,microCT,,M15,,atwai:/data0/core/atwai/Anderson_Scott/Multimodal/MultiModal Lung tumor test,analysis outputs (Anderson),False
atwai:/data0/core/atwai/Anderson_Scott/Multimodal/MultiModal Lung tumor test/processed data/Mouse 17,Folder,atwai,/data0/core/atwai/Anderson_Scott/Multimodal/MultiModal Lung tumor test/processed data/Mouse 17,Mouse 17,772163716.0,86.0,derived,microCT,,M17,,atwai:/data0/core/atwai/Anderson_Scott/Multimodal/MultiModal Lung tumor test,analysis outputs (Anderson),False
atwai:/data0/core/atwai/Anderson_Scott/Multimodal/MultiModal Lung tumor test/processed data/Mouse 18,Folder,atwai,/data0/core/atwai/Anderson_Scott/Multimodal/MultiModal Lung tumor test/processed data/Mouse 18,Mouse 18,813623653.0,88.0,derived,microCT,,M18,,atwai:/data0/core/atwai/Anderson_Scott/Multimodal/MultiModal Lung tumor test,analysis outputs (Anderson),False
atwai:/data0/core/atwai/Anderson_Scott/Multimodal/MultiModal Lung tumor test/processed data/Mouse 19,Folder,atwai,/data0/core/atwai/Anderson_Scott/Multimodal/MultiModal Lung tumor test/processed data/Mouse 19,Mouse 19,791621424.0,89.0,derived,microCT,,M19,,atwai:/data0/core/atwai/Anderson_Scott/Multimodal/MultiModal Lung tumor test,analysis outputs (Anderson),False
atwai:/data0/core/atwai/Anderson_Scott/Multimodal/MultiModal Lung tumor test/processed data/Mouse 67,Folder,atwai,/data0/core/atwai/Anderson_Scott/Multimodal/MultiModal Lung tumor test/processed data/Mouse 67,Mouse 67,823066181.0,72.0,derived,microCT,,M67,,atwai:/data0/core/atwai/Anderson_Scott/Multimodal/MultiModal Lung tumor test,analysis outputs (Anderson),False
atwai:/data0/core/atwai/Anderson_Scott/Multimodal/MultiModal Lung tumor test/processed data/Mouse 68,Folder,atwai,/data0/core/atwai/Anderson_Scott/Multimodal/MultiModal Lung tumor test/processed data/Mouse 68,Mouse 68,812410285.0,76.0,derived,microCT,,M68,,atwai:/data0/core/atwai/Anderson_Scott/Multimodal/MultiModal Lung tumor test,analysis outputs (Anderson),False
atwai:/data0/core/atwai/Anderson_Scott/Multimodal/MultiModal Lung tumor test/processed data/Mouse 69,Folder,atwai,/data0/core/atwai/Anderson_Scott/Multimodal/MultiModal Lung tumor test/processed data/Mouse 69,Mouse 69,826147250.0,72.0,derived,microCT,,M69,,atwai:/data0/core/atwai/Anderson_Scott/Multimodal/MultiModal Lung tumor test,analysis outputs (Anderson),False
atwai:/data0/core/atwai/Anderson_Scott/Multimodal/MultiModal Lung tumor test/processed data/Mouse 75,Folder,atwai,/data0/core/atwai/Anderson_Scott/Multimodal/MultiModal Lung tumor test/processed data/Mouse 75,Mouse 75,618444925.0,55.0,derived,microCT,,M75,,atwai:/data0/core/atwai/Anderson_Scott/Multimodal/MultiModal Lung tumor test,analysis outputs (Anderson),False
atwai:/data0/core/atwai/huangw/2024/20240122_135942_AIPT_multimodelLung20240122_1_85,Folder,atwai,/data0/core/atwai/huangw/2024/20240122_135942_AIPT_multimodelLung20240122_1_85,20240122_135942_AIPT_multimodelLung20240122_1_85,845183969.0,671.0,raw,MRI,6.0,,,atwai:/data0/core/atwai/huangw/2024,"ParaVision study folder (all mice that day), 33 reconstructed scans",False
atwai:/data0/core/atwai/huangw/2024/20240129_112442_AIPT_multimodelLung20240129_1_86,Folder,atwai,/data0/core/atwai/huangw/2024/20240129_112442_AIPT_multimodelLung20240129_1_86,20240129_112442_AIPT_multimodelLung20240129_1_86,836763714.0,700.0,raw,MRI,7.0,,,atwai:/data0/core/atwai/huangw/2024,"ParaVision study folder (all mice that day), 29 reconstructed scans",False
atwai:/data0/core/atwai/huangw/2024/20240205_122416_AIPT_multiModelLung20240205_1_89,Folder,atwai,/data0/core/atwai/huangw/2024/20240205_122416_AIPT_multiModelLung20240205_1_89,20240205_122416_AIPT_multiModelLung20240205_1_89,853603510.0,710.0,raw,MRI,8.0,,,atwai:/data0/core/atwai/huangw/2024,"ParaVision study folder (all mice that day), 29 reconstructed scans",False
atwai:/data0/core/atwai/huangw/2024/20240212_140325_AIPT_multimodelLung20240212_1_90,Folder,atwai,/data0/core/atwai/huangw/2024/20240212_140325_AIPT_multimodelLung20240212_1_90,20240212_140325_AIPT_multimodelLung20240212_1_90,926220239.0,724.0,raw,MRI,9.0,,,atwai:/data0/core/atwai/huangw/2024,"ParaVision study folder (all mice that day), 30 reconstructed scans",False
atwai:/data0/core/atwai/huangw/2024/20240216_114211_AIPT_multimodelLung20240216_1_91,Folder,atwai,/data0/core/atwai/huangw/2024/20240216_114211_AIPT_multimodelLung20240216_1_91,20240216_114211_AIPT_multimodelLung20240216_1_91,206037441.0,223.0,raw,MRI,10.0,,,atwai:/data0/core/atwai/huangw/2024,"ParaVision study folder (all mice that day), 7 reconstructed scans",False
atwai:/data0/core/atwai/huangw/2024/20240226_111137_AIPT_multimodelLung20240226_1_92,Folder,atwai,/data0/core/atwai/huangw/2024/20240226_111137_AIPT_multimodelLung20240226_1_92,20240226_111137_AIPT_multimodelLung20240226_1_92,876609654.0,671.0,raw,MRI,11.0,,,atwai:/data0/core/atwai/huangw/2024,"ParaVision study folder (all mice that day), 27 reconstructed scans",False
atwai:/data0/core/atwai/huangw/2024/20240304_151201_AIPT_multimodelLung20240304_1_95,Folder,atwai,/data0/core/atwai/huangw/2024/20240304_151201_AIPT_multimodelLung20240304_1_95,20240304_151201_AIPT_multimodelLung20240304_1_95,886565591.0,721.0,raw,MRI,12.0,,,atwai:/data0/core/atwai/huangw/2024,"ParaVision study folder (all mice that day), 29 reconstructed scans",False
atwai:/data0/core/atwai/huangw/2024/20240311_142100_AIPT_20240311multimodalLung_1_99,Folder,atwai,/data0/core/atwai/huangw/2024/20240311_142100_AIPT_20240311multimodalLung_1_99,20240311_142100_AIPT_20240311multimodalLung_1_99,765747631.0,557.0,raw,MRI,13.0,,,atwai:/data0/core/atwai/huangw/2024,"ParaVision study folder (all mice that day), 24 reconstructed scans",False
atwai:/data0/core/atwai/huangw/2024/20240318_140839_AIPT_MultimodalLung20240318_1_101,Folder,atwai,/data0/core/atwai/huangw/2024/20240318_140839_AIPT_MultimodalLung20240318_1_101,20240318_140839_AIPT_MultimodalLung20240318_1_101,811526230.0,664.0,raw,MRI,14.0,,,atwai:/data0/core/atwai/huangw/2024,"ParaVision study folder (all mice that day), 27 reconstructed scans",False
Dropbox:MultiModal/LungTumor/microCT/microCT wk6/wk6-10_Rec,Folder,Dropbox,MultiModal/LungTumor/microCT/microCT wk6/wk6-10_Rec,wk6-10_Rec,489742831.0,498.0,copy,microCT,6.0,M10,atwai:/data0/core/atwai/Anderson_Scott/Multimodal/MultiModal Lung tumor test/raw data/wk6-10_Rec,Dropbox:MultiModal/LungTumor,copy of the reconstruction,False
Dropbox:MultiModal/LungTumor/microCT/microCT wk6/wk6-11_Rec,Folder,Dropbox,MultiModal/LungTumor/microCT/microCT wk6/wk6-11_Rec,wk6-11_Rec,561847038.0,571.0,copy,microCT,6.0,M11,atwai:/data0/core/atwai/Anderson_Scott/Multimodal/MultiModal Lung tumor test/raw data/wk6-11_Rec,Dropbox:MultiModal/LungTumor,copy of the reconstruction,False
Dropbox:MultiModal/LungTumor/microCT/microCT wk6/wk6-12_Rec,Folder,Dropbox,MultiModal/LungTumor/microCT/microCT wk6/wk6-12_Rec,wk6-12_Rec,545942437.0,555.0,copy,microCT,6.0,M12,atwai:/data0/core/atwai/Anderson_Scott/Multimodal/MultiModal Lung tumor test/raw data/wk6-12_Rec,Dropbox:MultiModal/LungTumor,copy of the reconstruction,False
Dropbox:MultiModal/LungTumor/microCT/microCT wk6/wk6-13_Rec,Folder,Dropbox,MultiModal/LungTumor/microCT/microCT wk6/wk6-13_Rec,wk6-13_Rec,549886268.0,559.0,copy,microCT,6.0,M13,atwai:/data0/core/atwai/Anderson_Scott/Multimodal/MultiModal Lung tumor test/raw data/wk6-13_Rec,Dropbox:MultiModal/LungTumor,copy of the reconstruction,False
Dropbox:MultiModal/LungTumor/microCT/microCT wk6/wk6-14_Rec,Folder,Dropbox,MultiModal/LungTumor/microCT/microCT wk6/wk6-14_Rec,wk6-14_Rec,574535219.0,584.0,copy,microCT,6.0,M14,atwai:/data0/core/atwai/Anderson_Scott/Multimodal/MultiModal Lung tumor test/raw data/wk6-14_Rec,Dropbox:MultiModal/LungTumor,copy of the reconstruction,False
Dropbox:MultiModal/LungTumor/microCT/microCT wk6/wk6-15_Rec,Folder,Dropbox,MultiModal/LungTumor/microCT/microCT wk6/wk6-15_Rec,wk6-15_Rec,502689558.0,511.0,copy,microCT,6.0,M15,atwai:/data0/core/atwai/Anderson_Scott/Multimodal/MultiModal Lung tumor test/raw data/wk6-15_Rec,Dropbox:MultiModal/LungTumor,copy of the reconstruction,False
Dropbox:MultiModal/LungTumor/microCT/microCT wk6/wk6-17_Rec,Folder,Dropbox,MultiModal/LungTumor/microCT/microCT wk6/wk6-17_Rec,wk6-17_Rec,502689558.0,511.0,copy,microCT,6.0,M17,atwai:/data0/core/atwai/Anderson_Scott/Multimodal/MultiModal Lung tumor test/raw data/wk6-17_Rec,Dropbox:MultiModal/LungTumor,copy of the reconstruction,False
Dropbox:MultiModal/LungTumor/microCT/microCT wk6/wk6-18_Rec,Folder,Dropbox,MultiModal/LungTumor/microCT/microCT wk6/wk6-18_Rec,wk6-18_Rec,586495988.0,596.0,copy,microCT,6.0,M18,atwai:/data0/core/atwai/Anderson_Scott/Multimodal/MultiModal Lung tumor test/raw data/wk6-18_Rec,Dropbox:MultiModal/LungTumor,copy of the reconstruction,False
Dropbox:MultiModal/LungTumor/microCT/microCT wk6/wk6-19_Rec,Folder,Dropbox,MultiModal/LungTumor/microCT/microCT wk6/wk6-19_Rec,wk6-19_Rec,500588368.0,509.0,copy,microCT,6.0,M19,atwai:/data0/core/atwai/Anderson_Scott/Multimodal/MultiModal Lung tumor test/raw data/wk6-19_Rec,Dropbox:MultiModal/LungTumor,copy of the reconstruction,False
Dropbox:MultiModal/LungTumor/microCT/microCT wk6/wk6-67_Rec,Folder,Dropbox,MultiModal/LungTumor/microCT/microCT wk6/wk6-67_Rec,wk6-67_Rec,534240215.0,543.0,copy,microCT,6.0,M67,atwai:/data0/core/atwai/Anderson_Scott/Multimodal/MultiModal Lung tumor test/raw data/wk6-67_Rec,Dropbox:MultiModal/LungTumor,copy of the reconstruction,False
Dropbox:MultiModal/LungTumor/microCT/microCT wk6/wk6-68_Rec,Folder,Dropbox,MultiModal/LungTumor/microCT/microCT wk6/wk6-68_Rec,wk6-68_Rec,519321570.0,528.0,copy,microCT,6.0,M68,atwai:/data0/core/atwai/Anderson_Scott/Multimodal/MultiModal Lung tumor test/raw data/wk6-68_Rec,Dropbox:MultiModal/LungTumor,copy of the reconstruction,False
Dropbox:MultiModal/LungTumor/microCT/microCT wk6/wk6-69_Rec,Folder,Dropbox,MultiModal/LungTumor/microCT/microCT wk6/wk6-69_Rec,wk6-69_Rec,502689559.0,511.0,copy,microCT,6.0,M69,atwai:/data0/core/atwai/Anderson_Scott/Multimodal/MultiModal Lung tumor test/raw data/wk6-69_Rec,Dropbox:MultiModal/LungTumor,copy of the reconstruction,False
Dropbox:MultiModal/LungTumor/microCT/microCT wk6/wk6-75_Rec,Folder,Dropbox,MultiModal/LungTumor/microCT/microCT wk6/wk6-75_Rec,wk6-75_Rec,500588372.0,509.0,copy,microCT,6.0,M75,atwai:/data0/core/atwai/Anderson_Scott/Multimodal/MultiModal Lung tumor test/raw data/wk6-75_Rec,Dropbox:MultiModal/LungTumor,copy of the reconstruction,False
Dropbox:MultiModal/LungTumor/microCT/wk10/wk10_10_Rec,Folder,Dropbox,MultiModal/LungTumor/microCT/wk10/wk10_10_Rec,wk10_10_Rec,651684568.0,702.0,copy,microCT,10.0,M10,atwai:/data0/core/atwai/Anderson_Scott/Multimodal/MultiModal Lung tumor test/raw data/wk10_10_Rec,Dropbox:MultiModal/LungTumor,copy of the reconstruction,False
Dropbox:MultiModal/LungTumor/microCT/wk10/wk10_11_Rec,Folder,Dropbox,MultiModal/LungTumor/microCT/wk10/wk10_11_Rec,wk10_11_Rec,632160323.0,681.0,copy,microCT,10.0,M11,atwai:/data0/core/atwai/Anderson_Scott/Multimodal/MultiModal Lung tumor test/raw data/wk10_11_Rec,Dropbox:MultiModal/LungTumor,copy of the reconstruction,False
Dropbox:MultiModal/LungTumor/microCT/wk10/wk10_12_Rec,Folder,Dropbox,MultiModal/LungTumor/microCT/wk10/wk10_12_Rec,wk10_12_Rec,585674023.0,631.0,copy,microCT,10.0,M12,atwai:/data0/core/atwai/Anderson_Scott/Multimodal/MultiModal Lung tumor test/raw data/wk10_12_Rec,Dropbox:MultiModal/LungTumor,copy of the reconstruction,False
Dropbox:MultiModal/LungTumor/microCT/wk10/wk10_13_Rec,Folder,Dropbox,MultiModal/LungTumor/microCT/wk10/wk10_13_Rec,wk10_13_Rec,625652240.0,674.0,copy,microCT,10.0,M13,atwai:/data0/core/atwai/Anderson_Scott/Multimodal/MultiModal Lung tumor test/raw data/wk10_13_Rec,Dropbox:MultiModal/LungTumor,copy of the reconstruction,False
Dropbox:MultiModal/LungTumor/microCT/wk10/wk10_14_Rec,Folder,Dropbox,MultiModal/LungTumor/microCT/wk10/wk10_14_Rec,wk10_14_Rec,517804025.0,558.0,copy,microCT,10.0,M14,atwai:/data0/core/atwai/Anderson_Scott/Multimodal/MultiModal Lung tumor test/raw data/wk10_14_Rec,Dropbox:MultiModal/LungTumor,copy of the reconstruction,False
Dropbox:MultiModal/LungTumor/microCT/wk10/wk10_15_Rec,Folder,Dropbox,MultiModal/LungTumor/microCT/wk10/wk10_15_Rec,wk10_15_Rec,535468818.0,577.0,copy,microCT,10.0,M15,atwai:/data0/core/atwai/Anderson_Scott/Multimodal/MultiModal Lung tumor test/raw data/wk10_15_Rec,Dropbox:MultiModal/LungTumor,copy of the reconstruction,False
Dropbox:MultiModal/LungTumor/microCT/wk10/wk10_17_Rec,Folder,Dropbox,MultiModal/LungTumor/microCT/wk10/wk10_17_Rec,wk10_17_Rec,513155394.0,553.0,copy,microCT,10.0,M17,atwai:/data0/core/atwai/Anderson_Scott/Multimodal/MultiModal Lung tumor test/raw data/wk10_17_Rec,Dropbox:MultiModal/LungTumor,copy of the reconstruction,False
Dropbox:MultiModal/LungTumor/microCT/wk10/wk10_18_Rec,Folder,Dropbox,MultiModal/LungTumor/microCT/wk10/wk10_18_Rec,wk10_18_Rec,515014846.0,555.0,copy,microCT,10.0,M18,atwai:/data0/core/atwai/Anderson_Scott/Multimodal/MultiModal Lung tumor test/raw data/wk10_18_Rec,Dropbox:MultiModal/LungTumor,copy of the reconstruction,False
Dropbox:MultiModal/LungTumor/microCT/wk10/wk10_19_Rec,Folder,Dropbox,MultiModal/LungTumor/microCT/wk10/wk10_19_Rec,wk10_19_Rec,566149778.0,610.0,copy,microCT,10.0,M19,atwai:/data0/core/atwai/Anderson_Scott/Multimodal/MultiModal Lung tumor test/raw data/wk10_19_Rec,Dropbox:MultiModal/LungTumor,copy of the reconstruction,False
Dropbox:MultiModal/LungTumor/microCT/wk10/wk10_67_Rec,Folder,Dropbox,MultiModal/LungTumor/microCT/wk10/wk10_67_Rec,wk10_67_Rec,595901009.0,642.0,copy,microCT,10.0,M67,atwai:/data0/core/atwai/Anderson_Scott/Multimodal/MultiModal Lung tumor test/raw data/wk10_67_Rec,Dropbox:MultiModal/LungTumor,copy of the reconstruction,False
Dropbox:MultiModal/LungTumor/microCT/wk10/wk10_68_Rec,Folder,Dropbox,MultiModal/LungTumor/microCT/wk10/wk10_68_Rec,wk10_68_Rec,564290324.0,608.0,copy,microCT,10.0,M68,atwai:/data0/core/atwai/Anderson_Scott/Multimodal/MultiModal Lung tumor test/raw data/wk10_68_Rec,Dropbox:MultiModal/LungTumor,copy of the reconstruction,False
Dropbox:MultiModal/LungTumor/microCT/wk10/wk10_69_Rec,Folder,Dropbox,MultiModal/LungTumor/microCT/wk10/wk10_69_Rec,wk10_69_Rec,536398544.0,578.0,copy,microCT,10.0,M69,atwai:/data0/core/atwai/Anderson_Scott/Multimodal/MultiModal Lung tumor test/raw data/wk10_69_Rec,Dropbox:MultiModal/LungTumor,copy of the reconstruction,False
Dropbox:MultiModal/LungTumor/microCT/wk10/wk10_75_Rec,Folder,Dropbox,MultiModal/LungTumor/microCT/wk10/wk10_75_Rec,wk10_75_Rec,556852516.0,600.0,copy,microCT,10.0,M75,atwai:/data0/core/atwai/Anderson_Scott/Multimodal/MultiModal Lung tumor test/raw data/wk10_75_Rec,Dropbox:MultiModal/LungTumor,copy of the reconstruction,False
Dropbox:MultiModal/LungTumor/microCT/wk11/wk11_10_Rec,Folder,Dropbox,MultiModal/LungTumor/microCT/wk11/wk11_10_Rec,wk11_10_Rec,537519266.0,617.0,copy,microCT,11.0,M10,atwai:/data0/core/atwai/Anderson_Scott/Multimodal/MultiModal Lung tumor test/raw data/wk11_10_Rec,Dropbox:MultiModal/LungTumor,copy of the reconstruction,False
Dropbox:MultiModal/LungTumor/microCT/wk11/wk11_11_Rec,Folder,Dropbox,MultiModal/LungTumor/microCT/wk11/wk11_11_Rec,wk11_11_Rec,567177807.0,651.0,copy,microCT,11.0,M11,atwai:/data0/core/atwai/Anderson_Scott/Multimodal/MultiModal Lung tumor test/raw data/wk11_11_Rec,Dropbox:MultiModal/LungTumor,copy of the reconstruction,False
Dropbox:MultiModal/LungTumor/microCT/wk11/wk11_12_Rec,Folder,Dropbox,MultiModal/LungTumor/microCT/wk11/wk11_12_Rec,wk11_12_Rec,530540785.0,609.0,copy,microCT,11.0,M12,atwai:/data0/core/atwai/Anderson_Scott/Multimodal/MultiModal Lung tumor test/raw data/wk11_12_Rec,Dropbox:MultiModal/LungTumor,copy of the reconstruction,False
Dropbox:MultiModal/LungTumor/microCT/wk11/wk11_13_Rec,Folder,Dropbox,MultiModal/LungTumor/microCT/wk11/wk11_13_Rec,wk11_13_Rec,553220845.0,635.0,copy,microCT,11.0,M13,atwai:/data0/core/atwai/Anderson_Scott/Multimodal/MultiModal Lung tumor test/raw data/wk11_13_Rec,Dropbox:MultiModal/LungTumor,copy of the reconstruction,False
Dropbox:MultiModal/LungTumor/microCT/wk11/wk11_14_Rec,Folder,Dropbox,MultiModal/LungTumor/microCT/wk11/wk11_14_Rec,wk11_14_Rec,527051546.0,605.0,copy,microCT,11.0,M14,atwai:/data0/core/atwai/Anderson_Scott/Multimodal/MultiModal Lung tumor test/raw data/wk11_14_Rec,Dropbox:MultiModal/LungTumor,copy of the reconstruction,False
Dropbox:MultiModal/LungTumor/microCT/wk11/wk11_15_Rec,Folder,Dropbox,MultiModal/LungTumor/microCT/wk11/wk11_15_Rec,wk11_15_Rec,502111127.0,576.0,copy,microCT,11.0,M15,atwai:/data0/core/atwai/Anderson_Scott/Multimodal/MultiModal Lung tumor test/raw data/wk11_15_Rec,Dropbox:MultiModal/LungTumor,copy of the reconstruction,False
Dropbox:MultiModal/LungTumor/microCT/wk11/wk11_17_Rec,Folder,Dropbox,MultiModal/LungTumor/microCT/wk11/wk11_17_Rec,wk11_17_Rec,507344987.0,582.0,copy,microCT,11.0,M17,atwai:/data0/core/atwai/Anderson_Scott/Multimodal/MultiModal Lung tumor test/raw data/wk11_17_Rec,Dropbox:MultiModal/LungTumor,copy of the reconstruction,False
Dropbox:MultiModal/LungTumor/microCT/wk11/wk11_19_Rec,Folder,Dropbox,MultiModal/LungTumor/microCT/wk11/wk11_19_Rec,wk11_19_Rec,507860726.0,583.0,copy,microCT,11.0,M19,atwai:/data0/core/atwai/Anderson_Scott/Multimodal/MultiModal Lung tumor test/raw data/wk11_19_Rec,Dropbox:MultiModal/LungTumor,copy of the reconstruction,False
Dropbox:MultiModal/LungTumor/microCT/wk11/wk11_67_Rec,Folder,Dropbox,MultiModal/LungTumor/microCT/wk11/wk11_67_Rec,wk11_67_Rec,525663497.0,603.0,copy,microCT,11.0,M67,atwai:/data0/core/atwai/Anderson_Scott/Multimodal/MultiModal Lung tumor test/raw data/wk11_67_Rec,Dropbox:MultiModal/LungTumor,copy of the reconstruction,False
Dropbox:MultiModal/LungTumor/microCT/wk11/wk11_68_Rec,Folder,Dropbox,MultiModal/LungTumor/microCT/wk11/wk11_68_Rec,wk11_68_Rec,559327015.0,642.0,copy,microCT,11.0,M68,atwai:/data0/core/atwai/Anderson_Scott/Multimodal/MultiModal Lung tumor test/raw data/wk11_68_Rec,Dropbox:MultiModal/LungTumor,copy of the reconstruction,False
Dropbox:MultiModal/LungTumor/microCT/wk11/wk11_69_Rec,Folder,Dropbox,MultiModal/LungTumor/microCT/wk11/wk11_69_Rec,wk11_69_Rec,564045138.0,647.0,copy,microCT,11.0,M69,atwai:/data0/core/atwai/Anderson_Scott/Multimodal/MultiModal Lung tumor test/raw data/wk11_69_Rec,Dropbox:MultiModal/LungTumor,copy of the reconstruction,False
Dropbox:MultiModal/LungTumor/microCT/wk11/wk11_75_Rec,Folder,Dropbox,MultiModal/LungTumor/microCT/wk11/wk11_75_Rec,wk11_75_Rec,525663497.0,603.0,copy,microCT,11.0,M75,atwai:/data0/core/atwai/Anderson_Scott/Multimodal/MultiModal Lung tumor test/raw data/wk11_75_Rec,Dropbox:MultiModal/LungTumor,copy of the reconstruction,False
Dropbox:MultiModal/LungTumor/microCT/wk7/A_none_Rec,Folder,Dropbox,MultiModal/LungTumor/microCT/wk7/A_none_Rec,A_none_Rec,493713161.0,572.0,copy,microCT,7.0,,,Dropbox:MultiModal/LungTumor,"copy named by cage and ear punch, not mouse ID",False
Dropbox:MultiModal/LungTumor/microCT/wk7/B_1L1R_Rec,Folder,Dropbox,MultiModal/LungTumor/microCT/wk7/B_1L1R_Rec,B_1L1R_Rec,542324624.0,605.0,copy,microCT,7.0,,,Dropbox:MultiModal/LungTumor,"copy named by cage and ear punch, not mouse ID",False
Dropbox:MultiModal/LungTumor/microCT/wk7/B_1Left_Rec,Folder,Dropbox,MultiModal/LungTumor/microCT/wk7/B_1Left_Rec,B_1Left_Rec,461571768.0,515.0,copy,microCT,7.0,,,Dropbox:MultiModal/LungTumor,"copy named by cage and ear punch, not mouse ID",False
Dropbox:MultiModal/LungTumor/microCT/wk7/B_2Left_Rec,Folder,Dropbox,MultiModal/LungTumor/microCT/wk7/B_2Left_Rec,B_2Left_Rec,471441562.0,526.0,copy,microCT,7.0,,,Dropbox:MultiModal/LungTumor,"copy named by cage and ear punch, not mouse ID",False
Dropbox:MultiModal/LungTumor/microCT/wk7/B_none_Rec,Folder,Dropbox,MultiModal/LungTumor/microCT/wk7/B_none_Rec,B_none_Rec,505537209.0,564.0,copy,microCT,7.0,,,Dropbox:MultiModal/LungTumor,"copy named by cage and ear punch, not mouse ID",False
Dropbox:MultiModal/LungTumor/microCT/wk7/C_1LR0_Rec,Folder,Dropbox,MultiModal/LungTumor/microCT/wk7/C_1LR0_Rec,C_1LR0_Rec,551887726.0,616.0,copy,microCT,7.0,,,Dropbox:MultiModal/LungTumor,"copy named by cage and ear punch, not mouse ID",False
Dropbox:MultiModal/LungTumor/microCT/wk7/C_L1_Rec,Folder,Dropbox,MultiModal/LungTumor/microCT/wk7/C_L1_Rec,C_L1_Rec,485797612.0,542.0,copy,microCT,7.0,,,Dropbox:MultiModal/LungTumor,"copy named by cage and ear punch, not mouse ID",False
Dropbox:MultiModal/LungTumor/microCT/wk7/C_L2R1_Rec,Folder,Dropbox,MultiModal/LungTumor/microCT/wk7/C_L2R1_Rec,C_L2R1_Rec,542915194.0,606.0,copy,microCT,7.0,,,Dropbox:MultiModal/LungTumor,"copy named by cage and ear punch, not mouse ID",False
Dropbox:MultiModal/LungTumor/microCT/wk7/C_L2_Rec,Folder,Dropbox,MultiModal/LungTumor/microCT/wk7/C_L2_Rec,C_L2_Rec,310829621.0,346.0,copy,microCT,7.0,,,Dropbox:MultiModal/LungTumor,"copy named by cage and ear punch, not mouse ID",False
Dropbox:MultiModal/LungTumor/microCT/wk7/D_left_Rec,Folder,Dropbox,MultiModal/LungTumor/microCT/wk7/D_left_Rec,D_left_Rec,526174051.0,587.0,copy,microCT,7.0,,,Dropbox:MultiModal/LungTumor,"copy named by cage and ear punch, not mouse ID",False
Dropbox:MultiModal/LungTumor/microCT/wk7/D_none_Rec,Folder,Dropbox,MultiModal/LungTumor/microCT/wk7/D_none_Rec,D_none_Rec,555893946.0,644.0,copy,microCT,7.0,,,Dropbox:MultiModal/LungTumor,"copy named by cage and ear punch, not mouse ID",False
Dropbox:MultiModal/LungTumor/microCT/wk7/E_left_Rec,Folder,Dropbox,MultiModal/LungTumor/microCT/wk7/E_left_Rec,E_left_Rec,572302764.0,663.0,copy,microCT,7.0,,,Dropbox:MultiModal/LungTumor,"copy named by cage and ear punch, not mouse ID",False
Dropbox:MultiModal/LungTumor/microCT/wk7/E_none_Rec,Folder,Dropbox,MultiModal/LungTumor/microCT/wk7/E_none_Rec,E_none_Rec,478167965.0,554.0,copy,microCT,7.0,,,Dropbox:MultiModal/LungTumor,"copy named by cage and ear punch, not mouse ID",False
Dropbox:MultiModal/LungTumor/microCT/wk8/wk8_10_Rec,Folder,Dropbox,MultiModal/LungTumor/microCT/wk8/wk8_10_Rec,wk8_10_Rec,572474429.0,629.0,copy,microCT,8.0,M10,atwai:/data0/core/atwai/Anderson_Scott/Multimodal/MultiModal Lung tumor test/raw data/wk8_10_Rec,Dropbox:MultiModal/LungTumor,copy of the reconstruction,False
Dropbox:MultiModal/LungTumor/microCT/wk8/wk8_11_Rec,Folder,Dropbox,MultiModal/LungTumor/microCT/wk8/wk8_11_Rec,wk8_11_Rec,523983053.0,577.0,copy,microCT,8.0,M11,atwai:/data0/core/atwai/Anderson_Scott/Multimodal/MultiModal Lung tumor test/raw data/wk8_11_Rec,Dropbox:MultiModal/LungTumor,copy of the reconstruction,False
Dropbox:MultiModal/LungTumor/microCT/wk8/wk8_12_Rec,Folder,Dropbox,MultiModal/LungTumor/microCT/wk8/wk8_12_Rec,wk8_12_Rec,559741145.0,616.0,copy,microCT,8.0,M12,atwai:/data0/core/atwai/Anderson_Scott/Multimodal/MultiModal Lung tumor test/raw data/wk8_12_Rec,Dropbox:MultiModal/LungTumor,copy of the reconstruction,False
Dropbox:MultiModal/LungTumor/microCT/wk8/wk8_13_Rec,Folder,Dropbox,MultiModal/LungTumor/microCT/wk8/wk8_13_Rec,wk8_13_Rec,635869510.0,700.0,copy,microCT,8.0,M13,atwai:/data0/core/atwai/Anderson_Scott/Multimodal/MultiModal Lung tumor test/raw data/wk8_13_Rec,Dropbox:MultiModal/LungTumor,copy of the reconstruction,False
Dropbox:MultiModal/LungTumor/microCT/wk8/wk8_14_Rec,Folder,Dropbox,MultiModal/LungTumor/microCT/wk8/wk8_14_Rec,wk8_14_Rec,554283269.0,610.0,copy,microCT,8.0,M14,atwai:/data0/core/atwai/Anderson_Scott/Multimodal/MultiModal Lung tumor test/raw data/wk8_14_Rec,Dropbox:MultiModal/LungTumor,copy of the reconstruction,False
Dropbox:MultiModal/LungTumor/microCT/wk8/wk8_15_Rec,Folder,Dropbox,MultiModal/LungTumor/microCT/wk8/wk8_15_Rec,wk8_15_Rec,515168490.0,567.0,copy,microCT,8.0,M15,atwai:/data0/core/atwai/Anderson_Scott/Multimodal/MultiModal Lung tumor test/raw data/wk8_15_Rec,Dropbox:MultiModal/LungTumor,copy of the reconstruction,False
Dropbox:MultiModal/LungTumor/microCT/wk8/wk8_17_Rec,Folder,Dropbox,MultiModal/LungTumor/microCT/wk8/wk8_17_Rec,wk8_17_Rec,475144066.0,523.0,copy,microCT,8.0,M17,atwai:/data0/core/atwai/Anderson_Scott/Multimodal/MultiModal Lung tumor test/raw data/wk8_17_Rec,Dropbox:MultiModal/LungTumor,copy of the reconstruction,False
Dropbox:MultiModal/LungTumor/microCT/wk8/wk8_18_Rec,Folder,Dropbox,MultiModal/LungTumor/microCT/wk8/wk8_18_Rec,wk8_18_Rec,532451764.0,586.0,copy,microCT,8.0,M18,atwai:/data0/core/atwai/Anderson_Scott/Multimodal/MultiModal Lung tumor test/raw data/wk8_18_Rec,Dropbox:MultiModal/LungTumor,copy of the reconstruction,False
Dropbox:MultiModal/LungTumor/microCT/wk8/wk8_19_Rec,Folder,Dropbox,MultiModal/LungTumor/microCT/wk8/wk8_19_Rec,wk8_19_Rec,518807075.0,571.0,copy,microCT,8.0,M19,atwai:/data0/core/atwai/Anderson_Scott/Multimodal/MultiModal Lung tumor test/raw data/wk8_19_Rec,Dropbox:MultiModal/LungTumor,copy of the reconstruction,False
Dropbox:MultiModal/LungTumor/microCT/wk8/wk8_67_Rec,Folder,Dropbox,MultiModal/LungTumor/microCT/wk8/wk8_67_Rec,wk8_67_Rec,517897429.0,570.0,copy,microCT,8.0,M67,atwai:/data0/core/atwai/Anderson_Scott/Multimodal/MultiModal Lung tumor test/raw data/wk8_67_Rec,Dropbox:MultiModal/LungTumor,copy of the reconstruction,False
Dropbox:MultiModal/LungTumor/microCT/wk8/wk8_68_Rec,Folder,Dropbox,MultiModal/LungTumor/microCT/wk8/wk8_68_Rec,wk8_68_Rec,601584861.0,662.0,copy,microCT,8.0,M68,atwai:/data0/core/atwai/Anderson_Scott/Multimodal/MultiModal Lung tumor test/raw data/wk8_68_Rec,Dropbox:MultiModal/LungTumor,copy of the reconstruction,False
Dropbox:MultiModal/LungTumor/microCT/wk8/wk8_69_Rec,Folder,Dropbox,MultiModal/LungTumor/microCT/wk8/wk8_69_Rec,wk8_69_Rec,590669108.0,650.0,copy,microCT,8.0,M69,atwai:/data0/core/atwai/Anderson_Scott/Multimodal/MultiModal Lung tumor test/raw data/wk8_69_Rec,Dropbox:MultiModal/LungTumor,copy of the reconstruction,False
Dropbox:MultiModal/LungTumor/microCT/wk8/wk8_69_gut1_Rec,Folder,Dropbox,MultiModal/LungTumor/microCT/wk8/wk8_69_gut1_Rec,wk8_69_gut1_Rec,701364042.0,772.0,raw,microCT,8.0,M69,,Dropbox:MultiModal/LungTumor,extra scan of this mouse,False
Dropbox:MultiModal/LungTumor/microCT/wk8/wk8_69_gut2_Rec,Folder,Dropbox,MultiModal/LungTumor/microCT/wk8/wk8_69_gut2_Rec,wk8_69_gut2_Rec,675893956.0,744.0,raw,microCT,8.0,M69,,Dropbox:MultiModal/LungTumor,extra scan of this mouse,False
Dropbox:MultiModal/LungTumor/microCT/wk8/wk8_75_Rec,Folder,Dropbox,MultiModal/LungTumor/microCT/wk8/wk8_75_Rec,wk8_75_Rec,561560436.0,618.0,copy,microCT,8.0,M75,atwai:/data0/core/atwai/Anderson_Scott/Multimodal/MultiModal Lung tumor test/raw data/wk8_75_Rec,Dropbox:MultiModal/LungTumor,copy of the reconstruction,False
Dropbox:MultiModal/LungTumor/microCT/wk9/wk9_10_Rec,Folder,Dropbox,MultiModal/LungTumor/microCT/wk9/wk9_10_Rec,wk9_10_Rec,625863421.0,689.0,copy,microCT,9.0,M10,atwai:/data0/core/atwai/Anderson_Scott/Multimodal/MultiModal Lung tumor test/raw data/wk9_10_Rec,Dropbox:MultiModal/LungTumor,copy of the reconstruction,False
Dropbox:MultiModal/LungTumor/microCT/wk9/wk9_11_Rec,Folder,Dropbox,MultiModal/LungTumor/microCT/wk9/wk9_11_Rec,wk9_11_Rec,623134483.0,686.0,copy,microCT,9.0,M11,atwai:/data0/core/atwai/Anderson_Scott/Multimodal/MultiModal Lung tumor test/raw data/wk9_11_Rec,Dropbox:MultiModal/LungTumor,copy of the reconstruction,False
Dropbox:MultiModal/LungTumor/microCT/wk9/wk9_12B_Rec,Folder,Dropbox,MultiModal/LungTumor/microCT/wk9/wk9_12B_Rec,wk9_12B_Rec,583110064.0,642.0,raw,microCT,9.0,M12,,Dropbox:MultiModal/LungTumor,extra scan of this mouse,False
Dropbox:MultiModal/LungTumor/microCT/wk9/wk9_12_Rec,Folder,Dropbox,MultiModal/LungTumor/microCT/wk9/wk9_12_Rec,wk9_12_Rec,611309085.0,673.0,copy,microCT,9.0,M12,atwai:/data0/core/atwai/Anderson_Scott/Multimodal/MultiModal Lung tumor test/raw data/wk9_12_Rec,Dropbox:MultiModal/LungTumor,copy of the reconstruction,False
Dropbox:MultiModal/LungTumor/microCT/wk9/wk9_13_Rec,Folder,Dropbox,MultiModal/LungTumor/microCT/wk9/wk9_13_Rec,wk9_13_Rec,613128378.0,675.0,copy,microCT,9.0,M13,atwai:/data0/core/atwai/Anderson_Scott/Multimodal/MultiModal Lung tumor test/raw data/wk9_13_Rec,Dropbox:MultiModal/LungTumor,copy of the reconstruction,False
Dropbox:MultiModal/LungTumor/microCT/wk9/wk9_14_Rec,Folder,Dropbox,MultiModal/LungTumor/microCT/wk9/wk9_14_Rec,wk9_14_Rec,556730326.0,613.0,copy,microCT,9.0,M14,atwai:/data0/core/atwai/Anderson_Scott/Multimodal/MultiModal Lung tumor test/raw data/wk9_14_Rec,Dropbox:MultiModal/LungTumor,copy of the reconstruction,False
Dropbox:MultiModal/LungTumor/microCT/wk9/wk9_15_Rec,Folder,Dropbox,MultiModal/LungTumor/microCT/wk9/wk9_15_Rec,wk9_15_Rec,587658290.0,647.0,copy,microCT,9.0,M15,atwai:/data0/core/atwai/Anderson_Scott/Multimodal/MultiModal Lung tumor test/raw data/wk9_15_Rec,Dropbox:MultiModal/LungTumor,copy of the reconstruction,False
Dropbox:MultiModal/LungTumor/microCT/wk9/wk9_17_Rec,Folder,Dropbox,MultiModal/LungTumor/microCT/wk9/wk9_17_Rec,wk9_17_Rec,577652183.0,636.0,copy,microCT,9.0,M17,atwai:/data0/core/atwai/Anderson_Scott/Multimodal/MultiModal Lung tumor test/raw data/wk9_17_Rec,Dropbox:MultiModal/LungTumor,copy of the reconstruction,False
Dropbox:MultiModal/LungTumor/microCT/wk9/wk9_18_Rec,Folder,Dropbox,MultiModal/LungTumor/microCT/wk9/wk9_18_Rec,wk9_18_Rec,591296873.0,651.0,copy,microCT,9.0,M18,atwai:/data0/core/atwai/Anderson_Scott/Multimodal/MultiModal Lung tumor test/raw data/wk9_18_Rec,Dropbox:MultiModal/LungTumor,copy of the reconstruction,False
Dropbox:MultiModal/LungTumor/microCT/wk9/wk9_19_Rec,Folder,Dropbox,MultiModal/LungTumor/microCT/wk9/wk9_19_Rec,wk9_19_Rec,658610678.0,725.0,copy,microCT,9.0,M19,atwai:/data0/core/atwai/Anderson_Scott/Multimodal/MultiModal Lung tumor test/raw data/wk9_19_Rec,Dropbox:MultiModal/LungTumor,copy of the reconstruction,False
Dropbox:MultiModal/LungTumor/microCT/wk9/wk9_67_Rec,Folder,Dropbox,MultiModal/LungTumor/microCT/wk9/wk9_67_Rec,wk9_67_Rec,613128377.0,675.0,copy,microCT,9.0,M67,atwai:/data0/core/atwai/Anderson_Scott/Multimodal/MultiModal Lung tumor test/raw data/wk9_67_Rec,Dropbox:MultiModal/LungTumor,copy of the reconstruction,False
Dropbox:MultiModal/LungTumor/microCT/wk9/wk9_68_Rec,Folder,Dropbox,MultiModal/LungTumor/microCT/wk9/wk9_68_Rec,wk9_68_Rec,566736432.0,624.0,copy,microCT,9.0,M68,atwai:/data0/core/atwai/Anderson_Scott/Multimodal/MultiModal Lung tumor test/raw data/wk9_68_Rec,Dropbox:MultiModal/LungTumor,copy of the reconstruction,False
Dropbox:MultiModal/LungTumor/microCT/wk9/wk9_69_Rec,Folder,Dropbox,MultiModal/LungTumor/microCT/wk9/wk9_69_Rec,wk9_69_Rec,611309085.0,673.0,copy,microCT,9.0,M69,atwai:/data0/core/atwai/Anderson_Scott/Multimodal/MultiModal Lung tumor test/raw data/wk9_69_Rec,Dropbox:MultiModal/LungTumor,copy of the reconstruction,False
Dropbox:MultiModal/LungTumor/microCT/wk9/wk9_75B_Rec,Folder,Dropbox,MultiModal/LungTumor/microCT/wk9/wk9_75B_Rec,wk9_75B_Rec,615857319.0,678.0,raw,microCT,9.0,M75,,Dropbox:MultiModal/LungTumor,extra scan of this mouse,False
Dropbox:MultiModal/LungTumor/microCT/wk9/wk9_75_Rec,Folder,Dropbox,MultiModal/LungTumor/microCT/wk9/wk9_75_Rec,wk9_75_Rec,820412.0,2.0,copy,microCT,9.0,M75,atwai:/data0/core/atwai/Anderson_Scott/Multimodal/MultiModal Lung tumor test/raw data/wk9_75_Rec,Dropbox:MultiModal/LungTumor,copy of the reconstruction,False
Dropbox:MultiModal/LungTumor/MRI/01-29-2024/15-week7.tif,File,Dropbox,MultiModal/LungTumor/MRI/01-29-2024/15-week7.tif,15-week7.tif,12092648.0,,derived,MRI,7.0,M15,,Dropbox:MultiModal/LungTumor,exported image / overlay / ROI set,False
Dropbox:MultiModal/LungTumor/MRI/01-29-2024/13-week7.tif,File,Dropbox,MultiModal/LungTumor/MRI/01-29-2024/13-week7.tif,13-week7.tif,12092649.0,,derived,MRI,7.0,M13,,Dropbox:MultiModal/LungTumor,exported image / overlay / ROI set,False
Dropbox:MultiModal/LungTumor/MRI/01-29-2024/11.dcm,File,Dropbox,MultiModal/LungTumor/MRI/01-29-2024/11.dcm,11.dcm,6041172.0,,raw,MRI,7.0,M11,,Dropbox:MultiModal/LungTumor,original DICOM,False
Dropbox:MultiModal/LungTumor/MRI/01-29-2024/14.dcm,File,Dropbox,MultiModal/LungTumor/MRI/01-29-2024/14.dcm,14.dcm,6041174.0,,raw,MRI,7.0,M14,,Dropbox:MultiModal/LungTumor,original DICOM,False
Dropbox:MultiModal/LungTumor/MRI/01-29-2024/15.dcm,File,Dropbox,MultiModal/LungTumor/MRI/01-29-2024/15.dcm,15.dcm,6041174.0,,raw,MRI,7.0,M15,,Dropbox:MultiModal/LungTumor,original DICOM,False
Dropbox:MultiModal/LungTumor/MRI/01-29-2024/17-week7.tif,File,Dropbox,MultiModal/LungTumor/MRI/01-29-2024/17-week7.tif,17-week7.tif,12092650.0,,derived,MRI,7.0,M17,,Dropbox:MultiModal/LungTumor,exported image / overlay / ROI set,False
Dropbox:MultiModal/LungTumor/MRI/01-29-2024/14-week7.tif,File,Dropbox,MultiModal/LungTumor/MRI/01-29-2024/14-week7.tif,14-week7.tif,12092649.0,,derived,MRI,7.0,M14,,Dropbox:MultiModal/LungTumor,exported image / overlay / ROI set,False
Dropbox:MultiModal/LungTumor/MRI/01-29-2024/18.dcm,File,Dropbox,MultiModal/LungTumor/MRI/01-29-2024/18.dcm,18.dcm,6041306.0,,raw,MRI,7.0,M18,,Dropbox:MultiModal/LungTumor,original DICOM,False
Dropbox:MultiModal/LungTumor/MRI/01-29-2024/67.dcm,File,Dropbox,MultiModal/LungTumor/MRI/01-29-2024/67.dcm,67.dcm,6041174.0,,raw,MRI,7.0,M67,,Dropbox:MultiModal/LungTumor,original DICOM,False
Dropbox:MultiModal/LungTumor/MRI/01-29-2024/19-week7.tif,File,Dropbox,MultiModal/LungTumor/MRI/01-29-2024/19-week7.tif,19-week7.tif,12092649.0,,derived,MRI,7.0,M19,,Dropbox:MultiModal/LungTumor,exported image / overlay / ROI set,False
Dropbox:MultiModal/LungTumor/MRI/01-29-2024/11-week7.tif,File,Dropbox,MultiModal/LungTumor/MRI/01-29-2024/11-week7.tif,11-week7.tif,12092646.0,,derived,MRI,7.0,M11,,Dropbox:MultiModal/LungTumor,exported image / overlay / ROI set,False
Dropbox:MultiModal/LungTumor/MRI/01-29-2024/12-week7.tif,File,Dropbox,MultiModal/LungTumor/MRI/01-29-2024/12-week7.tif,12-week7.tif,12092646.0,,derived,MRI,7.0,M12,,Dropbox:MultiModal/LungTumor,exported image / overlay / ROI set,False
Dropbox:MultiModal/LungTumor/MRI/01-29-2024/68.dcm,File,Dropbox,MultiModal/LungTumor/MRI/01-29-2024/68.dcm,68.dcm,6041174.0,,raw,MRI,7.0,M68,,Dropbox:MultiModal/LungTumor,original DICOM,False
Dropbox:MultiModal/LungTumor/MRI/01-29-2024/75.dcm,File,Dropbox,MultiModal/LungTumor/MRI/01-29-2024/75.dcm,75.dcm,6041172.0,,raw,MRI,7.0,M75,,Dropbox:MultiModal/LungTumor,original DICOM,False
Dropbox:MultiModal/LungTumor/MRI/01-29-2024/19.dcm,File,Dropbox,MultiModal/LungTumor/MRI/01-29-2024/19.dcm,19.dcm,6041174.0,,raw,MRI,7.0,M19,,Dropbox:MultiModal/LungTumor,original DICOM,False
Dropbox:MultiModal/LungTumor/MRI/01-29-2024/18-week7.tif,File,Dropbox,MultiModal/LungTumor/MRI/01-29-2024/18-week7.tif,18-week7.tif,12092914.0,,derived,MRI,7.0,M18,,Dropbox:MultiModal/LungTumor,exported image / overlay / ROI set,False
Dropbox:MultiModal/LungTumor/MRI/01-29-2024/69.dcm,File,Dropbox,MultiModal/LungTumor/MRI/01-29-2024/69.dcm,69.dcm,6041174.0,,raw,MRI,7.0,M69,,Dropbox:MultiModal/LungTumor,original DICOM,False
Dropbox:MultiModal/LungTumor/MRI/01-29-2024/10-week7.tif,File,Dropbox,MultiModal/LungTumor/MRI/01-29-2024/10-week7.tif,10-week7.tif,12092652.0,,derived,MRI,7.0,M10,,Dropbox:MultiModal/LungTumor,exported image / overlay / ROI set,False
Dropbox:MultiModal/LungTumor/MRI/01-29-2024/12.dcm,File,Dropbox,MultiModal/LungTumor/MRI/01-29-2024/12.dcm,12.dcm,6041174.0,,raw,MRI,7.0,M12,,Dropbox:MultiModal/LungTumor,original DICOM,False
Dropbox:MultiModal/LungTumor/MRI/01-29-2024/10.dcm,File,Dropbox,MultiModal/LungTumor/MRI/01-29-2024/10.dcm,10.dcm,6041174.0,,raw,MRI,7.0,M10,,Dropbox:MultiModal/LungTumor,original DICOM,False
Dropbox:MultiModal/LungTumor/MRI/01-29-2024/1013.dcm,File,Dropbox,MultiModal/LungTumor/MRI/01-29-2024/1013.dcm,1013.dcm,6041174.0,,raw,MRI,7.0,M13,,Dropbox:MultiModal/LungTumor,original DICOM,False
Dropbox:MultiModal/LungTumor/MRI/01-29-2024/17.dcm,File,Dropbox,MultiModal/LungTumor/MRI/01-29-2024/17.dcm,17.dcm,6041174.0,,raw,MRI,7.0,M17,,Dropbox:MultiModal/LungTumor,original DICOM,False
Dropbox:MultiModal/LungTumor/MRI/02-05-2024/19-week8.tif,File,Dropbox,MultiModal/LungTumor/MRI/02-05-2024/19-week8.tif,19-week8.tif,12092647.0,,derived,MRI,8.0,M19,,Dropbox:MultiModal/LungTumor,exported image / overlay / ROI set,False
Dropbox:MultiModal/LungTumor/MRI/02-05-2024/18-week8.tif,File,Dropbox,MultiModal/LungTumor/MRI/02-05-2024/18-week8.tif,18-week8.tif,12092646.0,,derived,MRI,8.0,M18,,Dropbox:MultiModal/LungTumor,exported image / overlay / ROI set,False
Dropbox:MultiModal/LungTumor/MRI/02-05-2024/13-week8.tif,File,Dropbox,MultiModal/LungTumor/MRI/02-05-2024/13-week8.tif,13-week8.tif,12092653.0,,derived,MRI,8.0,M13,,Dropbox:MultiModal/LungTumor,exported image / overlay / ROI set,False
Dropbox:MultiModal/LungTumor/MRI/02-05-2024/15-week8.tif,File,Dropbox,MultiModal/LungTumor/MRI/02-05-2024/15-week8.tif,15-week8.tif,12092650.0,,derived,MRI,8.0,M15,,Dropbox:MultiModal/LungTumor,exported image / overlay / ROI set,False
Dropbox:MultiModal/LungTumor/MRI/02-05-2024/11.dcm,File,Dropbox,MultiModal/LungTumor/MRI/02-05-2024/11.dcm,11.dcm,6041170.0,,raw,MRI,8.0,M11,,Dropbox:MultiModal/LungTumor,original DICOM,False
Dropbox:MultiModal/LungTumor/MRI/02-05-2024/14.dcm,File,Dropbox,MultiModal/LungTumor/MRI/02-05-2024/14.dcm,14.dcm,6041172.0,,raw,MRI,8.0,M14,,Dropbox:MultiModal/LungTumor,original DICOM,False
Dropbox:MultiModal/LungTumor/MRI/02-05-2024/15.dcm,File,Dropbox,MultiModal/LungTumor/MRI/02-05-2024/15.dcm,15.dcm,6041172.0,,raw,MRI,8.0,M15,,Dropbox:MultiModal/LungTumor,original DICOM,False
Dropbox:MultiModal/LungTumor/MRI/02-05-2024/18.dcm,File,Dropbox,MultiModal/LungTumor/MRI/02-05-2024/18.dcm,18.dcm,6041170.0,,raw,MRI,8.0,M18,,Dropbox:MultiModal/LungTumor,original DICOM,False
Dropbox:MultiModal/LungTumor/MRI/02-05-2024/12-week8.tif,File,Dropbox,MultiModal/LungTumor/MRI/02-05-2024/12-week8.tif,12-week8.tif,12092650.0,,derived,MRI,8.0,M12,,Dropbox:MultiModal/LungTumor,exported image / overlay / ROI set,False
Dropbox:MultiModal/LungTumor/MRI/02-05-2024/67.dcm,File,Dropbox,MultiModal/LungTumor/MRI/02-05-2024/67.dcm,67.dcm,6041172.0,,raw,MRI,8.0,M67,,Dropbox:MultiModal/LungTumor,original DICOM,False
Dropbox:MultiModal/LungTumor/MRI/02-05-2024/11.dcm_Tumor_Overlay.tif,File,Dropbox,MultiModal/LungTumor/MRI/02-05-2024/11.dcm_Tumor_Overlay.tif,11.dcm_Tumor_Overlay.tif,12093976.0,,derived,MRI,8.0,M11,,Dropbox:MultiModal/LungTumor,exported image / overlay / ROI set,False
Dropbox:MultiModal/LungTumor/MRI/02-05-2024/68.dcm,File,Dropbox,MultiModal/LungTumor/MRI/02-05-2024/68.dcm,68.dcm,6041172.0,,raw,MRI,8.0,M68,,Dropbox:MultiModal/LungTumor,original DICOM,False
Dropbox:MultiModal/LungTumor/MRI/02-05-2024/75.dcm,File,Dropbox,MultiModal/LungTumor/MRI/02-05-2024/75.dcm,75.dcm,6041172.0,,raw,MRI,8.0,M75,,Dropbox:MultiModal/LungTumor,original DICOM,False
Dropbox:MultiModal/LungTumor/MRI/02-05-2024/17-week8.tif,File,Dropbox,MultiModal/LungTumor/MRI/02-05-2024/17-week8.tif,17-week8.tif,12092646.0,,derived,MRI,8.0,M17,,Dropbox:MultiModal/LungTumor,exported image / overlay / ROI set,False
Dropbox:MultiModal/LungTumor/MRI/02-05-2024/11-week8.tif,File,Dropbox,MultiModal/LungTumor/MRI/02-05-2024/11-week8.tif,11-week8.tif,12092643.0,,derived,MRI,8.0,M11,,Dropbox:MultiModal/LungTumor,exported image / overlay / ROI set,False
Dropbox:MultiModal/LungTumor/MRI/02-05-2024/19.dcm,File,Dropbox,MultiModal/LungTumor/MRI/02-05-2024/19.dcm,19.dcm,6041172.0,,raw,MRI,8.0,M19,,Dropbox:MultiModal/LungTumor,original DICOM,False
Dropbox:MultiModal/LungTumor/MRI/02-05-2024/10-week8.tif,File,Dropbox,MultiModal/LungTumor/MRI/02-05-2024/10-week8.tif,10-week8.tif,12092648.0,,derived,MRI,8.0,M10,,Dropbox:MultiModal/LungTumor,exported image / overlay / ROI set,False
Dropbox:MultiModal/LungTumor/MRI/02-05-2024/69.dcm,File,Dropbox,MultiModal/LungTumor/MRI/02-05-2024/69.dcm,69.dcm,6041172.0,,raw,MRI,8.0,M69,,Dropbox:MultiModal/LungTumor,original DICOM,False
Dropbox:MultiModal/LungTumor/MRI/02-05-2024/14-week8.tif,File,Dropbox,MultiModal/LungTumor/MRI/02-05-2024/14-week8.tif,14-week8.tif,12092643.0,,derived,MRI,8.0,M14,,Dropbox:MultiModal/LungTumor,exported image / overlay / ROI set,False
Dropbox:MultiModal/LungTumor/MRI/02-05-2024/12.dcm,File,Dropbox,MultiModal/LungTumor/MRI/02-05-2024/12.dcm,12.dcm,6041172.0,,raw,MRI,8.0,M12,,Dropbox:MultiModal/LungTumor,original DICOM,False
Dropbox:MultiModal/LungTumor/MRI/02-05-2024/10.dcm,File,Dropbox,MultiModal/LungTumor/MRI/02-05-2024/10.dcm,10.dcm,6041172.0,,raw,MRI,8.0,M10,,Dropbox:MultiModal/LungTumor,original DICOM,False
Dropbox:MultiModal/LungTumor/MRI/02-05-2024/10.dcm_Tumor_Overlay.tif,File,Dropbox,MultiModal/LungTumor/MRI/02-05-2024/10.dcm_Tumor_Overlay.tif,10.dcm_Tumor_Overlay.tif,12093976.0,,derived,MRI,8.0,M10,,Dropbox:MultiModal/LungTumor,exported image / overlay / ROI set,False
Dropbox:MultiModal/LungTumor/MRI/02-05-2024/1013.dcm,File,Dropbox,MultiModal/LungTumor/MRI/02-05-2024/1013.dcm,1013.dcm,6041174.0,,raw,MRI,8.0,M13,,Dropbox:MultiModal/LungTumor,original DICOM,False
Dropbox:MultiModal/LungTumor/MRI/02-05-2024/17.dcm,File,Dropbox,MultiModal/LungTumor/MRI/02-05-2024/17.dcm,17.dcm,6041172.0,,raw,MRI,8.0,M17,,Dropbox:MultiModal/LungTumor,original DICOM,False
Dropbox:MultiModal/LungTumor/MRI/02-26-2024/17-week11.tif,File,Dropbox,MultiModal/LungTumor/MRI/02-26-2024/17-week11.tif,17-week11.tif,12092648.0,,derived,MRI,11.0,M17,,Dropbox:MultiModal/LungTumor,exported image / overlay / ROI set,False
Dropbox:MultiModal/LungTumor/MRI/02-26-2024/14coronal.dcm,File,Dropbox,MultiModal/LungTumor/MRI/02-26-2024/14coronal.dcm,14coronal.dcm,4728832.0,,raw,MRI,11.0,M14,,Dropbox:MultiModal/LungTumor,original DICOM,False
Dropbox:MultiModal/LungTumor/MRI/02-26-2024/11.dcm,File,Dropbox,MultiModal/LungTumor/MRI/02-26-2024/11.dcm,11.dcm,6041172.0,,raw,MRI,11.0,M11,,Dropbox:MultiModal/LungTumor,original DICOM,False
Dropbox:MultiModal/LungTumor/MRI/02-26-2024/14.dcm,File,Dropbox,MultiModal/LungTumor/MRI/02-26-2024/14.dcm,14.dcm,6041172.0,,raw,MRI,11.0,M14,,Dropbox:MultiModal/LungTumor,original DICOM,False
Dropbox:MultiModal/LungTumor/MRI/02-26-2024/15.dcm,File,Dropbox,MultiModal/LungTumor/MRI/02-26-2024/15.dcm,15.dcm,6041172.0,,raw,MRI,11.0,M15,,Dropbox:MultiModal/LungTumor,original DICOM,False
Dropbox:MultiModal/LungTumor/MRI/02-26-2024/14-week11.tif,File,Dropbox,MultiModal/LungTumor/MRI/02-26-2024/14-week11.tif,14-week11.tif,12092651.0,,derived,MRI,11.0,M14,,Dropbox:MultiModal/LungTumor,exported image / overlay / ROI set,False
Dropbox:MultiModal/LungTumor/MRI/02-26-2024/18.dcm,File,Dropbox,MultiModal/LungTumor/MRI/02-26-2024/18.dcm,18.dcm,6041172.0,,raw,MRI,11.0,M18,,Dropbox:MultiModal/LungTumor,original DICOM,False
Dropbox:MultiModal/LungTumor/MRI/02-26-2024/67.dcm,File,Dropbox,MultiModal/LungTumor/MRI/02-26-2024/67.dcm,67.dcm,6041172.0,,raw,MRI,11.0,M67,,Dropbox:MultiModal/LungTumor,original DICOM,False
Dropbox:MultiModal/LungTumor/MRI/02-26-2024/19-week11.tif,File,Dropbox,MultiModal/LungTumor/MRI/02-26-2024/19-week11.tif,19-week11.tif,12092648.0,,derived,MRI,11.0,M19,,Dropbox:MultiModal/LungTumor,exported image / overlay / ROI set,False
Dropbox:MultiModal/LungTumor/MRI/02-26-2024/15-week11.tif,File,Dropbox,MultiModal/LungTumor/MRI/02-26-2024/15-week11.tif,15-week11.tif,12092648.0,,derived,MRI,11.0,M15,,Dropbox:MultiModal/LungTumor,exported image / overlay / ROI set,False
Dropbox:MultiModal/LungTumor/MRI/02-26-2024/68.dcm,File,Dropbox,MultiModal/LungTumor/MRI/02-26-2024/68.dcm,68.dcm,6041172.0,,raw,MRI,11.0,M68,,Dropbox:MultiModal/LungTumor,original DICOM,False
Dropbox:MultiModal/LungTumor/MRI/02-26-2024/12-week11.tif,File,Dropbox,MultiModal/LungTumor/MRI/02-26-2024/12-week11.tif,12-week11.tif,12092646.0,,derived,MRI,11.0,M12,,Dropbox:MultiModal/LungTumor,exported image / overlay / ROI set,False
Dropbox:MultiModal/LungTumor/MRI/02-26-2024/75.dcm,File,Dropbox,MultiModal/LungTumor/MRI/02-26-2024/75.dcm,75.dcm,6041172.0,,raw,MRI,11.0,M75,,Dropbox:MultiModal/LungTumor,original DICOM,False
Dropbox:MultiModal/LungTumor/MRI/02-26-2024/18-week11.tif,File,Dropbox,MultiModal/LungTumor/MRI/02-26-2024/18-week11.tif,18-week11.tif,12092650.0,,derived,MRI,11.0,M18,,Dropbox:MultiModal/LungTumor,exported image / overlay / ROI set,False
Dropbox:MultiModal/LungTumor/MRI/02-26-2024/19.dcm,File,Dropbox,MultiModal/LungTumor/MRI/02-26-2024/19.dcm,19.dcm,6041172.0,,raw,MRI,11.0,M19,,Dropbox:MultiModal/LungTumor,original DICOM,False
Dropbox:MultiModal/LungTumor/MRI/02-26-2024/69.dcm,File,Dropbox,MultiModal/LungTumor/MRI/02-26-2024/69.dcm,69.dcm,6041170.0,,raw,MRI,11.0,M69,,Dropbox:MultiModal/LungTumor,original DICOM,False
Dropbox:MultiModal/LungTumor/MRI/02-26-2024/12.dcm,File,Dropbox,MultiModal/LungTumor/MRI/02-26-2024/12.dcm,12.dcm,6041170.0,,raw,MRI,11.0,M12,,Dropbox:MultiModal/LungTumor,original DICOM,False
Dropbox:MultiModal/LungTumor/MRI/02-26-2024/11-week11.tif,File,Dropbox,MultiModal/LungTumor/MRI/02-26-2024/11-week11.tif,11-week11.tif,12092648.0,,derived,MRI,11.0,M11,,Dropbox:MultiModal/LungTumor,exported image / overlay / ROI set,False
Dropbox:MultiModal/LungTumor/MRI/02-26-2024/10.dcm,File,Dropbox,MultiModal/LungTumor/MRI/02-26-2024/10.dcm,10.dcm,6041170.0,,raw,MRI,11.0,M10,,Dropbox:MultiModal/LungTumor,original DICOM,False
Dropbox:MultiModal/LungTumor/MRI/02-26-2024/1013.dcm,File,Dropbox,MultiModal/LungTumor/MRI/02-26-2024/1013.dcm,1013.dcm,6041174.0,,raw,MRI,11.0,M13,,Dropbox:MultiModal/LungTumor,original DICOM,False
Dropbox:MultiModal/LungTumor/MRI/02-26-2024/13-week11.tif,File,Dropbox,MultiModal/LungTumor/MRI/02-26-2024/13-week11.tif,13-week11.tif,12092656.0,,derived,MRI,11.0,M13,,Dropbox:MultiModal/LungTumor,exported image / overlay / ROI set,False
Dropbox:MultiModal/LungTumor/MRI/02-26-2024/10-week11.tif,File,Dropbox,MultiModal/LungTumor/MRI/02-26-2024/10-week11.tif,10-week11.tif,12092644.0,,derived,MRI,11.0,M10,,Dropbox:MultiModal/LungTumor,exported image / overlay / ROI set,False
Dropbox:MultiModal/LungTumor/MRI/02-26-2024/17.dcm,File,Dropbox,MultiModal/LungTumor/MRI/02-26-2024/17.dcm,17.dcm,6041172.0,,raw,MRI,11.0,M17,,Dropbox:MultiModal/LungTumor,original DICOM,False
Dropbox:MultiModal/LungTumor/MRI/03-11-2024/10-week13.tif,File,Dropbox,MultiModal/LungTumor/MRI/03-11-2024/10-week13.tif,10-week13.tif,12092645.0,,derived,MRI,13.0,M10,,Dropbox:MultiModal/LungTumor,exported image / overlay / ROI set,False
Dropbox:MultiModal/LungTumor/MRI/03-11-2024/14-week13.tif,File,Dropbox,MultiModal/LungTumor/MRI/03-11-2024/14-week13.tif,14-week13.tif,12092651.0,,derived,MRI,13.0,M14,,Dropbox:MultiModal/LungTumor,exported image / overlay / ROI set,False
Dropbox:MultiModal/LungTumor/MRI/03-11-2024/18-week13.tif,File,Dropbox,MultiModal/LungTumor/MRI/03-11-2024/18-week13.tif,18-week13.tif,12092652.0,,derived,MRI,13.0,M18,,Dropbox:MultiModal/LungTumor,exported image / overlay / ROI set,False
Dropbox:MultiModal/LungTumor/MRI/03-11-2024/11.dcm,File,Dropbox,MultiModal/LungTumor/MRI/03-11-2024/11.dcm,11.dcm,6041174.0,,raw,MRI,13.0,M11,,Dropbox:MultiModal/LungTumor,original DICOM,False
Dropbox:MultiModal/LungTumor/MRI/03-11-2024/14.dcm,File,Dropbox,MultiModal/LungTumor/MRI/03-11-2024/14.dcm,14.dcm,6041172.0,,raw,MRI,13.0,M14,,Dropbox:MultiModal/LungTumor,original DICOM,False
Dropbox:MultiModal/LungTumor/MRI/03-11-2024/15.dcm,File,Dropbox,MultiModal/LungTumor/MRI/03-11-2024/15.dcm,15.dcm,6041174.0,,raw,MRI,13.0,M15,,Dropbox:MultiModal/LungTumor,original DICOM,False
Dropbox:MultiModal/LungTumor/MRI/03-11-2024/19-week13.tif,File,Dropbox,MultiModal/LungTumor/MRI/03-11-2024/19-week13.tif,19-week13.tif,12092650.0,,derived,MRI,13.0,M19,,Dropbox:MultiModal/LungTumor,exported image / overlay / ROI set,False
Dropbox:MultiModal/LungTumor/MRI/03-11-2024/13-week13.tif,File,Dropbox,MultiModal/LungTumor/MRI/03-11-2024/13-week13.tif,13-week13.tif,12092652.0,,derived,MRI,13.0,M13,,Dropbox:MultiModal/LungTumor,exported image / overlay / ROI set,False
Dropbox:MultiModal/LungTumor/MRI/03-11-2024/15-week13.tif,File,Dropbox,MultiModal/LungTumor/MRI/03-11-2024/15-week13.tif,15-week13.tif,12092653.0,,derived,MRI,13.0,M15,,Dropbox:MultiModal/LungTumor,exported image / overlay / ROI set,False
Dropbox:MultiModal/LungTumor/MRI/03-11-2024/11-week13.tif,File,Dropbox,MultiModal/LungTumor/MRI/03-11-2024/11-week13.tif,11-week13.tif,12092647.0,,derived,MRI,13.0,M11,,Dropbox:MultiModal/LungTumor,exported image / overlay / ROI set,False
Dropbox:MultiModal/LungTumor/MRI/03-11-2024/12-week13.tif,File,Dropbox,MultiModal/LungTumor/MRI/03-11-2024/12-week13.tif,12-week13.tif,12092652.0,,derived,MRI,13.0,M12,,Dropbox:MultiModal/LungTumor,exported image / overlay / ROI set,False
Dropbox:MultiModal/LungTumor/MRI/03-11-2024/18.dcm,File,Dropbox,MultiModal/LungTumor/MRI/03-11-2024/18.dcm,18.dcm,6041174.0,,raw,MRI,13.0,M18,,Dropbox:MultiModal/LungTumor,original DICOM,False
Dropbox:MultiModal/LungTumor/MRI/03-11-2024/67.dcm,File,Dropbox,MultiModal/LungTumor/MRI/03-11-2024/67.dcm,67.dcm,6041174.0,,raw,MRI,13.0,M67,,Dropbox:MultiModal/LungTumor,original DICOM,False
Dropbox:MultiModal/LungTumor/MRI/03-11-2024/68.dcm,File,Dropbox,MultiModal/LungTumor/MRI/03-11-2024/68.dcm,68.dcm,6041174.0,,raw,MRI,13.0,M68,,Dropbox:MultiModal/LungTumor,original DICOM,False
Dropbox:MultiModal/LungTumor/MRI/03-11-2024/19.dcm,File,Dropbox,MultiModal/LungTumor/MRI/03-11-2024/19.dcm,19.dcm,6041172.0,,raw,MRI,13.0,M19,,Dropbox:MultiModal/LungTumor,original DICOM,False
Dropbox:MultiModal/LungTumor/MRI/03-11-2024/69.dcm,File,Dropbox,MultiModal/LungTumor/MRI/03-11-2024/69.dcm,69.dcm,6041174.0,,raw,MRI,13.0,M69,,Dropbox:MultiModal/LungTumor,original DICOM,False
Dropbox:MultiModal/LungTumor/MRI/03-11-2024/17-week13.tif,File,Dropbox,MultiModal/LungTumor/MRI/03-11-2024/17-week13.tif,17-week13.tif,12092654.0,,derived,MRI,13.0,M17,,Dropbox:MultiModal/LungTumor,exported image / overlay / ROI set,False
Dropbox:MultiModal/LungTumor/MRI/03-11-2024/12.dcm,File,Dropbox,MultiModal/LungTumor/MRI/03-11-2024/12.dcm,12.dcm,6041174.0,,raw,MRI,13.0,M12,,Dropbox:MultiModal/LungTumor,original DICOM,False
Dropbox:MultiModal/LungTumor/MRI/03-11-2024/10.dcm,File,Dropbox,MultiModal/LungTumor/MRI/03-11-2024/10.dcm,10.dcm,6041172.0,,raw,MRI,13.0,M10,,Dropbox:MultiModal/LungTumor,original DICOM,False
Dropbox:MultiModal/LungTumor/MRI/03-11-2024/1013.dcm,File,Dropbox,MultiModal/LungTumor/MRI/03-11-2024/1013.dcm,1013.dcm,6041174.0,,raw,MRI,13.0,M13,,Dropbox:MultiModal/LungTumor,original DICOM,False
Dropbox:MultiModal/LungTumor/MRI/03-11-2024/17.dcm,File,Dropbox,MultiModal/LungTumor/MRI/03-11-2024/17.dcm,17.dcm,6041174.0,,raw,MRI,13.0,M17,,Dropbox:MultiModal/LungTumor,original DICOM,False
Dropbox:MultiModal/LungTumor/MRI/01-22-2024/11-week6.tif,File,Dropbox,MultiModal/LungTumor/MRI/01-22-2024/11-week6.tif,11-week6.tif,12092638.0,,derived,MRI,6.0,M11,,Dropbox:MultiModal/LungTumor,exported image / overlay / ROI set,False
Dropbox:MultiModal/LungTumor/MRI/01-22-2024/17-week6.tif,File,Dropbox,MultiModal/LungTumor/MRI/01-22-2024/17-week6.tif,17-week6.tif,12092636.0,,derived,MRI,6.0,M17,,Dropbox:MultiModal/LungTumor,exported image / overlay / ROI set,False
Dropbox:MultiModal/LungTumor/MRI/01-22-2024/11.dcm,File,Dropbox,MultiModal/LungTumor/MRI/01-22-2024/11.dcm,11.dcm,6041176.0,,raw,MRI,6.0,M11,,Dropbox:MultiModal/LungTumor,original DICOM,False
Dropbox:MultiModal/LungTumor/MRI/01-22-2024/14.dcm,File,Dropbox,MultiModal/LungTumor/MRI/01-22-2024/14.dcm,14.dcm,6041174.0,,raw,MRI,6.0,M14,,Dropbox:MultiModal/LungTumor,original DICOM,False
Dropbox:MultiModal/LungTumor/MRI/01-22-2024/15.dcm,File,Dropbox,MultiModal/LungTumor/MRI/01-22-2024/15.dcm,15.dcm,6041174.0,,raw,MRI,6.0,M15,,Dropbox:MultiModal/LungTumor,original DICOM,False
Dropbox:MultiModal/LungTumor/MRI/01-22-2024/18.dcm,File,Dropbox,MultiModal/LungTumor/MRI/01-22-2024/18.dcm,18.dcm,6041174.0,,raw,MRI,6.0,M18,,Dropbox:MultiModal/LungTumor,original DICOM,False
Dropbox:MultiModal/LungTumor/MRI/01-22-2024/67.dcm,File,Dropbox,MultiModal/LungTumor/MRI/01-22-2024/67.dcm,67.dcm,6041176.0,,raw,MRI,6.0,M67,,Dropbox:MultiModal/LungTumor,original DICOM,False
Dropbox:MultiModal/LungTumor/MRI/01-22-2024/14-week6.tif,File,Dropbox,MultiModal/LungTumor/MRI/01-22-2024/14-week6.tif,14-week6.tif,12092630.0,,derived,MRI,6.0,M14,,Dropbox:MultiModal/LungTumor,exported image / overlay / ROI set,False
Dropbox:MultiModal/LungTumor/MRI/01-22-2024/10-week6.tif,File,Dropbox,MultiModal/LungTumor/MRI/01-22-2024/10-week6.tif,10-week6.tif,12092635.0,,derived,MRI,6.0,M10,,Dropbox:MultiModal/LungTumor,exported image / overlay / ROI set,False
Dropbox:MultiModal/LungTumor/MRI/01-22-2024/68.dcm,File,Dropbox,MultiModal/LungTumor/MRI/01-22-2024/68.dcm,68.dcm,6041174.0,,raw,MRI,6.0,M68,,Dropbox:MultiModal/LungTumor,original DICOM,False
Dropbox:MultiModal/LungTumor/MRI/01-22-2024/19-week6.tif,File,Dropbox,MultiModal/LungTumor/MRI/01-22-2024/19-week6.tif,19-week6.tif,12092632.0,,derived,MRI,6.0,M19,,Dropbox:MultiModal/LungTumor,exported image / overlay / ROI set,False
Dropbox:MultiModal/LungTumor/MRI/01-22-2024/75.dcm,File,Dropbox,MultiModal/LungTumor/MRI/01-22-2024/75.dcm,75.dcm,6040900.0,,raw,MRI,6.0,M75,,Dropbox:MultiModal/LungTumor,original DICOM,False
Dropbox:MultiModal/LungTumor/MRI/01-22-2024/18-week6.tif,File,Dropbox,MultiModal/LungTumor/MRI/01-22-2024/18-week6.tif,18-week6.tif,12092634.0,,derived,MRI,6.0,M18,,Dropbox:MultiModal/LungTumor,exported image / overlay / ROI set,False
Dropbox:MultiModal/LungTumor/MRI/01-22-2024/15-week6.tif,File,Dropbox,MultiModal/LungTumor/MRI/01-22-2024/15-week6.tif,15-week6.tif,12092634.0,,derived,MRI,6.0,M15,,Dropbox:MultiModal/LungTumor,exported image / overlay / ROI set,False
Dropbox:MultiModal/LungTumor/MRI/01-22-2024/19.dcm,File,Dropbox,MultiModal/LungTumor/MRI/01-22-2024/19.dcm,19.dcm,6041174.0,,raw,MRI,6.0,M19,,Dropbox:MultiModal/LungTumor,original DICOM,False
Dropbox:MultiModal/LungTumor/MRI/01-22-2024/69.dcm,File,Dropbox,MultiModal/LungTumor/MRI/01-22-2024/69.dcm,69.dcm,6041174.0,,raw,MRI,6.0,M69,,Dropbox:MultiModal/LungTumor,original DICOM,False
Dropbox:MultiModal/LungTumor/MRI/01-22-2024/13-week6.tif,File,Dropbox,MultiModal/LungTumor/MRI/01-22-2024/13-week6.tif,13-week6.tif,12092094.0,,derived,MRI,6.0,M13,,Dropbox:MultiModal/LungTumor,exported image / overlay / ROI set,False
Dropbox:MultiModal/LungTumor/MRI/01-22-2024/12-week6.tif,File,Dropbox,MultiModal/LungTumor/MRI/01-22-2024/12-week6.tif,12-week6.tif,12092634.0,,derived,MRI,6.0,M12,,Dropbox:MultiModal/LungTumor,exported image / overlay / ROI set,False
Dropbox:MultiModal/LungTumor/MRI/01-22-2024/12.dcm,File,Dropbox,MultiModal/LungTumor/MRI/01-22-2024/12.dcm,12.dcm,6041174.0,,raw,MRI,6.0,M12,,Dropbox:MultiModal/LungTumor,original DICOM,False
Dropbox:MultiModal/LungTumor/MRI/01-22-2024/10.dcm,File,Dropbox,MultiModal/LungTumor/MRI/01-22-2024/10.dcm,10.dcm,6041174.0,,raw,MRI,6.0,M10,,Dropbox:MultiModal/LungTumor,original DICOM,False
Dropbox:MultiModal/LungTumor/MRI/01-22-2024/1013.dcm,File,Dropbox,MultiModal/LungTumor/MRI/01-22-2024/1013.dcm,1013.dcm,6040904.0,,raw,MRI,6.0,M13,,Dropbox:MultiModal/LungTumor,original DICOM,False
Dropbox:MultiModal/LungTumor/MRI/01-22-2024/17.dcm,File,Dropbox,MultiModal/LungTumor/MRI/01-22-2024/17.dcm,17.dcm,6041176.0,,raw,MRI,6.0,M17,,Dropbox:MultiModal/LungTumor,original DICOM,False
Dropbox:MultiModal/LungTumor/MRI/02-16-2024/1013_T1_axial.dcm,File,Dropbox,MultiModal/LungTumor/MRI/02-16-2024/1013_T1_axial.dcm,1013_T1_axial.dcm,6041324.0,,raw,MRI,10.0,M13,,Dropbox:MultiModal/LungTumor,original DICOM,False
Dropbox:MultiModal/LungTumor/MRI/02-16-2024/1013_T2_axial.dcm,File,Dropbox,MultiModal/LungTumor/MRI/02-16-2024/1013_T2_axial.dcm,1013_T2_axial.dcm,6041306.0,,raw,MRI,10.0,M13,,Dropbox:MultiModal/LungTumor,original DICOM,False
Dropbox:MultiModal/LungTumor/MRI/02-16-2024/1013.tif,File,Dropbox,MultiModal/LungTumor/MRI/02-16-2024/1013.tif,1013.tif,9216182.0,,derived,MRI,10.0,M13,,Dropbox:MultiModal/LungTumor,exported image / overlay / ROI set,False
Dropbox:MultiModal/LungTumor/MRI/02-16-2024/13_T2_week10.tif,File,Dropbox,MultiModal/LungTumor/MRI/02-16-2024/13_T2_week10.tif,13_T2_week10.tif,12092919.0,,derived,MRI,10.0,M13,,Dropbox:MultiModal/LungTumor,exported image / overlay / ROI set,False
Dropbox:MultiModal/LungTumor/MRI/02-16-2024/13_T1_week10.tif,File,Dropbox,MultiModal/LungTumor/MRI/02-16-2024/13_T1_week10.tif,13_T1_week10.tif,12092982.0,,derived,MRI,10.0,M13,,Dropbox:MultiModal/LungTumor,exported image / overlay / ROI set,False
Dropbox:MultiModal/LungTumor/MRI/02-16-2024/1013_T1_conoral.dcm,File,Dropbox,MultiModal/LungTumor/MRI/02-16-2024/1013_T1_conoral.dcm,1013_T1_conoral.dcm,4728604.0,,raw,MRI,10.0,M13,,Dropbox:MultiModal/LungTumor,original DICOM,False
Dropbox:MultiModal/LungTumor/MRI/02-16-2024/1013_T2_coronal.dcm,File,Dropbox,MultiModal/LungTumor/MRI/02-16-2024/1013_T2_coronal.dcm,1013_T2_coronal.dcm,4728580.0,,raw,MRI,10.0,M13,,Dropbox:MultiModal/LungTumor,original DICOM,False
Dropbox:MultiModal/LungTumor/MRI/02-12-2024/10-week9.tif,File,Dropbox,MultiModal/LungTumor/MRI/02-12-2024/10-week9.tif,10-week9.tif,12092652.0,,derived,MRI,9.0,M10,,Dropbox:MultiModal/LungTumor,exported image / overlay / ROI set,False
Dropbox:MultiModal/LungTumor/MRI/02-12-2024/12-week9.tif,File,Dropbox,MultiModal/LungTumor/MRI/02-12-2024/12-week9.tif,12-week9.tif,12092650.0,,derived,MRI,9.0,M12,,Dropbox:MultiModal/LungTumor,exported image / overlay / ROI set,False
Dropbox:MultiModal/LungTumor/MRI/02-12-2024/11-week9.tif,File,Dropbox,MultiModal/LungTumor/MRI/02-12-2024/11-week9.tif,11-week9.tif,12092652.0,,derived,MRI,9.0,M11,,Dropbox:MultiModal/LungTumor,exported image / overlay / ROI set,False
Dropbox:MultiModal/LungTumor/MRI/02-12-2024/11.dcm,File,Dropbox,MultiModal/LungTumor/MRI/02-12-2024/11.dcm,11.dcm,6041174.0,,raw,MRI,9.0,M11,,Dropbox:MultiModal/LungTumor,original DICOM,False
Dropbox:MultiModal/LungTumor/MRI/02-12-2024/14.dcm,File,Dropbox,MultiModal/LungTumor/MRI/02-12-2024/14.dcm,14.dcm,6041174.0,,raw,MRI,9.0,M14,,Dropbox:MultiModal/LungTumor,original DICOM,False
Dropbox:MultiModal/LungTumor/MRI/02-12-2024/15.dcm,File,Dropbox,MultiModal/LungTumor/MRI/02-12-2024/15.dcm,15.dcm,6041172.0,,raw,MRI,9.0,M15,,Dropbox:MultiModal/LungTumor,original DICOM,False
Dropbox:MultiModal/LungTumor/MRI/02-12-2024/17-week9.tif,File,Dropbox,MultiModal/LungTumor/MRI/02-12-2024/17-week9.tif,17-week9.tif,12092657.0,,derived,MRI,9.0,M17,,Dropbox:MultiModal/LungTumor,exported image / overlay / ROI set,False
Dropbox:MultiModal/LungTumor/MRI/02-12-2024/15-week9.tif,File,Dropbox,MultiModal/LungTumor/MRI/02-12-2024/15-week9.tif,15-week9.tif,12092647.0,,derived,MRI,9.0,M15,,Dropbox:MultiModal/LungTumor,exported image / overlay / ROI set,False
Dropbox:MultiModal/LungTumor/MRI/02-12-2024/14-week9.tif,File,Dropbox,MultiModal/LungTumor/MRI/02-12-2024/14-week9.tif,14-week9.tif,12092650.0,,derived,MRI,9.0,M14,,Dropbox:MultiModal/LungTumor,exported image / overlay / ROI set,False
Dropbox:MultiModal/LungTumor/MRI/02-12-2024/18.dcm,File,Dropbox,MultiModal/LungTumor/MRI/02-12-2024/18.dcm,18.dcm,6041174.0,,raw,MRI,9.0,M18,,Dropbox:MultiModal/LungTumor,original DICOM,False
Dropbox:MultiModal/LungTumor/MRI/02-12-2024/67.dcm,File,Dropbox,MultiModal/LungTumor/MRI/02-12-2024/67.dcm,67.dcm,6041172.0,,raw,MRI,9.0,M67,,Dropbox:MultiModal/LungTumor,original DICOM,False
Dropbox:MultiModal/LungTumor/MRI/02-12-2024/13-week9.tif,File,Dropbox,MultiModal/LungTumor/MRI/02-12-2024/13-week9.tif,13-week9.tif,12092653.0,,derived,MRI,9.0,M13,,Dropbox:MultiModal/LungTumor,exported image / overlay / ROI set,False
Dropbox:MultiModal/LungTumor/MRI/02-12-2024/19-week9.tif,File,Dropbox,MultiModal/LungTumor/MRI/02-12-2024/19-week9.tif,19-week9.tif,12092652.0,,derived,MRI,9.0,M19,,Dropbox:MultiModal/LungTumor,exported image / overlay / ROI set,False
Dropbox:MultiModal/LungTumor/MRI/02-12-2024/68.dcm,File,Dropbox,MultiModal/LungTumor/MRI/02-12-2024/68.dcm,68.dcm,6041174.0,,raw,MRI,9.0,M68,,Dropbox:MultiModal/LungTumor,original DICOM,False
Dropbox:MultiModal/LungTumor/MRI/02-12-2024/75.dcm,File,Dropbox,MultiModal/LungTumor/MRI/02-12-2024/75.dcm,75.dcm,6041172.0,,raw,MRI,9.0,M75,,Dropbox:MultiModal/LungTumor,original DICOM,False
Dropbox:MultiModal/LungTumor/MRI/02-12-2024/1013_coronal.dcm,File,Dropbox,MultiModal/LungTumor/MRI/02-12-2024/1013_coronal.dcm,1013_coronal.dcm,4728550.0,,raw,MRI,9.0,M13,,Dropbox:MultiModal/LungTumor,original DICOM,False
Dropbox:MultiModal/LungTumor/MRI/02-12-2024/19.dcm,File,Dropbox,MultiModal/LungTumor/MRI/02-12-2024/19.dcm,19.dcm,6041174.0,,raw,MRI,9.0,M19,,Dropbox:MultiModal/LungTumor,original DICOM,False
Dropbox:MultiModal/LungTumor/MRI/02-12-2024/69.dcm,File,Dropbox,MultiModal/LungTumor/MRI/02-12-2024/69.dcm,69.dcm,6041176.0,,raw,MRI,9.0,M69,,Dropbox:MultiModal/LungTumor,original DICOM,False
Dropbox:MultiModal/LungTumor/MRI/02-12-2024/18-week9.tif,File,Dropbox,MultiModal/LungTumor/MRI/02-12-2024/18-week9.tif,18-week9.tif,12092652.0,,derived,MRI,9.0,M18,,Dropbox:MultiModal/LungTumor,exported image / overlay / ROI set,False
Dropbox:MultiModal/LungTumor/MRI/02-12-2024/12.dcm,File,Dropbox,MultiModal/LungTumor/MRI/02-12-2024/12.dcm,12.dcm,6041172.0,,raw,MRI,9.0,M12,,Dropbox:MultiModal/LungTumor,original DICOM,False
Dropbox:MultiModal/LungTumor/MRI/02-12-2024/10.dcm,File,Dropbox,MultiModal/LungTumor/MRI/02-12-2024/10.dcm,10.dcm,6041174.0,,raw,MRI,9.0,M10,,Dropbox:MultiModal/LungTumor,original DICOM,False
Dropbox:MultiModal/LungTumor/MRI/02-12-2024/1013.dcm,File,Dropbox,MultiModal/LungTumor/MRI/02-12-2024/1013.dcm,1013.dcm,6041174.0,,raw,MRI,9.0,M13,,Dropbox:MultiModal/LungTumor,original DICOM,False
Dropbox:MultiModal/LungTumor/MRI/02-12-2024/17.dcm,File,Dropbox,MultiModal/LungTumor/MRI/02-12-2024/17.dcm,17.dcm,6041176.0,,raw,MRI,9.0,M17,,Dropbox:MultiModal/LungTumor,original DICOM,False
Dropbox:MultiModal/LungTumor/MRI/03-18-2024/67.tif,File,Dropbox,MultiModal/LungTumor/MRI/03-18-2024/67.tif,67.tif,12092654.0,,derived,MRI,14.0,M67,,Dropbox:MultiModal/LungTumor,exported image / overlay / ROI set,False
Dropbox:MultiModal/LungTumor/MRI/03-18-2024/17-T2W.dcm,File,Dropbox,MultiModal/LungTumor/MRI/03-18-2024/17-T2W.dcm,17-T2W.dcm,6041174.0,,raw,MRI,14.0,M17,,Dropbox:MultiModal/LungTumor,original DICOM,False
Dropbox:MultiModal/LungTumor/MRI/03-18-2024/13-week14.tif,File,Dropbox,MultiModal/LungTumor/MRI/03-18-2024/13-week14.tif,13-week14.tif,12092665.0,,derived,MRI,14.0,M13,,Dropbox:MultiModal/LungTumor,exported image / overlay / ROI set,False
Dropbox:MultiModal/LungTumor/MRI/03-18-2024/10-week14.tif,File,Dropbox,MultiModal/LungTumor/MRI/03-18-2024/10-week14.tif,10-week14.tif,12092651.0,,derived,MRI,14.0,M10,,Dropbox:MultiModal/LungTumor,exported image / overlay / ROI set,False
Dropbox:MultiModal/LungTumor/MRI/03-18-2024/68.tif,File,Dropbox,MultiModal/LungTumor/MRI/03-18-2024/68.tif,68.tif,12092653.0,,derived,MRI,14.0,M68,,Dropbox:MultiModal/LungTumor,exported image / overlay / ROI set,False
Dropbox:MultiModal/LungTumor/MRI/03-18-2024/11.dcm,File,Dropbox,MultiModal/LungTumor/MRI/03-18-2024/11.dcm,11.dcm,6041172.0,,raw,MRI,14.0,M11,,Dropbox:MultiModal/LungTumor,original DICOM,False
Dropbox:MultiModal/LungTumor/MRI/03-18-2024/14.dcm,File,Dropbox,MultiModal/LungTumor/MRI/03-18-2024/14.dcm,14.dcm,6041176.0,,raw,MRI,14.0,M14,,Dropbox:MultiModal/LungTumor,original DICOM,False
Dropbox:MultiModal/LungTumor/MRI/03-18-2024/15.dcm,File,Dropbox,MultiModal/LungTumor/MRI/03-18-2024/15.dcm,15.dcm,6041174.0,,raw,MRI,14.0,M15,,Dropbox:MultiModal/LungTumor,original DICOM,False
Dropbox:MultiModal/LungTumor/MRI/03-18-2024/12T2axial-week12.ORSObject,File,Dropbox,MultiModal/LungTumor/MRI/03-18-2024/12T2axial-week12.ORSObject,12T2axial-week12.ORSObject,8718908.0,,derived,MRI,14.0,M12,,Dropbox:MultiModal/LungTumor,exported image / overlay / ROI set,False
Dropbox:MultiModal/LungTumor/MRI/03-18-2024/18.dcm,File,Dropbox,MultiModal/LungTumor/MRI/03-18-2024/18.dcm,18.dcm,6041174.0,,raw,MRI,14.0,M18,,Dropbox:MultiModal/LungTumor,original DICOM,False
Dropbox:MultiModal/LungTumor/MRI/03-18-2024/18-week14.tif,File,Dropbox,MultiModal/LungTumor/MRI/03-18-2024/18-week14.tif,18-week14.tif,12092653.0,,derived,MRI,14.0,M18,,Dropbox:MultiModal/LungTumor,exported image / overlay / ROI set,False
Dropbox:MultiModal/LungTumor/MRI/03-18-2024/67.dcm,File,Dropbox,MultiModal/LungTumor/MRI/03-18-2024/67.dcm,67.dcm,6041176.0,,raw,MRI,14.0,M67,,Dropbox:MultiModal/LungTumor,original DICOM,False
Dropbox:MultiModal/LungTumor/MRI/03-18-2024/15-week14.tif,File,Dropbox,MultiModal/LungTumor/MRI/03-18-2024/15-week14.tif,15-week14.tif,12092654.0,,derived,MRI,14.0,M15,,Dropbox:MultiModal/LungTumor,exported image / overlay / ROI set,False
Dropbox:MultiModal/LungTumor/MRI/03-18-2024/11-week14.tif,File,Dropbox,MultiModal/LungTumor/MRI/03-18-2024/11-week14.tif,11-week14.tif,12092647.0,,derived,MRI,14.0,M11,,Dropbox:MultiModal/LungTumor,exported image / overlay / ROI set,False
Dropbox:MultiModal/LungTumor/MRI/03-18-2024/68.dcm,File,Dropbox,MultiModal/LungTumor/MRI/03-18-2024/68.dcm,68.dcm,6041174.0,,raw,MRI,14.0,M68,,Dropbox:MultiModal/LungTumor,original DICOM,False
Dropbox:MultiModal/LungTumor/MRI/03-18-2024/1013_RoiSet1.zip,File,Dropbox,MultiModal/LungTumor/MRI/03-18-2024/1013_RoiSet1.zip,1013_RoiSet1.zip,11724.0,,derived,MRI,14.0,M13,,Dropbox:MultiModal/LungTumor,exported image / overlay / ROI set,False
Dropbox:MultiModal/LungTumor/MRI/03-18-2024/19-week14.tif,File,Dropbox,MultiModal/LungTumor/MRI/03-18-2024/19-week14.tif,19-week14.tif,12092649.0,,derived,MRI,14.0,M19,,Dropbox:MultiModal/LungTumor,exported image / overlay / ROI set,False
Dropbox:MultiModal/LungTumor/MRI/03-18-2024/69.tif,File,Dropbox,MultiModal/LungTumor/MRI/03-18-2024/69.tif,69.tif,12092654.0,,derived,MRI,14.0,M69,,Dropbox:MultiModal/LungTumor,exported image / overlay / ROI set,False
Dropbox:MultiModal/LungTumor/MRI/03-18-2024/19.dcm,File,Dropbox,MultiModal/LungTumor/MRI/03-18-2024/19.dcm,19.dcm,6041172.0,,raw,MRI,14.0,M19,,Dropbox:MultiModal/LungTumor,original DICOM,False
Dropbox:MultiModal/LungTumor/MRI/03-18-2024/AIPT_multimodelLung20240304_34_1_1.nii,File,Dropbox,MultiModal/LungTumor/MRI/03-18-2024/AIPT_multimodelLung20240304_34_1_1.nii,AIPT_multimodelLung20240304_34_1_1.nii,20971872.0,,derived,MRI,14.0,,,Dropbox:MultiModal/LungTumor,exported image / overlay / ROI set,False
Dropbox:MultiModal/LungTumor/MRI/03-18-2024/17-T1W.dcm,File,Dropbox,MultiModal/LungTumor/MRI/03-18-2024/17-T1W.dcm,17-T1W.dcm,6041188.0,,raw,MRI,14.0,M17,,Dropbox:MultiModal/LungTumor,original DICOM,False
Dropbox:MultiModal/LungTumor/MRI/03-18-2024/12-week14.tif,File,Dropbox,MultiModal/LungTumor/MRI/03-18-2024/12-week14.tif,12-week14.tif,12092657.0,,derived,MRI,14.0,M12,,Dropbox:MultiModal/LungTumor,exported image / overlay / ROI set,False
Dropbox:MultiModal/LungTumor/MRI/03-18-2024/69.dcm,File,Dropbox,MultiModal/LungTumor/MRI/03-18-2024/69.dcm,69.dcm,6041174.0,,raw,MRI,14.0,M69,,Dropbox:MultiModal/LungTumor,original DICOM,False
Dropbox:MultiModal/LungTumor/MRI/03-18-2024/12.dcm,File,Dropbox,MultiModal/LungTumor/MRI/03-18-2024/12.dcm,12.dcm,6041176.0,,raw,MRI,14.0,M12,,Dropbox:MultiModal/LungTumor,original DICOM,False
Dropbox:MultiModal/LungTumor/MRI/03-18-2024/10.dcm,File,Dropbox,MultiModal/LungTumor/MRI/03-18-2024/10.dcm,10.dcm,6041174.0,,raw,MRI,14.0,M10,,Dropbox:MultiModal/LungTumor,original DICOM,False
Dropbox:MultiModal/LungTumor/MRI/03-18-2024/17-T2W-week14.tif,File,Dropbox,MultiModal/LungTumor/MRI/03-18-2024/17-T2W-week14.tif,17-T2W-week14.tif,12092655.0,,derived,MRI,14.0,M17,,Dropbox:MultiModal/LungTumor,exported image / overlay / ROI set,False
Dropbox:MultiModal/LungTumor/MRI/03-18-2024/1013.dcm,File,Dropbox,MultiModal/LungTumor/MRI/03-18-2024/1013.dcm,1013.dcm,6041180.0,,raw,MRI,14.0,M13,,Dropbox:MultiModal/LungTumor,original DICOM,False
Dropbox:MultiModal/LungTumor/MRI/03-18-2024/14-week14.tif,File,Dropbox,MultiModal/LungTumor/MRI/03-18-2024/14-week14.tif,14-week14.tif,12092652.0,,derived,MRI,14.0,M14,,Dropbox:MultiModal/LungTumor,exported image / overlay / ROI set,False
Dropbox:MultiModal/LungTumor/MRI/03-04-2024/1013T2coronal.dcm,File,Dropbox,MultiModal/LungTumor/MRI/03-04-2024/1013T2coronal.dcm,1013T2coronal.dcm,5253432.0,,raw,MRI,12.0,M13,,Dropbox:MultiModal/LungTumor,original DICOM,False
Dropbox:MultiModal/LungTumor/MRI/03-04-2024/12T2axial-week12.tif,File,Dropbox,MultiModal/LungTumor/MRI/03-04-2024/12T2axial-week12.tif,12T2axial-week12.tif,10516263.0,,derived,MRI,12.0,M12,,Dropbox:MultiModal/LungTumor,exported image / overlay / ROI set,False
Dropbox:MultiModal/LungTumor/MRI/03-04-2024/11-week12.tif,File,Dropbox,MultiModal/LungTumor/MRI/03-04-2024/11-week12.tif,11-week12.tif,10516267.0,,derived,MRI,12.0,M11,,Dropbox:MultiModal/LungTumor,exported image / overlay / ROI set,False
Dropbox:MultiModal/LungTumor/MRI/03-04-2024/1013T2axial.dcm,File,Dropbox,MultiModal/LungTumor/MRI/03-04-2024/1013T2axial.dcm,1013T2axial.dcm,6041202.0,,raw,MRI,12.0,M13,,Dropbox:MultiModal/LungTumor,original DICOM,False
Dropbox:MultiModal/LungTumor/MRI/03-04-2024/19-week12.tif,File,Dropbox,MultiModal/LungTumor/MRI/03-04-2024/19-week12.tif,19-week12.tif,10516265.0,,derived,MRI,12.0,M19,,Dropbox:MultiModal/LungTumor,exported image / overlay / ROI set,False
Dropbox:MultiModal/LungTumor/MRI/03-04-2024/15-week12.tif,File,Dropbox,MultiModal/LungTumor/MRI/03-04-2024/15-week12.tif,15-week12.tif,10516266.0,,derived,MRI,12.0,M15,,Dropbox:MultiModal/LungTumor,exported image / overlay / ROI set,False
Dropbox:MultiModal/LungTumor/MRI/03-04-2024/11.dcm,File,Dropbox,MultiModal/LungTumor/MRI/03-04-2024/11.dcm,11.dcm,5253458.0,,raw,MRI,12.0,M11,,Dropbox:MultiModal/LungTumor,original DICOM,False
Dropbox:MultiModal/LungTumor/MRI/03-04-2024/14.dcm,File,Dropbox,MultiModal/LungTumor/MRI/03-04-2024/14.dcm,14.dcm,5253458.0,,raw,MRI,12.0,M14,,Dropbox:MultiModal/LungTumor,original DICOM,False
Dropbox:MultiModal/LungTumor/MRI/03-04-2024/12T2coronal.dcm,File,Dropbox,MultiModal/LungTumor/MRI/03-04-2024/12T2coronal.dcm,12T2coronal.dcm,5253426.0,,raw,MRI,12.0,M12,,Dropbox:MultiModal/LungTumor,original DICOM,False
Dropbox:MultiModal/LungTumor/MRI/03-04-2024/1013T1axial.dcm,File,Dropbox,MultiModal/LungTumor/MRI/03-04-2024/1013T1axial.dcm,1013T1axial.dcm,5253734.0,,raw,MRI,12.0,M13,,Dropbox:MultiModal/LungTumor,original DICOM,False
Dropbox:MultiModal/LungTumor/MRI/03-04-2024/12T2axial.dcm,File,Dropbox,MultiModal/LungTumor/MRI/03-04-2024/12T2axial.dcm,12T2axial.dcm,5253458.0,,raw,MRI,12.0,M12,,Dropbox:MultiModal/LungTumor,original DICOM,False
Dropbox:MultiModal/LungTumor/MRI/03-04-2024/18.dcm,File,Dropbox,MultiModal/LungTumor/MRI/03-04-2024/18.dcm,18.dcm,5253456.0,,raw,MRI,12.0,M18,,Dropbox:MultiModal/LungTumor,original DICOM,False
Dropbox:MultiModal/LungTumor/MRI/03-04-2024/67.dcm,File,Dropbox,MultiModal/LungTumor/MRI/03-04-2024/67.dcm,67.dcm,5253458.0,,raw,MRI,12.0,M67,,Dropbox:MultiModal/LungTumor,original DICOM,False
Dropbox:MultiModal/LungTumor/MRI/03-04-2024/18-week12.tif,File,Dropbox,MultiModal/LungTumor/MRI/03-04-2024/18-week12.tif,18-week12.tif,10516261.0,,derived,MRI,12.0,M18,,Dropbox:MultiModal/LungTumor,exported image / overlay / ROI set,False
Dropbox:MultiModal/LungTumor/MRI/03-04-2024/68.dcm,File,Dropbox,MultiModal/LungTumor/MRI/03-04-2024/68.dcm,68.dcm,5253456.0,,raw,MRI,12.0,M68,,Dropbox:MultiModal/LungTumor,original DICOM,False
Dropbox:MultiModal/LungTumor/MRI/03-04-2024/10-week12.tif,File,Dropbox,MultiModal/LungTumor/MRI/03-04-2024/10-week12.tif,10-week12.tif,10516291.0,,derived,MRI,12.0,M10,,Dropbox:MultiModal/LungTumor,exported image / overlay / ROI set,False
Dropbox:MultiModal/LungTumor/MRI/03-04-2024/15T2.dcm,File,Dropbox,MultiModal/LungTumor/MRI/03-04-2024/15T2.dcm,15T2.dcm,5253458.0,,raw,MRI,12.0,M15,,Dropbox:MultiModal/LungTumor,original DICOM,False
Dropbox:MultiModal/LungTumor/MRI/03-04-2024/13-week12.tif,File,Dropbox,MultiModal/LungTumor/MRI/03-04-2024/13-week12.tif,13-week12.tif,12092710.0,,derived,MRI,12.0,M13,,Dropbox:MultiModal/LungTumor,exported image / overlay / ROI set,False
Dropbox:MultiModal/LungTumor/MRI/03-04-2024/19.dcm,File,Dropbox,MultiModal/LungTumor/MRI/03-04-2024/19.dcm,19.dcm,5253458.0,,raw,MRI,12.0,M19,,Dropbox:MultiModal/LungTumor,original DICOM,False
Dropbox:MultiModal/LungTumor/MRI/03-04-2024/69.dcm,File,Dropbox,MultiModal/LungTumor/MRI/03-04-2024/69.dcm,69.dcm,5253458.0,,raw,MRI,12.0,M69,,Dropbox:MultiModal/LungTumor,original DICOM,False
Dropbox:MultiModal/LungTumor/MRI/03-04-2024/14-week12.tif,File,Dropbox,MultiModal/LungTumor/MRI/03-04-2024/14-week12.tif,14-week12.tif,10516261.0,,derived,MRI,12.0,M14,,Dropbox:MultiModal/LungTumor,exported image / overlay / ROI set,False
Dropbox:MultiModal/LungTumor/MRI/03-04-2024/10.dcm,File,Dropbox,MultiModal/LungTumor/MRI/03-04-2024/10.dcm,10.dcm,5253470.0,,raw,MRI,12.0,M10,,Dropbox:MultiModal/LungTumor,original DICOM,False
Dropbox:MultiModal/LungTumor/MRI/03-04-2024/15T1.dcm,File,Dropbox,MultiModal/LungTumor/MRI/03-04-2024/15T1.dcm,15T1.dcm,5253480.0,,raw,MRI,12.0,M15,,Dropbox:MultiModal/LungTumor,original DICOM,False
Dropbox:MultiModal/LungTumor/MRI/03-04-2024/17-week12.tif,File,Dropbox,MultiModal/LungTumor/MRI/03-04-2024/17-week12.tif,17-week12.tif,10516264.0,,derived,MRI,12.0,M17,,Dropbox:MultiModal/LungTumor,exported image / overlay / ROI set,False
Dropbox:MultiModal/LungTumor/MRI/03-04-2024/17.dcm,File,Dropbox,MultiModal/LungTumor/MRI/03-04-2024/17.dcm,17.dcm,5253458.0,,raw,MRI,12.0,M17,,Dropbox:MultiModal/LungTumor,original DICOM,False
Dropbox:MultiModal/LungTumor/MRI/XNAT/mouse68/week12/68.dcm,File,Dropbox,MultiModal/LungTumor/MRI/XNAT/mouse68/week12/68.dcm,68.dcm,5253456.0,,copy,MRI,12.0,M68,Dropbox:MultiModal/LungTumor/MRI/03-04-2024/68.dcm,Dropbox:MultiModal/LungTumor,XNAT copy,False
Dropbox:MultiModal/LungTumor/MRI/XNAT/mouse68/week11/68.dcm,File,Dropbox,MultiModal/LungTumor/MRI/XNAT/mouse68/week11/68.dcm,68.dcm,6041172.0,,copy,MRI,11.0,M68,Dropbox:MultiModal/LungTumor/MRI/02-26-2024/68.dcm,Dropbox:MultiModal/LungTumor,XNAT copy,False
Dropbox:MultiModal/LungTumor/MRI/XNAT/mouse68/week6/68.dcm,File,Dropbox,MultiModal/LungTumor/MRI/XNAT/mouse68/week6/68.dcm,68.dcm,6041174.0,,copy,MRI,6.0,M68,Dropbox:MultiModal/LungTumor/MRI/01-22-2024/68.dcm,Dropbox:MultiModal/LungTumor,XNAT copy,False
Dropbox:MultiModal/LungTumor/MRI/XNAT/mouse68/week9/68.dcm,File,Dropbox,MultiModal/LungTumor/MRI/XNAT/mouse68/week9/68.dcm,68.dcm,6041174.0,,copy,MRI,9.0,M68,Dropbox:MultiModal/LungTumor/MRI/02-12-2024/68.dcm,Dropbox:MultiModal/LungTumor,XNAT copy,False
Dropbox:MultiModal/LungTumor/MRI/XNAT/mouse68/week7/68.dcm,File,Dropbox,MultiModal/LungTumor/MRI/XNAT/mouse68/week7/68.dcm,68.dcm,6041174.0,,copy,MRI,7.0,M68,Dropbox:MultiModal/LungTumor/MRI/01-29-2024/68.dcm,Dropbox:MultiModal/LungTumor,XNAT copy,False
Dropbox:MultiModal/LungTumor/MRI/XNAT/mouse68/week8/68.dcm,File,Dropbox,MultiModal/LungTumor/MRI/XNAT/mouse68/week8/68.dcm,68.dcm,6041172.0,,copy,MRI,8.0,M68,Dropbox:MultiModal/LungTumor/MRI/02-05-2024/68.dcm,Dropbox:MultiModal/LungTumor,XNAT copy,False
Dropbox:MultiModal/LungTumor/MRI/XNAT/mouse68/week13/68.dcm,File,Dropbox,MultiModal/LungTumor/MRI/XNAT/mouse68/week13/68.dcm,68.dcm,6041174.0,,copy,MRI,13.0,M68,Dropbox:MultiModal/LungTumor/MRI/03-11-2024/68.dcm,Dropbox:MultiModal/LungTumor,XNAT copy,False
Dropbox:MultiModal/LungTumor/MRI/XNAT/mouse68/week14/68.dcm,File,Dropbox,MultiModal/LungTumor/MRI/XNAT/mouse68/week14/68.dcm,68.dcm,6041174.0,,copy,MRI,14.0,M68,Dropbox:MultiModal/LungTumor/MRI/03-18-2024/68.dcm,Dropbox:MultiModal/LungTumor,XNAT copy,False
Dropbox:MultiModal/LungTumor/MRI/XNAT/mouse75/week11/75.dcm,File,Dropbox,MultiModal/LungTumor/MRI/XNAT/mouse75/week11/75.dcm,75.dcm,6041172.0,,copy,MRI,11.0,M75,Dropbox:MultiModal/LungTumor/MRI/02-26-2024/75.dcm,Dropbox:MultiModal/LungTumor,XNAT copy,False
Dropbox:MultiModal/LungTumor/MRI/XNAT/mouse75/week6/75.dcm,File,Dropbox,MultiModal/LungTumor/MRI/XNAT/mouse75/week6/75.dcm,75.dcm,6040900.0,,copy,MRI,6.0,M75,Dropbox:MultiModal/LungTumor/MRI/01-22-2024/75.dcm,Dropbox:MultiModal/LungTumor,XNAT copy,False
Dropbox:MultiModal/LungTumor/MRI/XNAT/mouse75/week9/75.dcm,File,Dropbox,MultiModal/LungTumor/MRI/XNAT/mouse75/week9/75.dcm,75.dcm,6041172.0,,copy,MRI,9.0,M75,Dropbox:MultiModal/LungTumor/MRI/02-12-2024/75.dcm,Dropbox:MultiModal/LungTumor,XNAT copy,False
Dropbox:MultiModal/LungTumor/MRI/XNAT/mouse75/week7/75.dcm,File,Dropbox,MultiModal/LungTumor/MRI/XNAT/mouse75/week7/75.dcm,75.dcm,6041172.0,,copy,MRI,7.0,M75,Dropbox:MultiModal/LungTumor/MRI/01-29-2024/75.dcm,Dropbox:MultiModal/LungTumor,XNAT copy,False
Dropbox:MultiModal/LungTumor/MRI/XNAT/mouse75/week8/75.dcm,File,Dropbox,MultiModal/LungTumor/MRI/XNAT/mouse75/week8/75.dcm,75.dcm,6041172.0,,copy,MRI,8.0,M75,Dropbox:MultiModal/LungTumor/MRI/02-05-2024/75.dcm,Dropbox:MultiModal/LungTumor,XNAT copy,False
Dropbox:MultiModal/LungTumor/MRI/XNAT/mouse12/week12/12T2axial.dcm,File,Dropbox,MultiModal/LungTumor/MRI/XNAT/mouse12/week12/12T2axial.dcm,12T2axial.dcm,5253458.0,,copy,MRI,12.0,M12,Dropbox:MultiModal/LungTumor/MRI/03-04-2024/12T2coronal.dcm,Dropbox:MultiModal/LungTumor,XNAT copy,False
Dropbox:MultiModal/LungTumor/MRI/XNAT/mouse12/week11/12.dcm,File,Dropbox,MultiModal/LungTumor/MRI/XNAT/mouse12/week11/12.dcm,12.dcm,6041170.0,,copy,MRI,11.0,M12,Dropbox:MultiModal/LungTumor/MRI/02-26-2024/12.dcm,Dropbox:MultiModal/LungTumor,XNAT copy,False
Dropbox:MultiModal/LungTumor/MRI/XNAT/mouse12/week6/12.dcm,File,Dropbox,MultiModal/LungTumor/MRI/XNAT/mouse12/week6/12.dcm,12.dcm,6041174.0,,copy,MRI,6.0,M12,Dropbox:MultiModal/LungTumor/MRI/01-22-2024/12.dcm,Dropbox:MultiModal/LungTumor,XNAT copy,False
Dropbox:MultiModal/LungTumor/MRI/XNAT/mouse12/week9/12.dcm,File,Dropbox,MultiModal/LungTumor/MRI/XNAT/mouse12/week9/12.dcm,12.dcm,6041172.0,,copy,MRI,9.0,M12,Dropbox:MultiModal/LungTumor/MRI/02-12-2024/12.dcm,Dropbox:MultiModal/LungTumor,XNAT copy,False
Dropbox:MultiModal/LungTumor/MRI/XNAT/mouse12/week7/12.dcm,File,Dropbox,MultiModal/LungTumor/MRI/XNAT/mouse12/week7/12.dcm,12.dcm,6041174.0,,copy,MRI,7.0,M12,Dropbox:MultiModal/LungTumor/MRI/01-29-2024/12.dcm,Dropbox:MultiModal/LungTumor,XNAT copy,False
Dropbox:MultiModal/LungTumor/MRI/XNAT/mouse12/week8/12.dcm,File,Dropbox,MultiModal/LungTumor/MRI/XNAT/mouse12/week8/12.dcm,12.dcm,6041172.0,,copy,MRI,8.0,M12,Dropbox:MultiModal/LungTumor/MRI/02-05-2024/12.dcm,Dropbox:MultiModal/LungTumor,XNAT copy,False
Dropbox:MultiModal/LungTumor/MRI/XNAT/mouse12/week13/12.dcm,File,Dropbox,MultiModal/LungTumor/MRI/XNAT/mouse12/week13/12.dcm,12.dcm,6041174.0,,copy,MRI,13.0,M12,Dropbox:MultiModal/LungTumor/MRI/03-11-2024/12.dcm,Dropbox:MultiModal/LungTumor,XNAT copy,False
Dropbox:MultiModal/LungTumor/MRI/XNAT/mouse12/week14/12.dcm,File,Dropbox,MultiModal/LungTumor/MRI/XNAT/mouse12/week14/12.dcm,12.dcm,6041176.0,,copy,MRI,14.0,M12,Dropbox:MultiModal/LungTumor/MRI/03-18-2024/12.dcm,Dropbox:MultiModal/LungTumor,XNAT copy,False
Dropbox:MultiModal/LungTumor/MRI/XNAT/mouse19/week12/19.dcm,File,Dropbox,MultiModal/LungTumor/MRI/XNAT/mouse19/week12/19.dcm,19.dcm,5253458.0,,copy,MRI,12.0,M19,Dropbox:MultiModal/LungTumor/MRI/03-04-2024/19.dcm,Dropbox:MultiModal/LungTumor,XNAT copy,False
Dropbox:MultiModal/LungTumor/MRI/XNAT/mouse19/week11/19.dcm,File,Dropbox,MultiModal/LungTumor/MRI/XNAT/mouse19/week11/19.dcm,19.dcm,6041172.0,,copy,MRI,11.0,M19,Dropbox:MultiModal/LungTumor/MRI/02-26-2024/19.dcm,Dropbox:MultiModal/LungTumor,XNAT copy,False
Dropbox:MultiModal/LungTumor/MRI/XNAT/mouse19/week6/19.dcm,File,Dropbox,MultiModal/LungTumor/MRI/XNAT/mouse19/week6/19.dcm,19.dcm,6041174.0,,copy,MRI,6.0,M19,Dropbox:MultiModal/LungTumor/MRI/01-22-2024/19.dcm,Dropbox:MultiModal/LungTumor,XNAT copy,False
Dropbox:MultiModal/LungTumor/MRI/XNAT/mouse19/week9/19.dcm,File,Dropbox,MultiModal/LungTumor/MRI/XNAT/mouse19/week9/19.dcm,19.dcm,6041174.0,,copy,MRI,9.0,M19,Dropbox:MultiModal/LungTumor/MRI/02-12-2024/19.dcm,Dropbox:MultiModal/LungTumor,XNAT copy,False
Dropbox:MultiModal/LungTumor/MRI/XNAT/mouse19/week7/19.dcm,File,Dropbox,MultiModal/LungTumor/MRI/XNAT/mouse19/week7/19.dcm,19.dcm,6041174.0,,copy,MRI,7.0,M19,Dropbox:MultiModal/LungTumor/MRI/01-29-2024/19.dcm,Dropbox:MultiModal/LungTumor,XNAT copy,False
Dropbox:MultiModal/LungTumor/MRI/XNAT/mouse19/week8/19.dcm,File,Dropbox,MultiModal/LungTumor/MRI/XNAT/mouse19/week8/19.dcm,19.dcm,6041172.0,,copy,MRI,8.0,M19,Dropbox:MultiModal/LungTumor/MRI/02-05-2024/19.dcm,Dropbox:MultiModal/LungTumor,XNAT copy,False
Dropbox:MultiModal/LungTumor/MRI/XNAT/mouse19/week13/19.dcm,File,Dropbox,MultiModal/LungTumor/MRI/XNAT/mouse19/week13/19.dcm,19.dcm,6041172.0,,copy,MRI,13.0,M19,Dropbox:MultiModal/LungTumor/MRI/03-11-2024/19.dcm,Dropbox:MultiModal/LungTumor,XNAT copy,False
Dropbox:MultiModal/LungTumor/MRI/XNAT/mouse19/week14/19.dcm,File,Dropbox,MultiModal/LungTumor/MRI/XNAT/mouse19/week14/19.dcm,19.dcm,6041172.0,,copy,MRI,14.0,M19,Dropbox:MultiModal/LungTumor/MRI/03-18-2024/19.dcm,Dropbox:MultiModal/LungTumor,XNAT copy,False
Dropbox:MultiModal/LungTumor/MRI/XNAT/mouse10/week12/10.dcm,File,Dropbox,MultiModal/LungTumor/MRI/XNAT/mouse10/week12/10.dcm,10.dcm,5253470.0,,copy,MRI,12.0,M10,Dropbox:MultiModal/LungTumor/MRI/03-04-2024/10.dcm,Dropbox:MultiModal/LungTumor,XNAT copy,False
Dropbox:MultiModal/LungTumor/MRI/XNAT/mouse10/week11/10.dcm,File,Dropbox,MultiModal/LungTumor/MRI/XNAT/mouse10/week11/10.dcm,10.dcm,6041170.0,,copy,MRI,11.0,M10,Dropbox:MultiModal/LungTumor/MRI/02-26-2024/10.dcm,Dropbox:MultiModal/LungTumor,XNAT copy,False
Dropbox:MultiModal/LungTumor/MRI/XNAT/mouse10/week6/10-wk6.dcm,File,Dropbox,MultiModal/LungTumor/MRI/XNAT/mouse10/week6/10-wk6.dcm,10-wk6.dcm,6041174.0,,copy,MRI,6.0,M10,Dropbox:MultiModal/LungTumor/MRI/01-22-2024/10.dcm,Dropbox:MultiModal/LungTumor,XNAT copy,False
Dropbox:MultiModal/LungTumor/MRI/XNAT/mouse10/week9/10.dcm,File,Dropbox,MultiModal/LungTumor/MRI/XNAT/mouse10/week9/10.dcm,10.dcm,6041174.0,,copy,MRI,9.0,M10,Dropbox:MultiModal/LungTumor/MRI/02-12-2024/10.dcm,Dropbox:MultiModal/LungTumor,XNAT copy,False
Dropbox:MultiModal/LungTumor/MRI/XNAT/mouse10/week7/10-wk7.dcm,File,Dropbox,MultiModal/LungTumor/MRI/XNAT/mouse10/week7/10-wk7.dcm,10-wk7.dcm,6041174.0,,copy,MRI,7.0,M10,Dropbox:MultiModal/LungTumor/MRI/01-29-2024/10.dcm,Dropbox:MultiModal/LungTumor,XNAT copy,False
Dropbox:MultiModal/LungTumor/MRI/XNAT/mouse10/week8/10.dcm,File,Dropbox,MultiModal/LungTumor/MRI/XNAT/mouse10/week8/10.dcm,10.dcm,6041172.0,,copy,MRI,8.0,M10,Dropbox:MultiModal/LungTumor/MRI/02-05-2024/10.dcm,Dropbox:MultiModal/LungTumor,XNAT copy,False
Dropbox:MultiModal/LungTumor/MRI/XNAT/mouse10/week13/10.dcm,File,Dropbox,MultiModal/LungTumor/MRI/XNAT/mouse10/week13/10.dcm,10.dcm,6041172.0,,copy,MRI,13.0,M10,Dropbox:MultiModal/LungTumor/MRI/03-11-2024/10.dcm,Dropbox:MultiModal/LungTumor,XNAT copy,False
Dropbox:MultiModal/LungTumor/MRI/XNAT/mouse10/week14/10.dcm,File,Dropbox,MultiModal/LungTumor/MRI/XNAT/mouse10/week14/10.dcm,10.dcm,6041174.0,,copy,MRI,14.0,M10,Dropbox:MultiModal/LungTumor/MRI/03-18-2024/10.dcm,Dropbox:MultiModal/LungTumor,XNAT copy,False
Dropbox:MultiModal/LungTumor/MRI/XNAT/mouse69/week12/69.dcm,File,Dropbox,MultiModal/LungTumor/MRI/XNAT/mouse69/week12/69.dcm,69.dcm,5253458.0,,copy,MRI,12.0,M69,Dropbox:MultiModal/LungTumor/MRI/03-04-2024/69.dcm,Dropbox:MultiModal/LungTumor,XNAT copy,False
Dropbox:MultiModal/LungTumor/MRI/XNAT/mouse69/week11/69.dcm,File,Dropbox,MultiModal/LungTumor/MRI/XNAT/mouse69/week11/69.dcm,69.dcm,6041170.0,,copy,MRI,11.0,M69,Dropbox:MultiModal/LungTumor/MRI/02-26-2024/69.dcm,Dropbox:MultiModal/LungTumor,XNAT copy,False
Dropbox:MultiModal/LungTumor/MRI/XNAT/mouse69/week6/69.dcm,File,Dropbox,MultiModal/LungTumor/MRI/XNAT/mouse69/week6/69.dcm,69.dcm,6041174.0,,copy,MRI,6.0,M69,Dropbox:MultiModal/LungTumor/MRI/01-22-2024/69.dcm,Dropbox:MultiModal/LungTumor,XNAT copy,False
Dropbox:MultiModal/LungTumor/MRI/XNAT/mouse69/week9/69.dcm,File,Dropbox,MultiModal/LungTumor/MRI/XNAT/mouse69/week9/69.dcm,69.dcm,6041176.0,,copy,MRI,9.0,M69,Dropbox:MultiModal/LungTumor/MRI/02-12-2024/69.dcm,Dropbox:MultiModal/LungTumor,XNAT copy,False
Dropbox:MultiModal/LungTumor/MRI/XNAT/mouse69/week7/69.dcm,File,Dropbox,MultiModal/LungTumor/MRI/XNAT/mouse69/week7/69.dcm,69.dcm,6041174.0,,copy,MRI,7.0,M69,Dropbox:MultiModal/LungTumor/MRI/01-29-2024/69.dcm,Dropbox:MultiModal/LungTumor,XNAT copy,False
Dropbox:MultiModal/LungTumor/MRI/XNAT/mouse69/week8/69.dcm,File,Dropbox,MultiModal/LungTumor/MRI/XNAT/mouse69/week8/69.dcm,69.dcm,6041172.0,,copy,MRI,8.0,M69,Dropbox:MultiModal/LungTumor/MRI/02-05-2024/69.dcm,Dropbox:MultiModal/LungTumor,XNAT copy,False
Dropbox:MultiModal/LungTumor/MRI/XNAT/mouse69/week13/69.dcm,File,Dropbox,MultiModal/LungTumor/MRI/XNAT/mouse69/week13/69.dcm,69.dcm,6041174.0,,copy,MRI,13.0,M69,Dropbox:MultiModal/LungTumor/MRI/03-11-2024/69.dcm,Dropbox:MultiModal/LungTumor,XNAT copy,False
Dropbox:MultiModal/LungTumor/MRI/XNAT/mouse69/week14/69.dcm,File,Dropbox,MultiModal/LungTumor/MRI/XNAT/mouse69/week14/69.dcm,69.dcm,6041174.0,,copy,MRI,14.0,M69,Dropbox:MultiModal/LungTumor/MRI/03-18-2024/69.dcm,Dropbox:MultiModal/LungTumor,XNAT copy,False
Dropbox:MultiModal/LungTumor/MRI/XNAT/mouse17/week12/17.dcm,File,Dropbox,MultiModal/LungTumor/MRI/XNAT/mouse17/week12/17.dcm,17.dcm,5253458.0,,copy,MRI,12.0,M17,Dropbox:MultiModal/LungTumor/MRI/03-04-2024/17.dcm,Dropbox:MultiModal/LungTumor,XNAT copy,False
Dropbox:MultiModal/LungTumor/MRI/XNAT/mouse17/week11/17.dcm,File,Dropbox,MultiModal/LungTumor/MRI/XNAT/mouse17/week11/17.dcm,17.dcm,6041172.0,,copy,MRI,11.0,M17,Dropbox:MultiModal/LungTumor/MRI/02-26-2024/17.dcm,Dropbox:MultiModal/LungTumor,XNAT copy,False
Dropbox:MultiModal/LungTumor/MRI/XNAT/mouse17/week6/17.dcm,File,Dropbox,MultiModal/LungTumor/MRI/XNAT/mouse17/week6/17.dcm,17.dcm,6041176.0,,copy,MRI,6.0,M17,Dropbox:MultiModal/LungTumor/MRI/01-22-2024/17.dcm,Dropbox:MultiModal/LungTumor,XNAT copy,False
Dropbox:MultiModal/LungTumor/MRI/XNAT/mouse17/week9/17.dcm,File,Dropbox,MultiModal/LungTumor/MRI/XNAT/mouse17/week9/17.dcm,17.dcm,6041176.0,,copy,MRI,9.0,M17,Dropbox:MultiModal/LungTumor/MRI/02-12-2024/17.dcm,Dropbox:MultiModal/LungTumor,XNAT copy,False
Dropbox:MultiModal/LungTumor/MRI/XNAT/mouse17/week7/17.dcm,File,Dropbox,MultiModal/LungTumor/MRI/XNAT/mouse17/week7/17.dcm,17.dcm,6041174.0,,copy,MRI,7.0,M17,Dropbox:MultiModal/LungTumor/MRI/01-29-2024/17.dcm,Dropbox:MultiModal/LungTumor,XNAT copy,False
Dropbox:MultiModal/LungTumor/MRI/XNAT/mouse17/week8/17.dcm,File,Dropbox,MultiModal/LungTumor/MRI/XNAT/mouse17/week8/17.dcm,17.dcm,6041172.0,,copy,MRI,8.0,M17,Dropbox:MultiModal/LungTumor/MRI/02-05-2024/17.dcm,Dropbox:MultiModal/LungTumor,XNAT copy,False
Dropbox:MultiModal/LungTumor/MRI/XNAT/mouse17/week13/17.dcm,File,Dropbox,MultiModal/LungTumor/MRI/XNAT/mouse17/week13/17.dcm,17.dcm,6041174.0,,copy,MRI,13.0,M17,Dropbox:MultiModal/LungTumor/MRI/03-11-2024/17.dcm,Dropbox:MultiModal/LungTumor,XNAT copy,False
Dropbox:MultiModal/LungTumor/MRI/XNAT/mouse17/week14/17-T2W.dcm,File,Dropbox,MultiModal/LungTumor/MRI/XNAT/mouse17/week14/17-T2W.dcm,17-T2W.dcm,6041174.0,,copy,MRI,14.0,M17,Dropbox:MultiModal/LungTumor/MRI/03-18-2024/17-T2W.dcm,Dropbox:MultiModal/LungTumor,XNAT copy,False
Dropbox:MultiModal/LungTumor/MRI/XNAT/mouse15/week12/15T2.dcm,File,Dropbox,MultiModal/LungTumor/MRI/XNAT/mouse15/week12/15T2.dcm,15T2.dcm,5253458.0,,copy,MRI,12.0,M15,Dropbox:MultiModal/LungTumor/MRI/03-04-2024/15T2.dcm,Dropbox:MultiModal/LungTumor,XNAT copy,False
Dropbox:MultiModal/LungTumor/MRI/XNAT/mouse15/week11/15.dcm,File,Dropbox,MultiModal/LungTumor/MRI/XNAT/mouse15/week11/15.dcm,15.dcm,6041172.0,,copy,MRI,11.0,M15,Dropbox:MultiModal/LungTumor/MRI/02-26-2024/15.dcm,Dropbox:MultiModal/LungTumor,XNAT copy,False
Dropbox:MultiModal/LungTumor/MRI/XNAT/mouse15/week6/15.dcm,File,Dropbox,MultiModal/LungTumor/MRI/XNAT/mouse15/week6/15.dcm,15.dcm,6041174.0,,copy,MRI,6.0,M15,Dropbox:MultiModal/LungTumor/MRI/01-22-2024/15.dcm,Dropbox:MultiModal/LungTumor,XNAT copy,False
Dropbox:MultiModal/LungTumor/MRI/XNAT/mouse15/week9/15.dcm,File,Dropbox,MultiModal/LungTumor/MRI/XNAT/mouse15/week9/15.dcm,15.dcm,6041172.0,,copy,MRI,9.0,M15,Dropbox:MultiModal/LungTumor/MRI/02-12-2024/15.dcm,Dropbox:MultiModal/LungTumor,XNAT copy,False
Dropbox:MultiModal/LungTumor/MRI/XNAT/mouse15/week7/15.dcm,File,Dropbox,MultiModal/LungTumor/MRI/XNAT/mouse15/week7/15.dcm,15.dcm,6041174.0,,copy,MRI,7.0,M15,Dropbox:MultiModal/LungTumor/MRI/01-29-2024/15.dcm,Dropbox:MultiModal/LungTumor,XNAT copy,False
Dropbox:MultiModal/LungTumor/MRI/XNAT/mouse15/week8/15.dcm,File,Dropbox,MultiModal/LungTumor/MRI/XNAT/mouse15/week8/15.dcm,15.dcm,6041172.0,,copy,MRI,8.0,M15,Dropbox:MultiModal/LungTumor/MRI/02-05-2024/15.dcm,Dropbox:MultiModal/LungTumor,XNAT copy,False
Dropbox:MultiModal/LungTumor/MRI/XNAT/mouse15/week13/15.dcm,File,Dropbox,MultiModal/LungTumor/MRI/XNAT/mouse15/week13/15.dcm,15.dcm,6041174.0,,copy,MRI,13.0,M15,Dropbox:MultiModal/LungTumor/MRI/03-11-2024/15.dcm,Dropbox:MultiModal/LungTumor,XNAT copy,False
Dropbox:MultiModal/LungTumor/MRI/XNAT/mouse15/week14/15.dcm,File,Dropbox,MultiModal/LungTumor/MRI/XNAT/mouse15/week14/15.dcm,15.dcm,6041174.0,,copy,MRI,14.0,M15,Dropbox:MultiModal/LungTumor/MRI/03-18-2024/15.dcm,Dropbox:MultiModal/LungTumor,XNAT copy,False
Dropbox:MultiModal/LungTumor/MRI/XNAT/mouse11/week12/11.dcm,File,Dropbox,MultiModal/LungTumor/MRI/XNAT/mouse11/week12/11.dcm,11.dcm,5253458.0,,copy,MRI,12.0,M11,Dropbox:MultiModal/LungTumor/MRI/03-04-2024/11.dcm,Dropbox:MultiModal/LungTumor,XNAT copy,False
Dropbox:MultiModal/LungTumor/MRI/XNAT/mouse11/week11/11.dcm,File,Dropbox,MultiModal/LungTumor/MRI/XNAT/mouse11/week11/11.dcm,11.dcm,6041172.0,,copy,MRI,11.0,M11,Dropbox:MultiModal/LungTumor/MRI/02-26-2024/11.dcm,Dropbox:MultiModal/LungTumor,XNAT copy,False
Dropbox:MultiModal/LungTumor/MRI/XNAT/mouse11/week6/11.dcm,File,Dropbox,MultiModal/LungTumor/MRI/XNAT/mouse11/week6/11.dcm,11.dcm,6041176.0,,copy,MRI,6.0,M11,Dropbox:MultiModal/LungTumor/MRI/01-22-2024/11.dcm,Dropbox:MultiModal/LungTumor,XNAT copy,False
Dropbox:MultiModal/LungTumor/MRI/XNAT/mouse11/week9/11.dcm,File,Dropbox,MultiModal/LungTumor/MRI/XNAT/mouse11/week9/11.dcm,11.dcm,6041174.0,,copy,MRI,9.0,M11,Dropbox:MultiModal/LungTumor/MRI/02-12-2024/11.dcm,Dropbox:MultiModal/LungTumor,XNAT copy,False
Dropbox:MultiModal/LungTumor/MRI/XNAT/mouse11/week7/11.dcm,File,Dropbox,MultiModal/LungTumor/MRI/XNAT/mouse11/week7/11.dcm,11.dcm,6041172.0,,copy,MRI,7.0,M11,Dropbox:MultiModal/LungTumor/MRI/01-29-2024/11.dcm,Dropbox:MultiModal/LungTumor,XNAT copy,False
Dropbox:MultiModal/LungTumor/MRI/XNAT/mouse11/week8/11.dcm,File,Dropbox,MultiModal/LungTumor/MRI/XNAT/mouse11/week8/11.dcm,11.dcm,6041170.0,,copy,MRI,8.0,M11,Dropbox:MultiModal/LungTumor/MRI/02-05-2024/11.dcm,Dropbox:MultiModal/LungTumor,XNAT copy,False
Dropbox:MultiModal/LungTumor/MRI/XNAT/mouse11/week13/11.dcm,File,Dropbox,MultiModal/LungTumor/MRI/XNAT/mouse11/week13/11.dcm,11.dcm,6041174.0,,copy,MRI,13.0,M11,Dropbox:MultiModal/LungTumor/MRI/03-11-2024/11.dcm,Dropbox:MultiModal/LungTumor,XNAT copy,False
Dropbox:MultiModal/LungTumor/MRI/XNAT/mouse11/week14/11.dcm,File,Dropbox,MultiModal/LungTumor/MRI/XNAT/mouse11/week14/11.dcm,11.dcm,6041172.0,,copy,MRI,14.0,M11,Dropbox:MultiModal/LungTumor/MRI/03-18-2024/11.dcm,Dropbox:MultiModal/LungTumor,XNAT copy,False
Dropbox:MultiModal/LungTumor/MRI/XNAT/mouse14/week12/14.dcm,File,Dropbox,MultiModal/LungTumor/MRI/XNAT/mouse14/week12/14.dcm,14.dcm,5253458.0,,copy,MRI,12.0,M14,Dropbox:MultiModal/LungTumor/MRI/03-04-2024/14.dcm,Dropbox:MultiModal/LungTumor,XNAT copy,False
Dropbox:MultiModal/LungTumor/MRI/XNAT/mouse14/week11/14.dcm,File,Dropbox,MultiModal/LungTumor/MRI/XNAT/mouse14/week11/14.dcm,14.dcm,6041172.0,,copy,MRI,11.0,M14,Dropbox:MultiModal/LungTumor/MRI/02-26-2024/14coronal.dcm,Dropbox:MultiModal/LungTumor,XNAT copy,False
Dropbox:MultiModal/LungTumor/MRI/XNAT/mouse14/week6/14.dcm,File,Dropbox,MultiModal/LungTumor/MRI/XNAT/mouse14/week6/14.dcm,14.dcm,6041174.0,,copy,MRI,6.0,M14,Dropbox:MultiModal/LungTumor/MRI/01-22-2024/14.dcm,Dropbox:MultiModal/LungTumor,XNAT copy,False
Dropbox:MultiModal/LungTumor/MRI/XNAT/mouse14/week9/14.dcm,File,Dropbox,MultiModal/LungTumor/MRI/XNAT/mouse14/week9/14.dcm,14.dcm,6041174.0,,copy,MRI,9.0,M14,Dropbox:MultiModal/LungTumor/MRI/02-12-2024/14.dcm,Dropbox:MultiModal/LungTumor,XNAT copy,False
Dropbox:MultiModal/LungTumor/MRI/XNAT/mouse14/week7/14.dcm,File,Dropbox,MultiModal/LungTumor/MRI/XNAT/mouse14/week7/14.dcm,14.dcm,6041174.0,,copy,MRI,7.0,M14,Dropbox:MultiModal/LungTumor/MRI/01-29-2024/14.dcm,Dropbox:MultiModal/LungTumor,XNAT copy,False
Dropbox:MultiModal/LungTumor/MRI/XNAT/mouse14/week8/14-week8.tif,File,Dropbox,MultiModal/LungTumor/MRI/XNAT/mouse14/week8/14-week8.tif,14-week8.tif,12092643.0,,copy,MRI,8.0,M14,Dropbox:MultiModal/LungTumor/MRI/02-05-2024/14.dcm,Dropbox:MultiModal/LungTumor,XNAT copy,False
Dropbox:MultiModal/LungTumor/MRI/XNAT/mouse14/week13/14.dcm,File,Dropbox,MultiModal/LungTumor/MRI/XNAT/mouse14/week13/14.dcm,14.dcm,6041172.0,,copy,MRI,13.0,M14,Dropbox:MultiModal/LungTumor/MRI/03-11-2024/14.dcm,Dropbox:MultiModal/LungTumor,XNAT copy,False
Dropbox:MultiModal/LungTumor/MRI/XNAT/mouse14/week14/14.dcm,File,Dropbox,MultiModal/LungTumor/MRI/XNAT/mouse14/week14/14.dcm,14.dcm,6041176.0,,copy,MRI,14.0,M14,Dropbox:MultiModal/LungTumor/MRI/03-18-2024/14.dcm,Dropbox:MultiModal/LungTumor,XNAT copy,False
Dropbox:MultiModal/LungTumor/MRI/XNAT/mouse67/week12/67.dcm,File,Dropbox,MultiModal/LungTumor/MRI/XNAT/mouse67/week12/67.dcm,67.dcm,5253458.0,,copy,MRI,12.0,M67,Dropbox:MultiModal/LungTumor/MRI/03-04-2024/67.dcm,Dropbox:MultiModal/LungTumor,XNAT copy,False
Dropbox:MultiModal/LungTumor/MRI/XNAT/mouse67/week11/67.dcm,File,Dropbox,MultiModal/LungTumor/MRI/XNAT/mouse67/week11/67.dcm,67.dcm,6041172.0,,copy,MRI,11.0,M67,Dropbox:MultiModal/LungTumor/MRI/02-26-2024/67.dcm,Dropbox:MultiModal/LungTumor,XNAT copy,False
Dropbox:MultiModal/LungTumor/MRI/XNAT/mouse67/week6/67.dcm,File,Dropbox,MultiModal/LungTumor/MRI/XNAT/mouse67/week6/67.dcm,67.dcm,6041176.0,,copy,MRI,6.0,M67,Dropbox:MultiModal/LungTumor/MRI/01-22-2024/67.dcm,Dropbox:MultiModal/LungTumor,XNAT copy,False
Dropbox:MultiModal/LungTumor/MRI/XNAT/mouse67/week9/67.dcm,File,Dropbox,MultiModal/LungTumor/MRI/XNAT/mouse67/week9/67.dcm,67.dcm,6041172.0,,copy,MRI,9.0,M67,Dropbox:MultiModal/LungTumor/MRI/02-12-2024/67.dcm,Dropbox:MultiModal/LungTumor,XNAT copy,False
Dropbox:MultiModal/LungTumor/MRI/XNAT/mouse67/week7/67.dcm,File,Dropbox,MultiModal/LungTumor/MRI/XNAT/mouse67/week7/67.dcm,67.dcm,6041174.0,,copy,MRI,7.0,M67,Dropbox:MultiModal/LungTumor/MRI/01-29-2024/67.dcm,Dropbox:MultiModal/LungTumor,XNAT copy,False
Dropbox:MultiModal/LungTumor/MRI/XNAT/mouse67/week8/67.dcm,File,Dropbox,MultiModal/LungTumor/MRI/XNAT/mouse67/week8/67.dcm,67.dcm,6041172.0,,copy,MRI,8.0,M67,Dropbox:MultiModal/LungTumor/MRI/02-05-2024/67.dcm,Dropbox:MultiModal/LungTumor,XNAT copy,False
Dropbox:MultiModal/LungTumor/MRI/XNAT/mouse67/week13/67.dcm,File,Dropbox,MultiModal/LungTumor/MRI/XNAT/mouse67/week13/67.dcm,67.dcm,6041174.0,,copy,MRI,13.0,M67,Dropbox:MultiModal/LungTumor/MRI/03-11-2024/67.dcm,Dropbox:MultiModal/LungTumor,XNAT copy,False
Dropbox:MultiModal/LungTumor/MRI/XNAT/mouse67/week14/67.dcm,File,Dropbox,MultiModal/LungTumor/MRI/XNAT/mouse67/week14/67.dcm,67.dcm,6041176.0,,copy,MRI,14.0,M67,Dropbox:MultiModal/LungTumor/MRI/03-18-2024/67.dcm,Dropbox:MultiModal/LungTumor,XNAT copy,False
Dropbox:MultiModal/LungTumor/MRI/XNAT/mouse13/week12/1013T2axial.dcm,File,Dropbox,MultiModal/LungTumor/MRI/XNAT/mouse13/week12/1013T2axial.dcm,1013T2axial.dcm,6041202.0,,copy,MRI,12.0,M13,Dropbox:MultiModal/LungTumor/MRI/03-04-2024/1013T2coronal.dcm,Dropbox:MultiModal/LungTumor,XNAT copy,False
Dropbox:MultiModal/LungTumor/MRI/XNAT/mouse13/week11/13.dcm,File,Dropbox,MultiModal/LungTumor/MRI/XNAT/mouse13/week11/13.dcm,13.dcm,6041174.0,,copy,MRI,11.0,M13,Dropbox:MultiModal/LungTumor/MRI/02-26-2024/1013.dcm,Dropbox:MultiModal/LungTumor,XNAT copy,False
Dropbox:MultiModal/LungTumor/MRI/XNAT/mouse13/week6/13.dcm,File,Dropbox,MultiModal/LungTumor/MRI/XNAT/mouse13/week6/13.dcm,13.dcm,6040904.0,,copy,MRI,6.0,M13,Dropbox:MultiModal/LungTumor/MRI/01-22-2024/1013.dcm,Dropbox:MultiModal/LungTumor,XNAT copy,False
Dropbox:MultiModal/LungTumor/MRI/XNAT/mouse13/week10/1013_T2_axial.dcm,File,Dropbox,MultiModal/LungTumor/MRI/XNAT/mouse13/week10/1013_T2_axial.dcm,1013_T2_axial.dcm,6041306.0,,copy,MRI,10.0,M13,Dropbox:MultiModal/LungTumor/MRI/02-16-2024/1013_T1_axial.dcm,Dropbox:MultiModal/LungTumor,XNAT copy,False
Dropbox:MultiModal/LungTumor/MRI/XNAT/mouse13/week9/13.dcm,File,Dropbox,MultiModal/LungTumor/MRI/XNAT/mouse13/week9/13.dcm,13.dcm,6041174.0,,copy,MRI,9.0,M13,Dropbox:MultiModal/LungTumor/MRI/02-12-2024/1013_coronal.dcm,Dropbox:MultiModal/LungTumor,XNAT copy,False
Dropbox:MultiModal/LungTumor/MRI/XNAT/mouse13/week7/13.dcm,File,Dropbox,MultiModal/LungTumor/MRI/XNAT/mouse13/week7/13.dcm,13.dcm,6041174.0,,copy,MRI,7.0,M13,Dropbox:MultiModal/LungTumor/MRI/01-29-2024/1013.dcm,Dropbox:MultiModal/LungTumor,XNAT copy,False
Dropbox:MultiModal/LungTumor/MRI/XNAT/mouse13/week8/13.dcm,File,Dropbox,MultiModal/LungTumor/MRI/XNAT/mouse13/week8/13.dcm,13.dcm,6041174.0,,copy,MRI,8.0,M13,Dropbox:MultiModal/LungTumor/MRI/02-05-2024/1013.dcm,Dropbox:MultiModal/LungTumor,XNAT copy,False
Dropbox:MultiModal/LungTumor/MRI/XNAT/mouse13/week13/13.dcm,File,Dropbox,MultiModal/LungTumor/MRI/XNAT/mouse13/week13/13.dcm,13.dcm,6041174.0,,copy,MRI,13.0,M13,Dropbox:MultiModal/LungTumor/MRI/03-11-2024/1013.dcm,Dropbox:MultiModal/LungTumor,XNAT copy,False
Dropbox:MultiModal/LungTumor/MRI/XNAT/mouse13/week14/13.dcm,File,Dropbox,MultiModal/LungTumor/MRI/XNAT/mouse13/week14/13.dcm,13.dcm,6041180.0,,copy,MRI,14.0,M13,Dropbox:MultiModal/LungTumor/MRI/03-18-2024/1013.dcm,Dropbox:MultiModal/LungTumor,XNAT copy,False
Dropbox:MultiModal/LungTumor/MRI/XNAT/mouse18/week12/18.dcm,File,Dropbox,MultiModal/LungTumor/MRI/XNAT/mouse18/week12/18.dcm,18.dcm,5253456.0,,copy,MRI,12.0,M18,Dropbox:MultiModal/LungTumor/MRI/03-04-2024/18.dcm,Dropbox:MultiModal/LungTumor,XNAT copy,False
Dropbox:MultiModal/LungTumor/MRI/XNAT/mouse18/week11/18.dcm,File,Dropbox,MultiModal/LungTumor/MRI/XNAT/mouse18/week11/18.dcm,18.dcm,6041172.0,,copy,MRI,11.0,M18,Dropbox:MultiModal/LungTumor/MRI/02-26-2024/18.dcm,Dropbox:MultiModal/LungTumor,XNAT copy,False
Dropbox:MultiModal/LungTumor/MRI/XNAT/mouse18/week6/18.dcm,File,Dropbox,MultiModal/LungTumor/MRI/XNAT/mouse18/week6/18.dcm,18.dcm,6041174.0,,copy,MRI,6.0,M18,Dropbox:MultiModal/LungTumor/MRI/01-22-2024/18.dcm,Dropbox:MultiModal/LungTumor,XNAT copy,False
Dropbox:MultiModal/LungTumor/MRI/XNAT/mouse18/week9/18.dcm,File,Dropbox,MultiModal/LungTumor/MRI/XNAT/mouse18/week9/18.dcm,18.dcm,6041174.0,,copy,MRI,9.0,M18,Dropbox:MultiModal/LungTumor/MRI/02-12-2024/18.dcm,Dropbox:MultiModal/LungTumor,XNAT copy,False
Dropbox:MultiModal/LungTumor/MRI/XNAT/mouse18/week7/18.dcm,File,Dropbox,MultiModal/LungTumor/MRI/XNAT/mouse18/week7/18.dcm,18.dcm,6041306.0,,copy,MRI,7.0,M18,Dropbox:MultiModal/LungTumor/MRI/01-29-2024/18.dcm,Dropbox:MultiModal/LungTumor,XNAT copy,False
Dropbox:MultiModal/LungTumor/MRI/XNAT/mouse18/week8/18.dcm,File,Dropbox,MultiModal/LungTumor/MRI/XNAT/mouse18/week8/18.dcm,18.dcm,6041170.0,,copy,MRI,8.0,M18,Dropbox:MultiModal/LungTumor/MRI/02-05-2024/18.dcm,Dropbox:MultiModal/LungTumor,XNAT copy,False
Dropbox:MultiModal/LungTumor/MRI/XNAT/mouse18/week13/18.dcm,File,Dropbox,MultiModal/LungTumor/MRI/XNAT/mouse18/week13/18.dcm,18.dcm,6041174.0,,copy,MRI,13.0,M18,Dropbox:MultiModal/LungTumor/MRI/03-11-2024/18.dcm,Dropbox:MultiModal/LungTumor,XNAT copy,False
Dropbox:MultiModal/LungTumor/MRI/XNAT/mouse18/week14/18.dcm,File,Dropbox,MultiModal/LungTumor/MRI/XNAT/mouse18/week14/18.dcm,18.dcm,6041174.0,,copy,MRI,14.0,M18,Dropbox:MultiModal/LungTumor/MRI/03-18-2024/18.dcm,Dropbox:MultiModal/LungTumor,XNAT copy,False
Dropbox:MultiModal/LungTumor/MRI/DragonflyROIs/roi-13-week10.ORSObject,File,Dropbox,MultiModal/LungTumor/MRI/DragonflyROIs/roi-13-week10.ORSObject,roi-13-week10.ORSObject,6490.0,,derived,MRI,10.0,M13,,Dropbox:MultiModal/LungTumor,Dragonfly tumor ROI,False
Dropbox:MultiModal/LungTumor/MRI/DragonflyROIs/roi-13-week7.ORSObject,File,Dropbox,MultiModal/LungTumor/MRI/DragonflyROIs/roi-13-week7.ORSObject,roi-13-week7.ORSObject,5243.0,,derived,MRI,7.0,M13,,Dropbox:MultiModal/LungTumor,Dragonfly tumor ROI,False
Dropbox:MultiModal/LungTumor/MRI/DragonflyROIs/roi-14-week8.ORSObject,File,Dropbox,MultiModal/LungTumor/MRI/DragonflyROIs/roi-14-week8.ORSObject,roi-14-week8.ORSObject,20522.0,,derived,MRI,8.0,M14,,Dropbox:MultiModal/LungTumor,Dragonfly tumor ROI,False
Dropbox:MultiModal/LungTumor/MRI/DragonflyROIs/roi-14-week13.ORSObject,File,Dropbox,MultiModal/LungTumor/MRI/DragonflyROIs/roi-14-week13.ORSObject,roi-14-week13.ORSObject,27914.0,,derived,MRI,13.0,M14,,Dropbox:MultiModal/LungTumor,Dragonfly tumor ROI,False
Dropbox:MultiModal/LungTumor/MRI/DragonflyROIs/roi-15-week9.ORSObject,File,Dropbox,MultiModal/LungTumor/MRI/DragonflyROIs/roi-15-week9.ORSObject,roi-15-week9.ORSObject,21131.0,,derived,MRI,9.0,M15,,Dropbox:MultiModal/LungTumor,Dragonfly tumor ROI,False
Dropbox:MultiModal/LungTumor/MRI/DragonflyROIs/roi-11-week11.ORSObject,File,Dropbox,MultiModal/LungTumor/MRI/DragonflyROIs/roi-11-week11.ORSObject,roi-11-week11.ORSObject,20566.0,,derived,MRI,11.0,M11,,Dropbox:MultiModal/LungTumor,Dragonfly tumor ROI,False
Dropbox:MultiModal/LungTumor/MRI/DragonflyROIs/roi-10-week9.ORSObject,File,Dropbox,MultiModal/LungTumor/MRI/DragonflyROIs/roi-10-week9.ORSObject,roi-10-week9.ORSObject,25236.0,,derived,MRI,9.0,M10,,Dropbox:MultiModal/LungTumor,Dragonfly tumor ROI,False
Dropbox:MultiModal/LungTumor/MRI/DragonflyROIs/roi-12-week6.ORSObject,File,Dropbox,MultiModal/LungTumor/MRI/DragonflyROIs/roi-12-week6.ORSObject,roi-12-week6.ORSObject,4917.0,,derived,MRI,6.0,M12,,Dropbox:MultiModal/LungTumor,Dragonfly tumor ROI,False
Dropbox:MultiModal/LungTumor/MRI/DragonflyROIs/roi-19-week8.ORSObject,File,Dropbox,MultiModal/LungTumor/MRI/DragonflyROIs/roi-19-week8.ORSObject,roi-19-week8.ORSObject,19890.0,,derived,MRI,8.0,M19,,Dropbox:MultiModal/LungTumor,Dragonfly tumor ROI,False
Dropbox:MultiModal/LungTumor/MRI/DragonflyROIs/roi-12-week13.ORSObject,File,Dropbox,MultiModal/LungTumor/MRI/DragonflyROIs/roi-12-week13.ORSObject,roi-12-week13.ORSObject,22278.0,,derived,MRI,13.0,M12,,Dropbox:MultiModal/LungTumor,Dragonfly tumor ROI,False
Dropbox:MultiModal/LungTumor/MRI/DragonflyROIs/roi-17-week8.ORSObject,File,Dropbox,MultiModal/LungTumor/MRI/DragonflyROIs/roi-17-week8.ORSObject,roi-17-week8.ORSObject,19675.0,,derived,MRI,8.0,M17,,Dropbox:MultiModal/LungTumor,Dragonfly tumor ROI,False
Dropbox:MultiModal/LungTumor/MRI/DragonflyROIs/roi-12-week12.ORSObject,File,Dropbox,MultiModal/LungTumor/MRI/DragonflyROIs/roi-12-week12.ORSObject,roi-12-week12.ORSObject,20283.0,,derived,MRI,12.0,M12,,Dropbox:MultiModal/LungTumor,Dragonfly tumor ROI,False
Dropbox:MultiModal/LungTumor/MRI/DragonflyROIs/roi-13-week14.ORSObject,File,Dropbox,MultiModal/LungTumor/MRI/DragonflyROIs/roi-13-week14.ORSObject,roi-13-week14.ORSObject,87792.0,,derived,MRI,14.0,M13,,Dropbox:MultiModal/LungTumor,Dragonfly tumor ROI,False
Dropbox:MultiModal/LungTumor/MRI/DragonflyROIs/roi-12-week7.ORSObject,File,Dropbox,MultiModal/LungTumor/MRI/DragonflyROIs/roi-12-week7.ORSObject,roi-12-week7.ORSObject,19683.0,,derived,MRI,7.0,M12,,Dropbox:MultiModal/LungTumor,Dragonfly tumor ROI,False
Dropbox:MultiModal/LungTumor/MRI/DragonflyROIs/roi-14-week11.ORSObject,File,Dropbox,MultiModal/LungTumor/MRI/DragonflyROIs/roi-14-week11.ORSObject,roi-14-week11.ORSObject,5820.0,,derived,MRI,11.0,M14,,Dropbox:MultiModal/LungTumor,Dragonfly tumor ROI,False
Dropbox:MultiModal/LungTumor/MRI/DragonflyROIs/roi-11-week8.ORSObject,File,Dropbox,MultiModal/LungTumor/MRI/DragonflyROIs/roi-11-week8.ORSObject,roi-11-week8.ORSObject,20272.0,,derived,MRI,8.0,M11,,Dropbox:MultiModal/LungTumor,Dragonfly tumor ROI,False
Dropbox:MultiModal/LungTumor/MRI/DragonflyROIs/roi-14-week14.ORSObject,File,Dropbox,MultiModal/LungTumor/MRI/DragonflyROIs/roi-14-week14.ORSObject,roi-14-week14.ORSObject,41914.0,,derived,MRI,14.0,M14,,Dropbox:MultiModal/LungTumor,Dragonfly tumor ROI,False
Dropbox:MultiModal/LungTumor/MRI/DragonflyROIs/roi-15-week11.ORSObject,File,Dropbox,MultiModal/LungTumor/MRI/DragonflyROIs/roi-15-week11.ORSObject,roi-15-week11.ORSObject,25693.0,,derived,MRI,11.0,M15,,Dropbox:MultiModal/LungTumor,Dragonfly tumor ROI,False
Dropbox:MultiModal/LungTumor/MRI/DragonflyROIs/roi-14-week6.ORSObject,File,Dropbox,MultiModal/LungTumor/MRI/DragonflyROIs/roi-14-week6.ORSObject,roi-14-week6.ORSObject,19971.0,,derived,MRI,6.0,M14,,Dropbox:MultiModal/LungTumor,Dragonfly tumor ROI,False
Dropbox:MultiModal/LungTumor/MRI/DragonflyROIs/roi-14-week7.ORSObject,File,Dropbox,MultiModal/LungTumor/MRI/DragonflyROIs/roi-14-week7.ORSObject,roi-14-week7.ORSObject,20112.0,,derived,MRI,7.0,M14,,Dropbox:MultiModal/LungTumor,Dragonfly tumor ROI,False
Dropbox:MultiModal/LungTumor/MRI/DragonflyROIs/roi-14-week9.ORSObject,File,Dropbox,MultiModal/LungTumor/MRI/DragonflyROIs/roi-14-week9.ORSObject,roi-14-week9.ORSObject,21405.0,,derived,MRI,9.0,M14,,Dropbox:MultiModal/LungTumor,Dragonfly tumor ROI,False
Dropbox:MultiModal/LungTumor/MRI/DragonflyROIs/roi-10-week8.ORSObject,File,Dropbox,MultiModal/LungTumor/MRI/DragonflyROIs/roi-10-week8.ORSObject,roi-10-week8.ORSObject,21784.0,,derived,MRI,8.0,M10,,Dropbox:MultiModal/LungTumor,Dragonfly tumor ROI,False
Dropbox:MultiModal/LungTumor/MRI/DragonflyROIs/roi-17-week12.ORSObject,File,Dropbox,MultiModal/LungTumor/MRI/DragonflyROIs/roi-17-week12.ORSObject,roi-17-week12.ORSObject,20595.0,,derived,MRI,12.0,M17,,Dropbox:MultiModal/LungTumor,Dragonfly tumor ROI,False
Dropbox:MultiModal/LungTumor/MRI/DragonflyROIs/roi-13-week9.ORSObject,File,Dropbox,MultiModal/LungTumor/MRI/DragonflyROIs/roi-13-week9.ORSObject,roi-13-week9.ORSObject,5992.0,,derived,MRI,9.0,M13,,Dropbox:MultiModal/LungTumor,Dragonfly tumor ROI,False
Dropbox:MultiModal/LungTumor/MRI/DragonflyROIs/roi-19-week11.ORSObject,File,Dropbox,MultiModal/LungTumor/MRI/DragonflyROIs/roi-19-week11.ORSObject,roi-19-week11.ORSObject,25329.0,,derived,MRI,11.0,M19,,Dropbox:MultiModal/LungTumor,Dragonfly tumor ROI,False
Dropbox:MultiModal/LungTumor/MRI/DragonflyROIs/roi-19-week9.ORSObject,File,Dropbox,MultiModal/LungTumor/MRI/DragonflyROIs/roi-19-week9.ORSObject,roi-19-week9.ORSObject,21278.0,,derived,MRI,9.0,M19,,Dropbox:MultiModal/LungTumor,Dragonfly tumor ROI,False
Dropbox:MultiModal/LungTumor/MRI/DragonflyROIs/roi-17-week11.ORSObject,File,Dropbox,MultiModal/LungTumor/MRI/DragonflyROIs/roi-17-week11.ORSObject,roi-17-week11.ORSObject,21870.0,,derived,MRI,11.0,M17,,Dropbox:MultiModal/LungTumor,Dragonfly tumor ROI,False
Dropbox:MultiModal/LungTumor/MRI/DragonflyROIs/roi-13-week12.ORSObject,File,Dropbox,MultiModal/LungTumor/MRI/DragonflyROIs/roi-13-week12.ORSObject,roi-13-week12.ORSObject,21417.0,,derived,MRI,12.0,M13,,Dropbox:MultiModal/LungTumor,Dragonfly tumor ROI,False
Dropbox:MultiModal/LungTumor/MRI/DragonflyROIs/roi-12-week14-small.ORSObject,File,Dropbox,MultiModal/LungTumor/MRI/DragonflyROIs/roi-12-week14-small.ORSObject,roi-12-week14-small.ORSObject,80202.0,,derived,MRI,14.0,M12,,Dropbox:MultiModal/LungTumor,Dragonfly tumor ROI,False
Dropbox:MultiModal/LungTumor/MRI/DragonflyROIs/roi-10-week11.ORSObject,File,Dropbox,MultiModal/LungTumor/MRI/DragonflyROIs/roi-10-week11.ORSObject,roi-10-week11.ORSObject,2330658.0,,derived,MRI,11.0,M10,,Dropbox:MultiModal/LungTumor,Dragonfly tumor ROI,False
Dropbox:MultiModal/LungTumor/MRI/DragonflyROIs/roi-10-week6.ORSObject,File,Dropbox,MultiModal/LungTumor/MRI/DragonflyROIs/roi-10-week6.ORSObject,roi-10-week6.ORSObject,20124.0,,derived,MRI,6.0,M10,,Dropbox:MultiModal/LungTumor,Dragonfly tumor ROI,False
Dropbox:MultiModal/LungTumor/MRI/DragonflyROIs/roi-10-week12.ORSObject,File,Dropbox,MultiModal/LungTumor/MRI/DragonflyROIs/roi-10-week12.ORSObject,roi-10-week12.ORSObject,107698.0,,derived,MRI,12.0,M10,,Dropbox:MultiModal/LungTumor,Dragonfly tumor ROI,False
Dropbox:MultiModal/LungTumor/MRI/DragonflyROIs/roi-12-week14.ORSObject,File,Dropbox,MultiModal/LungTumor/MRI/DragonflyROIs/roi-12-week14.ORSObject,roi-12-week14.ORSObject,104712.0,,derived,MRI,14.0,M12,,Dropbox:MultiModal/LungTumor,Dragonfly tumor ROI,False
Dropbox:MultiModal/LungTumor/MRI/DragonflyROIs/roi-12-week8.ORSObject,File,Dropbox,MultiModal/LungTumor/MRI/DragonflyROIs/roi-12-week8.ORSObject,roi-12-week8.ORSObject,5190.0,,derived,MRI,8.0,M12,,Dropbox:MultiModal/LungTumor,Dragonfly tumor ROI,False
Dropbox:MultiModal/LungTumor/MRI/DragonflyROIs/roi-13-week13.ORSObject,File,Dropbox,MultiModal/LungTumor/MRI/DragonflyROIs/roi-13-week13.ORSObject,roi-13-week13.ORSObject,106895.0,,derived,MRI,13.0,M13,,Dropbox:MultiModal/LungTumor,Dragonfly tumor ROI,False
Dropbox:MultiModal/LungTumor/MRI/DragonflyROIs/roi-15-week8.ORSObject,File,Dropbox,MultiModal/LungTumor/MRI/DragonflyROIs/roi-15-week8.ORSObject,roi-15-week8.ORSObject,20865.0,,derived,MRI,8.0,M15,,Dropbox:MultiModal/LungTumor,Dragonfly tumor ROI,False
Dropbox:MultiModal/LungTumor/MRI/DragonflyROIs/roi-11-week9.ORSObject,File,Dropbox,MultiModal/LungTumor/MRI/DragonflyROIs/roi-11-week9.ORSObject,roi-11-week9.ORSObject,19945.0,,derived,MRI,9.0,M11,,Dropbox:MultiModal/LungTumor,Dragonfly tumor ROI,False
Dropbox:MultiModal/LungTumor/MRI/DragonflyROIs/roi-12-week11.ORSObject,File,Dropbox,MultiModal/LungTumor/MRI/DragonflyROIs/roi-12-week11.ORSObject,roi-12-week11.ORSObject,20265.0,,derived,MRI,11.0,M12,,Dropbox:MultiModal/LungTumor,Dragonfly tumor ROI,False
Dropbox:MultiModal/LungTumor/MRI/DragonflyROIs/roi-10-week13.ORSObject,File,Dropbox,MultiModal/LungTumor/MRI/DragonflyROIs/roi-10-week13.ORSObject,roi-10-week13.ORSObject,66036.0,,derived,MRI,13.0,M10,,Dropbox:MultiModal/LungTumor,Dragonfly tumor ROI,False
Dropbox:MultiModal/LungTumor/MRI/DragonflyROIs/roi-10-week14.ORSObject,File,Dropbox,MultiModal/LungTumor/MRI/DragonflyROIs/roi-10-week14.ORSObject,roi-10-week14.ORSObject,75249.0,,derived,MRI,14.0,M10,,Dropbox:MultiModal/LungTumor,Dragonfly tumor ROI,False
Dropbox:MultiModal/LungTumor/MRI/DragonflyROIs/roi-15-week13.ORSObject,File,Dropbox,MultiModal/LungTumor/MRI/DragonflyROIs/roi-15-week13.ORSObject,roi-15-week13.ORSObject,31270.0,,derived,MRI,13.0,M15,,Dropbox:MultiModal/LungTumor,Dragonfly tumor ROI,False
Dropbox:MultiModal/LungTumor/MRI/DragonflyROIs/roi-12-week9.ORSObject,File,Dropbox,MultiModal/LungTumor/MRI/DragonflyROIs/roi-12-week9.ORSObject,roi-12-week9.ORSObject,20107.0,,derived,MRI,9.0,M12,,Dropbox:MultiModal/LungTumor,Dragonfly tumor ROI,False
Dropbox:MultiModal/LungTumor/MRI/DragonflyROIs/roi-19-week14.ORSObject,File,Dropbox,MultiModal/LungTumor/MRI/DragonflyROIs/roi-19-week14.ORSObject,roi-19-week14.ORSObject,43818.0,,derived,MRI,14.0,M19,,Dropbox:MultiModal/LungTumor,Dragonfly tumor ROI,False
Dropbox:MultiModal/LungTumor/MRI/DragonflyROIs/roi-11-week14.ORSObject,File,Dropbox,MultiModal/LungTumor/MRI/DragonflyROIs/roi-11-week14.ORSObject,roi-11-week14.ORSObject,27124.0,,derived,MRI,14.0,M11,,Dropbox:MultiModal/LungTumor,Dragonfly tumor ROI,False
Dropbox:MultiModal/LungTumor/MRI/DragonflyROIs/roi-13-week8.ORSObject,File,Dropbox,MultiModal/LungTumor/MRI/DragonflyROIs/roi-13-week8.ORSObject,roi-13-week8.ORSObject,22107.0,,derived,MRI,8.0,M13,,Dropbox:MultiModal/LungTumor,Dragonfly tumor ROI,False
Dropbox:MultiModal/LungTumor/MRI/DragonflyROIs/roi-13-week11-small.ORSObject,File,Dropbox,MultiModal/LungTumor/MRI/DragonflyROIs/roi-13-week11-small.ORSObject,roi-13-week11-small.ORSObject,60369.0,,derived,MRI,11.0,M13,,Dropbox:MultiModal/LungTumor,Dragonfly tumor ROI,False
Dropbox:MultiModal/LungTumor/MRI/DragonflyROIs/roi-17-week14.ORSObject,File,Dropbox,MultiModal/LungTumor/MRI/DragonflyROIs/roi-17-week14.ORSObject,roi-17-week14.ORSObject,23074.0,,derived,MRI,14.0,M17,,Dropbox:MultiModal/LungTumor,Dragonfly tumor ROI,False
Dropbox:MultiModal/LungTumor/MRI/DragonflyROIs/roi-15-week14.ORSObject,File,Dropbox,MultiModal/LungTumor/MRI/DragonflyROIs/roi-15-week14.ORSObject,roi-15-week14.ORSObject,31886.0,,derived,MRI,14.0,M15,,Dropbox:MultiModal/LungTumor,Dragonfly tumor ROI,False
Dropbox:MultiModal/LungTumor/MRI/DragonflyROIs/roi-15-week12.ORSObject,File,Dropbox,MultiModal/LungTumor/MRI/DragonflyROIs/roi-15-week12.ORSObject,roi-15-week12.ORSObject,25622.0,,derived,MRI,12.0,M15,,Dropbox:MultiModal/LungTumor,Dragonfly tumor ROI,False
Dropbox:MultiModal/LungTumor/MRI/DragonflyROIs/roi-17-week13.ORSObject,File,Dropbox,MultiModal/LungTumor/MRI/DragonflyROIs/roi-17-week13.ORSObject,roi-17-week13.ORSObject,20694.0,,derived,MRI,13.0,M17,,Dropbox:MultiModal/LungTumor,Dragonfly tumor ROI,False
Dropbox:MultiModal/LungTumor/MRI/DragonflyROIs/roi-11-week7.ORSObject,File,Dropbox,MultiModal/LungTumor/MRI/DragonflyROIs/roi-11-week7.ORSObject,roi-11-week7.ORSObject,19648.0,,derived,MRI,7.0,M11,,Dropbox:MultiModal/LungTumor,Dragonfly tumor ROI,False
Dropbox:MultiModal/LungTumor/MRI/DragonflyROIs/roi-15-week7.ORSObject,File,Dropbox,MultiModal/LungTumor/MRI/DragonflyROIs/roi-15-week7.ORSObject,roi-15-week7.ORSObject,21579.0,,derived,MRI,7.0,M15,,Dropbox:MultiModal/LungTumor,Dragonfly tumor ROI,False
Dropbox:MultiModal/LungTumor/MRI/DragonflyROIs/roi-11-week12.ORSObject,File,Dropbox,MultiModal/LungTumor/MRI/DragonflyROIs/roi-11-week12.ORSObject,roi-11-week12.ORSObject,21859.0,,derived,MRI,12.0,M11,,Dropbox:MultiModal/LungTumor,Dragonfly tumor ROI,False
Dropbox:MultiModal/LungTumor/MRI/DragonflyROIs/roi-19-week13.ORSObject,File,Dropbox,MultiModal/LungTumor/MRI/DragonflyROIs/roi-19-week13.ORSObject,roi-19-week13.ORSObject,32123.0,,derived,MRI,13.0,M19,,Dropbox:MultiModal/LungTumor,Dragonfly tumor ROI,False
Dropbox:MultiModal/LungTumor/MRI/DragonflyROIs/roi-14-week12.ORSObject,File,Dropbox,MultiModal/LungTumor/MRI/DragonflyROIs/roi-14-week12.ORSObject,roi-14-week12.ORSObject,24633.0,,derived,MRI,12.0,M14,,Dropbox:MultiModal/LungTumor,Dragonfly tumor ROI,False
Dropbox:MultiModal/LungTumor/MRI/DragonflyROIs/roi-13-week12-small.ORSObject,File,Dropbox,MultiModal/LungTumor/MRI/DragonflyROIs/roi-13-week12-small.ORSObject,roi-13-week12-small.ORSObject,9747.0,,derived,MRI,12.0,M13,,Dropbox:MultiModal/LungTumor,Dragonfly tumor ROI,False
Dropbox:MultiModal/LungTumor/MRI/DragonflyROIs/roi-19-week12.ORSObject,File,Dropbox,MultiModal/LungTumor/MRI/DragonflyROIs/roi-19-week12.ORSObject,roi-19-week12.ORSObject,28065.0,,derived,MRI,12.0,M19,,Dropbox:MultiModal/LungTumor,Dragonfly tumor ROI,False
Dropbox:MultiModal/LungTumor/MRI/DragonflyROIs/roi-17-week9.ORSObject,File,Dropbox,MultiModal/LungTumor/MRI/DragonflyROIs/roi-17-week9.ORSObject,roi-17-week9.ORSObject,20981.0,,derived,MRI,9.0,M17,,Dropbox:MultiModal/LungTumor,Dragonfly tumor ROI,False
Dropbox:MultiModal/LungTumor/MRI/DragonflyROIs/roi-13-week11.ORSObject,File,Dropbox,MultiModal/LungTumor/MRI/DragonflyROIs/roi-13-week11.ORSObject,roi-13-week11.ORSObject,66385.0,,derived,MRI,11.0,M13,,Dropbox:MultiModal/LungTumor,Dragonfly tumor ROI,False
Dropbox:MultiModal/LungTumor/MRI/DragonflyROIs/roi-19-week6.ORSObject,File,Dropbox,MultiModal/LungTumor/MRI/DragonflyROIs/roi-19-week6.ORSObject,roi-19-week6.ORSObject,19822.0,,derived,MRI,6.0,M19,,Dropbox:MultiModal/LungTumor,Dragonfly tumor ROI,False
Dropbox:MultiModal/LungTumor/MRI/DragonflyROIs/roi-11-week13.ORSObject,File,Dropbox,MultiModal/LungTumor/MRI/DragonflyROIs/roi-11-week13.ORSObject,roi-11-week13.ORSObject,24905.0,,derived,MRI,13.0,M11,,Dropbox:MultiModal/LungTumor,Dragonfly tumor ROI,False
Dropbox:MultiModal/LungTumor/MRI/DragonflyROIs/roi-10-week7.ORSObject,File,Dropbox,MultiModal/LungTumor/MRI/DragonflyROIs/roi-10-week7.ORSObject,roi-10-week7.ORSObject,20370.0,,derived,MRI,7.0,M10,,Dropbox:MultiModal/LungTumor,Dragonfly tumor ROI,False
Dropbox:MultiModal/LungTumor/MRI/DragonflySessions/10.ORSSession,File,Dropbox,MultiModal/LungTumor/MRI/DragonflySessions/10.ORSSession,10.ORSSession,81717574.0,1.0,derived,MRI,,M10,,Dropbox:MultiModal/LungTumor,Dragonfly session,False
Dropbox:MultiModal/LungTumor/MRI/DragonflySessions/10.ORSSession.ORSObject,File,Dropbox,MultiModal/LungTumor/MRI/DragonflySessions/10.ORSSession.ORSObject,10.ORSSession.ORSObject,26229.0,1.0,derived,MRI,,M10,,Dropbox:MultiModal/LungTumor,Dragonfly session,False
Dropbox:MultiModal/LungTumor/MRI/DragonflySessions/11.ORSObject,File,Dropbox,MultiModal/LungTumor/MRI/DragonflySessions/11.ORSObject,11.ORSObject,20483.0,1.0,derived,MRI,,M11,,Dropbox:MultiModal/LungTumor,Dragonfly session,False
Dropbox:MultiModal/LungTumor/MRI/DragonflySessions/11.ORSSession,File,Dropbox,MultiModal/LungTumor/MRI/DragonflySessions/11.ORSSession,11.ORSSession,79241245.0,1.0,derived,MRI,,M11,,Dropbox:MultiModal/LungTumor,Dragonfly session,False
Dropbox:MultiModal/LungTumor/MRI/DragonflySessions/12.ORSSession,File,Dropbox,MultiModal/LungTumor/MRI/DragonflySessions/12.ORSSession,12.ORSSession,80148863.0,1.0,derived,MRI,,M12,,Dropbox:MultiModal/LungTumor,Dragonfly session,False
Dropbox:MultiModal/LungTumor/MRI/DragonflySessions/13.ORSSession,File,Dropbox,MultiModal/LungTumor/MRI/DragonflySessions/13.ORSSession,13.ORSSession,91487775.0,1.0,derived,MRI,,M13,,Dropbox:MultiModal/LungTumor,Dragonfly session,False
Dropbox:MultiModal/LungTumor/MRI/DragonflySessions/14.ORSSession,File,Dropbox,MultiModal/LungTumor/MRI/DragonflySessions/14.ORSSession,14.ORSSession,80622216.0,1.0,derived,MRI,,M14,,Dropbox:MultiModal/LungTumor,Dragonfly session,False
Dropbox:MultiModal/LungTumor/MRI/DragonflySessions/15.ORSSession,File,Dropbox,MultiModal/LungTumor/MRI/DragonflySessions/15.ORSSession,15.ORSSession,79966003.0,1.0,derived,MRI,,M15,,Dropbox:MultiModal/LungTumor,Dragonfly session,False
Dropbox:MultiModal/LungTumor/MRI/DragonflySessions/17.ORSSession,File,Dropbox,MultiModal/LungTumor/MRI/DragonflySessions/17.ORSSession,17.ORSSession,79611612.0,1.0,derived,MRI,,M17,,Dropbox:MultiModal/LungTumor,Dragonfly session,False
Dropbox:MultiModal/LungTumor/MRI/DragonflySessions/19.ORSSession,File,Dropbox,MultiModal/LungTumor/MRI/DragonflySessions/19.ORSSession,19.ORSSession,79460364.0,1.0,derived,MRI,,M19,,Dropbox:MultiModal/LungTumor,Dragonfly session,False
Dropbox:MultiModal/LungTumor/MRI/DragonflySessions/m10_wk10,Folder,Dropbox,MultiModal/LungTumor/MRI/DragonflySessions/m10_wk10,m10_wk10,2631760.0,40.0,derived,MRI,10.0,M10,,Dropbox:MultiModal/LungTumor,Dragonfly session slice stack,False
Dropbox:MultiModal/LungTumor/MRI/DragonflySessions/m10_wk13,Folder,Dropbox,MultiModal/LungTumor/MRI/DragonflySessions/m10_wk13,m10_wk13,3026524.0,46.0,derived,MRI,13.0,M10,,Dropbox:MultiModal/LungTumor,Dragonfly session slice stack,False
Dropbox:MultiModal/LungTumor/MRI/DragonflySessions/m10_wk14,Folder,Dropbox,MultiModal/LungTumor/MRI/DragonflySessions/m10_wk14,m10_wk14,3026524.0,46.0,derived,MRI,14.0,M10,,Dropbox:MultiModal/LungTumor,Dragonfly session slice stack,False
Dropbox:MultiModal/LungTumor/MRI/DragonflySessions/m11_wk6,Folder,Dropbox,MultiModal/LungTumor/MRI/DragonflySessions/m11_wk6,m11_wk6,3026524.0,46.0,derived,MRI,6.0,M11,,Dropbox:MultiModal/LungTumor,Dragonfly session slice stack,False
Dropbox:MultiModal/LungTumor/MRI/DragonflySessions/m11_wk7,Folder,Dropbox,MultiModal/LungTumor/MRI/DragonflySessions/m11_wk7,m11_wk7,3026524.0,46.0,derived,MRI,7.0,M11,,Dropbox:MultiModal/LungTumor,Dragonfly session slice stack,False
Dropbox:MultiModal/LungTumor/MRI/DragonflySessions/m11_wk8,Folder,Dropbox,MultiModal/LungTumor/MRI/DragonflySessions/m11_wk8,m11_wk8,3026524.0,46.0,derived,MRI,8.0,M11,,Dropbox:MultiModal/LungTumor,Dragonfly session slice stack,False
Dropbox:MultiModal/LungTumor/MRI/LungTumorVolume.xlsx,File,Dropbox,MultiModal/LungTumor/MRI/LungTumorVolume.xlsx,LungTumorVolume.xlsx,16138.0,,result,MRI,,,,Dropbox:MultiModal/LungTumor,,False
Dropbox:MultiModal/LungTumor/MRI/MRILungTumor.ijm,File,Dropbox,MultiModal/LungTumor/MRI/MRILungTumor.ijm,MRILungTumor.ijm,2771.0,,document,MRI,,,,Dropbox:MultiModal/LungTumor,,False
Dropbox:MultiModal/LungTumor/MRI/MRI lung tumor workflow.pptx,File,Dropbox,MultiModal/LungTumor/MRI/MRI lung tumor workflow.pptx,MRI lung tumor workflow.pptx,271903.0,,document,MRI,,,,Dropbox:MultiModal/LungTumor,,False
Dropbox:MultiModal/LungTumor/MRI/1013,File,Dropbox,MultiModal/LungTumor/MRI/1013,1013,1162380.0,,document,MRI,,,,Dropbox:MultiModal/LungTumor,,False
Dropbox:MultiModal/LungTumor/MRI/LungTumorVolume.pptm,File,Dropbox,MultiModal/LungTumor/MRI/LungTumorVolume.pptm,LungTumorVolume.pptm,7996022.0,,document,MRI,,,,Dropbox:MultiModal/LungTumor,,False
Dropbox:MultiModal/LungTumor/MRI/tree.out,File,Dropbox,MultiModal/LungTumor/MRI/tree.out,tree.out,29938896.0,,document,MRI,,,,Dropbox:MultiModal/LungTumor,,False
Dropbox:MultiModal/LungTumor/IVIS/PNGfiles_allweeks_IVIS,Folder,Dropbox,MultiModal/LungTumor/IVIS/PNGfiles_allweeks_IVIS,PNGfiles_allweeks_IVIS,7953788.0,29.0,derived,IVIS,,,,Dropbox:MultiModal/LungTumor,summary images,False
Dropbox:MultiModal/LungTumor/IVIS/baseline 01222024,Folder,Dropbox,MultiModal/LungTumor/IVIS/baseline 01222024,baseline 01222024,9343442.0,24.0,raw,IVIS,6.0,,,Dropbox:MultiModal/LungTumor,"weekly session, all cages",False
Dropbox:MultiModal/LungTumor/IVIS/week 12_IVIS,Folder,Dropbox,MultiModal/LungTumor/IVIS/week 12_IVIS,week 12_IVIS,27637429.0,71.0,raw,IVIS,12.0,,,Dropbox:MultiModal/LungTumor,"weekly session, all cages",False
Dropbox:MultiModal/LungTumor/IVIS/week 13_IVIS,Folder,Dropbox,MultiModal/LungTumor/IVIS/week 13_IVIS,week 13_IVIS,27637429.0,71.0,copy,IVIS,13.0,,Dropbox:MultiModal/LungTumor/IVIS/week 12_IVIS,Dropbox:MultiModal/LungTumor,contents identical to week 12; real week-13 images not found,False
Dropbox:MultiModal/LungTumor/IVIS/week10_IVIS,Folder,Dropbox,MultiModal/LungTumor/IVIS/week10_IVIS,week10_IVIS,39698420.0,102.0,raw,IVIS,10.0,,,Dropbox:MultiModal/LungTumor,"weekly session, all cages",False
Dropbox:MultiModal/LungTumor/IVIS/week11_IVIS,Folder,Dropbox,MultiModal/LungTumor/IVIS/week11_IVIS,week11_IVIS,50758174.0,131.0,raw,IVIS,11.0,,,Dropbox:MultiModal/LungTumor,"weekly session, all cages",False
Dropbox:MultiModal/LungTumor/IVIS/week14_IVIS,Folder,Dropbox,MultiModal/LungTumor/IVIS/week14_IVIS,week14_IVIS,23550126.0,54.0,raw,IVIS,14.0,,,Dropbox:MultiModal/LungTumor,"weekly session, all cages",False
Dropbox:MultiModal/LungTumor/IVIS/week7_IVIS,Folder,Dropbox,MultiModal/LungTumor/IVIS/week7_IVIS,week7_IVIS,17923482.0,49.0,raw,IVIS,7.0,,,Dropbox:MultiModal/LungTumor,"weekly session, all cages",False
Dropbox:MultiModal/LungTumor/IVIS/week8 IVIS,Folder,Dropbox,MultiModal/LungTumor/IVIS/week8 IVIS,week8 IVIS,22112372.0,64.0,raw,IVIS,8.0,,,Dropbox:MultiModal/LungTumor,"weekly session, all cages",False
Dropbox:MultiModal/LungTumor/IVIS/week8_11_14_images,Folder,Dropbox,MultiModal/LungTumor/IVIS/week8_11_14_images,week8_11_14_images,1011051.0,6.0,derived,IVIS,,,,Dropbox:MultiModal/LungTumor,summary images,False
Dropbox:MultiModal/LungTumor/IVIS/week9_IVIS,Folder,Dropbox,MultiModal/LungTumor/IVIS/week9_IVIS,week9_IVIS,46771978.0,126.0,raw,IVIS,9.0,,,Dropbox:MultiModal/LungTumor,"weekly session, all cages",False
Dropbox:MultiModal/LungTumor/IVIS/baseline 01222024/Living Image files/SME20240122152900,Folder,Dropbox,MultiModal/LungTumor/IVIS/baseline 01222024/Living Image files/SME20240122152900,SME20240122152900,2629641.0,7.0,raw,IVIS,6.0,,,Dropbox:MultiModal/LungTumor/IVIS/baseline 01222024,Living Image sequence 2024-01-22 15:29,True
Dropbox:MultiModal/LungTumor/IVIS/baseline 01222024/Living Image files/SME20240122154353,Folder,Dropbox,MultiModal/LungTumor/IVIS/baseline 01222024/Living Image files/SME20240122154353,SME20240122154353,2744913.0,7.0,raw,IVIS,6.0,,,Dropbox:MultiModal/LungTumor/IVIS/baseline 01222024,Living Image sequence 2024-01-22 15:43,True
Dropbox:MultiModal/LungTumor/IVIS/baseline 01222024/Living Image files/SME20240122160513,Folder,Dropbox,MultiModal/LungTumor/IVIS/baseline 01222024/Living Image files/SME20240122160513,SME20240122160513,2746211.0,7.0,raw,IVIS,6.0,,,Dropbox:MultiModal/LungTumor/IVIS/baseline 01222024,Living Image sequence 2024-01-22 16:05,True
Dropbox:MultiModal/LungTumor/IVIS/week 12_IVIS/SME20240305145610,Folder,Dropbox,MultiModal/LungTumor/IVIS/week 12_IVIS/SME20240305145610,SME20240305145610,2612698.0,6.0,raw,IVIS,12.0,,,Dropbox:MultiModal/LungTumor/IVIS/week 12_IVIS,Living Image sequence 2024-03-05 14:56,True
Dropbox:MultiModal/LungTumor/IVIS/week 12_IVIS/SME20240305145759,Folder,Dropbox,MultiModal/LungTumor/IVIS/week 12_IVIS/SME20240305145759,SME20240305145759,2714462.0,7.0,raw,IVIS,12.0,,,Dropbox:MultiModal/LungTumor/IVIS/week 12_IVIS,Living Image sequence 2024-03-05 14:57,True
Dropbox:MultiModal/LungTumor/IVIS/week 12_IVIS/SME20240305150013,Folder,Dropbox,MultiModal/LungTumor/IVIS/week 12_IVIS/SME20240305150013,SME20240305150013,2608671.0,6.0,raw,IVIS,12.0,,,Dropbox:MultiModal/LungTumor/IVIS/week 12_IVIS,Living Image sequence 2024-03-05 15:00,True
Dropbox:MultiModal/LungTumor/IVIS/week 12_IVIS/SME20240305150744,Folder,Dropbox,MultiModal/LungTumor/IVIS/week 12_IVIS/SME20240305150744,SME20240305150744,2713467.0,7.0,raw,IVIS,12.0,,,Dropbox:MultiModal/LungTumor/IVIS/week 12_IVIS,Living Image sequence 2024-03-05 15:07,True
Dropbox:MultiModal/LungTumor/IVIS/week 12_IVIS/SME20240305151020,Folder,Dropbox,MultiModal/LungTumor/IVIS/week 12_IVIS/SME20240305151020,SME20240305151020,2748740.0,7.0,raw,IVIS,12.0,,,Dropbox:MultiModal/LungTumor/IVIS/week 12_IVIS,Living Image sequence 2024-03-05 15:10,True
Dropbox:MultiModal/LungTumor/IVIS/week 12_IVIS/SME20240305151345,Folder,Dropbox,MultiModal/LungTumor/IVIS/week 12_IVIS/SME20240305151345,SME20240305151345,2740316.0,7.0,raw,IVIS,12.0,,,Dropbox:MultiModal/LungTumor/IVIS/week 12_IVIS,Living Image sequence 2024-03-05 15:13,True
Dropbox:MultiModal/LungTumor/IVIS/week 12_IVIS/SME20240305151814,Folder,Dropbox,MultiModal/LungTumor/IVIS/week 12_IVIS/SME20240305151814,SME20240305151814,2740486.0,7.0,raw,IVIS,12.0,,,Dropbox:MultiModal/LungTumor/IVIS/week 12_IVIS,Living Image sequence 2024-03-05 15:18,True
Dropbox:MultiModal/LungTumor/IVIS/week 12_IVIS/SME20240305153142,Folder,Dropbox,MultiModal/LungTumor/IVIS/week 12_IVIS/SME20240305153142,SME20240305153142,2733016.0,7.0,raw,IVIS,12.0,,,Dropbox:MultiModal/LungTumor/IVIS/week 12_IVIS,Living Image sequence 2024-03-05 15:31,True
Dropbox:MultiModal/LungTumor/IVIS/week 12_IVIS/SME20240305153421,Folder,Dropbox,MultiModal/LungTumor/IVIS/week 12_IVIS/SME20240305153421,SME20240305153421,2732115.0,7.0,raw,IVIS,12.0,,,Dropbox:MultiModal/LungTumor/IVIS/week 12_IVIS,Living Image sequence 2024-03-05 15:34,True
Dropbox:MultiModal/LungTumor/IVIS/week 12_IVIS/SME20240305153652,Folder,Dropbox,MultiModal/LungTumor/IVIS/week 12_IVIS/SME20240305153652,SME20240305153652,2746487.0,7.0,raw,IVIS,12.0,,,Dropbox:MultiModal/LungTumor/IVIS/week 12_IVIS,Living Image sequence 2024-03-05 15:36,True
Dropbox:MultiModal/LungTumor/IVIS/week 13_IVIS/SME20240305145610,Folder,Dropbox,MultiModal/LungTumor/IVIS/week 13_IVIS/SME20240305145610,SME20240305145610,2612698.0,6.0,copy,IVIS,13.0,,Dropbox:MultiModal/LungTumor/IVIS/week 12_IVIS/SME20240305145610,Dropbox:MultiModal/LungTumor/IVIS/week 13_IVIS,Living Image sequence 2024-03-05 14:56,True
Dropbox:MultiModal/LungTumor/IVIS/week 13_IVIS/SME20240305145759,Folder,Dropbox,MultiModal/LungTumor/IVIS/week 13_IVIS/SME20240305145759,SME20240305145759,2714462.0,7.0,copy,IVIS,13.0,,Dropbox:MultiModal/LungTumor/IVIS/week 12_IVIS/SME20240305145759,Dropbox:MultiModal/LungTumor/IVIS/week 13_IVIS,Living Image sequence 2024-03-05 14:57,True
Dropbox:MultiModal/LungTumor/IVIS/week 13_IVIS/SME20240305150013,Folder,Dropbox,MultiModal/LungTumor/IVIS/week 13_IVIS/SME20240305150013,SME20240305150013,2608671.0,6.0,copy,IVIS,13.0,,Dropbox:MultiModal/LungTumor/IVIS/week 12_IVIS/SME20240305150013,Dropbox:MultiModal/LungTumor/IVIS/week 13_IVIS,Living Image sequence 2024-03-05 15:00,True
Dropbox:MultiModal/LungTumor/IVIS/week 13_IVIS/SME20240305150744,Folder,Dropbox,MultiModal/LungTumor/IVIS/week 13_IVIS/SME20240305150744,SME20240305150744,2713467.0,7.0,copy,IVIS,13.0,,Dropbox:MultiModal/LungTumor/IVIS/week 12_IVIS/SME20240305150744,Dropbox:MultiModal/LungTumor/IVIS/week 13_IVIS,Living Image sequence 2024-03-05 15:07,True
Dropbox:MultiModal/LungTumor/IVIS/week 13_IVIS/SME20240305151020,Folder,Dropbox,MultiModal/LungTumor/IVIS/week 13_IVIS/SME20240305151020,SME20240305151020,2748740.0,7.0,copy,IVIS,13.0,,Dropbox:MultiModal/LungTumor/IVIS/week 12_IVIS/SME20240305151020,Dropbox:MultiModal/LungTumor/IVIS/week 13_IVIS,Living Image sequence 2024-03-05 15:10,True
Dropbox:MultiModal/LungTumor/IVIS/week 13_IVIS/SME20240305151345,Folder,Dropbox,MultiModal/LungTumor/IVIS/week 13_IVIS/SME20240305151345,SME20240305151345,2740316.0,7.0,copy,IVIS,13.0,,Dropbox:MultiModal/LungTumor/IVIS/week 12_IVIS/SME20240305151345,Dropbox:MultiModal/LungTumor/IVIS/week 13_IVIS,Living Image sequence 2024-03-05 15:13,True
Dropbox:MultiModal/LungTumor/IVIS/week 13_IVIS/SME20240305151814,Folder,Dropbox,MultiModal/LungTumor/IVIS/week 13_IVIS/SME20240305151814,SME20240305151814,2740486.0,7.0,copy,IVIS,13.0,,Dropbox:MultiModal/LungTumor/IVIS/week 12_IVIS/SME20240305151814,Dropbox:MultiModal/LungTumor/IVIS/week 13_IVIS,Living Image sequence 2024-03-05 15:18,True
Dropbox:MultiModal/LungTumor/IVIS/week 13_IVIS/SME20240305153142,Folder,Dropbox,MultiModal/LungTumor/IVIS/week 13_IVIS/SME20240305153142,SME20240305153142,2733016.0,7.0,copy,IVIS,13.0,,Dropbox:MultiModal/LungTumor/IVIS/week 12_IVIS/SME20240305153142,Dropbox:MultiModal/LungTumor/IVIS/week 13_IVIS,Living Image sequence 2024-03-05 15:31,True
Dropbox:MultiModal/LungTumor/IVIS/week 13_IVIS/SME20240305153421,Folder,Dropbox,MultiModal/LungTumor/IVIS/week 13_IVIS/SME20240305153421,SME20240305153421,2732115.0,7.0,copy,IVIS,13.0,,Dropbox:MultiModal/LungTumor/IVIS/week 12_IVIS/SME20240305153421,Dropbox:MultiModal/LungTumor/IVIS/week 13_IVIS,Living Image sequence 2024-03-05 15:34,True
Dropbox:MultiModal/LungTumor/IVIS/week 13_IVIS/SME20240305153652,Folder,Dropbox,MultiModal/LungTumor/IVIS/week 13_IVIS/SME20240305153652,SME20240305153652,2746487.0,7.0,copy,IVIS,13.0,,Dropbox:MultiModal/LungTumor/IVIS/week 12_IVIS/SME20240305153652,Dropbox:MultiModal/LungTumor/IVIS/week 13_IVIS,Living Image sequence 2024-03-05 15:36,True
Dropbox:MultiModal/LungTumor/IVIS/week10_IVIS/SME20240220182846,Folder,Dropbox,MultiModal/LungTumor/IVIS/week10_IVIS/SME20240220182846,SME20240220182846,2697206.0,7.0,raw,IVIS,10.0,,,Dropbox:MultiModal/LungTumor/IVIS/week10_IVIS,Living Image sequence 2024-02-20 18:28,True
Dropbox:MultiModal/LungTumor/IVIS/week10_IVIS/SME20240220183104,Folder,Dropbox,MultiModal/LungTumor/IVIS/week10_IVIS/SME20240220183104,SME20240220183104,2728785.0,7.0,raw,IVIS,10.0,,,Dropbox:MultiModal/LungTumor/IVIS/week10_IVIS,Living Image sequence 2024-02-20 18:31,True
Dropbox:MultiModal/LungTumor/IVIS/week10_IVIS/SME20240220183316,Folder,Dropbox,MultiModal/LungTumor/IVIS/week10_IVIS/SME20240220183316,SME20240220183316,2734058.0,7.0,raw,IVIS,10.0,,,Dropbox:MultiModal/LungTumor/IVIS/week10_IVIS,Living Image sequence 2024-02-20 18:33,True
Dropbox:MultiModal/LungTumor/IVIS/week10_IVIS/SME20240220183623,Folder,Dropbox,MultiModal/LungTumor/IVIS/week10_IVIS/SME20240220183623,SME20240220183623,2728969.0,7.0,raw,IVIS,10.0,,,Dropbox:MultiModal/LungTumor/IVIS/week10_IVIS,Living Image sequence 2024-02-20 18:36,True
Dropbox:MultiModal/LungTumor/IVIS/week10_IVIS/SME20240220183836,Folder,Dropbox,MultiModal/LungTumor/IVIS/week10_IVIS/SME20240220183836,SME20240220183836,2741956.0,7.0,raw,IVIS,10.0,,,Dropbox:MultiModal/LungTumor/IVIS/week10_IVIS,Living Image sequence 2024-02-20 18:38,True
Dropbox:MultiModal/LungTumor/IVIS/week10_IVIS/SME20240220184044,Folder,Dropbox,MultiModal/LungTumor/IVIS/week10_IVIS/SME20240220184044,SME20240220184044,2736956.0,7.0,raw,IVIS,10.0,,,Dropbox:MultiModal/LungTumor/IVIS/week10_IVIS,Living Image sequence 2024-02-20 18:40,True
Dropbox:MultiModal/LungTumor/IVIS/week10_IVIS/SME20240220185148,Folder,Dropbox,MultiModal/LungTumor/IVIS/week10_IVIS/SME20240220185148,SME20240220185148,2702165.0,7.0,raw,IVIS,10.0,,,Dropbox:MultiModal/LungTumor/IVIS/week10_IVIS,Living Image sequence 2024-02-20 18:51,True
Dropbox:MultiModal/LungTumor/IVIS/week10_IVIS/SME20240220185355,Folder,Dropbox,MultiModal/LungTumor/IVIS/week10_IVIS/SME20240220185355,SME20240220185355,2734485.0,7.0,raw,IVIS,10.0,,,Dropbox:MultiModal/LungTumor/IVIS/week10_IVIS,Living Image sequence 2024-02-20 18:53,True
Dropbox:MultiModal/LungTumor/IVIS/week10_IVIS/SME20240220185618,Folder,Dropbox,MultiModal/LungTumor/IVIS/week10_IVIS/SME20240220185618,SME20240220185618,2726512.0,7.0,raw,IVIS,10.0,,,Dropbox:MultiModal/LungTumor/IVIS/week10_IVIS,Living Image sequence 2024-02-20 18:56,True
Dropbox:MultiModal/LungTumor/IVIS/week10_IVIS/SME20240220190630_SEQ,Folder,Dropbox,MultiModal/LungTumor/IVIS/week10_IVIS/SME20240220190630_SEQ,SME20240220190630_SEQ,14260770.0,38.0,raw,IVIS,10.0,,,Dropbox:MultiModal/LungTumor/IVIS/week10_IVIS,Living Image sequence 2024-02-20 19:06,True
Dropbox:MultiModal/LungTumor/IVIS/week11_IVIS/SME20240229110412_SEQ,Folder,Dropbox,MultiModal/LungTumor/IVIS/week11_IVIS/SME20240229110412_SEQ,SME20240229110412_SEQ,5027785.0,14.0,raw,IVIS,11.0,,,Dropbox:MultiModal/LungTumor/IVIS/week11_IVIS,Living Image sequence 2024-02-29 11:04,True
Dropbox:MultiModal/LungTumor/IVIS/week11_IVIS/SME20240229110954_SEQ,Folder,Dropbox,MultiModal/LungTumor/IVIS/week11_IVIS/SME20240229110954_SEQ,SME20240229110954_SEQ,2608649.0,8.0,raw,IVIS,11.0,,,Dropbox:MultiModal/LungTumor/IVIS/week11_IVIS,Living Image sequence 2024-02-29 11:09,True
Dropbox:MultiModal/LungTumor/IVIS/week11_IVIS/SME20240229111259,Folder,Dropbox,MultiModal/LungTumor/IVIS/week11_IVIS/SME20240229111259,SME20240229111259,2718884.0,7.0,raw,IVIS,11.0,,,Dropbox:MultiModal/LungTumor/IVIS/week11_IVIS,Living Image sequence 2024-02-29 11:12,True
Dropbox:MultiModal/LungTumor/IVIS/week11_IVIS/SME20240229111517,Folder,Dropbox,MultiModal/LungTumor/IVIS/week11_IVIS/SME20240229111517,SME20240229111517,2708417.0,7.0,raw,IVIS,11.0,,,Dropbox:MultiModal/LungTumor/IVIS/week11_IVIS,Living Image sequence 2024-02-29 11:15,True
Dropbox:MultiModal/LungTumor/IVIS/week11_IVIS/SME20240229111747,Folder,Dropbox,MultiModal/LungTumor/IVIS/week11_IVIS/SME20240229111747,SME20240229111747,2714777.0,7.0,raw,IVIS,11.0,,,Dropbox:MultiModal/LungTumor/IVIS/week11_IVIS,Living Image sequence 2024-02-29 11:17,True
Dropbox:MultiModal/LungTumor/IVIS/week11_IVIS/SME20240229112108,Folder,Dropbox,MultiModal/LungTumor/IVIS/week11_IVIS/SME20240229112108,SME20240229112108,2722713.0,7.0,raw,IVIS,11.0,,,Dropbox:MultiModal/LungTumor/IVIS/week11_IVIS,Living Image sequence 2024-02-29 11:21,True
Dropbox:MultiModal/LungTumor/IVIS/week11_IVIS/SME20240229112326,Folder,Dropbox,MultiModal/LungTumor/IVIS/week11_IVIS/SME20240229112326,SME20240229112326,2727962.0,7.0,raw,IVIS,11.0,,,Dropbox:MultiModal/LungTumor/IVIS/week11_IVIS,Living Image sequence 2024-02-29 11:23,True
Dropbox:MultiModal/LungTumor/IVIS/week11_IVIS/SME20240229112708,Folder,Dropbox,MultiModal/LungTumor/IVIS/week11_IVIS/SME20240229112708,SME20240229112708,2732763.0,7.0,raw,IVIS,11.0,,,Dropbox:MultiModal/LungTumor/IVIS/week11_IVIS,Living Image sequence 2024-02-29 11:27,True
Dropbox:MultiModal/LungTumor/IVIS/week11_IVIS/SME20240229121754,Folder,Dropbox,MultiModal/LungTumor/IVIS/week11_IVIS/SME20240229121754,SME20240229121754,2720207.0,7.0,raw,IVIS,11.0,,,Dropbox:MultiModal/LungTumor/IVIS/week11_IVIS,Living Image sequence 2024-02-29 12:17,True
Dropbox:MultiModal/LungTumor/IVIS/week11_IVIS/SME20240229122344,Folder,Dropbox,MultiModal/LungTumor/IVIS/week11_IVIS/SME20240229122344,SME20240229122344,2717891.0,7.0,raw,IVIS,11.0,,,Dropbox:MultiModal/LungTumor/IVIS/week11_IVIS,Living Image sequence 2024-02-29 12:23,True
Dropbox:MultiModal/LungTumor/IVIS/week11_IVIS/SME20240229122553,Folder,Dropbox,MultiModal/LungTumor/IVIS/week11_IVIS/SME20240229122553,SME20240229122553,2723625.0,7.0,raw,IVIS,11.0,,,Dropbox:MultiModal/LungTumor/IVIS/week11_IVIS,Living Image sequence 2024-02-29 12:25,True
Dropbox:MultiModal/LungTumor/IVIS/week11_IVIS/SME20240229122808,Folder,Dropbox,MultiModal/LungTumor/IVIS/week11_IVIS/SME20240229122808,SME20240229122808,2725569.0,7.0,raw,IVIS,11.0,,,Dropbox:MultiModal/LungTumor/IVIS/week11_IVIS,Living Image sequence 2024-02-29 12:28,True
Dropbox:MultiModal/LungTumor/IVIS/week11_IVIS/SME20240301102731,Folder,Dropbox,MultiModal/LungTumor/IVIS/week11_IVIS/SME20240301102731,SME20240301102731,2742297.0,7.0,raw,IVIS,11.0,,,Dropbox:MultiModal/LungTumor/IVIS/week11_IVIS,Living Image sequence 2024-03-01 10:27,True
Dropbox:MultiModal/LungTumor/IVIS/week11_IVIS/SME20240301102930,Folder,Dropbox,MultiModal/LungTumor/IVIS/week11_IVIS/SME20240301102930,SME20240301102930,2764838.0,7.0,raw,IVIS,11.0,,,Dropbox:MultiModal/LungTumor/IVIS/week11_IVIS,Living Image sequence 2024-03-01 10:29,True
Dropbox:MultiModal/LungTumor/IVIS/week11_IVIS/SME20240301103118,Folder,Dropbox,MultiModal/LungTumor/IVIS/week11_IVIS/SME20240301103118,SME20240301103118,2762063.0,7.0,raw,IVIS,11.0,,,Dropbox:MultiModal/LungTumor/IVIS/week11_IVIS,Living Image sequence 2024-03-01 10:31,True
Dropbox:MultiModal/LungTumor/IVIS/week11_IVIS/SME20240301103316,Folder,Dropbox,MultiModal/LungTumor/IVIS/week11_IVIS/SME20240301103316,SME20240301103316,2791422.0,7.0,raw,IVIS,11.0,,,Dropbox:MultiModal/LungTumor/IVIS/week11_IVIS,Living Image sequence 2024-03-01 10:33,True
Dropbox:MultiModal/LungTumor/IVIS/week11_IVIS/SME20240301103517,Folder,Dropbox,MultiModal/LungTumor/IVIS/week11_IVIS/SME20240301103517,SME20240301103517,2739578.0,7.0,raw,IVIS,11.0,,,Dropbox:MultiModal/LungTumor/IVIS/week11_IVIS,Living Image sequence 2024-03-01 10:35,True
Dropbox:MultiModal/LungTumor/IVIS/week14_IVIS/SME20240319141706,Folder,Dropbox,MultiModal/LungTumor/IVIS/week14_IVIS/SME20240319141706,SME20240319141706,2581768.0,6.0,raw,IVIS,14.0,,,Dropbox:MultiModal/LungTumor/IVIS/week14_IVIS,Living Image sequence 2024-03-19 14:17,True
Dropbox:MultiModal/LungTumor/IVIS/week14_IVIS/SME20240319141829,Folder,Dropbox,MultiModal/LungTumor/IVIS/week14_IVIS/SME20240319141829,SME20240319141829,2630550.0,6.0,raw,IVIS,14.0,,,Dropbox:MultiModal/LungTumor/IVIS/week14_IVIS,Living Image sequence 2024-03-19 14:18,True
Dropbox:MultiModal/LungTumor/IVIS/week14_IVIS/SME20240319142653,Folder,Dropbox,MultiModal/LungTumor/IVIS/week14_IVIS/SME20240319142653,SME20240319142653,2625487.0,6.0,raw,IVIS,14.0,,,Dropbox:MultiModal/LungTumor/IVIS/week14_IVIS,Living Image sequence 2024-03-19 14:26,True
Dropbox:MultiModal/LungTumor/IVIS/week14_IVIS/SME20240319142734,Folder,Dropbox,MultiModal/LungTumor/IVIS/week14_IVIS/SME20240319142734,SME20240319142734,2624227.0,6.0,raw,IVIS,14.0,,,Dropbox:MultiModal/LungTumor/IVIS/week14_IVIS,Living Image sequence 2024-03-19 14:27,True
Dropbox:MultiModal/LungTumor/IVIS/week14_IVIS/SME20240319145246,Folder,Dropbox,MultiModal/LungTumor/IVIS/week14_IVIS/SME20240319145246,SME20240319145246,2598427.0,6.0,raw,IVIS,14.0,,,Dropbox:MultiModal/LungTumor/IVIS/week14_IVIS,Living Image sequence 2024-03-19 14:52,True
Dropbox:MultiModal/LungTumor/IVIS/week14_IVIS/SME20240319145403,Folder,Dropbox,MultiModal/LungTumor/IVIS/week14_IVIS/SME20240319145403,SME20240319145403,2635540.0,6.0,raw,IVIS,14.0,,,Dropbox:MultiModal/LungTumor/IVIS/week14_IVIS,Living Image sequence 2024-03-19 14:54,True
Dropbox:MultiModal/LungTumor/IVIS/week14_IVIS/SME20240319145831,Folder,Dropbox,MultiModal/LungTumor/IVIS/week14_IVIS/SME20240319145831,SME20240319145831,2641100.0,6.0,raw,IVIS,14.0,,,Dropbox:MultiModal/LungTumor/IVIS/week14_IVIS,Living Image sequence 2024-03-19 14:58,True
Dropbox:MultiModal/LungTumor/IVIS/week14_IVIS/SME20240319150046,Folder,Dropbox,MultiModal/LungTumor/IVIS/week14_IVIS/SME20240319150046,SME20240319150046,2602179.0,6.0,raw,IVIS,14.0,,,Dropbox:MultiModal/LungTumor/IVIS/week14_IVIS,Living Image sequence 2024-03-19 15:00,True
Dropbox:MultiModal/LungTumor/IVIS/week14_IVIS/SME20240319150545,Folder,Dropbox,MultiModal/LungTumor/IVIS/week14_IVIS/SME20240319150545,SME20240319150545,2610848.0,6.0,raw,IVIS,14.0,,,Dropbox:MultiModal/LungTumor/IVIS/week14_IVIS,Living Image sequence 2024-03-19 15:05,True
Dropbox:MultiModal/LungTumor/IVIS/week7_IVIS/SME20240129161434,Folder,Dropbox,MultiModal/LungTumor/IVIS/week7_IVIS/SME20240129161434,SME20240129161434,2742949.0,7.0,raw,IVIS,7.0,,,Dropbox:MultiModal/LungTumor/IVIS/week7_IVIS,Living Image sequence 2024-01-29 16:14,True
Dropbox:MultiModal/LungTumor/IVIS/week7_IVIS/SME20240129161804,Folder,Dropbox,MultiModal/LungTumor/IVIS/week7_IVIS/SME20240129161804,SME20240129161804,2747413.0,7.0,raw,IVIS,7.0,,,Dropbox:MultiModal/LungTumor/IVIS/week7_IVIS,Living Image sequence 2024-01-29 16:18,True
Dropbox:MultiModal/LungTumor/IVIS/week7_IVIS/SME20240129162016_SEQ,Folder,Dropbox,MultiModal/LungTumor/IVIS/week7_IVIS/SME20240129162016_SEQ,SME20240129162016_SEQ,5021296.0,14.0,raw,IVIS,7.0,,,Dropbox:MultiModal/LungTumor/IVIS/week7_IVIS,Living Image sequence 2024-01-29 16:20,True
Dropbox:MultiModal/LungTumor/IVIS/week7_IVIS/SME20240129164009_SEQ,Folder,Dropbox,MultiModal/LungTumor/IVIS/week7_IVIS/SME20240129164009_SEQ,SME20240129164009_SEQ,7004799.0,20.0,raw,IVIS,7.0,,,Dropbox:MultiModal/LungTumor/IVIS/week7_IVIS,Living Image sequence 2024-01-29 16:40,True
Dropbox:MultiModal/LungTumor/IVIS/week8 IVIS/SME20240205183359_SEQ,Folder,Dropbox,MultiModal/LungTumor/IVIS/week8 IVIS/SME20240205183359_SEQ,SME20240205183359_SEQ,6988568.0,20.0,raw,IVIS,8.0,,,Dropbox:MultiModal/LungTumor/IVIS/week8 IVIS,Living Image sequence 2024-02-05 18:33,True
Dropbox:MultiModal/LungTumor/IVIS/week8 IVIS/SME20240205184459_SEQ,Folder,Dropbox,MultiModal/LungTumor/IVIS/week8 IVIS/SME20240205184459_SEQ,SME20240205184459_SEQ,6912758.0,20.0,raw,IVIS,8.0,,,Dropbox:MultiModal/LungTumor/IVIS/week8 IVIS,Living Image sequence 2024-02-05 18:44,True
Dropbox:MultiModal/LungTumor/IVIS/week8 IVIS/SME20240205190848_SEQ,Folder,Dropbox,MultiModal/LungTumor/IVIS/week8 IVIS/SME20240205190848_SEQ,SME20240205190848_SEQ,7003534.0,20.0,raw,IVIS,8.0,,,Dropbox:MultiModal/LungTumor/IVIS/week8 IVIS,Living Image sequence 2024-02-05 19:08,True
Dropbox:MultiModal/LungTumor/IVIS/week9_IVIS/SME20240213140737,Folder,Dropbox,MultiModal/LungTumor/IVIS/week9_IVIS/SME20240213140737,SME20240213140737,2693196.0,7.0,raw,IVIS,9.0,,,Dropbox:MultiModal/LungTumor/IVIS/week9_IVIS,Living Image sequence 2024-02-13 14:07,True
Dropbox:MultiModal/LungTumor/IVIS/week9_IVIS/SME20240213140943,Folder,Dropbox,MultiModal/LungTumor/IVIS/week9_IVIS/SME20240213140943,SME20240213140943,2728001.0,7.0,raw,IVIS,9.0,,,Dropbox:MultiModal/LungTumor/IVIS/week9_IVIS,Living Image sequence 2024-02-13 14:09,True
Dropbox:MultiModal/LungTumor/IVIS/week9_IVIS/SME20240213141152,Folder,Dropbox,MultiModal/LungTumor/IVIS/week9_IVIS/SME20240213141152,SME20240213141152,2736024.0,7.0,raw,IVIS,9.0,,,Dropbox:MultiModal/LungTumor/IVIS/week9_IVIS,Living Image sequence 2024-02-13 14:11,True
Dropbox:MultiModal/LungTumor/IVIS/week9_IVIS/SME20240213141800,Folder,Dropbox,MultiModal/LungTumor/IVIS/week9_IVIS/SME20240213141800,SME20240213141800,2729128.0,7.0,raw,IVIS,9.0,,,Dropbox:MultiModal/LungTumor/IVIS/week9_IVIS,Living Image sequence 2024-02-13 14:18,True
Dropbox:MultiModal/LungTumor/IVIS/week9_IVIS/SME20240213141835_SEQ,Folder,Dropbox,MultiModal/LungTumor/IVIS/week9_IVIS/SME20240213141835_SEQ,SME20240213141835_SEQ,7045343.0,20.0,raw,IVIS,9.0,,,Dropbox:MultiModal/LungTumor/IVIS/week9_IVIS,Living Image sequence 2024-02-13 14:18,True
Dropbox:MultiModal/LungTumor/IVIS/week9_IVIS/SME20240213142014,Folder,Dropbox,MultiModal/LungTumor/IVIS/week9_IVIS/SME20240213142014,SME20240213142014,2741053.0,7.0,raw,IVIS,9.0,,,Dropbox:MultiModal/LungTumor/IVIS/week9_IVIS,Living Image sequence 2024-02-13 14:20,True
Dropbox:MultiModal/LungTumor/IVIS/week9_IVIS/SME20240213142223,Folder,Dropbox,MultiModal/LungTumor/IVIS/week9_IVIS/SME20240213142223,SME20240213142223,2741211.0,7.0,raw,IVIS,9.0,,,Dropbox:MultiModal/LungTumor/IVIS/week9_IVIS,Living Image sequence 2024-02-13 14:22,True
Dropbox:MultiModal/LungTumor/IVIS/week9_IVIS/SME20240213142643_SEQ,Folder,Dropbox,MultiModal/LungTumor/IVIS/week9_IVIS/SME20240213142643_SEQ,SME20240213142643_SEQ,7056117.0,20.0,raw,IVIS,9.0,,,Dropbox:MultiModal/LungTumor/IVIS/week9_IVIS,Living Image sequence 2024-02-13 14:26,True
Dropbox:MultiModal/LungTumor/IVIS/week9_IVIS/SME20240213143938,Folder,Dropbox,MultiModal/LungTumor/IVIS/week9_IVIS/SME20240213143938,SME20240213143938,2705193.0,7.0,raw,IVIS,9.0,,,Dropbox:MultiModal/LungTumor/IVIS/week9_IVIS,Living Image sequence 2024-02-13 14:39,True
Dropbox:MultiModal/LungTumor/IVIS/week9_IVIS/SME20240213144148,Folder,Dropbox,MultiModal/LungTumor/IVIS/week9_IVIS/SME20240213144148,SME20240213144148,2733076.0,7.0,raw,IVIS,9.0,,,Dropbox:MultiModal/LungTumor/IVIS/week9_IVIS,Living Image sequence 2024-02-13 14:41,True
Dropbox:MultiModal/LungTumor/IVIS/week9_IVIS/SME20240213144403,Folder,Dropbox,MultiModal/LungTumor/IVIS/week9_IVIS/SME20240213144403,SME20240213144403,2731201.0,7.0,raw,IVIS,9.0,,,Dropbox:MultiModal/LungTumor/IVIS/week9_IVIS,Living Image sequence 2024-02-13 14:44,True
Dropbox:MultiModal/LungTumor/IVIS/week9_IVIS/SME20240213144653_SEQ,Folder,Dropbox,MultiModal/LungTumor/IVIS/week9_IVIS/SME20240213144653_SEQ,SME20240213144653_SEQ,7051146.0,20.0,raw,IVIS,9.0,,,Dropbox:MultiModal/LungTumor/IVIS/week9_IVIS,Living Image sequence 2024-02-13 14:46,True
Dropbox:MultiModal/LungTumor/Cage Card photos,Folder,Dropbox,MultiModal/LungTumor/Cage Card photos,Cage Card photos,3865605.0,5.0,document,,,,,Dropbox:MultiModal/LungTumor,,False
Dropbox:MultiModal/LungTumor/IVISimages04232024,Folder,Dropbox,MultiModal/LungTumor/IVISimages04232024,IVISimages04232024,1330481.0,5.0,document,,,,,Dropbox:MultiModal/LungTumor,,False
Dropbox:MultiModal/LungTumor/IVISlungdata042024.xlsx,File,Dropbox,MultiModal/LungTumor/IVISlungdata042024.xlsx,IVISlungdata042024.xlsx,54830.0,,result,,,,,Dropbox:MultiModal/LungTumor,,False
Dropbox:MultiModal/LungTumor/LungTumorMouseID.xlsx,File,Dropbox,MultiModal/LungTumor/LungTumorMouseID.xlsx,LungTumorMouseID.xlsx,11520.0,,result,,,,,Dropbox:MultiModal/LungTumor,,False
Dropbox:MultiModal/LungTumor/LungTumorVolumeMRI.xlsx,File,Dropbox,MultiModal/LungTumor/LungTumorVolumeMRI.xlsx,LungTumorVolumeMRI.xlsx,14706.0,,result,,,,,Dropbox:MultiModal/LungTumor,,False
"Dropbox:MultiModal/LungTumor/Monitoring mouse lung tumors via MRI, IVIS.pptx",File,Dropbox,"MultiModal/LungTumor/Monitoring mouse lung tumors via MRI, IVIS.pptx","Monitoring mouse lung tumors via MRI, IVIS.pptx",23896120.0,,document,,,,,Dropbox:MultiModal/LungTumor,,False
Dropbox:MultiModal/LungTumor/Multimodal Lung Tumors - preliminary summary images and data.pptx,File,Dropbox,MultiModal/LungTumor/Multimodal Lung Tumors - preliminary summary images and data.pptx,Multimodal Lung Tumors - preliminary summary images and data.pptx,49791214.0,,document,,,,,Dropbox:MultiModal/LungTumor,,False
Dropbox:MultiModal/LungTumor/filtered rotated CFT,Folder,Dropbox,MultiModal/LungTumor/filtered rotated CFT,filtered rotated CFT,106388722287.0,34.0,raw,CFT,,,,Dropbox:MultiModal/LungTumor,"cryofluorescence tomography, endpoint",False
Dropbox:MultiModal/LungTumor/multimodal lung tumor CT volume measurements 2 (Milton's changes 2024-05-28).xlsx,File,Dropbox,MultiModal/LungTumor/multimodal lung tumor CT volume measurements 2 (Milton's changes 2024-05-28).xlsx,multimodal lung tumor CT volume measurements 2 (Milton's changes 2024-05-28).xlsx,33614.0,,result,,,,,Dropbox:MultiModal/LungTumor,,False
Dropbox:MultiModal/LungTumor/multimodal lung tumor CT volume measurements 2.xlsx,File,Dropbox,MultiModal/LungTumor/multimodal lung tumor CT volume measurements 2.xlsx,multimodal lung tumor CT volume measurements 2.xlsx,81120.0,,result,,,,,Dropbox:MultiModal/LungTumor,,False
Dropbox:MultiModal/LungTumor/multimodal lung tumor CT volume measurements.xlsx,File,Dropbox,MultiModal/LungTumor/multimodal lung tumor CT volume measurements.xlsx,multimodal lung tumor CT volume measurements.xlsx,24604.0,,result,,,,,Dropbox:MultiModal/LungTumor,,False
Dropbox:MultiModal/LungTumor/zzz,Folder,Dropbox,MultiModal/LungTumor/zzz,zzz,119415.0,1.0,document,,,,,Dropbox:MultiModal/LungTumor,archived analysis,False
