src_label,src,rel,dst_label,dst
Study,AIPT-LUNG-MULTIMODAL-2024,HAS_FOLDER,Folder,Dropbox:MultiModal/LungTumor
Folder,Dropbox:MultiModal/LungTumor,ON_HOST,Host,host:dropbox
Study,AIPT-LUNG-MULTIMODAL-2024,HAS_FOLDER,Folder,atwai:/data0/core/atwai/Anderson_Scott/Multimodal/MultiModal Lung tumor test
Folder,atwai:/data0/core/atwai/Anderson_Scott/Multimodal/MultiModal Lung tumor test,ON_HOST,Host,host:bmc-lab6
Study,AIPT-LUNG-MULTIMODAL-2024,HAS_FOLDER,Folder,atwai:/data0/core/atwai/Milton_CornwallBrady/Protocol Development in vivo/MultiModal Lung tumor test
Folder,atwai:/data0/core/atwai/Milton_CornwallBrady/Protocol Development in vivo/MultiModal Lung tumor test,ON_HOST,Host,host:bmc-lab6
Study,AIPT-LUNG-MULTIMODAL-2024,HAS_FOLDER,Folder,atwai:/data0/core/atwai/archive/microct/longitudinal mouse lung tumors
Folder,atwai:/data0/core/atwai/archive/microct/longitudinal mouse lung tumors,ON_HOST,Host,host:bmc-lab6
Study,AIPT-LUNG-MULTIMODAL-2024,HAS_FOLDER,Folder,atwai:/data0/core/atwai/huangw/2024
Folder,atwai:/data0/core/atwai/huangw/2024,ON_HOST,Host,host:bmc-lab6
Folder,atwai:/data0/core/atwai/Anderson_Scott/Multimodal/MultiModal Lung tumor test,CONTAINS,Folder,atwai:/data0/core/atwai/Anderson_Scott/Multimodal/MultiModal Lung tumor test/raw data/wk10_10_Rec
Folder,atwai:/data0/core/atwai/Anderson_Scott/Multimodal/MultiModal Lung tumor test,CONTAINS,Folder,atwai:/data0/core/atwai/Anderson_Scott/Multimodal/MultiModal Lung tumor test/raw data/wk10_11_Rec
Folder,atwai:/data0/core/atwai/Anderson_Scott/Multimodal/MultiModal Lung tumor test,CONTAINS,Folder,atwai:/data0/core/atwai/Anderson_Scott/Multimodal/MultiModal Lung tumor test/raw data/wk10_12_Rec
Folder,atwai:/data0/core/atwai/Anderson_Scott/Multimodal/MultiModal Lung tumor test,CONTAINS,Folder,atwai:/data0/core/atwai/Anderson_Scott/Multimodal/MultiModal Lung tumor test/raw data/wk10_13_Rec
Folder,atwai:/data0/core/atwai/Anderson_Scott/Multimodal/MultiModal Lung tumor test,CONTAINS,Folder,atwai:/data0/core/atwai/Anderson_Scott/Multimodal/MultiModal Lung tumor test/raw data/wk10_14_Rec
Folder,atwai:/data0/core/atwai/Anderson_Scott/Multimodal/MultiModal Lung tumor test,CONTAINS,Folder,atwai:/data0/core/atwai/Anderson_Scott/Multimodal/MultiModal Lung tumor test/raw data/wk10_15_Rec
Folder,atwai:/data0/core/atwai/Anderson_Scott/Multimodal/MultiModal Lung tumor test,CONTAINS,Folder,atwai:/data0/core/atwai/Anderson_Scott/Multimodal/MultiModal Lung tumor test/raw data/wk10_17_Rec
Folder,atwai:/data0/core/atwai/Anderson_Scott/Multimodal/MultiModal Lung tumor test,CONTAINS,Folder,atwai:/data0/core/atwai/Anderson_Scott/Multimodal/MultiModal Lung tumor test/raw data/wk10_18_Rec
Folder,atwai:/data0/core/atwai/Anderson_Scott/Multimodal/MultiModal Lung tumor test,CONTAINS,Folder,atwai:/data0/core/atwai/Anderson_Scott/Multimodal/MultiModal Lung tumor test/raw data/wk10_19_Rec
Folder,atwai:/data0/core/atwai/Anderson_Scott/Multimodal/MultiModal Lung tumor test,CONTAINS,Folder,atwai:/data0/core/atwai/Anderson_Scott/Multimodal/MultiModal Lung tumor test/raw data/wk10_67_Rec
Folder,atwai:/data0/core/atwai/Anderson_Scott/Multimodal/MultiModal Lung tumor test,CONTAINS,Folder,atwai:/data0/core/atwai/Anderson_Scott/Multimodal/MultiModal Lung tumor test/raw data/wk10_68_Rec
Folder,atwai:/data0/core/atwai/Anderson_Scott/Multimodal/MultiModal Lung tumor test,CONTAINS,Folder,atwai:/data0/core/atwai/Anderson_Scott/Multimodal/MultiModal Lung tumor test/raw data/wk10_69_Rec
Folder,atwai:/data0/core/atwai/Anderson_Scott/Multimodal/MultiModal Lung tumor test,CONTAINS,Folder,atwai:/data0/core/atwai/Anderson_Scott/Multimodal/MultiModal Lung tumor test/raw data/wk10_75_Rec
Folder,atwai:/data0/core/atwai/Anderson_Scott/Multimodal/MultiModal Lung tumor test,CONTAINS,Folder,atwai:/data0/core/atwai/Anderson_Scott/Multimodal/MultiModal Lung tumor test/raw data/wk11_10_Rec
Folder,atwai:/data0/core/atwai/Anderson_Scott/Multimodal/MultiModal Lung tumor test,CONTAINS,Folder,atwai:/data0/core/atwai/Anderson_Scott/Multimodal/MultiModal Lung tumor test/raw data/wk11_11_Rec
Folder,atwai:/data0/core/atwai/Anderson_Scott/Multimodal/MultiModal Lung tumor test,CONTAINS,Folder,atwai:/data0/core/atwai/Anderson_Scott/Multimodal/MultiModal Lung tumor test/raw data/wk11_12_Rec
Folder,atwai:/data0/core/atwai/Anderson_Scott/Multimodal/MultiModal Lung tumor test,CONTAINS,Folder,atwai:/data0/core/atwai/Anderson_Scott/Multimodal/MultiModal Lung tumor test/raw data/wk11_13_Rec
Folder,atwai:/data0/core/atwai/Anderson_Scott/Multimodal/MultiModal Lung tumor test,CONTAINS,Folder,atwai:/data0/core/atwai/Anderson_Scott/Multimodal/MultiModal Lung tumor test/raw data/wk11_14_Rec
Folder,atwai:/data0/core/atwai/Anderson_Scott/Multimodal/MultiModal Lung tumor test,CONTAINS,Folder,atwai:/data0/core/atwai/Anderson_Scott/Multimodal/MultiModal Lung tumor test/raw data/wk11_15_Rec
Folder,atwai:/data0/core/atwai/Anderson_Scott/Multimodal/MultiModal Lung tumor test,CONTAINS,Folder,atwai:/data0/core/atwai/Anderson_Scott/Multimodal/MultiModal Lung tumor test/raw data/wk11_17_Rec
Folder,atwai:/data0/core/atwai/Anderson_Scott/Multimodal/MultiModal Lung tumor test,CONTAINS,Folder,atwai:/data0/core/atwai/Anderson_Scott/Multimodal/MultiModal Lung tumor test/raw data/wk11_18_Rec
Folder,atwai:/data0/core/atwai/Anderson_Scott/Multimodal/MultiModal Lung tumor test,CONTAINS,Folder,atwai:/data0/core/atwai/Anderson_Scott/Multimodal/MultiModal Lung tumor test/raw data/wk11_19_Rec
Folder,atwai:/data0/core/atwai/Anderson_Scott/Multimodal/MultiModal Lung tumor test,CONTAINS,Folder,atwai:/data0/core/atwai/Anderson_Scott/Multimodal/MultiModal Lung tumor test/raw data/wk11_67_Rec
Folder,atwai:/data0/core/atwai/Anderson_Scott/Multimodal/MultiModal Lung tumor test,CONTAINS,Folder,atwai:/data0/core/atwai/Anderson_Scott/Multimodal/MultiModal Lung tumor test/raw data/wk11_68_Rec
Folder,atwai:/data0/core/atwai/Anderson_Scott/Multimodal/MultiModal Lung tumor test,CONTAINS,Folder,atwai:/data0/core/atwai/Anderson_Scott/Multimodal/MultiModal Lung tumor test/raw data/wk11_69_Rec
Folder,atwai:/data0/core/atwai/Anderson_Scott/Multimodal/MultiModal Lung tumor test,CONTAINS,Folder,atwai:/data0/core/atwai/Anderson_Scott/Multimodal/MultiModal Lung tumor test/raw data/wk11_75_Rec
Folder,atwai:/data0/core/atwai/Anderson_Scott/Multimodal/MultiModal Lung tumor test,CONTAINS,Folder,atwai:/data0/core/atwai/Anderson_Scott/Multimodal/MultiModal Lung tumor test/raw data/wk13_10_Rec
Folder,atwai:/data0/core/atwai/Anderson_Scott/Multimodal/MultiModal Lung tumor test,CONTAINS,Folder,atwai:/data0/core/atwai/Anderson_Scott/Multimodal/MultiModal Lung tumor test/raw data/wk13_11_Rec
Folder,atwai:/data0/core/atwai/Anderson_Scott/Multimodal/MultiModal Lung tumor test,CONTAINS,Folder,atwai:/data0/core/atwai/Anderson_Scott/Multimodal/MultiModal Lung tumor test/raw data/wk13_12_Rec
Folder,atwai:/data0/core/atwai/Anderson_Scott/Multimodal/MultiModal Lung tumor test,CONTAINS,Folder,atwai:/data0/core/atwai/Anderson_Scott/Multimodal/MultiModal Lung tumor test/raw data/wk13_13_Rec
Folder,atwai:/data0/core/atwai/Anderson_Scott/Multimodal/MultiModal Lung tumor test,CONTAINS,Folder,atwai:/data0/core/atwai/Anderson_Scott/Multimodal/MultiModal Lung tumor test/raw data/wk13_14_Rec
Folder,atwai:/data0/core/atwai/Anderson_Scott/Multimodal/MultiModal Lung tumor test,CONTAINS,Folder,atwai:/data0/core/atwai/Anderson_Scott/Multimodal/MultiModal Lung tumor test/raw data/wk13_15_Rec
Folder,atwai:/data0/core/atwai/Anderson_Scott/Multimodal/MultiModal Lung tumor test,CONTAINS,Folder,atwai:/data0/core/atwai/Anderson_Scott/Multimodal/MultiModal Lung tumor test/raw data/wk13_17_Rec
Folder,atwai:/data0/core/atwai/Anderson_Scott/Multimodal/MultiModal Lung tumor test,CONTAINS,Folder,atwai:/data0/core/atwai/Anderson_Scott/Multimodal/MultiModal Lung tumor test/raw data/wk13_18_Rec
Folder,atwai:/data0/core/atwai/Anderson_Scott/Multimodal/MultiModal Lung tumor test,CONTAINS,Folder,atwai:/data0/core/atwai/Anderson_Scott/Multimodal/MultiModal Lung tumor test/raw data/wk13_19_Rec
Folder,atwai:/data0/core/atwai/Anderson_Scott/Multimodal/MultiModal Lung tumor test,CONTAINS,Folder,atwai:/data0/core/atwai/Anderson_Scott/Multimodal/MultiModal Lung tumor test/raw data/wk13_67_Rec
Folder,atwai:/data0/core/atwai/Anderson_Scott/Multimodal/MultiModal Lung tumor test,CONTAINS,Folder,atwai:/data0/core/atwai/Anderson_Scott/Multimodal/MultiModal Lung tumor test/raw data/wk13_68_Rec
Folder,atwai:/data0/core/atwai/Anderson_Scott/Multimodal/MultiModal Lung tumor test,CONTAINS,Folder,atwai:/data0/core/atwai/Anderson_Scott/Multimodal/MultiModal Lung tumor test/raw data/wk13_69_Rec
Folder,atwai:/data0/core/atwai/Anderson_Scott/Multimodal/MultiModal Lung tumor test,CONTAINS,Folder,atwai:/data0/core/atwai/Anderson_Scott/Multimodal/MultiModal Lung tumor test/raw data/wk14_10_Rec
Folder,atwai:/data0/core/atwai/Anderson_Scott/Multimodal/MultiModal Lung tumor test,CONTAINS,Folder,atwai:/data0/core/atwai/Anderson_Scott/Multimodal/MultiModal Lung tumor test/raw data/wk14_11_Rec
Folder,atwai:/data0/core/atwai/Anderson_Scott/Multimodal/MultiModal Lung tumor test,CONTAINS,Folder,atwai:/data0/core/atwai/Anderson_Scott/Multimodal/MultiModal Lung tumor test/raw data/wk14_12_Rec
Folder,atwai:/data0/core/atwai/Anderson_Scott/Multimodal/MultiModal Lung tumor test,CONTAINS,Folder,atwai:/data0/core/atwai/Anderson_Scott/Multimodal/MultiModal Lung tumor test/raw data/wk14_13_Rec
Folder,atwai:/data0/core/atwai/Anderson_Scott/Multimodal/MultiModal Lung tumor test,CONTAINS,Folder,atwai:/data0/core/atwai/Anderson_Scott/Multimodal/MultiModal Lung tumor test/raw data/wk14_14_Rec
Folder,atwai:/data0/core/atwai/Anderson_Scott/Multimodal/MultiModal Lung tumor test,CONTAINS,Folder,atwai:/data0/core/atwai/Anderson_Scott/Multimodal/MultiModal Lung tumor test/raw data/wk14_15_Rec
Folder,atwai:/data0/core/atwai/Anderson_Scott/Multimodal/MultiModal Lung tumor test,CONTAINS,Folder,atwai:/data0/core/atwai/Anderson_Scott/Multimodal/MultiModal Lung tumor test/raw data/wk14_17_Rec
Folder,atwai:/data0/core/atwai/Anderson_Scott/Multimodal/MultiModal Lung tumor test,CONTAINS,Folder,atwai:/data0/core/atwai/Anderson_Scott/Multimodal/MultiModal Lung tumor test/raw data/wk14_18_Rec
Folder,atwai:/data0/core/atwai/Anderson_Scott/Multimodal/MultiModal Lung tumor test,CONTAINS,Folder,atwai:/data0/core/atwai/Anderson_Scott/Multimodal/MultiModal Lung tumor test/raw data/wk14_19_Rec
Folder,atwai:/data0/core/atwai/Anderson_Scott/Multimodal/MultiModal Lung tumor test,CONTAINS,Folder,atwai:/data0/core/atwai/Anderson_Scott/Multimodal/MultiModal Lung tumor test/raw data/wk14_67_Rec
Folder,atwai:/data0/core/atwai/Anderson_Scott/Multimodal/MultiModal Lung tumor test,CONTAINS,Folder,atwai:/data0/core/atwai/Anderson_Scott/Multimodal/MultiModal Lung tumor test/raw data/wk14_68_Rec
Folder,atwai:/data0/core/atwai/Anderson_Scott/Multimodal/MultiModal Lung tumor test,CONTAINS,Folder,atwai:/data0/core/atwai/Anderson_Scott/Multimodal/MultiModal Lung tumor test/raw data/wk14_69_Rec
Folder,atwai:/data0/core/atwai/Anderson_Scott/Multimodal/MultiModal Lung tumor test,CONTAINS,Folder,atwai:/data0/core/atwai/Anderson_Scott/Multimodal/MultiModal Lung tumor test/raw data/wk6-10_Rec
Folder,atwai:/data0/core/atwai/Anderson_Scott/Multimodal/MultiModal Lung tumor test,CONTAINS,Folder,atwai:/data0/core/atwai/Anderson_Scott/Multimodal/MultiModal Lung tumor test/raw data/wk6-11_Rec
Folder,atwai:/data0/core/atwai/Anderson_Scott/Multimodal/MultiModal Lung tumor test,CONTAINS,Folder,atwai:/data0/core/atwai/Anderson_Scott/Multimodal/MultiModal Lung tumor test/raw data/wk6-12_Rec
Folder,atwai:/data0/core/atwai/Anderson_Scott/Multimodal/MultiModal Lung tumor test,CONTAINS,Folder,atwai:/data0/core/atwai/Anderson_Scott/Multimodal/MultiModal Lung tumor test/raw data/wk6-13_Rec
Folder,atwai:/data0/core/atwai/Anderson_Scott/Multimodal/MultiModal Lung tumor test,CONTAINS,Folder,atwai:/data0/core/atwai/Anderson_Scott/Multimodal/MultiModal Lung tumor test/raw data/wk6-14_Rec
Folder,atwai:/data0/core/atwai/Anderson_Scott/Multimodal/MultiModal Lung tumor test,CONTAINS,Folder,atwai:/data0/core/atwai/Anderson_Scott/Multimodal/MultiModal Lung tumor test/raw data/wk6-15_Rec
Folder,atwai:/data0/core/atwai/Anderson_Scott/Multimodal/MultiModal Lung tumor test,CONTAINS,Folder,atwai:/data0/core/atwai/Anderson_Scott/Multimodal/MultiModal Lung tumor test/raw data/wk6-17_Rec
Folder,atwai:/data0/core/atwai/Anderson_Scott/Multimodal/MultiModal Lung tumor test,CONTAINS,Folder,atwai:/data0/core/atwai/Anderson_Scott/Multimodal/MultiModal Lung tumor test/raw data/wk6-18_Rec
Folder,atwai:/data0/core/atwai/Anderson_Scott/Multimodal/MultiModal Lung tumor test,CONTAINS,Folder,atwai:/data0/core/atwai/Anderson_Scott/Multimodal/MultiModal Lung tumor test/raw data/wk6-19_Rec
Folder,atwai:/data0/core/atwai/Anderson_Scott/Multimodal/MultiModal Lung tumor test,CONTAINS,Folder,atwai:/data0/core/atwai/Anderson_Scott/Multimodal/MultiModal Lung tumor test/raw data/wk6-67_Rec
Folder,atwai:/data0/core/atwai/Anderson_Scott/Multimodal/MultiModal Lung tumor test,CONTAINS,Folder,atwai:/data0/core/atwai/Anderson_Scott/Multimodal/MultiModal Lung tumor test/raw data/wk6-68_Rec
Folder,atwai:/data0/core/atwai/Anderson_Scott/Multimodal/MultiModal Lung tumor test,CONTAINS,Folder,atwai:/data0/core/atwai/Anderson_Scott/Multimodal/MultiModal Lung tumor test/raw data/wk6-69_Rec
Folder,atwai:/data0/core/atwai/Anderson_Scott/Multimodal/MultiModal Lung tumor test,CONTAINS,Folder,atwai:/data0/core/atwai/Anderson_Scott/Multimodal/MultiModal Lung tumor test/raw data/wk6-75_Rec
Folder,atwai:/data0/core/atwai/Anderson_Scott/Multimodal/MultiModal Lung tumor test,CONTAINS,Folder,atwai:/data0/core/atwai/Anderson_Scott/Multimodal/MultiModal Lung tumor test/raw data/wk7-10_Rec
Folder,atwai:/data0/core/atwai/Anderson_Scott/Multimodal/MultiModal Lung tumor test,CONTAINS,Folder,atwai:/data0/core/atwai/Anderson_Scott/Multimodal/MultiModal Lung tumor test/raw data/wk7-11_Rec
Folder,atwai:/data0/core/atwai/Anderson_Scott/Multimodal/MultiModal Lung tumor test,CONTAINS,Folder,atwai:/data0/core/atwai/Anderson_Scott/Multimodal/MultiModal Lung tumor test/raw data/wk7-12_Rec
Folder,atwai:/data0/core/atwai/Anderson_Scott/Multimodal/MultiModal Lung tumor test,CONTAINS,Folder,atwai:/data0/core/atwai/Anderson_Scott/Multimodal/MultiModal Lung tumor test/raw data/wk7-13_Rec
Folder,atwai:/data0/core/atwai/Anderson_Scott/Multimodal/MultiModal Lung tumor test,CONTAINS,Folder,atwai:/data0/core/atwai/Anderson_Scott/Multimodal/MultiModal Lung tumor test/raw data/wk7-14_Rec
Folder,atwai:/data0/core/atwai/Anderson_Scott/Multimodal/MultiModal Lung tumor test,CONTAINS,Folder,atwai:/data0/core/atwai/Anderson_Scott/Multimodal/MultiModal Lung tumor test/raw data/wk7-15_Rec
Folder,atwai:/data0/core/atwai/Anderson_Scott/Multimodal/MultiModal Lung tumor test,CONTAINS,Folder,atwai:/data0/core/atwai/Anderson_Scott/Multimodal/MultiModal Lung tumor test/raw data/wk7-17_Rec
Folder,atwai:/data0/core/atwai/Anderson_Scott/Multimodal/MultiModal Lung tumor test,CONTAINS,Folder,atwai:/data0/core/atwai/Anderson_Scott/Multimodal/MultiModal Lung tumor test/raw data/wk7-18_Rec
Folder,atwai:/data0/core/atwai/Anderson_Scott/Multimodal/MultiModal Lung tumor test,CONTAINS,Folder,atwai:/data0/core/atwai/Anderson_Scott/Multimodal/MultiModal Lung tumor test/raw data/wk7-19_Rec
Folder,atwai:/data0/core/atwai/Anderson_Scott/Multimodal/MultiModal Lung tumor test,CONTAINS,Folder,atwai:/data0/core/atwai/Anderson_Scott/Multimodal/MultiModal Lung tumor test/raw data/wk7-67_Rec
Folder,atwai:/data0/core/atwai/Anderson_Scott/Multimodal/MultiModal Lung tumor test,CONTAINS,Folder,atwai:/data0/core/atwai/Anderson_Scott/Multimodal/MultiModal Lung tumor test/raw data/wk7-68_Rec
Folder,atwai:/data0/core/atwai/Anderson_Scott/Multimodal/MultiModal Lung tumor test,CONTAINS,Folder,atwai:/data0/core/atwai/Anderson_Scott/Multimodal/MultiModal Lung tumor test/raw data/wk7-69_Rec
Folder,atwai:/data0/core/atwai/Anderson_Scott/Multimodal/MultiModal Lung tumor test,CONTAINS,Folder,atwai:/data0/core/atwai/Anderson_Scott/Multimodal/MultiModal Lung tumor test/raw data/wk7-75_Rec
Folder,atwai:/data0/core/atwai/Anderson_Scott/Multimodal/MultiModal Lung tumor test,CONTAINS,Folder,atwai:/data0/core/atwai/Anderson_Scott/Multimodal/MultiModal Lung tumor test/raw data/wk8_10_Rec
Folder,atwai:/data0/core/atwai/Anderson_Scott/Multimodal/MultiModal Lung tumor test,CONTAINS,Folder,atwai:/data0/core/atwai/Anderson_Scott/Multimodal/MultiModal Lung tumor test/raw data/wk8_11_Rec
Folder,atwai:/data0/core/atwai/Anderson_Scott/Multimodal/MultiModal Lung tumor test,CONTAINS,Folder,atwai:/data0/core/atwai/Anderson_Scott/Multimodal/MultiModal Lung tumor test/raw data/wk8_12_Rec
Folder,atwai:/data0/core/atwai/Anderson_Scott/Multimodal/MultiModal Lung tumor test,CONTAINS,Folder,atwai:/data0/core/atwai/Anderson_Scott/Multimodal/MultiModal Lung tumor test/raw data/wk8_13_Rec
Folder,atwai:/data0/core/atwai/Anderson_Scott/Multimodal/MultiModal Lung tumor test,CONTAINS,Folder,atwai:/data0/core/atwai/Anderson_Scott/Multimodal/MultiModal Lung tumor test/raw data/wk8_14_Rec
Folder,atwai:/data0/core/atwai/Anderson_Scott/Multimodal/MultiModal Lung tumor test,CONTAINS,Folder,atwai:/data0/core/atwai/Anderson_Scott/Multimodal/MultiModal Lung tumor test/raw data/wk8_15_Rec
Folder,atwai:/data0/core/atwai/Anderson_Scott/Multimodal/MultiModal Lung tumor test,CONTAINS,Folder,atwai:/data0/core/atwai/Anderson_Scott/Multimodal/MultiModal Lung tumor test/raw data/wk8_17_Rec
Folder,atwai:/data0/core/atwai/Anderson_Scott/Multimodal/MultiModal Lung tumor test,CONTAINS,Folder,atwai:/data0/core/atwai/Anderson_Scott/Multimodal/MultiModal Lung tumor test/raw data/wk8_18_Rec
Folder,atwai:/data0/core/atwai/Anderson_Scott/Multimodal/MultiModal Lung tumor test,CONTAINS,Folder,atwai:/data0/core/atwai/Anderson_Scott/Multimodal/MultiModal Lung tumor test/raw data/wk8_19_Rec
Folder,atwai:/data0/core/atwai/Anderson_Scott/Multimodal/MultiModal Lung tumor test,CONTAINS,Folder,atwai:/data0/core/atwai/Anderson_Scott/Multimodal/MultiModal Lung tumor test/raw data/wk8_67_Rec
Folder,atwai:/data0/core/atwai/Anderson_Scott/Multimodal/MultiModal Lung tumor test,CONTAINS,Folder,atwai:/data0/core/atwai/Anderson_Scott/Multimodal/MultiModal Lung tumor test/raw data/wk8_68_Rec
Folder,atwai:/data0/core/atwai/Anderson_Scott/Multimodal/MultiModal Lung tumor test,CONTAINS,Folder,atwai:/data0/core/atwai/Anderson_Scott/Multimodal/MultiModal Lung tumor test/raw data/wk8_69_Rec
Folder,atwai:/data0/core/atwai/Anderson_Scott/Multimodal/MultiModal Lung tumor test,CONTAINS,Folder,atwai:/data0/core/atwai/Anderson_Scott/Multimodal/MultiModal Lung tumor test/raw data/wk8_75_Rec
Folder,atwai:/data0/core/atwai/Anderson_Scott/Multimodal/MultiModal Lung tumor test,CONTAINS,Folder,atwai:/data0/core/atwai/Anderson_Scott/Multimodal/MultiModal Lung tumor test/raw data/wk9_10_Rec
Folder,atwai:/data0/core/atwai/Anderson_Scott/Multimodal/MultiModal Lung tumor test,CONTAINS,Folder,atwai:/data0/core/atwai/Anderson_Scott/Multimodal/MultiModal Lung tumor test/raw data/wk9_11_Rec
Folder,atwai:/data0/core/atwai/Anderson_Scott/Multimodal/MultiModal Lung tumor test,CONTAINS,Folder,atwai:/data0/core/atwai/Anderson_Scott/Multimodal/MultiModal Lung tumor test/raw data/wk9_12_Rec
Folder,atwai:/data0/core/atwai/Anderson_Scott/Multimodal/MultiModal Lung tumor test,CONTAINS,Folder,atwai:/data0/core/atwai/Anderson_Scott/Multimodal/MultiModal Lung tumor test/raw data/wk9_13_Rec
Folder,atwai:/data0/core/atwai/Anderson_Scott/Multimodal/MultiModal Lung tumor test,CONTAINS,Folder,atwai:/data0/core/atwai/Anderson_Scott/Multimodal/MultiModal Lung tumor test/raw data/wk9_14_Rec
Folder,atwai:/data0/core/atwai/Anderson_Scott/Multimodal/MultiModal Lung tumor test,CONTAINS,Folder,atwai:/data0/core/atwai/Anderson_Scott/Multimodal/MultiModal Lung tumor test/raw data/wk9_15_Rec
Folder,atwai:/data0/core/atwai/Anderson_Scott/Multimodal/MultiModal Lung tumor test,CONTAINS,Folder,atwai:/data0/core/atwai/Anderson_Scott/Multimodal/MultiModal Lung tumor test/raw data/wk9_17_Rec
Folder,atwai:/data0/core/atwai/Anderson_Scott/Multimodal/MultiModal Lung tumor test,CONTAINS,Folder,atwai:/data0/core/atwai/Anderson_Scott/Multimodal/MultiModal Lung tumor test/raw data/wk9_18_Rec
Folder,atwai:/data0/core/atwai/Anderson_Scott/Multimodal/MultiModal Lung tumor test,CONTAINS,Folder,atwai:/data0/core/atwai/Anderson_Scott/Multimodal/MultiModal Lung tumor test/raw data/wk9_19_Rec
Folder,atwai:/data0/core/atwai/Anderson_Scott/Multimodal/MultiModal Lung tumor test,CONTAINS,Folder,atwai:/data0/core/atwai/Anderson_Scott/Multimodal/MultiModal Lung tumor test/raw data/wk9_67_Rec
Folder,atwai:/data0/core/atwai/Anderson_Scott/Multimodal/MultiModal Lung tumor test,CONTAINS,Folder,atwai:/data0/core/atwai/Anderson_Scott/Multimodal/MultiModal Lung tumor test/raw data/wk9_68_Rec
Folder,atwai:/data0/core/atwai/Anderson_Scott/Multimodal/MultiModal Lung tumor test,CONTAINS,Folder,atwai:/data0/core/atwai/Anderson_Scott/Multimodal/MultiModal Lung tumor test/raw data/wk9_69_Rec
Folder,atwai:/data0/core/atwai/Anderson_Scott/Multimodal/MultiModal Lung tumor test,CONTAINS,Folder,atwai:/data0/core/atwai/Anderson_Scott/Multimodal/MultiModal Lung tumor test/raw data/wk9_75_Rec
Folder,atwai:/data0/core/atwai/Milton_CornwallBrady/Protocol Development in vivo/MultiModal Lung tumor test,CONTAINS,Folder,atwai:/data0/core/atwai/Milton_CornwallBrady/Protocol Development in vivo/MultiModal Lung tumor test/wk10_10_Rec
Folder,atwai:/data0/core/atwai/Milton_CornwallBrady/Protocol Development in vivo/MultiModal Lung tumor test/wk10_10_Rec,COPY_OF,Folder,atwai:/data0/core/atwai/Anderson_Scott/Multimodal/MultiModal Lung tumor test/raw data/wk10_10_Rec
Folder,atwai:/data0/core/atwai/Milton_CornwallBrady/Protocol Development in vivo/MultiModal Lung tumor test,CONTAINS,Folder,atwai:/data0/core/atwai/Milton_CornwallBrady/Protocol Development in vivo/MultiModal Lung tumor test/wk10_11_Rec
Folder,atwai:/data0/core/atwai/Milton_CornwallBrady/Protocol Development in vivo/MultiModal Lung tumor test/wk10_11_Rec,COPY_OF,Folder,atwai:/data0/core/atwai/Anderson_Scott/Multimodal/MultiModal Lung tumor test/raw data/wk10_11_Rec
Folder,atwai:/data0/core/atwai/Milton_CornwallBrady/Protocol Development in vivo/MultiModal Lung tumor test,CONTAINS,Folder,atwai:/data0/core/atwai/Milton_CornwallBrady/Protocol Development in vivo/MultiModal Lung tumor test/wk10_12_Rec
Folder,atwai:/data0/core/atwai/Milton_CornwallBrady/Protocol Development in vivo/MultiModal Lung tumor test/wk10_12_Rec,COPY_OF,Folder,atwai:/data0/core/atwai/Anderson_Scott/Multimodal/MultiModal Lung tumor test/raw data/wk10_12_Rec
Folder,atwai:/data0/core/atwai/Milton_CornwallBrady/Protocol Development in vivo/MultiModal Lung tumor test,CONTAINS,Folder,atwai:/data0/core/atwai/Milton_CornwallBrady/Protocol Development in vivo/MultiModal Lung tumor test/wk10_13_Rec
Folder,atwai:/data0/core/atwai/Milton_CornwallBrady/Protocol Development in vivo/MultiModal Lung tumor test/wk10_13_Rec,COPY_OF,Folder,atwai:/data0/core/atwai/Anderson_Scott/Multimodal/MultiModal Lung tumor test/raw data/wk10_13_Rec
Folder,atwai:/data0/core/atwai/Milton_CornwallBrady/Protocol Development in vivo/MultiModal Lung tumor test,CONTAINS,Folder,atwai:/data0/core/atwai/Milton_CornwallBrady/Protocol Development in vivo/MultiModal Lung tumor test/wk10_14_Rec
Folder,atwai:/data0/core/atwai/Milton_CornwallBrady/Protocol Development in vivo/MultiModal Lung tumor test/wk10_14_Rec,COPY_OF,Folder,atwai:/data0/core/atwai/Anderson_Scott/Multimodal/MultiModal Lung tumor test/raw data/wk10_14_Rec
Folder,atwai:/data0/core/atwai/Milton_CornwallBrady/Protocol Development in vivo/MultiModal Lung tumor test,CONTAINS,Folder,atwai:/data0/core/atwai/Milton_CornwallBrady/Protocol Development in vivo/MultiModal Lung tumor test/wk10_15_Rec
Folder,atwai:/data0/core/atwai/Milton_CornwallBrady/Protocol Development in vivo/MultiModal Lung tumor test/wk10_15_Rec,COPY_OF,Folder,atwai:/data0/core/atwai/Anderson_Scott/Multimodal/MultiModal Lung tumor test/raw data/wk10_15_Rec
Folder,atwai:/data0/core/atwai/Milton_CornwallBrady/Protocol Development in vivo/MultiModal Lung tumor test,CONTAINS,Folder,atwai:/data0/core/atwai/Milton_CornwallBrady/Protocol Development in vivo/MultiModal Lung tumor test/wk10_17_Rec
Folder,atwai:/data0/core/atwai/Milton_CornwallBrady/Protocol Development in vivo/MultiModal Lung tumor test/wk10_17_Rec,COPY_OF,Folder,atwai:/data0/core/atwai/Anderson_Scott/Multimodal/MultiModal Lung tumor test/raw data/wk10_17_Rec
Folder,atwai:/data0/core/atwai/Milton_CornwallBrady/Protocol Development in vivo/MultiModal Lung tumor test,CONTAINS,Folder,atwai:/data0/core/atwai/Milton_CornwallBrady/Protocol Development in vivo/MultiModal Lung tumor test/wk10_18_Rec
Folder,atwai:/data0/core/atwai/Milton_CornwallBrady/Protocol Development in vivo/MultiModal Lung tumor test/wk10_18_Rec,COPY_OF,Folder,atwai:/data0/core/atwai/Anderson_Scott/Multimodal/MultiModal Lung tumor test/raw data/wk10_18_Rec
Folder,atwai:/data0/core/atwai/Milton_CornwallBrady/Protocol Development in vivo/MultiModal Lung tumor test,CONTAINS,Folder,atwai:/data0/core/atwai/Milton_CornwallBrady/Protocol Development in vivo/MultiModal Lung tumor test/wk10_19_Rec
Folder,atwai:/data0/core/atwai/Milton_CornwallBrady/Protocol Development in vivo/MultiModal Lung tumor test/wk10_19_Rec,COPY_OF,Folder,atwai:/data0/core/atwai/Anderson_Scott/Multimodal/MultiModal Lung tumor test/raw data/wk10_19_Rec
Folder,atwai:/data0/core/atwai/Milton_CornwallBrady/Protocol Development in vivo/MultiModal Lung tumor test,CONTAINS,Folder,atwai:/data0/core/atwai/Milton_CornwallBrady/Protocol Development in vivo/MultiModal Lung tumor test/wk10_67_Rec
Folder,atwai:/data0/core/atwai/Milton_CornwallBrady/Protocol Development in vivo/MultiModal Lung tumor test/wk10_67_Rec,COPY_OF,Folder,atwai:/data0/core/atwai/Anderson_Scott/Multimodal/MultiModal Lung tumor test/raw data/wk10_67_Rec
Folder,atwai:/data0/core/atwai/Milton_CornwallBrady/Protocol Development in vivo/MultiModal Lung tumor test,CONTAINS,Folder,atwai:/data0/core/atwai/Milton_CornwallBrady/Protocol Development in vivo/MultiModal Lung tumor test/wk10_68_Rec
Folder,atwai:/data0/core/atwai/Milton_CornwallBrady/Protocol Development in vivo/MultiModal Lung tumor test/wk10_68_Rec,COPY_OF,Folder,atwai:/data0/core/atwai/Anderson_Scott/Multimodal/MultiModal Lung tumor test/raw data/wk10_68_Rec
Folder,atwai:/data0/core/atwai/Milton_CornwallBrady/Protocol Development in vivo/MultiModal Lung tumor test,CONTAINS,Folder,atwai:/data0/core/atwai/Milton_CornwallBrady/Protocol Development in vivo/MultiModal Lung tumor test/wk10_69_Rec
Folder,atwai:/data0/core/atwai/Milton_CornwallBrady/Protocol Development in vivo/MultiModal Lung tumor test/wk10_69_Rec,COPY_OF,Folder,atwai:/data0/core/atwai/Anderson_Scott/Multimodal/MultiModal Lung tumor test/raw data/wk10_69_Rec
Folder,atwai:/data0/core/atwai/Milton_CornwallBrady/Protocol Development in vivo/MultiModal Lung tumor test,CONTAINS,Folder,atwai:/data0/core/atwai/Milton_CornwallBrady/Protocol Development in vivo/MultiModal Lung tumor test/wk10_75_Rec
Folder,atwai:/data0/core/atwai/Milton_CornwallBrady/Protocol Development in vivo/MultiModal Lung tumor test/wk10_75_Rec,COPY_OF,Folder,atwai:/data0/core/atwai/Anderson_Scott/Multimodal/MultiModal Lung tumor test/raw data/wk10_75_Rec
Folder,atwai:/data0/core/atwai/Milton_CornwallBrady/Protocol Development in vivo/MultiModal Lung tumor test,CONTAINS,Folder,atwai:/data0/core/atwai/Milton_CornwallBrady/Protocol Development in vivo/MultiModal Lung tumor test/wk11_10_Rec
Folder,atwai:/data0/core/atwai/Milton_CornwallBrady/Protocol Development in vivo/MultiModal Lung tumor test/wk11_10_Rec,COPY_OF,Folder,atwai:/data0/core/atwai/Anderson_Scott/Multimodal/MultiModal Lung tumor test/raw data/wk11_10_Rec
Folder,atwai:/data0/core/atwai/Milton_CornwallBrady/Protocol Development in vivo/MultiModal Lung tumor test,CONTAINS,Folder,atwai:/data0/core/atwai/Milton_CornwallBrady/Protocol Development in vivo/MultiModal Lung tumor test/wk11_11_Rec
Folder,atwai:/data0/core/atwai/Milton_CornwallBrady/Protocol Development in vivo/MultiModal Lung tumor test/wk11_11_Rec,COPY_OF,Folder,atwai:/data0/core/atwai/Anderson_Scott/Multimodal/MultiModal Lung tumor test/raw data/wk11_11_Rec
Folder,atwai:/data0/core/atwai/Milton_CornwallBrady/Protocol Development in vivo/MultiModal Lung tumor test,CONTAINS,Folder,atwai:/data0/core/atwai/Milton_CornwallBrady/Protocol Development in vivo/MultiModal Lung tumor test/wk11_12_Rec
Folder,atwai:/data0/core/atwai/Milton_CornwallBrady/Protocol Development in vivo/MultiModal Lung tumor test/wk11_12_Rec,COPY_OF,Folder,atwai:/data0/core/atwai/Anderson_Scott/Multimodal/MultiModal Lung tumor test/raw data/wk11_12_Rec
Folder,atwai:/data0/core/atwai/Milton_CornwallBrady/Protocol Development in vivo/MultiModal Lung tumor test,CONTAINS,Folder,atwai:/data0/core/atwai/Milton_CornwallBrady/Protocol Development in vivo/MultiModal Lung tumor test/wk11_13_Rec
Folder,atwai:/data0/core/atwai/Milton_CornwallBrady/Protocol Development in vivo/MultiModal Lung tumor test/wk11_13_Rec,COPY_OF,Folder,atwai:/data0/core/atwai/Anderson_Scott/Multimodal/MultiModal Lung tumor test/raw data/wk11_13_Rec
Folder,atwai:/data0/core/atwai/Milton_CornwallBrady/Protocol Development in vivo/MultiModal Lung tumor test,CONTAINS,Folder,atwai:/data0/core/atwai/Milton_CornwallBrady/Protocol Development in vivo/MultiModal Lung tumor test/wk11_14_Rec
Folder,atwai:/data0/core/atwai/Milton_CornwallBrady/Protocol Development in vivo/MultiModal Lung tumor test/wk11_14_Rec,COPY_OF,Folder,atwai:/data0/core/atwai/Anderson_Scott/Multimodal/MultiModal Lung tumor test/raw data/wk11_14_Rec
Folder,atwai:/data0/core/atwai/Milton_CornwallBrady/Protocol Development in vivo/MultiModal Lung tumor test,CONTAINS,Folder,atwai:/data0/core/atwai/Milton_CornwallBrady/Protocol Development in vivo/MultiModal Lung tumor test/wk11_15_Rec
Folder,atwai:/data0/core/atwai/Milton_CornwallBrady/Protocol Development in vivo/MultiModal Lung tumor test/wk11_15_Rec,COPY_OF,Folder,atwai:/data0/core/atwai/Anderson_Scott/Multimodal/MultiModal Lung tumor test/raw data/wk11_15_Rec
Folder,atwai:/data0/core/atwai/Milton_CornwallBrady/Protocol Development in vivo/MultiModal Lung tumor test,CONTAINS,Folder,atwai:/data0/core/atwai/Milton_CornwallBrady/Protocol Development in vivo/MultiModal Lung tumor test/wk11_17_Rec
Folder,atwai:/data0/core/atwai/Milton_CornwallBrady/Protocol Development in vivo/MultiModal Lung tumor test/wk11_17_Rec,COPY_OF,Folder,atwai:/data0/core/atwai/Anderson_Scott/Multimodal/MultiModal Lung tumor test/raw data/wk11_17_Rec
Folder,atwai:/data0/core/atwai/Milton_CornwallBrady/Protocol Development in vivo/MultiModal Lung tumor test,CONTAINS,Folder,atwai:/data0/core/atwai/Milton_CornwallBrady/Protocol Development in vivo/MultiModal Lung tumor test/wk11_18_Rec
Folder,atwai:/data0/core/atwai/Milton_CornwallBrady/Protocol Development in vivo/MultiModal Lung tumor test/wk11_18_Rec,COPY_OF,Folder,atwai:/data0/core/atwai/Anderson_Scott/Multimodal/MultiModal Lung tumor test/raw data/wk11_18_Rec
Folder,atwai:/data0/core/atwai/Milton_CornwallBrady/Protocol Development in vivo/MultiModal Lung tumor test,CONTAINS,Folder,atwai:/data0/core/atwai/Milton_CornwallBrady/Protocol Development in vivo/MultiModal Lung tumor test/wk11_19_Rec
Folder,atwai:/data0/core/atwai/Milton_CornwallBrady/Protocol Development in vivo/MultiModal Lung tumor test/wk11_19_Rec,COPY_OF,Folder,atwai:/data0/core/atwai/Anderson_Scott/Multimodal/MultiModal Lung tumor test/raw data/wk11_19_Rec
Folder,atwai:/data0/core/atwai/Milton_CornwallBrady/Protocol Development in vivo/MultiModal Lung tumor test,CONTAINS,Folder,atwai:/data0/core/atwai/Milton_CornwallBrady/Protocol Development in vivo/MultiModal Lung tumor test/wk11_67_Rec
Folder,atwai:/data0/core/atwai/Milton_CornwallBrady/Protocol Development in vivo/MultiModal Lung tumor test/wk11_67_Rec,COPY_OF,Folder,atwai:/data0/core/atwai/Anderson_Scott/Multimodal/MultiModal Lung tumor test/raw data/wk11_67_Rec
Folder,atwai:/data0/core/atwai/Milton_CornwallBrady/Protocol Development in vivo/MultiModal Lung tumor test,CONTAINS,Folder,atwai:/data0/core/atwai/Milton_CornwallBrady/Protocol Development in vivo/MultiModal Lung tumor test/wk11_68_Rec
Folder,atwai:/data0/core/atwai/Milton_CornwallBrady/Protocol Development in vivo/MultiModal Lung tumor test/wk11_68_Rec,COPY_OF,Folder,atwai:/data0/core/atwai/Anderson_Scott/Multimodal/MultiModal Lung tumor test/raw data/wk11_68_Rec
Folder,atwai:/data0/core/atwai/Milton_CornwallBrady/Protocol Development in vivo/MultiModal Lung tumor test,CONTAINS,Folder,atwai:/data0/core/atwai/Milton_CornwallBrady/Protocol Development in vivo/MultiModal Lung tumor test/wk11_69_Rec
Folder,atwai:/data0/core/atwai/Milton_CornwallBrady/Protocol Development in vivo/MultiModal Lung tumor test/wk11_69_Rec,COPY_OF,Folder,atwai:/data0/core/atwai/Anderson_Scott/Multimodal/MultiModal Lung tumor test/raw data/wk11_69_Rec
Folder,atwai:/data0/core/atwai/Milton_CornwallBrady/Protocol Development in vivo/MultiModal Lung tumor test,CONTAINS,Folder,atwai:/data0/core/atwai/Milton_CornwallBrady/Protocol Development in vivo/MultiModal Lung tumor test/wk11_75_Rec
Folder,atwai:/data0/core/atwai/Milton_CornwallBrady/Protocol Development in vivo/MultiModal Lung tumor test/wk11_75_Rec,COPY_OF,Folder,atwai:/data0/core/atwai/Anderson_Scott/Multimodal/MultiModal Lung tumor test/raw data/wk11_75_Rec
Folder,atwai:/data0/core/atwai/Milton_CornwallBrady/Protocol Development in vivo/MultiModal Lung tumor test,CONTAINS,Folder,atwai:/data0/core/atwai/Milton_CornwallBrady/Protocol Development in vivo/MultiModal Lung tumor test/wk13_10_Rec
Folder,atwai:/data0/core/atwai/Milton_CornwallBrady/Protocol Development in vivo/MultiModal Lung tumor test/wk13_10_Rec,COPY_OF,Folder,atwai:/data0/core/atwai/Anderson_Scott/Multimodal/MultiModal Lung tumor test/raw data/wk13_10_Rec
Folder,atwai:/data0/core/atwai/Milton_CornwallBrady/Protocol Development in vivo/MultiModal Lung tumor test,CONTAINS,Folder,atwai:/data0/core/atwai/Milton_CornwallBrady/Protocol Development in vivo/MultiModal Lung tumor test/wk13_11_Rec
Folder,atwai:/data0/core/atwai/Milton_CornwallBrady/Protocol Development in vivo/MultiModal Lung tumor test/wk13_11_Rec,COPY_OF,Folder,atwai:/data0/core/atwai/Anderson_Scott/Multimodal/MultiModal Lung tumor test/raw data/wk13_11_Rec
Folder,atwai:/data0/core/atwai/Milton_CornwallBrady/Protocol Development in vivo/MultiModal Lung tumor test,CONTAINS,Folder,atwai:/data0/core/atwai/Milton_CornwallBrady/Protocol Development in vivo/MultiModal Lung tumor test/wk13_12_Rec
Folder,atwai:/data0/core/atwai/Milton_CornwallBrady/Protocol Development in vivo/MultiModal Lung tumor test/wk13_12_Rec,COPY_OF,Folder,atwai:/data0/core/atwai/Anderson_Scott/Multimodal/MultiModal Lung tumor test/raw data/wk13_12_Rec
Folder,atwai:/data0/core/atwai/Milton_CornwallBrady/Protocol Development in vivo/MultiModal Lung tumor test,CONTAINS,Folder,atwai:/data0/core/atwai/Milton_CornwallBrady/Protocol Development in vivo/MultiModal Lung tumor test/wk13_13_Rec
Folder,atwai:/data0/core/atwai/Milton_CornwallBrady/Protocol Development in vivo/MultiModal Lung tumor test/wk13_13_Rec,COPY_OF,Folder,atwai:/data0/core/atwai/Anderson_Scott/Multimodal/MultiModal Lung tumor test/raw data/wk13_13_Rec
Folder,atwai:/data0/core/atwai/Milton_CornwallBrady/Protocol Development in vivo/MultiModal Lung tumor test,CONTAINS,Folder,atwai:/data0/core/atwai/Milton_CornwallBrady/Protocol Development in vivo/MultiModal Lung tumor test/wk13_14_Rec
Folder,atwai:/data0/core/atwai/Milton_CornwallBrady/Protocol Development in vivo/MultiModal Lung tumor test/wk13_14_Rec,COPY_OF,Folder,atwai:/data0/core/atwai/Anderson_Scott/Multimodal/MultiModal Lung tumor test/raw data/wk13_14_Rec
Folder,atwai:/data0/core/atwai/Milton_CornwallBrady/Protocol Development in vivo/MultiModal Lung tumor test,CONTAINS,Folder,atwai:/data0/core/atwai/Milton_CornwallBrady/Protocol Development in vivo/MultiModal Lung tumor test/wk13_15_Rec
Folder,atwai:/data0/core/atwai/Milton_CornwallBrady/Protocol Development in vivo/MultiModal Lung tumor test/wk13_15_Rec,COPY_OF,Folder,atwai:/data0/core/atwai/Anderson_Scott/Multimodal/MultiModal Lung tumor test/raw data/wk13_15_Rec
Folder,atwai:/data0/core/atwai/Milton_CornwallBrady/Protocol Development in vivo/MultiModal Lung tumor test,CONTAINS,Folder,atwai:/data0/core/atwai/Milton_CornwallBrady/Protocol Development in vivo/MultiModal Lung tumor test/wk13_17_Rec
Folder,atwai:/data0/core/atwai/Milton_CornwallBrady/Protocol Development in vivo/MultiModal Lung tumor test/wk13_17_Rec,COPY_OF,Folder,atwai:/data0/core/atwai/Anderson_Scott/Multimodal/MultiModal Lung tumor test/raw data/wk13_17_Rec
Folder,atwai:/data0/core/atwai/Milton_CornwallBrady/Protocol Development in vivo/MultiModal Lung tumor test,CONTAINS,Folder,atwai:/data0/core/atwai/Milton_CornwallBrady/Protocol Development in vivo/MultiModal Lung tumor test/wk13_18_Rec
Folder,atwai:/data0/core/atwai/Milton_CornwallBrady/Protocol Development in vivo/MultiModal Lung tumor test/wk13_18_Rec,COPY_OF,Folder,atwai:/data0/core/atwai/Anderson_Scott/Multimodal/MultiModal Lung tumor test/raw data/wk13_18_Rec
Folder,atwai:/data0/core/atwai/Milton_CornwallBrady/Protocol Development in vivo/MultiModal Lung tumor test,CONTAINS,Folder,atwai:/data0/core/atwai/Milton_CornwallBrady/Protocol Development in vivo/MultiModal Lung tumor test/wk13_19_Rec
Folder,atwai:/data0/core/atwai/Milton_CornwallBrady/Protocol Development in vivo/MultiModal Lung tumor test/wk13_19_Rec,COPY_OF,Folder,atwai:/data0/core/atwai/Anderson_Scott/Multimodal/MultiModal Lung tumor test/raw data/wk13_19_Rec
Folder,atwai:/data0/core/atwai/Milton_CornwallBrady/Protocol Development in vivo/MultiModal Lung tumor test,CONTAINS,Folder,atwai:/data0/core/atwai/Milton_CornwallBrady/Protocol Development in vivo/MultiModal Lung tumor test/wk13_67_Rec
Folder,atwai:/data0/core/atwai/Milton_CornwallBrady/Protocol Development in vivo/MultiModal Lung tumor test/wk13_67_Rec,COPY_OF,Folder,atwai:/data0/core/atwai/Anderson_Scott/Multimodal/MultiModal Lung tumor test/raw data/wk13_67_Rec
Folder,atwai:/data0/core/atwai/Milton_CornwallBrady/Protocol Development in vivo/MultiModal Lung tumor test,CONTAINS,Folder,atwai:/data0/core/atwai/Milton_CornwallBrady/Protocol Development in vivo/MultiModal Lung tumor test/wk13_68_Rec
Folder,atwai:/data0/core/atwai/Milton_CornwallBrady/Protocol Development in vivo/MultiModal Lung tumor test/wk13_68_Rec,COPY_OF,Folder,atwai:/data0/core/atwai/Anderson_Scott/Multimodal/MultiModal Lung tumor test/raw data/wk13_68_Rec
Folder,atwai:/data0/core/atwai/Milton_CornwallBrady/Protocol Development in vivo/MultiModal Lung tumor test,CONTAINS,Folder,atwai:/data0/core/atwai/Milton_CornwallBrady/Protocol Development in vivo/MultiModal Lung tumor test/wk13_69_Rec
Folder,atwai:/data0/core/atwai/Milton_CornwallBrady/Protocol Development in vivo/MultiModal Lung tumor test/wk13_69_Rec,COPY_OF,Folder,atwai:/data0/core/atwai/Anderson_Scott/Multimodal/MultiModal Lung tumor test/raw data/wk13_69_Rec
Folder,atwai:/data0/core/atwai/Milton_CornwallBrady/Protocol Development in vivo/MultiModal Lung tumor test,CONTAINS,Folder,atwai:/data0/core/atwai/Milton_CornwallBrady/Protocol Development in vivo/MultiModal Lung tumor test/wk14_10_Rec
Folder,atwai:/data0/core/atwai/Milton_CornwallBrady/Protocol Development in vivo/MultiModal Lung tumor test/wk14_10_Rec,COPY_OF,Folder,atwai:/data0/core/atwai/Anderson_Scott/Multimodal/MultiModal Lung tumor test/raw data/wk14_10_Rec
Folder,atwai:/data0/core/atwai/Milton_CornwallBrady/Protocol Development in vivo/MultiModal Lung tumor test,CONTAINS,Folder,atwai:/data0/core/atwai/Milton_CornwallBrady/Protocol Development in vivo/MultiModal Lung tumor test/wk14_11_Rec
Folder,atwai:/data0/core/atwai/Milton_CornwallBrady/Protocol Development in vivo/MultiModal Lung tumor test/wk14_11_Rec,COPY_OF,Folder,atwai:/data0/core/atwai/Anderson_Scott/Multimodal/MultiModal Lung tumor test/raw data/wk14_11_Rec
Folder,atwai:/data0/core/atwai/Milton_CornwallBrady/Protocol Development in vivo/MultiModal Lung tumor test,CONTAINS,Folder,atwai:/data0/core/atwai/Milton_CornwallBrady/Protocol Development in vivo/MultiModal Lung tumor test/wk14_12_Rec
Folder,atwai:/data0/core/atwai/Milton_CornwallBrady/Protocol Development in vivo/MultiModal Lung tumor test/wk14_12_Rec,COPY_OF,Folder,atwai:/data0/core/atwai/Anderson_Scott/Multimodal/MultiModal Lung tumor test/raw data/wk14_12_Rec
Folder,atwai:/data0/core/atwai/Milton_CornwallBrady/Protocol Development in vivo/MultiModal Lung tumor test,CONTAINS,Folder,atwai:/data0/core/atwai/Milton_CornwallBrady/Protocol Development in vivo/MultiModal Lung tumor test/wk14_13_Rec
Folder,atwai:/data0/core/atwai/Milton_CornwallBrady/Protocol Development in vivo/MultiModal Lung tumor test/wk14_13_Rec,COPY_OF,Folder,atwai:/data0/core/atwai/Anderson_Scott/Multimodal/MultiModal Lung tumor test/raw data/wk14_13_Rec
Folder,atwai:/data0/core/atwai/Milton_CornwallBrady/Protocol Development in vivo/MultiModal Lung tumor test,CONTAINS,Folder,atwai:/data0/core/atwai/Milton_CornwallBrady/Protocol Development in vivo/MultiModal Lung tumor test/wk14_14_Rec
Folder,atwai:/data0/core/atwai/Milton_CornwallBrady/Protocol Development in vivo/MultiModal Lung tumor test/wk14_14_Rec,COPY_OF,Folder,atwai:/data0/core/atwai/Anderson_Scott/Multimodal/MultiModal Lung tumor test/raw data/wk14_14_Rec
Folder,atwai:/data0/core/atwai/Milton_CornwallBrady/Protocol Development in vivo/MultiModal Lung tumor test,CONTAINS,Folder,atwai:/data0/core/atwai/Milton_CornwallBrady/Protocol Development in vivo/MultiModal Lung tumor test/wk14_15_Rec
Folder,atwai:/data0/core/atwai/Milton_CornwallBrady/Protocol Development in vivo/MultiModal Lung tumor test/wk14_15_Rec,COPY_OF,Folder,atwai:/data0/core/atwai/Anderson_Scott/Multimodal/MultiModal Lung tumor test/raw data/wk14_15_Rec
Folder,atwai:/data0/core/atwai/Milton_CornwallBrady/Protocol Development in vivo/MultiModal Lung tumor test,CONTAINS,Folder,atwai:/data0/core/atwai/Milton_CornwallBrady/Protocol Development in vivo/MultiModal Lung tumor test/wk14_17_Rec
Folder,atwai:/data0/core/atwai/Milton_CornwallBrady/Protocol Development in vivo/MultiModal Lung tumor test/wk14_17_Rec,COPY_OF,Folder,atwai:/data0/core/atwai/Anderson_Scott/Multimodal/MultiModal Lung tumor test/raw data/wk14_17_Rec
Folder,atwai:/data0/core/atwai/Milton_CornwallBrady/Protocol Development in vivo/MultiModal Lung tumor test,CONTAINS,Folder,atwai:/data0/core/atwai/Milton_CornwallBrady/Protocol Development in vivo/MultiModal Lung tumor test/wk14_18_Rec
Folder,atwai:/data0/core/atwai/Milton_CornwallBrady/Protocol Development in vivo/MultiModal Lung tumor test/wk14_18_Rec,COPY_OF,Folder,atwai:/data0/core/atwai/Anderson_Scott/Multimodal/MultiModal Lung tumor test/raw data/wk14_18_Rec
Folder,atwai:/data0/core/atwai/Milton_CornwallBrady/Protocol Development in vivo/MultiModal Lung tumor test,CONTAINS,Folder,atwai:/data0/core/atwai/Milton_CornwallBrady/Protocol Development in vivo/MultiModal Lung tumor test/wk14_19_Rec
Folder,atwai:/data0/core/atwai/Milton_CornwallBrady/Protocol Development in vivo/MultiModal Lung tumor test/wk14_19_Rec,COPY_OF,Folder,atwai:/data0/core/atwai/Anderson_Scott/Multimodal/MultiModal Lung tumor test/raw data/wk14_19_Rec
Folder,atwai:/data0/core/atwai/Milton_CornwallBrady/Protocol Development in vivo/MultiModal Lung tumor test,CONTAINS,Folder,atwai:/data0/core/atwai/Milton_CornwallBrady/Protocol Development in vivo/MultiModal Lung tumor test/wk14_67_Rec
Folder,atwai:/data0/core/atwai/Milton_CornwallBrady/Protocol Development in vivo/MultiModal Lung tumor test/wk14_67_Rec,COPY_OF,Folder,atwai:/data0/core/atwai/Anderson_Scott/Multimodal/MultiModal Lung tumor test/raw data/wk14_67_Rec
Folder,atwai:/data0/core/atwai/Milton_CornwallBrady/Protocol Development in vivo/MultiModal Lung tumor test,CONTAINS,Folder,atwai:/data0/core/atwai/Milton_CornwallBrady/Protocol Development in vivo/MultiModal Lung tumor test/wk14_68_Rec
Folder,atwai:/data0/core/atwai/Milton_CornwallBrady/Protocol Development in vivo/MultiModal Lung tumor test/wk14_68_Rec,COPY_OF,Folder,atwai:/data0/core/atwai/Anderson_Scott/Multimodal/MultiModal Lung tumor test/raw data/wk14_68_Rec
Folder,atwai:/data0/core/atwai/Milton_CornwallBrady/Protocol Development in vivo/MultiModal Lung tumor test,CONTAINS,Folder,atwai:/data0/core/atwai/Milton_CornwallBrady/Protocol Development in vivo/MultiModal Lung tumor test/wk14_69_Rec
Folder,atwai:/data0/core/atwai/Milton_CornwallBrady/Protocol Development in vivo/MultiModal Lung tumor test/wk14_69_Rec,COPY_OF,Folder,atwai:/data0/core/atwai/Anderson_Scott/Multimodal/MultiModal Lung tumor test/raw data/wk14_69_Rec
Folder,atwai:/data0/core/atwai/Milton_CornwallBrady/Protocol Development in vivo/MultiModal Lung tumor test,CONTAINS,Folder,atwai:/data0/core/atwai/Milton_CornwallBrady/Protocol Development in vivo/MultiModal Lung tumor test/wk6-10_Rec
Folder,atwai:/data0/core/atwai/Milton_CornwallBrady/Protocol Development in vivo/MultiModal Lung tumor test/wk6-10_Rec,COPY_OF,Folder,atwai:/data0/core/atwai/Anderson_Scott/Multimodal/MultiModal Lung tumor test/raw data/wk6-10_Rec
Folder,atwai:/data0/core/atwai/Milton_CornwallBrady/Protocol Development in vivo/MultiModal Lung tumor test,CONTAINS,Folder,atwai:/data0/core/atwai/Milton_CornwallBrady/Protocol Development in vivo/MultiModal Lung tumor test/wk6-11_Rec
Folder,atwai:/data0/core/atwai/Milton_CornwallBrady/Protocol Development in vivo/MultiModal Lung tumor test/wk6-11_Rec,COPY_OF,Folder,atwai:/data0/core/atwai/Anderson_Scott/Multimodal/MultiModal Lung tumor test/raw data/wk6-11_Rec
Folder,atwai:/data0/core/atwai/Milton_CornwallBrady/Protocol Development in vivo/MultiModal Lung tumor test,CONTAINS,Folder,atwai:/data0/core/atwai/Milton_CornwallBrady/Protocol Development in vivo/MultiModal Lung tumor test/wk6-12_Rec
Folder,atwai:/data0/core/atwai/Milton_CornwallBrady/Protocol Development in vivo/MultiModal Lung tumor test/wk6-12_Rec,COPY_OF,Folder,atwai:/data0/core/atwai/Anderson_Scott/Multimodal/MultiModal Lung tumor test/raw data/wk6-12_Rec
Folder,atwai:/data0/core/atwai/Milton_CornwallBrady/Protocol Development in vivo/MultiModal Lung tumor test,CONTAINS,Folder,atwai:/data0/core/atwai/Milton_CornwallBrady/Protocol Development in vivo/MultiModal Lung tumor test/wk6-13_Rec
Folder,atwai:/data0/core/atwai/Milton_CornwallBrady/Protocol Development in vivo/MultiModal Lung tumor test/wk6-13_Rec,COPY_OF,Folder,atwai:/data0/core/atwai/Anderson_Scott/Multimodal/MultiModal Lung tumor test/raw data/wk6-13_Rec
Folder,atwai:/data0/core/atwai/Milton_CornwallBrady/Protocol Development in vivo/MultiModal Lung tumor test,CONTAINS,Folder,atwai:/data0/core/atwai/Milton_CornwallBrady/Protocol Development in vivo/MultiModal Lung tumor test/wk6-14_Rec
Folder,atwai:/data0/core/atwai/Milton_CornwallBrady/Protocol Development in vivo/MultiModal Lung tumor test/wk6-14_Rec,COPY_OF,Folder,atwai:/data0/core/atwai/Anderson_Scott/Multimodal/MultiModal Lung tumor test/raw data/wk6-14_Rec
Folder,atwai:/data0/core/atwai/Milton_CornwallBrady/Protocol Development in vivo/MultiModal Lung tumor test,CONTAINS,Folder,atwai:/data0/core/atwai/Milton_CornwallBrady/Protocol Development in vivo/MultiModal Lung tumor test/wk6-15_Rec
Folder,atwai:/data0/core/atwai/Milton_CornwallBrady/Protocol Development in vivo/MultiModal Lung tumor test/wk6-15_Rec,COPY_OF,Folder,atwai:/data0/core/atwai/Anderson_Scott/Multimodal/MultiModal Lung tumor test/raw data/wk6-15_Rec
Folder,atwai:/data0/core/atwai/Milton_CornwallBrady/Protocol Development in vivo/MultiModal Lung tumor test,CONTAINS,Folder,atwai:/data0/core/atwai/Milton_CornwallBrady/Protocol Development in vivo/MultiModal Lung tumor test/wk6-17_Rec
Folder,atwai:/data0/core/atwai/Milton_CornwallBrady/Protocol Development in vivo/MultiModal Lung tumor test/wk6-17_Rec,COPY_OF,Folder,atwai:/data0/core/atwai/Anderson_Scott/Multimodal/MultiModal Lung tumor test/raw data/wk6-17_Rec
Folder,atwai:/data0/core/atwai/Milton_CornwallBrady/Protocol Development in vivo/MultiModal Lung tumor test,CONTAINS,Folder,atwai:/data0/core/atwai/Milton_CornwallBrady/Protocol Development in vivo/MultiModal Lung tumor test/wk6-18_Rec
Folder,atwai:/data0/core/atwai/Milton_CornwallBrady/Protocol Development in vivo/MultiModal Lung tumor test/wk6-18_Rec,COPY_OF,Folder,atwai:/data0/core/atwai/Anderson_Scott/Multimodal/MultiModal Lung tumor test/raw data/wk6-18_Rec
Folder,atwai:/data0/core/atwai/Milton_CornwallBrady/Protocol Development in vivo/MultiModal Lung tumor test,CONTAINS,Folder,atwai:/data0/core/atwai/Milton_CornwallBrady/Protocol Development in vivo/MultiModal Lung tumor test/wk6-19_Rec
Folder,atwai:/data0/core/atwai/Milton_CornwallBrady/Protocol Development in vivo/MultiModal Lung tumor test/wk6-19_Rec,COPY_OF,Folder,atwai:/data0/core/atwai/Anderson_Scott/Multimodal/MultiModal Lung tumor test/raw data/wk6-19_Rec
Folder,atwai:/data0/core/atwai/Milton_CornwallBrady/Protocol Development in vivo/MultiModal Lung tumor test,CONTAINS,Folder,atwai:/data0/core/atwai/Milton_CornwallBrady/Protocol Development in vivo/MultiModal Lung tumor test/wk6-67_Rec
Folder,atwai:/data0/core/atwai/Milton_CornwallBrady/Protocol Development in vivo/MultiModal Lung tumor test/wk6-67_Rec,COPY_OF,Folder,atwai:/data0/core/atwai/Anderson_Scott/Multimodal/MultiModal Lung tumor test/raw data/wk6-67_Rec
Folder,atwai:/data0/core/atwai/Milton_CornwallBrady/Protocol Development in vivo/MultiModal Lung tumor test,CONTAINS,Folder,atwai:/data0/core/atwai/Milton_CornwallBrady/Protocol Development in vivo/MultiModal Lung tumor test/wk6-68_Rec
Folder,atwai:/data0/core/atwai/Milton_CornwallBrady/Protocol Development in vivo/MultiModal Lung tumor test/wk6-68_Rec,COPY_OF,Folder,atwai:/data0/core/atwai/Anderson_Scott/Multimodal/MultiModal Lung tumor test/raw data/wk6-68_Rec
Folder,atwai:/data0/core/atwai/Milton_CornwallBrady/Protocol Development in vivo/MultiModal Lung tumor test,CONTAINS,Folder,atwai:/data0/core/atwai/Milton_CornwallBrady/Protocol Development in vivo/MultiModal Lung tumor test/wk6-69_Rec
Folder,atwai:/data0/core/atwai/Milton_CornwallBrady/Protocol Development in vivo/MultiModal Lung tumor test/wk6-69_Rec,COPY_OF,Folder,atwai:/data0/core/atwai/Anderson_Scott/Multimodal/MultiModal Lung tumor test/raw data/wk6-69_Rec
Folder,atwai:/data0/core/atwai/Milton_CornwallBrady/Protocol Development in vivo/MultiModal Lung tumor test,CONTAINS,Folder,atwai:/data0/core/atwai/Milton_CornwallBrady/Protocol Development in vivo/MultiModal Lung tumor test/wk6-75_Rec
Folder,atwai:/data0/core/atwai/Milton_CornwallBrady/Protocol Development in vivo/MultiModal Lung tumor test/wk6-75_Rec,COPY_OF,Folder,atwai:/data0/core/atwai/Anderson_Scott/Multimodal/MultiModal Lung tumor test/raw data/wk6-75_Rec
Folder,atwai:/data0/core/atwai/Milton_CornwallBrady/Protocol Development in vivo/MultiModal Lung tumor test,CONTAINS,Folder,atwai:/data0/core/atwai/Milton_CornwallBrady/Protocol Development in vivo/MultiModal Lung tumor test/wk7-10_Rec
Folder,atwai:/data0/core/atwai/Milton_CornwallBrady/Protocol Development in vivo/MultiModal Lung tumor test/wk7-10_Rec,COPY_OF,Folder,atwai:/data0/core/atwai/Anderson_Scott/Multimodal/MultiModal Lung tumor test/raw data/wk7-10_Rec
Folder,atwai:/data0/core/atwai/Milton_CornwallBrady/Protocol Development in vivo/MultiModal Lung tumor test,CONTAINS,Folder,atwai:/data0/core/atwai/Milton_CornwallBrady/Protocol Development in vivo/MultiModal Lung tumor test/wk7-11_Rec
Folder,atwai:/data0/core/atwai/Milton_CornwallBrady/Protocol Development in vivo/MultiModal Lung tumor test/wk7-11_Rec,COPY_OF,Folder,atwai:/data0/core/atwai/Anderson_Scott/Multimodal/MultiModal Lung tumor test/raw data/wk7-11_Rec
Folder,atwai:/data0/core/atwai/Milton_CornwallBrady/Protocol Development in vivo/MultiModal Lung tumor test,CONTAINS,Folder,atwai:/data0/core/atwai/Milton_CornwallBrady/Protocol Development in vivo/MultiModal Lung tumor test/wk7-12_Rec
Folder,atwai:/data0/core/atwai/Milton_CornwallBrady/Protocol Development in vivo/MultiModal Lung tumor test/wk7-12_Rec,COPY_OF,Folder,atwai:/data0/core/atwai/Anderson_Scott/Multimodal/MultiModal Lung tumor test/raw data/wk7-12_Rec
Folder,atwai:/data0/core/atwai/Milton_CornwallBrady/Protocol Development in vivo/MultiModal Lung tumor test,CONTAINS,Folder,atwai:/data0/core/atwai/Milton_CornwallBrady/Protocol Development in vivo/MultiModal Lung tumor test/wk7-13_Rec
Folder,atwai:/data0/core/atwai/Milton_CornwallBrady/Protocol Development in vivo/MultiModal Lung tumor test/wk7-13_Rec,COPY_OF,Folder,atwai:/data0/core/atwai/Anderson_Scott/Multimodal/MultiModal Lung tumor test/raw data/wk7-13_Rec
Folder,atwai:/data0/core/atwai/Milton_CornwallBrady/Protocol Development in vivo/MultiModal Lung tumor test,CONTAINS,Folder,atwai:/data0/core/atwai/Milton_CornwallBrady/Protocol Development in vivo/MultiModal Lung tumor test/wk7-14_Rec
Folder,atwai:/data0/core/atwai/Milton_CornwallBrady/Protocol Development in vivo/MultiModal Lung tumor test/wk7-14_Rec,COPY_OF,Folder,atwai:/data0/core/atwai/Anderson_Scott/Multimodal/MultiModal Lung tumor test/raw data/wk7-14_Rec
Folder,atwai:/data0/core/atwai/Milton_CornwallBrady/Protocol Development in vivo/MultiModal Lung tumor test,CONTAINS,Folder,atwai:/data0/core/atwai/Milton_CornwallBrady/Protocol Development in vivo/MultiModal Lung tumor test/wk7-15_Rec
Folder,atwai:/data0/core/atwai/Milton_CornwallBrady/Protocol Development in vivo/MultiModal Lung tumor test/wk7-15_Rec,COPY_OF,Folder,atwai:/data0/core/atwai/Anderson_Scott/Multimodal/MultiModal Lung tumor test/raw data/wk7-15_Rec
Folder,atwai:/data0/core/atwai/Milton_CornwallBrady/Protocol Development in vivo/MultiModal Lung tumor test,CONTAINS,Folder,atwai:/data0/core/atwai/Milton_CornwallBrady/Protocol Development in vivo/MultiModal Lung tumor test/wk7-17_Rec
Folder,atwai:/data0/core/atwai/Milton_CornwallBrady/Protocol Development in vivo/MultiModal Lung tumor test/wk7-17_Rec,COPY_OF,Folder,atwai:/data0/core/atwai/Anderson_Scott/Multimodal/MultiModal Lung tumor test/raw data/wk7-17_Rec
Folder,atwai:/data0/core/atwai/Milton_CornwallBrady/Protocol Development in vivo/MultiModal Lung tumor test,CONTAINS,Folder,atwai:/data0/core/atwai/Milton_CornwallBrady/Protocol Development in vivo/MultiModal Lung tumor test/wk7-18_Rec
Folder,atwai:/data0/core/atwai/Milton_CornwallBrady/Protocol Development in vivo/MultiModal Lung tumor test/wk7-18_Rec,COPY_OF,Folder,atwai:/data0/core/atwai/Anderson_Scott/Multimodal/MultiModal Lung tumor test/raw data/wk7-18_Rec
Folder,atwai:/data0/core/atwai/Milton_CornwallBrady/Protocol Development in vivo/MultiModal Lung tumor test,CONTAINS,Folder,atwai:/data0/core/atwai/Milton_CornwallBrady/Protocol Development in vivo/MultiModal Lung tumor test/wk7-19_Rec
Folder,atwai:/data0/core/atwai/Milton_CornwallBrady/Protocol Development in vivo/MultiModal Lung tumor test/wk7-19_Rec,COPY_OF,Folder,atwai:/data0/core/atwai/Anderson_Scott/Multimodal/MultiModal Lung tumor test/raw data/wk7-19_Rec
Folder,atwai:/data0/core/atwai/Milton_CornwallBrady/Protocol Development in vivo/MultiModal Lung tumor test,CONTAINS,Folder,atwai:/data0/core/atwai/Milton_CornwallBrady/Protocol Development in vivo/MultiModal Lung tumor test/wk7-67_Rec
Folder,atwai:/data0/core/atwai/Milton_CornwallBrady/Protocol Development in vivo/MultiModal Lung tumor test/wk7-67_Rec,COPY_OF,Folder,atwai:/data0/core/atwai/Anderson_Scott/Multimodal/MultiModal Lung tumor test/raw data/wk7-67_Rec
Folder,atwai:/data0/core/atwai/Milton_CornwallBrady/Protocol Development in vivo/MultiModal Lung tumor test,CONTAINS,Folder,atwai:/data0/core/atwai/Milton_CornwallBrady/Protocol Development in vivo/MultiModal Lung tumor test/wk7-68_Rec
Folder,atwai:/data0/core/atwai/Milton_CornwallBrady/Protocol Development in vivo/MultiModal Lung tumor test/wk7-68_Rec,COPY_OF,Folder,atwai:/data0/core/atwai/Anderson_Scott/Multimodal/MultiModal Lung tumor test/raw data/wk7-68_Rec
Folder,atwai:/data0/core/atwai/Milton_CornwallBrady/Protocol Development in vivo/MultiModal Lung tumor test,CONTAINS,Folder,atwai:/data0/core/atwai/Milton_CornwallBrady/Protocol Development in vivo/MultiModal Lung tumor test/wk7-69_Rec
Folder,atwai:/data0/core/atwai/Milton_CornwallBrady/Protocol Development in vivo/MultiModal Lung tumor test/wk7-69_Rec,COPY_OF,Folder,atwai:/data0/core/atwai/Anderson_Scott/Multimodal/MultiModal Lung tumor test/raw data/wk7-69_Rec
Folder,atwai:/data0/core/atwai/Milton_CornwallBrady/Protocol Development in vivo/MultiModal Lung tumor test,CONTAINS,Folder,atwai:/data0/core/atwai/Milton_CornwallBrady/Protocol Development in vivo/MultiModal Lung tumor test/wk7-75_Rec
Folder,atwai:/data0/core/atwai/Milton_CornwallBrady/Protocol Development in vivo/MultiModal Lung tumor test/wk7-75_Rec,COPY_OF,Folder,atwai:/data0/core/atwai/Anderson_Scott/Multimodal/MultiModal Lung tumor test/raw data/wk7-75_Rec
Folder,atwai:/data0/core/atwai/Milton_CornwallBrady/Protocol Development in vivo/MultiModal Lung tumor test,CONTAINS,Folder,atwai:/data0/core/atwai/Milton_CornwallBrady/Protocol Development in vivo/MultiModal Lung tumor test/wk8_10_Rec
Folder,atwai:/data0/core/atwai/Milton_CornwallBrady/Protocol Development in vivo/MultiModal Lung tumor test/wk8_10_Rec,COPY_OF,Folder,atwai:/data0/core/atwai/Anderson_Scott/Multimodal/MultiModal Lung tumor test/raw data/wk8_10_Rec
Folder,atwai:/data0/core/atwai/Milton_CornwallBrady/Protocol Development in vivo/MultiModal Lung tumor test,CONTAINS,Folder,atwai:/data0/core/atwai/Milton_CornwallBrady/Protocol Development in vivo/MultiModal Lung tumor test/wk8_11_Rec
Folder,atwai:/data0/core/atwai/Milton_CornwallBrady/Protocol Development in vivo/MultiModal Lung tumor test/wk8_11_Rec,COPY_OF,Folder,atwai:/data0/core/atwai/Anderson_Scott/Multimodal/MultiModal Lung tumor test/raw data/wk8_11_Rec
Folder,atwai:/data0/core/atwai/Milton_CornwallBrady/Protocol Development in vivo/MultiModal Lung tumor test,CONTAINS,Folder,atwai:/data0/core/atwai/Milton_CornwallBrady/Protocol Development in vivo/MultiModal Lung tumor test/wk8_12_Rec
Folder,atwai:/data0/core/atwai/Milton_CornwallBrady/Protocol Development in vivo/MultiModal Lung tumor test/wk8_12_Rec,COPY_OF,Folder,atwai:/data0/core/atwai/Anderson_Scott/Multimodal/MultiModal Lung tumor test/raw data/wk8_12_Rec
Folder,atwai:/data0/core/atwai/Milton_CornwallBrady/Protocol Development in vivo/MultiModal Lung tumor test,CONTAINS,Folder,atwai:/data0/core/atwai/Milton_CornwallBrady/Protocol Development in vivo/MultiModal Lung tumor test/wk8_13_Rec
Folder,atwai:/data0/core/atwai/Milton_CornwallBrady/Protocol Development in vivo/MultiModal Lung tumor test/wk8_13_Rec,COPY_OF,Folder,atwai:/data0/core/atwai/Anderson_Scott/Multimodal/MultiModal Lung tumor test/raw data/wk8_13_Rec
Folder,atwai:/data0/core/atwai/Milton_CornwallBrady/Protocol Development in vivo/MultiModal Lung tumor test,CONTAINS,Folder,atwai:/data0/core/atwai/Milton_CornwallBrady/Protocol Development in vivo/MultiModal Lung tumor test/wk8_14_Rec
Folder,atwai:/data0/core/atwai/Milton_CornwallBrady/Protocol Development in vivo/MultiModal Lung tumor test/wk8_14_Rec,COPY_OF,Folder,atwai:/data0/core/atwai/Anderson_Scott/Multimodal/MultiModal Lung tumor test/raw data/wk8_14_Rec
Folder,atwai:/data0/core/atwai/Milton_CornwallBrady/Protocol Development in vivo/MultiModal Lung tumor test,CONTAINS,Folder,atwai:/data0/core/atwai/Milton_CornwallBrady/Protocol Development in vivo/MultiModal Lung tumor test/wk8_15_Rec
Folder,atwai:/data0/core/atwai/Milton_CornwallBrady/Protocol Development in vivo/MultiModal Lung tumor test/wk8_15_Rec,COPY_OF,Folder,atwai:/data0/core/atwai/Anderson_Scott/Multimodal/MultiModal Lung tumor test/raw data/wk8_15_Rec
Folder,atwai:/data0/core/atwai/Milton_CornwallBrady/Protocol Development in vivo/MultiModal Lung tumor test,CONTAINS,Folder,atwai:/data0/core/atwai/Milton_CornwallBrady/Protocol Development in vivo/MultiModal Lung tumor test/wk8_17_Rec
Folder,atwai:/data0/core/atwai/Milton_CornwallBrady/Protocol Development in vivo/MultiModal Lung tumor test/wk8_17_Rec,COPY_OF,Folder,atwai:/data0/core/atwai/Anderson_Scott/Multimodal/MultiModal Lung tumor test/raw data/wk8_17_Rec
Folder,atwai:/data0/core/atwai/Milton_CornwallBrady/Protocol Development in vivo/MultiModal Lung tumor test,CONTAINS,Folder,atwai:/data0/core/atwai/Milton_CornwallBrady/Protocol Development in vivo/MultiModal Lung tumor test/wk8_18_Rec
Folder,atwai:/data0/core/atwai/Milton_CornwallBrady/Protocol Development in vivo/MultiModal Lung tumor test/wk8_18_Rec,COPY_OF,Folder,atwai:/data0/core/atwai/Anderson_Scott/Multimodal/MultiModal Lung tumor test/raw data/wk8_18_Rec
Folder,atwai:/data0/core/atwai/Milton_CornwallBrady/Protocol Development in vivo/MultiModal Lung tumor test,CONTAINS,Folder,atwai:/data0/core/atwai/Milton_CornwallBrady/Protocol Development in vivo/MultiModal Lung tumor test/wk8_19_Rec
Folder,atwai:/data0/core/atwai/Milton_CornwallBrady/Protocol Development in vivo/MultiModal Lung tumor test/wk8_19_Rec,COPY_OF,Folder,atwai:/data0/core/atwai/Anderson_Scott/Multimodal/MultiModal Lung tumor test/raw data/wk8_19_Rec
Folder,atwai:/data0/core/atwai/Milton_CornwallBrady/Protocol Development in vivo/MultiModal Lung tumor test,CONTAINS,Folder,atwai:/data0/core/atwai/Milton_CornwallBrady/Protocol Development in vivo/MultiModal Lung tumor test/wk8_67_Rec
Folder,atwai:/data0/core/atwai/Milton_CornwallBrady/Protocol Development in vivo/MultiModal Lung tumor test/wk8_67_Rec,COPY_OF,Folder,atwai:/data0/core/atwai/Anderson_Scott/Multimodal/MultiModal Lung tumor test/raw data/wk8_67_Rec
Folder,atwai:/data0/core/atwai/Milton_CornwallBrady/Protocol Development in vivo/MultiModal Lung tumor test,CONTAINS,Folder,atwai:/data0/core/atwai/Milton_CornwallBrady/Protocol Development in vivo/MultiModal Lung tumor test/wk8_68_Rec
Folder,atwai:/data0/core/atwai/Milton_CornwallBrady/Protocol Development in vivo/MultiModal Lung tumor test/wk8_68_Rec,COPY_OF,Folder,atwai:/data0/core/atwai/Anderson_Scott/Multimodal/MultiModal Lung tumor test/raw data/wk8_68_Rec
Folder,atwai:/data0/core/atwai/Milton_CornwallBrady/Protocol Development in vivo/MultiModal Lung tumor test,CONTAINS,Folder,atwai:/data0/core/atwai/Milton_CornwallBrady/Protocol Development in vivo/MultiModal Lung tumor test/wk8_69_Rec
Folder,atwai:/data0/core/atwai/Milton_CornwallBrady/Protocol Development in vivo/MultiModal Lung tumor test/wk8_69_Rec,COPY_OF,Folder,atwai:/data0/core/atwai/Anderson_Scott/Multimodal/MultiModal Lung tumor test/raw data/wk8_69_Rec
Folder,atwai:/data0/core/atwai/Milton_CornwallBrady/Protocol Development in vivo/MultiModal Lung tumor test,CONTAINS,Folder,atwai:/data0/core/atwai/Milton_CornwallBrady/Protocol Development in vivo/MultiModal Lung tumor test/wk8_75_Rec
Folder,atwai:/data0/core/atwai/Milton_CornwallBrady/Protocol Development in vivo/MultiModal Lung tumor test/wk8_75_Rec,COPY_OF,Folder,atwai:/data0/core/atwai/Anderson_Scott/Multimodal/MultiModal Lung tumor test/raw data/wk8_75_Rec
Folder,atwai:/data0/core/atwai/Milton_CornwallBrady/Protocol Development in vivo/MultiModal Lung tumor test,CONTAINS,Folder,atwai:/data0/core/atwai/Milton_CornwallBrady/Protocol Development in vivo/MultiModal Lung tumor test/wk9_10_Rec
Folder,atwai:/data0/core/atwai/Milton_CornwallBrady/Protocol Development in vivo/MultiModal Lung tumor test/wk9_10_Rec,COPY_OF,Folder,atwai:/data0/core/atwai/Anderson_Scott/Multimodal/MultiModal Lung tumor test/raw data/wk9_10_Rec
Folder,atwai:/data0/core/atwai/Milton_CornwallBrady/Protocol Development in vivo/MultiModal Lung tumor test,CONTAINS,Folder,atwai:/data0/core/atwai/Milton_CornwallBrady/Protocol Development in vivo/MultiModal Lung tumor test/wk9_11_Rec
Folder,atwai:/data0/core/atwai/Milton_CornwallBrady/Protocol Development in vivo/MultiModal Lung tumor test/wk9_11_Rec,COPY_OF,Folder,atwai:/data0/core/atwai/Anderson_Scott/Multimodal/MultiModal Lung tumor test/raw data/wk9_11_Rec
Folder,atwai:/data0/core/atwai/Milton_CornwallBrady/Protocol Development in vivo/MultiModal Lung tumor test,CONTAINS,Folder,atwai:/data0/core/atwai/Milton_CornwallBrady/Protocol Development in vivo/MultiModal Lung tumor test/wk9_12_Rec
Folder,atwai:/data0/core/atwai/Milton_CornwallBrady/Protocol Development in vivo/MultiModal Lung tumor test/wk9_12_Rec,COPY_OF,Folder,atwai:/data0/core/atwai/Anderson_Scott/Multimodal/MultiModal Lung tumor test/raw data/wk9_12_Rec
Folder,atwai:/data0/core/atwai/Milton_CornwallBrady/Protocol Development in vivo/MultiModal Lung tumor test,CONTAINS,Folder,atwai:/data0/core/atwai/Milton_CornwallBrady/Protocol Development in vivo/MultiModal Lung tumor test/wk9_13_Rec
Folder,atwai:/data0/core/atwai/Milton_CornwallBrady/Protocol Development in vivo/MultiModal Lung tumor test/wk9_13_Rec,COPY_OF,Folder,atwai:/data0/core/atwai/Anderson_Scott/Multimodal/MultiModal Lung tumor test/raw data/wk9_13_Rec
Folder,atwai:/data0/core/atwai/Milton_CornwallBrady/Protocol Development in vivo/MultiModal Lung tumor test,CONTAINS,Folder,atwai:/data0/core/atwai/Milton_CornwallBrady/Protocol Development in vivo/MultiModal Lung tumor test/wk9_14_Rec
Folder,atwai:/data0/core/atwai/Milton_CornwallBrady/Protocol Development in vivo/MultiModal Lung tumor test/wk9_14_Rec,COPY_OF,Folder,atwai:/data0/core/atwai/Anderson_Scott/Multimodal/MultiModal Lung tumor test/raw data/wk9_14_Rec
Folder,atwai:/data0/core/atwai/Milton_CornwallBrady/Protocol Development in vivo/MultiModal Lung tumor test,CONTAINS,Folder,atwai:/data0/core/atwai/Milton_CornwallBrady/Protocol Development in vivo/MultiModal Lung tumor test/wk9_15_Rec
Folder,atwai:/data0/core/atwai/Milton_CornwallBrady/Protocol Development in vivo/MultiModal Lung tumor test/wk9_15_Rec,COPY_OF,Folder,atwai:/data0/core/atwai/Anderson_Scott/Multimodal/MultiModal Lung tumor test/raw data/wk9_15_Rec
Folder,atwai:/data0/core/atwai/Milton_CornwallBrady/Protocol Development in vivo/MultiModal Lung tumor test,CONTAINS,Folder,atwai:/data0/core/atwai/Milton_CornwallBrady/Protocol Development in vivo/MultiModal Lung tumor test/wk9_17_Rec
Folder,atwai:/data0/core/atwai/Milton_CornwallBrady/Protocol Development in vivo/MultiModal Lung tumor test/wk9_17_Rec,COPY_OF,Folder,atwai:/data0/core/atwai/Anderson_Scott/Multimodal/MultiModal Lung tumor test/raw data/wk9_17_Rec
Folder,atwai:/data0/core/atwai/Milton_CornwallBrady/Protocol Development in vivo/MultiModal Lung tumor test,CONTAINS,Folder,atwai:/data0/core/atwai/Milton_CornwallBrady/Protocol Development in vivo/MultiModal Lung tumor test/wk9_18_Rec
Folder,atwai:/data0/core/atwai/Milton_CornwallBrady/Protocol Development in vivo/MultiModal Lung tumor test/wk9_18_Rec,COPY_OF,Folder,atwai:/data0/core/atwai/Anderson_Scott/Multimodal/MultiModal Lung tumor test/raw data/wk9_18_Rec
Folder,atwai:/data0/core/atwai/Milton_CornwallBrady/Protocol Development in vivo/MultiModal Lung tumor test,CONTAINS,Folder,atwai:/data0/core/atwai/Milton_CornwallBrady/Protocol Development in vivo/MultiModal Lung tumor test/wk9_19_Rec
Folder,atwai:/data0/core/atwai/Milton_CornwallBrady/Protocol Development in vivo/MultiModal Lung tumor test/wk9_19_Rec,COPY_OF,Folder,atwai:/data0/core/atwai/Anderson_Scott/Multimodal/MultiModal Lung tumor test/raw data/wk9_19_Rec
Folder,atwai:/data0/core/atwai/Milton_CornwallBrady/Protocol Development in vivo/MultiModal Lung tumor test,CONTAINS,Folder,atwai:/data0/core/atwai/Milton_CornwallBrady/Protocol Development in vivo/MultiModal Lung tumor test/wk9_67_Rec
Folder,atwai:/data0/core/atwai/Milton_CornwallBrady/Protocol Development in vivo/MultiModal Lung tumor test/wk9_67_Rec,COPY_OF,Folder,atwai:/data0/core/atwai/Anderson_Scott/Multimodal/MultiModal Lung tumor test/raw data/wk9_67_Rec
Folder,atwai:/data0/core/atwai/Milton_CornwallBrady/Protocol Development in vivo/MultiModal Lung tumor test,CONTAINS,Folder,atwai:/data0/core/atwai/Milton_CornwallBrady/Protocol Development in vivo/MultiModal Lung tumor test/wk9_68_Rec
Folder,atwai:/data0/core/atwai/Milton_CornwallBrady/Protocol Development in vivo/MultiModal Lung tumor test/wk9_68_Rec,COPY_OF,Folder,atwai:/data0/core/atwai/Anderson_Scott/Multimodal/MultiModal Lung tumor test/raw data/wk9_68_Rec
Folder,atwai:/data0/core/atwai/Milton_CornwallBrady/Protocol Development in vivo/MultiModal Lung tumor test,CONTAINS,Folder,atwai:/data0/core/atwai/Milton_CornwallBrady/Protocol Development in vivo/MultiModal Lung tumor test/wk9_69_Rec
Folder,atwai:/data0/core/atwai/Milton_CornwallBrady/Protocol Development in vivo/MultiModal Lung tumor test/wk9_69_Rec,COPY_OF,Folder,atwai:/data0/core/atwai/Anderson_Scott/Multimodal/MultiModal Lung tumor test/raw data/wk9_69_Rec
Folder,atwai:/data0/core/atwai/Milton_CornwallBrady/Protocol Development in vivo/MultiModal Lung tumor test,CONTAINS,Folder,atwai:/data0/core/atwai/Milton_CornwallBrady/Protocol Development in vivo/MultiModal Lung tumor test/wk9_75_Rec
Folder,atwai:/data0/core/atwai/Milton_CornwallBrady/Protocol Development in vivo/MultiModal Lung tumor test/wk9_75_Rec,COPY_OF,Folder,atwai:/data0/core/atwai/Anderson_Scott/Multimodal/MultiModal Lung tumor test/raw data/wk9_75_Rec
Folder,atwai:/data0/core/atwai/archive/microct/longitudinal mouse lung tumors,CONTAINS,Folder,atwai:/data0/core/atwai/archive/microct/longitudinal mouse lung tumors/wk10_10_Rec
Folder,atwai:/data0/core/atwai/archive/microct/longitudinal mouse lung tumors/wk10_10_Rec,COPY_OF,Folder,atwai:/data0/core/atwai/Anderson_Scott/Multimodal/MultiModal Lung tumor test/raw data/wk10_10_Rec
Folder,atwai:/data0/core/atwai/archive/microct/longitudinal mouse lung tumors,CONTAINS,Folder,atwai:/data0/core/atwai/archive/microct/longitudinal mouse lung tumors/wk10_11_Rec
Folder,atwai:/data0/core/atwai/archive/microct/longitudinal mouse lung tumors/wk10_11_Rec,COPY_OF,Folder,atwai:/data0/core/atwai/Anderson_Scott/Multimodal/MultiModal Lung tumor test/raw data/wk10_11_Rec
Folder,atwai:/data0/core/atwai/archive/microct/longitudinal mouse lung tumors,CONTAINS,Folder,atwai:/data0/core/atwai/archive/microct/longitudinal mouse lung tumors/wk10_12_Rec
Folder,atwai:/data0/core/atwai/archive/microct/longitudinal mouse lung tumors/wk10_12_Rec,COPY_OF,Folder,atwai:/data0/core/atwai/Anderson_Scott/Multimodal/MultiModal Lung tumor test/raw data/wk10_12_Rec
Folder,atwai:/data0/core/atwai/archive/microct/longitudinal mouse lung tumors,CONTAINS,Folder,atwai:/data0/core/atwai/archive/microct/longitudinal mouse lung tumors/wk10_13_Rec
Folder,atwai:/data0/core/atwai/archive/microct/longitudinal mouse lung tumors/wk10_13_Rec,COPY_OF,Folder,atwai:/data0/core/atwai/Anderson_Scott/Multimodal/MultiModal Lung tumor test/raw data/wk10_13_Rec
Folder,atwai:/data0/core/atwai/archive/microct/longitudinal mouse lung tumors,CONTAINS,Folder,atwai:/data0/core/atwai/archive/microct/longitudinal mouse lung tumors/wk10_14_Rec
Folder,atwai:/data0/core/atwai/archive/microct/longitudinal mouse lung tumors/wk10_14_Rec,COPY_OF,Folder,atwai:/data0/core/atwai/Anderson_Scott/Multimodal/MultiModal Lung tumor test/raw data/wk10_14_Rec
Folder,atwai:/data0/core/atwai/archive/microct/longitudinal mouse lung tumors,CONTAINS,Folder,atwai:/data0/core/atwai/archive/microct/longitudinal mouse lung tumors/wk10_15_Rec
Folder,atwai:/data0/core/atwai/archive/microct/longitudinal mouse lung tumors/wk10_15_Rec,COPY_OF,Folder,atwai:/data0/core/atwai/Anderson_Scott/Multimodal/MultiModal Lung tumor test/raw data/wk10_15_Rec
Folder,atwai:/data0/core/atwai/archive/microct/longitudinal mouse lung tumors,CONTAINS,Folder,atwai:/data0/core/atwai/archive/microct/longitudinal mouse lung tumors/wk10_17_Rec
Folder,atwai:/data0/core/atwai/archive/microct/longitudinal mouse lung tumors/wk10_17_Rec,COPY_OF,Folder,atwai:/data0/core/atwai/Anderson_Scott/Multimodal/MultiModal Lung tumor test/raw data/wk10_17_Rec
Folder,atwai:/data0/core/atwai/archive/microct/longitudinal mouse lung tumors,CONTAINS,Folder,atwai:/data0/core/atwai/archive/microct/longitudinal mouse lung tumors/wk10_18_Rec
Folder,atwai:/data0/core/atwai/archive/microct/longitudinal mouse lung tumors/wk10_18_Rec,COPY_OF,Folder,atwai:/data0/core/atwai/Anderson_Scott/Multimodal/MultiModal Lung tumor test/raw data/wk10_18_Rec
Folder,atwai:/data0/core/atwai/archive/microct/longitudinal mouse lung tumors,CONTAINS,Folder,atwai:/data0/core/atwai/archive/microct/longitudinal mouse lung tumors/wk10_19_Rec
Folder,atwai:/data0/core/atwai/archive/microct/longitudinal mouse lung tumors/wk10_19_Rec,COPY_OF,Folder,atwai:/data0/core/atwai/Anderson_Scott/Multimodal/MultiModal Lung tumor test/raw data/wk10_19_Rec
Folder,atwai:/data0/core/atwai/archive/microct/longitudinal mouse lung tumors,CONTAINS,Folder,atwai:/data0/core/atwai/archive/microct/longitudinal mouse lung tumors/wk10_67_Rec
Folder,atwai:/data0/core/atwai/archive/microct/longitudinal mouse lung tumors/wk10_67_Rec,COPY_OF,Folder,atwai:/data0/core/atwai/Anderson_Scott/Multimodal/MultiModal Lung tumor test/raw data/wk10_67_Rec
Folder,atwai:/data0/core/atwai/archive/microct/longitudinal mouse lung tumors,CONTAINS,Folder,atwai:/data0/core/atwai/archive/microct/longitudinal mouse lung tumors/wk10_68_Rec
Folder,atwai:/data0/core/atwai/archive/microct/longitudinal mouse lung tumors/wk10_68_Rec,COPY_OF,Folder,atwai:/data0/core/atwai/Anderson_Scott/Multimodal/MultiModal Lung tumor test/raw data/wk10_68_Rec
Folder,atwai:/data0/core/atwai/archive/microct/longitudinal mouse lung tumors,CONTAINS,Folder,atwai:/data0/core/atwai/archive/microct/longitudinal mouse lung tumors/wk10_69_Rec
Folder,atwai:/data0/core/atwai/archive/microct/longitudinal mouse lung tumors/wk10_69_Rec,COPY_OF,Folder,atwai:/data0/core/atwai/Anderson_Scott/Multimodal/MultiModal Lung tumor test/raw data/wk10_69_Rec
Folder,atwai:/data0/core/atwai/archive/microct/longitudinal mouse lung tumors,CONTAINS,Folder,atwai:/data0/core/atwai/archive/microct/longitudinal mouse lung tumors/wk10_75_Rec
Folder,atwai:/data0/core/atwai/archive/microct/longitudinal mouse lung tumors/wk10_75_Rec,COPY_OF,Folder,atwai:/data0/core/atwai/Anderson_Scott/Multimodal/MultiModal Lung tumor test/raw data/wk10_75_Rec
Folder,atwai:/data0/core/atwai/archive/microct/longitudinal mouse lung tumors,CONTAINS,Folder,atwai:/data0/core/atwai/archive/microct/longitudinal mouse lung tumors/wk11_10_Rec
Folder,atwai:/data0/core/atwai/archive/microct/longitudinal mouse lung tumors/wk11_10_Rec,COPY_OF,Folder,atwai:/data0/core/atwai/Anderson_Scott/Multimodal/MultiModal Lung tumor test/raw data/wk11_10_Rec
Folder,atwai:/data0/core/atwai/archive/microct/longitudinal mouse lung tumors,CONTAINS,Folder,atwai:/data0/core/atwai/archive/microct/longitudinal mouse lung tumors/wk11_11_Rec
Folder,atwai:/data0/core/atwai/archive/microct/longitudinal mouse lung tumors/wk11_11_Rec,COPY_OF,Folder,atwai:/data0/core/atwai/Anderson_Scott/Multimodal/MultiModal Lung tumor test/raw data/wk11_11_Rec
Folder,atwai:/data0/core/atwai/archive/microct/longitudinal mouse lung tumors,CONTAINS,Folder,atwai:/data0/core/atwai/archive/microct/longitudinal mouse lung tumors/wk11_12_Rec
Folder,atwai:/data0/core/atwai/archive/microct/longitudinal mouse lung tumors/wk11_12_Rec,COPY_OF,Folder,atwai:/data0/core/atwai/Anderson_Scott/Multimodal/MultiModal Lung tumor test/raw data/wk11_12_Rec
Folder,atwai:/data0/core/atwai/archive/microct/longitudinal mouse lung tumors,CONTAINS,Folder,atwai:/data0/core/atwai/archive/microct/longitudinal mouse lung tumors/wk11_13_Rec
Folder,atwai:/data0/core/atwai/archive/microct/longitudinal mouse lung tumors/wk11_13_Rec,COPY_OF,Folder,atwai:/data0/core/atwai/Anderson_Scott/Multimodal/MultiModal Lung tumor test/raw data/wk11_13_Rec
Folder,atwai:/data0/core/atwai/archive/microct/longitudinal mouse lung tumors,CONTAINS,Folder,atwai:/data0/core/atwai/archive/microct/longitudinal mouse lung tumors/wk11_14_Rec
Folder,atwai:/data0/core/atwai/archive/microct/longitudinal mouse lung tumors/wk11_14_Rec,COPY_OF,Folder,atwai:/data0/core/atwai/Anderson_Scott/Multimodal/MultiModal Lung tumor test/raw data/wk11_14_Rec
Folder,atwai:/data0/core/atwai/archive/microct/longitudinal mouse lung tumors,CONTAINS,Folder,atwai:/data0/core/atwai/archive/microct/longitudinal mouse lung tumors/wk11_15_Rec
Folder,atwai:/data0/core/atwai/archive/microct/longitudinal mouse lung tumors/wk11_15_Rec,COPY_OF,Folder,atwai:/data0/core/atwai/Anderson_Scott/Multimodal/MultiModal Lung tumor test/raw data/wk11_15_Rec
Folder,atwai:/data0/core/atwai/archive/microct/longitudinal mouse lung tumors,CONTAINS,Folder,atwai:/data0/core/atwai/archive/microct/longitudinal mouse lung tumors/wk11_17_Rec
Folder,atwai:/data0/core/atwai/archive/microct/longitudinal mouse lung tumors/wk11_17_Rec,COPY_OF,Folder,atwai:/data0/core/atwai/Anderson_Scott/Multimodal/MultiModal Lung tumor test/raw data/wk11_17_Rec
Folder,atwai:/data0/core/atwai/archive/microct/longitudinal mouse lung tumors,CONTAINS,Folder,atwai:/data0/core/atwai/archive/microct/longitudinal mouse lung tumors/wk11_18_Rec
Folder,atwai:/data0/core/atwai/archive/microct/longitudinal mouse lung tumors/wk11_18_Rec,COPY_OF,Folder,atwai:/data0/core/atwai/Anderson_Scott/Multimodal/MultiModal Lung tumor test/raw data/wk11_18_Rec
Folder,atwai:/data0/core/atwai/archive/microct/longitudinal mouse lung tumors,CONTAINS,Folder,atwai:/data0/core/atwai/archive/microct/longitudinal mouse lung tumors/wk11_19_Rec
Folder,atwai:/data0/core/atwai/archive/microct/longitudinal mouse lung tumors/wk11_19_Rec,COPY_OF,Folder,atwai:/data0/core/atwai/Anderson_Scott/Multimodal/MultiModal Lung tumor test/raw data/wk11_19_Rec
Folder,atwai:/data0/core/atwai/archive/microct/longitudinal mouse lung tumors,CONTAINS,Folder,atwai:/data0/core/atwai/archive/microct/longitudinal mouse lung tumors/wk11_67_Rec
Folder,atwai:/data0/core/atwai/archive/microct/longitudinal mouse lung tumors/wk11_67_Rec,COPY_OF,Folder,atwai:/data0/core/atwai/Anderson_Scott/Multimodal/MultiModal Lung tumor test/raw data/wk11_67_Rec
Folder,atwai:/data0/core/atwai/archive/microct/longitudinal mouse lung tumors,CONTAINS,Folder,atwai:/data0/core/atwai/archive/microct/longitudinal mouse lung tumors/wk11_68_Rec
Folder,atwai:/data0/core/atwai/archive/microct/longitudinal mouse lung tumors/wk11_68_Rec,COPY_OF,Folder,atwai:/data0/core/atwai/Anderson_Scott/Multimodal/MultiModal Lung tumor test/raw data/wk11_68_Rec
Folder,atwai:/data0/core/atwai/archive/microct/longitudinal mouse lung tumors,CONTAINS,Folder,atwai:/data0/core/atwai/archive/microct/longitudinal mouse lung tumors/wk11_69_Rec
Folder,atwai:/data0/core/atwai/archive/microct/longitudinal mouse lung tumors/wk11_69_Rec,COPY_OF,Folder,atwai:/data0/core/atwai/Anderson_Scott/Multimodal/MultiModal Lung tumor test/raw data/wk11_69_Rec
Folder,atwai:/data0/core/atwai/archive/microct/longitudinal mouse lung tumors,CONTAINS,Folder,atwai:/data0/core/atwai/archive/microct/longitudinal mouse lung tumors/wk11_75_Rec
Folder,atwai:/data0/core/atwai/archive/microct/longitudinal mouse lung tumors/wk11_75_Rec,COPY_OF,Folder,atwai:/data0/core/atwai/Anderson_Scott/Multimodal/MultiModal Lung tumor test/raw data/wk11_75_Rec
Folder,atwai:/data0/core/atwai/archive/microct/longitudinal mouse lung tumors,CONTAINS,Folder,atwai:/data0/core/atwai/archive/microct/longitudinal mouse lung tumors/wk13_10_Rec
Folder,atwai:/data0/core/atwai/archive/microct/longitudinal mouse lung tumors/wk13_10_Rec,COPY_OF,Folder,atwai:/data0/core/atwai/Anderson_Scott/Multimodal/MultiModal Lung tumor test/raw data/wk13_10_Rec
Folder,atwai:/data0/core/atwai/archive/microct/longitudinal mouse lung tumors,CONTAINS,Folder,atwai:/data0/core/atwai/archive/microct/longitudinal mouse lung tumors/wk13_11_Rec
Folder,atwai:/data0/core/atwai/archive/microct/longitudinal mouse lung tumors/wk13_11_Rec,COPY_OF,Folder,atwai:/data0/core/atwai/Anderson_Scott/Multimodal/MultiModal Lung tumor test/raw data/wk13_11_Rec
Folder,atwai:/data0/core/atwai/archive/microct/longitudinal mouse lung tumors,CONTAINS,Folder,atwai:/data0/core/atwai/archive/microct/longitudinal mouse lung tumors/wk13_12_Rec
Folder,atwai:/data0/core/atwai/archive/microct/longitudinal mouse lung tumors/wk13_12_Rec,COPY_OF,Folder,atwai:/data0/core/atwai/Anderson_Scott/Multimodal/MultiModal Lung tumor test/raw data/wk13_12_Rec
Folder,atwai:/data0/core/atwai/archive/microct/longitudinal mouse lung tumors,CONTAINS,Folder,atwai:/data0/core/atwai/archive/microct/longitudinal mouse lung tumors/wk13_13_Rec
Folder,atwai:/data0/core/atwai/archive/microct/longitudinal mouse lung tumors/wk13_13_Rec,COPY_OF,Folder,atwai:/data0/core/atwai/Anderson_Scott/Multimodal/MultiModal Lung tumor test/raw data/wk13_13_Rec
Folder,atwai:/data0/core/atwai/archive/microct/longitudinal mouse lung tumors,CONTAINS,Folder,atwai:/data0/core/atwai/archive/microct/longitudinal mouse lung tumors/wk13_14_Rec
Folder,atwai:/data0/core/atwai/archive/microct/longitudinal mouse lung tumors/wk13_14_Rec,COPY_OF,Folder,atwai:/data0/core/atwai/Anderson_Scott/Multimodal/MultiModal Lung tumor test/raw data/wk13_14_Rec
Folder,atwai:/data0/core/atwai/archive/microct/longitudinal mouse lung tumors,CONTAINS,Folder,atwai:/data0/core/atwai/archive/microct/longitudinal mouse lung tumors/wk13_15_Rec
Folder,atwai:/data0/core/atwai/archive/microct/longitudinal mouse lung tumors/wk13_15_Rec,COPY_OF,Folder,atwai:/data0/core/atwai/Anderson_Scott/Multimodal/MultiModal Lung tumor test/raw data/wk13_15_Rec
Folder,atwai:/data0/core/atwai/archive/microct/longitudinal mouse lung tumors,CONTAINS,Folder,atwai:/data0/core/atwai/archive/microct/longitudinal mouse lung tumors/wk13_17_Rec
Folder,atwai:/data0/core/atwai/archive/microct/longitudinal mouse lung tumors/wk13_17_Rec,COPY_OF,Folder,atwai:/data0/core/atwai/Anderson_Scott/Multimodal/MultiModal Lung tumor test/raw data/wk13_17_Rec
Folder,atwai:/data0/core/atwai/archive/microct/longitudinal mouse lung tumors,CONTAINS,Folder,atwai:/data0/core/atwai/archive/microct/longitudinal mouse lung tumors/wk13_18_Rec
Folder,atwai:/data0/core/atwai/archive/microct/longitudinal mouse lung tumors/wk13_18_Rec,COPY_OF,Folder,atwai:/data0/core/atwai/Anderson_Scott/Multimodal/MultiModal Lung tumor test/raw data/wk13_18_Rec
Folder,atwai:/data0/core/atwai/archive/microct/longitudinal mouse lung tumors,CONTAINS,Folder,atwai:/data0/core/atwai/archive/microct/longitudinal mouse lung tumors/wk13_19_Rec
Folder,atwai:/data0/core/atwai/archive/microct/longitudinal mouse lung tumors/wk13_19_Rec,COPY_OF,Folder,atwai:/data0/core/atwai/Anderson_Scott/Multimodal/MultiModal Lung tumor test/raw data/wk13_19_Rec
Folder,atwai:/data0/core/atwai/archive/microct/longitudinal mouse lung tumors,CONTAINS,Folder,atwai:/data0/core/atwai/archive/microct/longitudinal mouse lung tumors/wk13_67_Rec
Folder,atwai:/data0/core/atwai/archive/microct/longitudinal mouse lung tumors/wk13_67_Rec,COPY_OF,Folder,atwai:/data0/core/atwai/Anderson_Scott/Multimodal/MultiModal Lung tumor test/raw data/wk13_67_Rec
Folder,atwai:/data0/core/atwai/archive/microct/longitudinal mouse lung tumors,CONTAINS,Folder,atwai:/data0/core/atwai/archive/microct/longitudinal mouse lung tumors/wk13_68_Rec
Folder,atwai:/data0/core/atwai/archive/microct/longitudinal mouse lung tumors/wk13_68_Rec,COPY_OF,Folder,atwai:/data0/core/atwai/Anderson_Scott/Multimodal/MultiModal Lung tumor test/raw data/wk13_68_Rec
Folder,atwai:/data0/core/atwai/archive/microct/longitudinal mouse lung tumors,CONTAINS,Folder,atwai:/data0/core/atwai/archive/microct/longitudinal mouse lung tumors/wk13_69_Rec
Folder,atwai:/data0/core/atwai/archive/microct/longitudinal mouse lung tumors/wk13_69_Rec,COPY_OF,Folder,atwai:/data0/core/atwai/Anderson_Scott/Multimodal/MultiModal Lung tumor test/raw data/wk13_69_Rec
Folder,atwai:/data0/core/atwai/archive/microct/longitudinal mouse lung tumors,CONTAINS,Folder,atwai:/data0/core/atwai/archive/microct/longitudinal mouse lung tumors/wk14_10_Rec
Folder,atwai:/data0/core/atwai/archive/microct/longitudinal mouse lung tumors/wk14_10_Rec,COPY_OF,Folder,atwai:/data0/core/atwai/Anderson_Scott/Multimodal/MultiModal Lung tumor test/raw data/wk14_10_Rec
Folder,atwai:/data0/core/atwai/archive/microct/longitudinal mouse lung tumors,CONTAINS,Folder,atwai:/data0/core/atwai/archive/microct/longitudinal mouse lung tumors/wk14_11_Rec
Folder,atwai:/data0/core/atwai/archive/microct/longitudinal mouse lung tumors/wk14_11_Rec,COPY_OF,Folder,atwai:/data0/core/atwai/Anderson_Scott/Multimodal/MultiModal Lung tumor test/raw data/wk14_11_Rec
Folder,atwai:/data0/core/atwai/archive/microct/longitudinal mouse lung tumors,CONTAINS,Folder,atwai:/data0/core/atwai/archive/microct/longitudinal mouse lung tumors/wk14_12_Rec
Folder,atwai:/data0/core/atwai/archive/microct/longitudinal mouse lung tumors/wk14_12_Rec,COPY_OF,Folder,atwai:/data0/core/atwai/Anderson_Scott/Multimodal/MultiModal Lung tumor test/raw data/wk14_12_Rec
Folder,atwai:/data0/core/atwai/archive/microct/longitudinal mouse lung tumors,CONTAINS,Folder,atwai:/data0/core/atwai/archive/microct/longitudinal mouse lung tumors/wk14_13_Rec
Folder,atwai:/data0/core/atwai/archive/microct/longitudinal mouse lung tumors/wk14_13_Rec,COPY_OF,Folder,atwai:/data0/core/atwai/Anderson_Scott/Multimodal/MultiModal Lung tumor test/raw data/wk14_13_Rec
Folder,atwai:/data0/core/atwai/archive/microct/longitudinal mouse lung tumors,CONTAINS,Folder,atwai:/data0/core/atwai/archive/microct/longitudinal mouse lung tumors/wk14_14_Rec
Folder,atwai:/data0/core/atwai/archive/microct/longitudinal mouse lung tumors/wk14_14_Rec,COPY_OF,Folder,atwai:/data0/core/atwai/Anderson_Scott/Multimodal/MultiModal Lung tumor test/raw data/wk14_14_Rec
Folder,atwai:/data0/core/atwai/archive/microct/longitudinal mouse lung tumors,CONTAINS,Folder,atwai:/data0/core/atwai/archive/microct/longitudinal mouse lung tumors/wk14_15_Rec
Folder,atwai:/data0/core/atwai/archive/microct/longitudinal mouse lung tumors/wk14_15_Rec,COPY_OF,Folder,atwai:/data0/core/atwai/Anderson_Scott/Multimodal/MultiModal Lung tumor test/raw data/wk14_15_Rec
Folder,atwai:/data0/core/atwai/archive/microct/longitudinal mouse lung tumors,CONTAINS,Folder,atwai:/data0/core/atwai/archive/microct/longitudinal mouse lung tumors/wk14_17_Rec
Folder,atwai:/data0/core/atwai/archive/microct/longitudinal mouse lung tumors/wk14_17_Rec,COPY_OF,Folder,atwai:/data0/core/atwai/Anderson_Scott/Multimodal/MultiModal Lung tumor test/raw data/wk14_17_Rec
Folder,atwai:/data0/core/atwai/archive/microct/longitudinal mouse lung tumors,CONTAINS,Folder,atwai:/data0/core/atwai/archive/microct/longitudinal mouse lung tumors/wk14_18_Rec
Folder,atwai:/data0/core/atwai/archive/microct/longitudinal mouse lung tumors/wk14_18_Rec,COPY_OF,Folder,atwai:/data0/core/atwai/Anderson_Scott/Multimodal/MultiModal Lung tumor test/raw data/wk14_18_Rec
Folder,atwai:/data0/core/atwai/archive/microct/longitudinal mouse lung tumors,CONTAINS,Folder,atwai:/data0/core/atwai/archive/microct/longitudinal mouse lung tumors/wk14_19_Rec
Folder,atwai:/data0/core/atwai/archive/microct/longitudinal mouse lung tumors/wk14_19_Rec,COPY_OF,Folder,atwai:/data0/core/atwai/Anderson_Scott/Multimodal/MultiModal Lung tumor test/raw data/wk14_19_Rec
Folder,atwai:/data0/core/atwai/archive/microct/longitudinal mouse lung tumors,CONTAINS,Folder,atwai:/data0/core/atwai/archive/microct/longitudinal mouse lung tumors/wk14_67_Rec
Folder,atwai:/data0/core/atwai/archive/microct/longitudinal mouse lung tumors/wk14_67_Rec,COPY_OF,Folder,atwai:/data0/core/atwai/Anderson_Scott/Multimodal/MultiModal Lung tumor test/raw data/wk14_67_Rec
Folder,atwai:/data0/core/atwai/archive/microct/longitudinal mouse lung tumors,CONTAINS,Folder,atwai:/data0/core/atwai/archive/microct/longitudinal mouse lung tumors/wk14_68_Rec
Folder,atwai:/data0/core/atwai/archive/microct/longitudinal mouse lung tumors/wk14_68_Rec,COPY_OF,Folder,atwai:/data0/core/atwai/Anderson_Scott/Multimodal/MultiModal Lung tumor test/raw data/wk14_68_Rec
Folder,atwai:/data0/core/atwai/archive/microct/longitudinal mouse lung tumors,CONTAINS,Folder,atwai:/data0/core/atwai/archive/microct/longitudinal mouse lung tumors/wk14_69_Rec
Folder,atwai:/data0/core/atwai/archive/microct/longitudinal mouse lung tumors/wk14_69_Rec,COPY_OF,Folder,atwai:/data0/core/atwai/Anderson_Scott/Multimodal/MultiModal Lung tumor test/raw data/wk14_69_Rec
Folder,atwai:/data0/core/atwai/archive/microct/longitudinal mouse lung tumors,CONTAINS,Folder,atwai:/data0/core/atwai/archive/microct/longitudinal mouse lung tumors/wk6-10_Rec
Folder,atwai:/data0/core/atwai/archive/microct/longitudinal mouse lung tumors/wk6-10_Rec,COPY_OF,Folder,atwai:/data0/core/atwai/Anderson_Scott/Multimodal/MultiModal Lung tumor test/raw data/wk6-10_Rec
Folder,atwai:/data0/core/atwai/archive/microct/longitudinal mouse lung tumors,CONTAINS,Folder,atwai:/data0/core/atwai/archive/microct/longitudinal mouse lung tumors/wk6-11_Rec
Folder,atwai:/data0/core/atwai/archive/microct/longitudinal mouse lung tumors/wk6-11_Rec,COPY_OF,Folder,atwai:/data0/core/atwai/Anderson_Scott/Multimodal/MultiModal Lung tumor test/raw data/wk6-11_Rec
Folder,atwai:/data0/core/atwai/archive/microct/longitudinal mouse lung tumors,CONTAINS,Folder,atwai:/data0/core/atwai/archive/microct/longitudinal mouse lung tumors/wk6-12_Rec
Folder,atwai:/data0/core/atwai/archive/microct/longitudinal mouse lung tumors/wk6-12_Rec,COPY_OF,Folder,atwai:/data0/core/atwai/Anderson_Scott/Multimodal/MultiModal Lung tumor test/raw data/wk6-12_Rec
Folder,atwai:/data0/core/atwai/archive/microct/longitudinal mouse lung tumors,CONTAINS,Folder,atwai:/data0/core/atwai/archive/microct/longitudinal mouse lung tumors/wk6-13_Rec
Folder,atwai:/data0/core/atwai/archive/microct/longitudinal mouse lung tumors/wk6-13_Rec,COPY_OF,Folder,atwai:/data0/core/atwai/Anderson_Scott/Multimodal/MultiModal Lung tumor test/raw data/wk6-13_Rec
Folder,atwai:/data0/core/atwai/archive/microct/longitudinal mouse lung tumors,CONTAINS,Folder,atwai:/data0/core/atwai/archive/microct/longitudinal mouse lung tumors/wk6-14_Rec
Folder,atwai:/data0/core/atwai/archive/microct/longitudinal mouse lung tumors/wk6-14_Rec,COPY_OF,Folder,atwai:/data0/core/atwai/Anderson_Scott/Multimodal/MultiModal Lung tumor test/raw data/wk6-14_Rec
Folder,atwai:/data0/core/atwai/archive/microct/longitudinal mouse lung tumors,CONTAINS,Folder,atwai:/data0/core/atwai/archive/microct/longitudinal mouse lung tumors/wk6-15_Rec
Folder,atwai:/data0/core/atwai/archive/microct/longitudinal mouse lung tumors/wk6-15_Rec,COPY_OF,Folder,atwai:/data0/core/atwai/Anderson_Scott/Multimodal/MultiModal Lung tumor test/raw data/wk6-15_Rec
Folder,atwai:/data0/core/atwai/archive/microct/longitudinal mouse lung tumors,CONTAINS,Folder,atwai:/data0/core/atwai/archive/microct/longitudinal mouse lung tumors/wk6-17_Rec
Folder,atwai:/data0/core/atwai/archive/microct/longitudinal mouse lung tumors/wk6-17_Rec,COPY_OF,Folder,atwai:/data0/core/atwai/Anderson_Scott/Multimodal/MultiModal Lung tumor test/raw data/wk6-17_Rec
Folder,atwai:/data0/core/atwai/archive/microct/longitudinal mouse lung tumors,CONTAINS,Folder,atwai:/data0/core/atwai/archive/microct/longitudinal mouse lung tumors/wk6-18_Rec
Folder,atwai:/data0/core/atwai/archive/microct/longitudinal mouse lung tumors/wk6-18_Rec,COPY_OF,Folder,atwai:/data0/core/atwai/Anderson_Scott/Multimodal/MultiModal Lung tumor test/raw data/wk6-18_Rec
Folder,atwai:/data0/core/atwai/archive/microct/longitudinal mouse lung tumors,CONTAINS,Folder,atwai:/data0/core/atwai/archive/microct/longitudinal mouse lung tumors/wk6-19_Rec
Folder,atwai:/data0/core/atwai/archive/microct/longitudinal mouse lung tumors/wk6-19_Rec,COPY_OF,Folder,atwai:/data0/core/atwai/Anderson_Scott/Multimodal/MultiModal Lung tumor test/raw data/wk6-19_Rec
Folder,atwai:/data0/core/atwai/archive/microct/longitudinal mouse lung tumors,CONTAINS,Folder,atwai:/data0/core/atwai/archive/microct/longitudinal mouse lung tumors/wk6-67_Rec
Folder,atwai:/data0/core/atwai/archive/microct/longitudinal mouse lung tumors/wk6-67_Rec,COPY_OF,Folder,atwai:/data0/core/atwai/Anderson_Scott/Multimodal/MultiModal Lung tumor test/raw data/wk6-67_Rec
Folder,atwai:/data0/core/atwai/archive/microct/longitudinal mouse lung tumors,CONTAINS,Folder,atwai:/data0/core/atwai/archive/microct/longitudinal mouse lung tumors/wk6-68_Rec
Folder,atwai:/data0/core/atwai/archive/microct/longitudinal mouse lung tumors/wk6-68_Rec,COPY_OF,Folder,atwai:/data0/core/atwai/Anderson_Scott/Multimodal/MultiModal Lung tumor test/raw data/wk6-68_Rec
Folder,atwai:/data0/core/atwai/archive/microct/longitudinal mouse lung tumors,CONTAINS,Folder,atwai:/data0/core/atwai/archive/microct/longitudinal mouse lung tumors/wk6-69_Rec
Folder,atwai:/data0/core/atwai/archive/microct/longitudinal mouse lung tumors/wk6-69_Rec,COPY_OF,Folder,atwai:/data0/core/atwai/Anderson_Scott/Multimodal/MultiModal Lung tumor test/raw data/wk6-69_Rec
Folder,atwai:/data0/core/atwai/archive/microct/longitudinal mouse lung tumors,CONTAINS,Folder,atwai:/data0/core/atwai/archive/microct/longitudinal mouse lung tumors/wk6-75_Rec
Folder,atwai:/data0/core/atwai/archive/microct/longitudinal mouse lung tumors/wk6-75_Rec,COPY_OF,Folder,atwai:/data0/core/atwai/Anderson_Scott/Multimodal/MultiModal Lung tumor test/raw data/wk6-75_Rec
Folder,atwai:/data0/core/atwai/archive/microct/longitudinal mouse lung tumors,CONTAINS,Folder,atwai:/data0/core/atwai/archive/microct/longitudinal mouse lung tumors/wk7-10_Rec
Folder,atwai:/data0/core/atwai/archive/microct/longitudinal mouse lung tumors/wk7-10_Rec,COPY_OF,Folder,atwai:/data0/core/atwai/Anderson_Scott/Multimodal/MultiModal Lung tumor test/raw data/wk7-10_Rec
Folder,atwai:/data0/core/atwai/archive/microct/longitudinal mouse lung tumors,CONTAINS,Folder,atwai:/data0/core/atwai/archive/microct/longitudinal mouse lung tumors/wk7-11_Rec
Folder,atwai:/data0/core/atwai/archive/microct/longitudinal mouse lung tumors/wk7-11_Rec,COPY_OF,Folder,atwai:/data0/core/atwai/Anderson_Scott/Multimodal/MultiModal Lung tumor test/raw data/wk7-11_Rec
Folder,atwai:/data0/core/atwai/archive/microct/longitudinal mouse lung tumors,CONTAINS,Folder,atwai:/data0/core/atwai/archive/microct/longitudinal mouse lung tumors/wk7-12_Rec
Folder,atwai:/data0/core/atwai/archive/microct/longitudinal mouse lung tumors/wk7-12_Rec,COPY_OF,Folder,atwai:/data0/core/atwai/Anderson_Scott/Multimodal/MultiModal Lung tumor test/raw data/wk7-12_Rec
Folder,atwai:/data0/core/atwai/archive/microct/longitudinal mouse lung tumors,CONTAINS,Folder,atwai:/data0/core/atwai/archive/microct/longitudinal mouse lung tumors/wk7-13_Rec
Folder,atwai:/data0/core/atwai/archive/microct/longitudinal mouse lung tumors/wk7-13_Rec,COPY_OF,Folder,atwai:/data0/core/atwai/Anderson_Scott/Multimodal/MultiModal Lung tumor test/raw data/wk7-13_Rec
Folder,atwai:/data0/core/atwai/archive/microct/longitudinal mouse lung tumors,CONTAINS,Folder,atwai:/data0/core/atwai/archive/microct/longitudinal mouse lung tumors/wk7-14_Rec
Folder,atwai:/data0/core/atwai/archive/microct/longitudinal mouse lung tumors/wk7-14_Rec,COPY_OF,Folder,atwai:/data0/core/atwai/Anderson_Scott/Multimodal/MultiModal Lung tumor test/raw data/wk7-14_Rec
Folder,atwai:/data0/core/atwai/archive/microct/longitudinal mouse lung tumors,CONTAINS,Folder,atwai:/data0/core/atwai/archive/microct/longitudinal mouse lung tumors/wk7-15_Rec
Folder,atwai:/data0/core/atwai/archive/microct/longitudinal mouse lung tumors/wk7-15_Rec,COPY_OF,Folder,atwai:/data0/core/atwai/Anderson_Scott/Multimodal/MultiModal Lung tumor test/raw data/wk7-15_Rec
Folder,atwai:/data0/core/atwai/archive/microct/longitudinal mouse lung tumors,CONTAINS,Folder,atwai:/data0/core/atwai/archive/microct/longitudinal mouse lung tumors/wk7-17_Rec
Folder,atwai:/data0/core/atwai/archive/microct/longitudinal mouse lung tumors/wk7-17_Rec,COPY_OF,Folder,atwai:/data0/core/atwai/Anderson_Scott/Multimodal/MultiModal Lung tumor test/raw data/wk7-17_Rec
Folder,atwai:/data0/core/atwai/archive/microct/longitudinal mouse lung tumors,CONTAINS,Folder,atwai:/data0/core/atwai/archive/microct/longitudinal mouse lung tumors/wk7-18_Rec
Folder,atwai:/data0/core/atwai/archive/microct/longitudinal mouse lung tumors/wk7-18_Rec,COPY_OF,Folder,atwai:/data0/core/atwai/Anderson_Scott/Multimodal/MultiModal Lung tumor test/raw data/wk7-18_Rec
Folder,atwai:/data0/core/atwai/archive/microct/longitudinal mouse lung tumors,CONTAINS,Folder,atwai:/data0/core/atwai/archive/microct/longitudinal mouse lung tumors/wk7-19_Rec
Folder,atwai:/data0/core/atwai/archive/microct/longitudinal mouse lung tumors/wk7-19_Rec,COPY_OF,Folder,atwai:/data0/core/atwai/Anderson_Scott/Multimodal/MultiModal Lung tumor test/raw data/wk7-19_Rec
Folder,atwai:/data0/core/atwai/archive/microct/longitudinal mouse lung tumors,CONTAINS,Folder,atwai:/data0/core/atwai/archive/microct/longitudinal mouse lung tumors/wk7-67_Rec
Folder,atwai:/data0/core/atwai/archive/microct/longitudinal mouse lung tumors/wk7-67_Rec,COPY_OF,Folder,atwai:/data0/core/atwai/Anderson_Scott/Multimodal/MultiModal Lung tumor test/raw data/wk7-67_Rec
Folder,atwai:/data0/core/atwai/archive/microct/longitudinal mouse lung tumors,CONTAINS,Folder,atwai:/data0/core/atwai/archive/microct/longitudinal mouse lung tumors/wk7-68_Rec
Folder,atwai:/data0/core/atwai/archive/microct/longitudinal mouse lung tumors/wk7-68_Rec,COPY_OF,Folder,atwai:/data0/core/atwai/Anderson_Scott/Multimodal/MultiModal Lung tumor test/raw data/wk7-68_Rec
Folder,atwai:/data0/core/atwai/archive/microct/longitudinal mouse lung tumors,CONTAINS,Folder,atwai:/data0/core/atwai/archive/microct/longitudinal mouse lung tumors/wk7-69_Rec
Folder,atwai:/data0/core/atwai/archive/microct/longitudinal mouse lung tumors/wk7-69_Rec,COPY_OF,Folder,atwai:/data0/core/atwai/Anderson_Scott/Multimodal/MultiModal Lung tumor test/raw data/wk7-69_Rec
Folder,atwai:/data0/core/atwai/archive/microct/longitudinal mouse lung tumors,CONTAINS,Folder,atwai:/data0/core/atwai/archive/microct/longitudinal mouse lung tumors/wk7-75_Rec
Folder,atwai:/data0/core/atwai/archive/microct/longitudinal mouse lung tumors/wk7-75_Rec,COPY_OF,Folder,atwai:/data0/core/atwai/Anderson_Scott/Multimodal/MultiModal Lung tumor test/raw data/wk7-75_Rec
Folder,atwai:/data0/core/atwai/archive/microct/longitudinal mouse lung tumors,CONTAINS,Folder,atwai:/data0/core/atwai/archive/microct/longitudinal mouse lung tumors/wk8_10_Rec
Folder,atwai:/data0/core/atwai/archive/microct/longitudinal mouse lung tumors/wk8_10_Rec,COPY_OF,Folder,atwai:/data0/core/atwai/Anderson_Scott/Multimodal/MultiModal Lung tumor test/raw data/wk8_10_Rec
Folder,atwai:/data0/core/atwai/archive/microct/longitudinal mouse lung tumors,CONTAINS,Folder,atwai:/data0/core/atwai/archive/microct/longitudinal mouse lung tumors/wk8_11_Rec
Folder,atwai:/data0/core/atwai/archive/microct/longitudinal mouse lung tumors/wk8_11_Rec,COPY_OF,Folder,atwai:/data0/core/atwai/Anderson_Scott/Multimodal/MultiModal Lung tumor test/raw data/wk8_11_Rec
Folder,atwai:/data0/core/atwai/archive/microct/longitudinal mouse lung tumors,CONTAINS,Folder,atwai:/data0/core/atwai/archive/microct/longitudinal mouse lung tumors/wk8_12_Rec
Folder,atwai:/data0/core/atwai/archive/microct/longitudinal mouse lung tumors/wk8_12_Rec,COPY_OF,Folder,atwai:/data0/core/atwai/Anderson_Scott/Multimodal/MultiModal Lung tumor test/raw data/wk8_12_Rec
Folder,atwai:/data0/core/atwai/archive/microct/longitudinal mouse lung tumors,CONTAINS,Folder,atwai:/data0/core/atwai/archive/microct/longitudinal mouse lung tumors/wk8_13_Rec
Folder,atwai:/data0/core/atwai/archive/microct/longitudinal mouse lung tumors/wk8_13_Rec,COPY_OF,Folder,atwai:/data0/core/atwai/Anderson_Scott/Multimodal/MultiModal Lung tumor test/raw data/wk8_13_Rec
Folder,atwai:/data0/core/atwai/archive/microct/longitudinal mouse lung tumors,CONTAINS,Folder,atwai:/data0/core/atwai/archive/microct/longitudinal mouse lung tumors/wk8_14_Rec
Folder,atwai:/data0/core/atwai/archive/microct/longitudinal mouse lung tumors/wk8_14_Rec,COPY_OF,Folder,atwai:/data0/core/atwai/Anderson_Scott/Multimodal/MultiModal Lung tumor test/raw data/wk8_14_Rec
Folder,atwai:/data0/core/atwai/archive/microct/longitudinal mouse lung tumors,CONTAINS,Folder,atwai:/data0/core/atwai/archive/microct/longitudinal mouse lung tumors/wk8_15_Rec
Folder,atwai:/data0/core/atwai/archive/microct/longitudinal mouse lung tumors/wk8_15_Rec,COPY_OF,Folder,atwai:/data0/core/atwai/Anderson_Scott/Multimodal/MultiModal Lung tumor test/raw data/wk8_15_Rec
Folder,atwai:/data0/core/atwai/archive/microct/longitudinal mouse lung tumors,CONTAINS,Folder,atwai:/data0/core/atwai/archive/microct/longitudinal mouse lung tumors/wk8_17_Rec
Folder,atwai:/data0/core/atwai/archive/microct/longitudinal mouse lung tumors/wk8_17_Rec,COPY_OF,Folder,atwai:/data0/core/atwai/Anderson_Scott/Multimodal/MultiModal Lung tumor test/raw data/wk8_17_Rec
Folder,atwai:/data0/core/atwai/archive/microct/longitudinal mouse lung tumors,CONTAINS,Folder,atwai:/data0/core/atwai/archive/microct/longitudinal mouse lung tumors/wk8_18_Rec
Folder,atwai:/data0/core/atwai/archive/microct/longitudinal mouse lung tumors/wk8_18_Rec,COPY_OF,Folder,atwai:/data0/core/atwai/Anderson_Scott/Multimodal/MultiModal Lung tumor test/raw data/wk8_18_Rec
Folder,atwai:/data0/core/atwai/archive/microct/longitudinal mouse lung tumors,CONTAINS,Folder,atwai:/data0/core/atwai/archive/microct/longitudinal mouse lung tumors/wk8_19_Rec
Folder,atwai:/data0/core/atwai/archive/microct/longitudinal mouse lung tumors/wk8_19_Rec,COPY_OF,Folder,atwai:/data0/core/atwai/Anderson_Scott/Multimodal/MultiModal Lung tumor test/raw data/wk8_19_Rec
Folder,atwai:/data0/core/atwai/archive/microct/longitudinal mouse lung tumors,CONTAINS,Folder,atwai:/data0/core/atwai/archive/microct/longitudinal mouse lung tumors/wk8_67_Rec
Folder,atwai:/data0/core/atwai/archive/microct/longitudinal mouse lung tumors/wk8_67_Rec,COPY_OF,Folder,atwai:/data0/core/atwai/Anderson_Scott/Multimodal/MultiModal Lung tumor test/raw data/wk8_67_Rec
Folder,atwai:/data0/core/atwai/archive/microct/longitudinal mouse lung tumors,CONTAINS,Folder,atwai:/data0/core/atwai/archive/microct/longitudinal mouse lung tumors/wk8_68_Rec
Folder,atwai:/data0/core/atwai/archive/microct/longitudinal mouse lung tumors/wk8_68_Rec,COPY_OF,Folder,atwai:/data0/core/atwai/Anderson_Scott/Multimodal/MultiModal Lung tumor test/raw data/wk8_68_Rec
Folder,atwai:/data0/core/atwai/archive/microct/longitudinal mouse lung tumors,CONTAINS,Folder,atwai:/data0/core/atwai/archive/microct/longitudinal mouse lung tumors/wk8_69_Rec
Folder,atwai:/data0/core/atwai/archive/microct/longitudinal mouse lung tumors/wk8_69_Rec,COPY_OF,Folder,atwai:/data0/core/atwai/Anderson_Scott/Multimodal/MultiModal Lung tumor test/raw data/wk8_69_Rec
Folder,atwai:/data0/core/atwai/archive/microct/longitudinal mouse lung tumors,CONTAINS,Folder,atwai:/data0/core/atwai/archive/microct/longitudinal mouse lung tumors/wk8_75_Rec
Folder,atwai:/data0/core/atwai/archive/microct/longitudinal mouse lung tumors/wk8_75_Rec,COPY_OF,Folder,atwai:/data0/core/atwai/Anderson_Scott/Multimodal/MultiModal Lung tumor test/raw data/wk8_75_Rec
Folder,atwai:/data0/core/atwai/archive/microct/longitudinal mouse lung tumors,CONTAINS,Folder,atwai:/data0/core/atwai/archive/microct/longitudinal mouse lung tumors/wk9_10_Rec
Folder,atwai:/data0/core/atwai/archive/microct/longitudinal mouse lung tumors/wk9_10_Rec,COPY_OF,Folder,atwai:/data0/core/atwai/Anderson_Scott/Multimodal/MultiModal Lung tumor test/raw data/wk9_10_Rec
Folder,atwai:/data0/core/atwai/archive/microct/longitudinal mouse lung tumors,CONTAINS,Folder,atwai:/data0/core/atwai/archive/microct/longitudinal mouse lung tumors/wk9_11_Rec
Folder,atwai:/data0/core/atwai/archive/microct/longitudinal mouse lung tumors/wk9_11_Rec,COPY_OF,Folder,atwai:/data0/core/atwai/Anderson_Scott/Multimodal/MultiModal Lung tumor test/raw data/wk9_11_Rec
Folder,atwai:/data0/core/atwai/archive/microct/longitudinal mouse lung tumors,CONTAINS,Folder,atwai:/data0/core/atwai/archive/microct/longitudinal mouse lung tumors/wk9_12_Rec
Folder,atwai:/data0/core/atwai/archive/microct/longitudinal mouse lung tumors/wk9_12_Rec,COPY_OF,Folder,atwai:/data0/core/atwai/Anderson_Scott/Multimodal/MultiModal Lung tumor test/raw data/wk9_12_Rec
Folder,atwai:/data0/core/atwai/archive/microct/longitudinal mouse lung tumors,CONTAINS,Folder,atwai:/data0/core/atwai/archive/microct/longitudinal mouse lung tumors/wk9_13_Rec
Folder,atwai:/data0/core/atwai/archive/microct/longitudinal mouse lung tumors/wk9_13_Rec,COPY_OF,Folder,atwai:/data0/core/atwai/Anderson_Scott/Multimodal/MultiModal Lung tumor test/raw data/wk9_13_Rec
Folder,atwai:/data0/core/atwai/archive/microct/longitudinal mouse lung tumors,CONTAINS,Folder,atwai:/data0/core/atwai/archive/microct/longitudinal mouse lung tumors/wk9_14_Rec
Folder,atwai:/data0/core/atwai/archive/microct/longitudinal mouse lung tumors/wk9_14_Rec,COPY_OF,Folder,atwai:/data0/core/atwai/Anderson_Scott/Multimodal/MultiModal Lung tumor test/raw data/wk9_14_Rec
Folder,atwai:/data0/core/atwai/archive/microct/longitudinal mouse lung tumors,CONTAINS,Folder,atwai:/data0/core/atwai/archive/microct/longitudinal mouse lung tumors/wk9_15_Rec
Folder,atwai:/data0/core/atwai/archive/microct/longitudinal mouse lung tumors/wk9_15_Rec,COPY_OF,Folder,atwai:/data0/core/atwai/Anderson_Scott/Multimodal/MultiModal Lung tumor test/raw data/wk9_15_Rec
Folder,atwai:/data0/core/atwai/archive/microct/longitudinal mouse lung tumors,CONTAINS,Folder,atwai:/data0/core/atwai/archive/microct/longitudinal mouse lung tumors/wk9_17_Rec
Folder,atwai:/data0/core/atwai/archive/microct/longitudinal mouse lung tumors/wk9_17_Rec,COPY_OF,Folder,atwai:/data0/core/atwai/Anderson_Scott/Multimodal/MultiModal Lung tumor test/raw data/wk9_17_Rec
Folder,atwai:/data0/core/atwai/archive/microct/longitudinal mouse lung tumors,CONTAINS,Folder,atwai:/data0/core/atwai/archive/microct/longitudinal mouse lung tumors/wk9_18_Rec
Folder,atwai:/data0/core/atwai/archive/microct/longitudinal mouse lung tumors/wk9_18_Rec,COPY_OF,Folder,atwai:/data0/core/atwai/Anderson_Scott/Multimodal/MultiModal Lung tumor test/raw data/wk9_18_Rec
Folder,atwai:/data0/core/atwai/archive/microct/longitudinal mouse lung tumors,CONTAINS,Folder,atwai:/data0/core/atwai/archive/microct/longitudinal mouse lung tumors/wk9_19_Rec
Folder,atwai:/data0/core/atwai/archive/microct/longitudinal mouse lung tumors/wk9_19_Rec,COPY_OF,Folder,atwai:/data0/core/atwai/Anderson_Scott/Multimodal/MultiModal Lung tumor test/raw data/wk9_19_Rec
Folder,atwai:/data0/core/atwai/archive/microct/longitudinal mouse lung tumors,CONTAINS,Folder,atwai:/data0/core/atwai/archive/microct/longitudinal mouse lung tumors/wk9_67_Rec
Folder,atwai:/data0/core/atwai/archive/microct/longitudinal mouse lung tumors/wk9_67_Rec,COPY_OF,Folder,atwai:/data0/core/atwai/Anderson_Scott/Multimodal/MultiModal Lung tumor test/raw data/wk9_67_Rec
Folder,atwai:/data0/core/atwai/archive/microct/longitudinal mouse lung tumors,CONTAINS,Folder,atwai:/data0/core/atwai/archive/microct/longitudinal mouse lung tumors/wk9_68_Rec
Folder,atwai:/data0/core/atwai/archive/microct/longitudinal mouse lung tumors/wk9_68_Rec,COPY_OF,Folder,atwai:/data0/core/atwai/Anderson_Scott/Multimodal/MultiModal Lung tumor test/raw data/wk9_68_Rec
Folder,atwai:/data0/core/atwai/archive/microct/longitudinal mouse lung tumors,CONTAINS,Folder,atwai:/data0/core/atwai/archive/microct/longitudinal mouse lung tumors/wk9_69_Rec
Folder,atwai:/data0/core/atwai/archive/microct/longitudinal mouse lung tumors/wk9_69_Rec,COPY_OF,Folder,atwai:/data0/core/atwai/Anderson_Scott/Multimodal/MultiModal Lung tumor test/raw data/wk9_69_Rec
Folder,atwai:/data0/core/atwai/archive/microct/longitudinal mouse lung tumors,CONTAINS,Folder,atwai:/data0/core/atwai/archive/microct/longitudinal mouse lung tumors/wk9_75_Rec
Folder,atwai:/data0/core/atwai/archive/microct/longitudinal mouse lung tumors/wk9_75_Rec,COPY_OF,Folder,atwai:/data0/core/atwai/Anderson_Scott/Multimodal/MultiModal Lung tumor test/raw data/wk9_75_Rec
Folder,atwai:/data0/core/atwai/archive/microct/longitudinal mouse lung tumors,CONTAINS,Folder,atwai:/data0/core/atwai/archive/microct/longitudinal mouse lung tumors/wk10_10_Rec-Nifti
Folder,atwai:/data0/core/atwai/archive/microct/longitudinal mouse lung tumors,CONTAINS,Folder,atwai:/data0/core/atwai/archive/microct/longitudinal mouse lung tumors/wk10_11_Rec-Nifti
Folder,atwai:/data0/core/atwai/archive/microct/longitudinal mouse lung tumors,CONTAINS,Folder,atwai:/data0/core/atwai/archive/microct/longitudinal mouse lung tumors/wk10_12_Rec-Nifti
Folder,atwai:/data0/core/atwai/archive/microct/longitudinal mouse lung tumors,CONTAINS,Folder,atwai:/data0/core/atwai/archive/microct/longitudinal mouse lung tumors/wk10_13_Rec-Nifti
Folder,atwai:/data0/core/atwai/archive/microct/longitudinal mouse lung tumors,CONTAINS,Folder,atwai:/data0/core/atwai/archive/microct/longitudinal mouse lung tumors/wk10_14_Rec-Nifti
Folder,atwai:/data0/core/atwai/archive/microct/longitudinal mouse lung tumors,CONTAINS,Folder,atwai:/data0/core/atwai/archive/microct/longitudinal mouse lung tumors/wk10_15_Rec-Nifti
Folder,atwai:/data0/core/atwai/archive/microct/longitudinal mouse lung tumors,CONTAINS,Folder,atwai:/data0/core/atwai/archive/microct/longitudinal mouse lung tumors/wk10_17_Rec-Nifti
Folder,atwai:/data0/core/atwai/archive/microct/longitudinal mouse lung tumors,CONTAINS,Folder,atwai:/data0/core/atwai/archive/microct/longitudinal mouse lung tumors/wk10_18_Rec-Nifti
Folder,atwai:/data0/core/atwai/archive/microct/longitudinal mouse lung tumors,CONTAINS,Folder,atwai:/data0/core/atwai/archive/microct/longitudinal mouse lung tumors/wk10_19_Rec-Nifti
Folder,atwai:/data0/core/atwai/archive/microct/longitudinal mouse lung tumors,CONTAINS,Folder,atwai:/data0/core/atwai/archive/microct/longitudinal mouse lung tumors/wk10_67_Rec-Nifti
Folder,atwai:/data0/core/atwai/archive/microct/longitudinal mouse lung tumors,CONTAINS,Folder,atwai:/data0/core/atwai/archive/microct/longitudinal mouse lung tumors/wk10_68_Rec-Nifti
Folder,atwai:/data0/core/atwai/archive/microct/longitudinal mouse lung tumors,CONTAINS,Folder,atwai:/data0/core/atwai/archive/microct/longitudinal mouse lung tumors/wk10_69_Rec-Nifti
Folder,atwai:/data0/core/atwai/archive/microct/longitudinal mouse lung tumors,CONTAINS,Folder,atwai:/data0/core/atwai/archive/microct/longitudinal mouse lung tumors/wk10_75_Rec-Nifti
Folder,atwai:/data0/core/atwai/archive/microct/longitudinal mouse lung tumors,CONTAINS,Folder,atwai:/data0/core/atwai/archive/microct/longitudinal mouse lung tumors/wk11_10_Rec-Nifti
Folder,atwai:/data0/core/atwai/archive/microct/longitudinal mouse lung tumors,CONTAINS,Folder,atwai:/data0/core/atwai/archive/microct/longitudinal mouse lung tumors/wk11_11_Rec-Nifti
Folder,atwai:/data0/core/atwai/archive/microct/longitudinal mouse lung tumors,CONTAINS,Folder,atwai:/data0/core/atwai/archive/microct/longitudinal mouse lung tumors/wk11_12_Rec-Nifti
Folder,atwai:/data0/core/atwai/archive/microct/longitudinal mouse lung tumors,CONTAINS,Folder,atwai:/data0/core/atwai/archive/microct/longitudinal mouse lung tumors/wk11_13_Rec-Nifti
Folder,atwai:/data0/core/atwai/archive/microct/longitudinal mouse lung tumors,CONTAINS,Folder,atwai:/data0/core/atwai/archive/microct/longitudinal mouse lung tumors/wk11_14_Rec-Nifti
Folder,atwai:/data0/core/atwai/archive/microct/longitudinal mouse lung tumors,CONTAINS,Folder,atwai:/data0/core/atwai/archive/microct/longitudinal mouse lung tumors/wk11_15_Rec-Nifti
Folder,atwai:/data0/core/atwai/archive/microct/longitudinal mouse lung tumors,CONTAINS,Folder,atwai:/data0/core/atwai/archive/microct/longitudinal mouse lung tumors/wk11_17_Rec-Nifti
Folder,atwai:/data0/core/atwai/archive/microct/longitudinal mouse lung tumors,CONTAINS,Folder,atwai:/data0/core/atwai/archive/microct/longitudinal mouse lung tumors/wk11_18_Rec-Nifti
Folder,atwai:/data0/core/atwai/archive/microct/longitudinal mouse lung tumors,CONTAINS,Folder,atwai:/data0/core/atwai/archive/microct/longitudinal mouse lung tumors/wk11_19_Rec-Nifti
Folder,atwai:/data0/core/atwai/archive/microct/longitudinal mouse lung tumors,CONTAINS,Folder,atwai:/data0/core/atwai/archive/microct/longitudinal mouse lung tumors/wk11_67_Rec-Nifti
Folder,atwai:/data0/core/atwai/archive/microct/longitudinal mouse lung tumors,CONTAINS,Folder,atwai:/data0/core/atwai/archive/microct/longitudinal mouse lung tumors/wk11_68_Rec-Nifti
Folder,atwai:/data0/core/atwai/archive/microct/longitudinal mouse lung tumors,CONTAINS,Folder,atwai:/data0/core/atwai/archive/microct/longitudinal mouse lung tumors/wk11_69_Rec-Nifti
Folder,atwai:/data0/core/atwai/archive/microct/longitudinal mouse lung tumors,CONTAINS,Folder,atwai:/data0/core/atwai/archive/microct/longitudinal mouse lung tumors/wk11_75_Rec-Nifti
Folder,atwai:/data0/core/atwai/archive/microct/longitudinal mouse lung tumors,CONTAINS,Folder,atwai:/data0/core/atwai/archive/microct/longitudinal mouse lung tumors/wk13_10_Rec-Nifti
Folder,atwai:/data0/core/atwai/archive/microct/longitudinal mouse lung tumors,CONTAINS,Folder,atwai:/data0/core/atwai/archive/microct/longitudinal mouse lung tumors/wk13_11_Rec-Nifti
Folder,atwai:/data0/core/atwai/archive/microct/longitudinal mouse lung tumors,CONTAINS,Folder,atwai:/data0/core/atwai/archive/microct/longitudinal mouse lung tumors/wk13_12_Rec-Nifti
Folder,atwai:/data0/core/atwai/archive/microct/longitudinal mouse lung tumors,CONTAINS,Folder,atwai:/data0/core/atwai/archive/microct/longitudinal mouse lung tumors/wk13_13_Rec-Nifti
Folder,atwai:/data0/core/atwai/archive/microct/longitudinal mouse lung tumors,CONTAINS,Folder,atwai:/data0/core/atwai/archive/microct/longitudinal mouse lung tumors/wk13_14_Rec-Nifti
Folder,atwai:/data0/core/atwai/archive/microct/longitudinal mouse lung tumors,CONTAINS,Folder,atwai:/data0/core/atwai/archive/microct/longitudinal mouse lung tumors/wk13_15_Rec-Nifti
Folder,atwai:/data0/core/atwai/archive/microct/longitudinal mouse lung tumors,CONTAINS,Folder,atwai:/data0/core/atwai/archive/microct/longitudinal mouse lung tumors/wk13_17_Rec-Nifti
Folder,atwai:/data0/core/atwai/archive/microct/longitudinal mouse lung tumors,CONTAINS,Folder,atwai:/data0/core/atwai/archive/microct/longitudinal mouse lung tumors/wk13_18_Rec-Nifti
Folder,atwai:/data0/core/atwai/archive/microct/longitudinal mouse lung tumors,CONTAINS,Folder,atwai:/data0/core/atwai/archive/microct/longitudinal mouse lung tumors/wk13_19_Rec-Nifti
Folder,atwai:/data0/core/atwai/archive/microct/longitudinal mouse lung tumors,CONTAINS,Folder,atwai:/data0/core/atwai/archive/microct/longitudinal mouse lung tumors/wk13_67_Rec-Nifti
Folder,atwai:/data0/core/atwai/archive/microct/longitudinal mouse lung tumors,CONTAINS,Folder,atwai:/data0/core/atwai/archive/microct/longitudinal mouse lung tumors/wk13_68_Rec-Nifti
Folder,atwai:/data0/core/atwai/archive/microct/longitudinal mouse lung tumors,CONTAINS,Folder,atwai:/data0/core/atwai/archive/microct/longitudinal mouse lung tumors/wk13_69_Rec-Nifti
Folder,atwai:/data0/core/atwai/archive/microct/longitudinal mouse lung tumors,CONTAINS,Folder,atwai:/data0/core/atwai/archive/microct/longitudinal mouse lung tumors/wk14_10_Rec-Nifti
Folder,atwai:/data0/core/atwai/archive/microct/longitudinal mouse lung tumors,CONTAINS,Folder,atwai:/data0/core/atwai/archive/microct/longitudinal mouse lung tumors/wk14_11_Rec-Nifti
Folder,atwai:/data0/core/atwai/archive/microct/longitudinal mouse lung tumors,CONTAINS,Folder,atwai:/data0/core/atwai/archive/microct/longitudinal mouse lung tumors/wk14_12_Rec-Nifti
Folder,atwai:/data0/core/atwai/archive/microct/longitudinal mouse lung tumors,CONTAINS,Folder,atwai:/data0/core/atwai/archive/microct/longitudinal mouse lung tumors/wk14_13_Rec-Nifti
Folder,atwai:/data0/core/atwai/archive/microct/longitudinal mouse lung tumors,CONTAINS,Folder,atwai:/data0/core/atwai/archive/microct/longitudinal mouse lung tumors/wk14_14_Rec-Nifti
Folder,atwai:/data0/core/atwai/archive/microct/longitudinal mouse lung tumors,CONTAINS,Folder,atwai:/data0/core/atwai/archive/microct/longitudinal mouse lung tumors/wk14_15_Rec-Nifti
Folder,atwai:/data0/core/atwai/archive/microct/longitudinal mouse lung tumors,CONTAINS,Folder,atwai:/data0/core/atwai/archive/microct/longitudinal mouse lung tumors/wk14_17_Rec-Nifti
Folder,atwai:/data0/core/atwai/archive/microct/longitudinal mouse lung tumors,CONTAINS,Folder,atwai:/data0/core/atwai/archive/microct/longitudinal mouse lung tumors/wk14_18_Rec-Nifti
Folder,atwai:/data0/core/atwai/archive/microct/longitudinal mouse lung tumors,CONTAINS,Folder,atwai:/data0/core/atwai/archive/microct/longitudinal mouse lung tumors/wk14_19_Rec-Nifti
Folder,atwai:/data0/core/atwai/archive/microct/longitudinal mouse lung tumors,CONTAINS,Folder,atwai:/data0/core/atwai/archive/microct/longitudinal mouse lung tumors/wk14_67_Rec-Nifti
Folder,atwai:/data0/core/atwai/archive/microct/longitudinal mouse lung tumors,CONTAINS,Folder,atwai:/data0/core/atwai/archive/microct/longitudinal mouse lung tumors/wk14_68_Rec-Nifti
Folder,atwai:/data0/core/atwai/archive/microct/longitudinal mouse lung tumors,CONTAINS,Folder,atwai:/data0/core/atwai/archive/microct/longitudinal mouse lung tumors/wk14_69_Rec-Nifti
Folder,atwai:/data0/core/atwai/archive/microct/longitudinal mouse lung tumors,CONTAINS,Folder,atwai:/data0/core/atwai/archive/microct/longitudinal mouse lung tumors/wk6-10_Rec-Nifti
Folder,atwai:/data0/core/atwai/archive/microct/longitudinal mouse lung tumors,CONTAINS,Folder,atwai:/data0/core/atwai/archive/microct/longitudinal mouse lung tumors/wk6-11_Rec-Nifti
Folder,atwai:/data0/core/atwai/archive/microct/longitudinal mouse lung tumors,CONTAINS,Folder,atwai:/data0/core/atwai/archive/microct/longitudinal mouse lung tumors/wk6-12_Rec-Nifti
Folder,atwai:/data0/core/atwai/archive/microct/longitudinal mouse lung tumors,CONTAINS,Folder,atwai:/data0/core/atwai/archive/microct/longitudinal mouse lung tumors/wk6-13_Rec-Nifti
Folder,atwai:/data0/core/atwai/archive/microct/longitudinal mouse lung tumors,CONTAINS,Folder,atwai:/data0/core/atwai/archive/microct/longitudinal mouse lung tumors/wk6-14_Rec-Nifti
Folder,atwai:/data0/core/atwai/archive/microct/longitudinal mouse lung tumors,CONTAINS,Folder,atwai:/data0/core/atwai/archive/microct/longitudinal mouse lung tumors/wk6-15_Rec-Nifti
Folder,atwai:/data0/core/atwai/archive/microct/longitudinal mouse lung tumors,CONTAINS,Folder,atwai:/data0/core/atwai/archive/microct/longitudinal mouse lung tumors/wk6-17_Rec-Nifti
Folder,atwai:/data0/core/atwai/archive/microct/longitudinal mouse lung tumors,CONTAINS,Folder,atwai:/data0/core/atwai/archive/microct/longitudinal mouse lung tumors/wk6-18_Rec-Nifti
Folder,atwai:/data0/core/atwai/archive/microct/longitudinal mouse lung tumors,CONTAINS,Folder,atwai:/data0/core/atwai/archive/microct/longitudinal mouse lung tumors/wk6-19_Rec-Nifti
Folder,atwai:/data0/core/atwai/archive/microct/longitudinal mouse lung tumors,CONTAINS,Folder,atwai:/data0/core/atwai/archive/microct/longitudinal mouse lung tumors/wk6-67_Rec-Nifti
Folder,atwai:/data0/core/atwai/archive/microct/longitudinal mouse lung tumors,CONTAINS,Folder,atwai:/data0/core/atwai/archive/microct/longitudinal mouse lung tumors/wk6-68_Rec-Nifti
Folder,atwai:/data0/core/atwai/archive/microct/longitudinal mouse lung tumors,CONTAINS,Folder,atwai:/data0/core/atwai/archive/microct/longitudinal mouse lung tumors/wk6-69_Rec-Nifti
Folder,atwai:/data0/core/atwai/archive/microct/longitudinal mouse lung tumors,CONTAINS,Folder,atwai:/data0/core/atwai/archive/microct/longitudinal mouse lung tumors/wk6-75_Rec-Nifti
Folder,atwai:/data0/core/atwai/archive/microct/longitudinal mouse lung tumors,CONTAINS,Folder,atwai:/data0/core/atwai/archive/microct/longitudinal mouse lung tumors/wk7-10_Rec-Nifti
Folder,atwai:/data0/core/atwai/archive/microct/longitudinal mouse lung tumors,CONTAINS,Folder,atwai:/data0/core/atwai/archive/microct/longitudinal mouse lung tumors/wk7-11_Rec-Nifti
Folder,atwai:/data0/core/atwai/archive/microct/longitudinal mouse lung tumors,CONTAINS,Folder,atwai:/data0/core/atwai/archive/microct/longitudinal mouse lung tumors/wk7-12_Rec-Nifti
Folder,atwai:/data0/core/atwai/archive/microct/longitudinal mouse lung tumors,CONTAINS,Folder,atwai:/data0/core/atwai/archive/microct/longitudinal mouse lung tumors/wk7-13_Rec-Nifti
Folder,atwai:/data0/core/atwai/archive/microct/longitudinal mouse lung tumors,CONTAINS,Folder,atwai:/data0/core/atwai/archive/microct/longitudinal mouse lung tumors/wk7-14_Rec-Nifti
Folder,atwai:/data0/core/atwai/archive/microct/longitudinal mouse lung tumors,CONTAINS,Folder,atwai:/data0/core/atwai/archive/microct/longitudinal mouse lung tumors/wk7-15_Rec-Nifti
Folder,atwai:/data0/core/atwai/archive/microct/longitudinal mouse lung tumors,CONTAINS,Folder,atwai:/data0/core/atwai/archive/microct/longitudinal mouse lung tumors/wk7-17_Rec-Nifti
Folder,atwai:/data0/core/atwai/archive/microct/longitudinal mouse lung tumors,CONTAINS,Folder,atwai:/data0/core/atwai/archive/microct/longitudinal mouse lung tumors/wk7-18_Rec-Nifti
Folder,atwai:/data0/core/atwai/archive/microct/longitudinal mouse lung tumors,CONTAINS,Folder,atwai:/data0/core/atwai/archive/microct/longitudinal mouse lung tumors/wk7-19_Rec-Nifti
Folder,atwai:/data0/core/atwai/archive/microct/longitudinal mouse lung tumors,CONTAINS,Folder,atwai:/data0/core/atwai/archive/microct/longitudinal mouse lung tumors/wk7-67_Rec-Nifti
Folder,atwai:/data0/core/atwai/archive/microct/longitudinal mouse lung tumors,CONTAINS,Folder,atwai:/data0/core/atwai/archive/microct/longitudinal mouse lung tumors/wk7-68_Rec-Nifti
Folder,atwai:/data0/core/atwai/archive/microct/longitudinal mouse lung tumors,CONTAINS,Folder,atwai:/data0/core/atwai/archive/microct/longitudinal mouse lung tumors/wk7-69_Rec-Nifti
Folder,atwai:/data0/core/atwai/archive/microct/longitudinal mouse lung tumors,CONTAINS,Folder,atwai:/data0/core/atwai/archive/microct/longitudinal mouse lung tumors/wk7-75_Rec-Nifti
Folder,atwai:/data0/core/atwai/archive/microct/longitudinal mouse lung tumors,CONTAINS,Folder,atwai:/data0/core/atwai/archive/microct/longitudinal mouse lung tumors/wk8_10_Rec-Nifti
Folder,atwai:/data0/core/atwai/archive/microct/longitudinal mouse lung tumors,CONTAINS,Folder,atwai:/data0/core/atwai/archive/microct/longitudinal mouse lung tumors/wk8_11_Rec-Nifti
Folder,atwai:/data0/core/atwai/archive/microct/longitudinal mouse lung tumors,CONTAINS,Folder,atwai:/data0/core/atwai/archive/microct/longitudinal mouse lung tumors/wk8_12_Rec-Nifti
Folder,atwai:/data0/core/atwai/archive/microct/longitudinal mouse lung tumors,CONTAINS,Folder,atwai:/data0/core/atwai/archive/microct/longitudinal mouse lung tumors/wk8_13_Rec-Nifti
Folder,atwai:/data0/core/atwai/archive/microct/longitudinal mouse lung tumors,CONTAINS,Folder,atwai:/data0/core/atwai/archive/microct/longitudinal mouse lung tumors/wk8_14_Rec-Nifti
Folder,atwai:/data0/core/atwai/archive/microct/longitudinal mouse lung tumors,CONTAINS,Folder,atwai:/data0/core/atwai/archive/microct/longitudinal mouse lung tumors/wk8_15_Rec-Nifti
Folder,atwai:/data0/core/atwai/archive/microct/longitudinal mouse lung tumors,CONTAINS,Folder,atwai:/data0/core/atwai/archive/microct/longitudinal mouse lung tumors/wk8_17_Rec-Nifti
Folder,atwai:/data0/core/atwai/archive/microct/longitudinal mouse lung tumors,CONTAINS,Folder,atwai:/data0/core/atwai/archive/microct/longitudinal mouse lung tumors/wk8_18_Rec-Nifti
Folder,atwai:/data0/core/atwai/archive/microct/longitudinal mouse lung tumors,CONTAINS,Folder,atwai:/data0/core/atwai/archive/microct/longitudinal mouse lung tumors/wk8_19_Rec-Nifti
Folder,atwai:/data0/core/atwai/archive/microct/longitudinal mouse lung tumors,CONTAINS,Folder,atwai:/data0/core/atwai/archive/microct/longitudinal mouse lung tumors/wk8_67_Rec-Nifti
Folder,atwai:/data0/core/atwai/archive/microct/longitudinal mouse lung tumors,CONTAINS,Folder,atwai:/data0/core/atwai/archive/microct/longitudinal mouse lung tumors/wk8_68_Rec-Nifti
Folder,atwai:/data0/core/atwai/archive/microct/longitudinal mouse lung tumors,CONTAINS,Folder,atwai:/data0/core/atwai/archive/microct/longitudinal mouse lung tumors/wk8_69_Rec-Nifti
Folder,atwai:/data0/core/atwai/archive/microct/longitudinal mouse lung tumors,CONTAINS,Folder,atwai:/data0/core/atwai/archive/microct/longitudinal mouse lung tumors/wk8_75_Rec-Nifti
Folder,atwai:/data0/core/atwai/archive/microct/longitudinal mouse lung tumors,CONTAINS,Folder,atwai:/data0/core/atwai/archive/microct/longitudinal mouse lung tumors/wk9_10_Rec-Nifti
Folder,atwai:/data0/core/atwai/archive/microct/longitudinal mouse lung tumors,CONTAINS,Folder,atwai:/data0/core/atwai/archive/microct/longitudinal mouse lung tumors/wk9_11_Rec-Nifti
Folder,atwai:/data0/core/atwai/archive/microct/longitudinal mouse lung tumors,CONTAINS,Folder,atwai:/data0/core/atwai/archive/microct/longitudinal mouse lung tumors/wk9_12_Rec-Nifti
Folder,atwai:/data0/core/atwai/archive/microct/longitudinal mouse lung tumors,CONTAINS,Folder,atwai:/data0/core/atwai/archive/microct/longitudinal mouse lung tumors/wk9_13_Rec-Nifti
Folder,atwai:/data0/core/atwai/archive/microct/longitudinal mouse lung tumors,CONTAINS,Folder,atwai:/data0/core/atwai/archive/microct/longitudinal mouse lung tumors/wk9_14_Rec-Nifti
Folder,atwai:/data0/core/atwai/archive/microct/longitudinal mouse lung tumors,CONTAINS,Folder,atwai:/data0/core/atwai/archive/microct/longitudinal mouse lung tumors/wk9_15_Rec-Nifti
Folder,atwai:/data0/core/atwai/archive/microct/longitudinal mouse lung tumors,CONTAINS,Folder,atwai:/data0/core/atwai/archive/microct/longitudinal mouse lung tumors/wk9_17_Rec-Nifti
Folder,atwai:/data0/core/atwai/archive/microct/longitudinal mouse lung tumors,CONTAINS,Folder,atwai:/data0/core/atwai/archive/microct/longitudinal mouse lung tumors/wk9_18_Rec-Nifti
Folder,atwai:/data0/core/atwai/archive/microct/longitudinal mouse lung tumors,CONTAINS,Folder,atwai:/data0/core/atwai/archive/microct/longitudinal mouse lung tumors/wk9_19_Rec-Nifti
Folder,atwai:/data0/core/atwai/archive/microct/longitudinal mouse lung tumors,CONTAINS,Folder,atwai:/data0/core/atwai/archive/microct/longitudinal mouse lung tumors/wk9_67_Rec-Nifti
Folder,atwai:/data0/core/atwai/archive/microct/longitudinal mouse lung tumors,CONTAINS,Folder,atwai:/data0/core/atwai/archive/microct/longitudinal mouse lung tumors/wk9_68_Rec-Nifti
Folder,atwai:/data0/core/atwai/archive/microct/longitudinal mouse lung tumors,CONTAINS,Folder,atwai:/data0/core/atwai/archive/microct/longitudinal mouse lung tumors/wk9_69_Rec-Nifti
Folder,atwai:/data0/core/atwai/archive/microct/longitudinal mouse lung tumors,CONTAINS,Folder,atwai:/data0/core/atwai/archive/microct/longitudinal mouse lung tumors/wk9_75_Rec-Nifti
Folder,atwai:/data0/core/atwai/Anderson_Scott/Multimodal/MultiModal Lung tumor test,CONTAINS,Folder,atwai:/data0/core/atwai/Anderson_Scott/Multimodal/MultiModal Lung tumor test/processed data/Mouse 10
Subject,M10,HAS_DERIVED,Folder,atwai:/data0/core/atwai/Anderson_Scott/Multimodal/MultiModal Lung tumor test/processed data/Mouse 10
Folder,atwai:/data0/core/atwai/Anderson_Scott/Multimodal/MultiModal Lung tumor test,CONTAINS,Folder,atwai:/data0/core/atwai/Anderson_Scott/Multimodal/MultiModal Lung tumor test/processed data/Mouse 11
Subject,M11,HAS_DERIVED,Folder,atwai:/data0/core/atwai/Anderson_Scott/Multimodal/MultiModal Lung tumor test/processed data/Mouse 11
Folder,atwai:/data0/core/atwai/Anderson_Scott/Multimodal/MultiModal Lung tumor test,CONTAINS,Folder,atwai:/data0/core/atwai/Anderson_Scott/Multimodal/MultiModal Lung tumor test/processed data/Mouse 12
Subject,M12,HAS_DERIVED,Folder,atwai:/data0/core/atwai/Anderson_Scott/Multimodal/MultiModal Lung tumor test/processed data/Mouse 12
Folder,atwai:/data0/core/atwai/Anderson_Scott/Multimodal/MultiModal Lung tumor test,CONTAINS,Folder,atwai:/data0/core/atwai/Anderson_Scott/Multimodal/MultiModal Lung tumor test/processed data/Mouse 13
Subject,M13,HAS_DERIVED,Folder,atwai:/data0/core/atwai/Anderson_Scott/Multimodal/MultiModal Lung tumor test/processed data/Mouse 13
Folder,atwai:/data0/core/atwai/Anderson_Scott/Multimodal/MultiModal Lung tumor test,CONTAINS,Folder,atwai:/data0/core/atwai/Anderson_Scott/Multimodal/MultiModal Lung tumor test/processed data/Mouse 14
Subject,M14,HAS_DERIVED,Folder,atwai:/data0/core/atwai/Anderson_Scott/Multimodal/MultiModal Lung tumor test/processed data/Mouse 14
Folder,atwai:/data0/core/atwai/Anderson_Scott/Multimodal/MultiModal Lung tumor test,CONTAINS,Folder,atwai:/data0/core/atwai/Anderson_Scott/Multimodal/MultiModal Lung tumor test/processed data/Mouse 15
Subject,M15,HAS_DERIVED,Folder,atwai:/data0/core/atwai/Anderson_Scott/Multimodal/MultiModal Lung tumor test/processed data/Mouse 15
Folder,atwai:/data0/core/atwai/Anderson_Scott/Multimodal/MultiModal Lung tumor test,CONTAINS,Folder,atwai:/data0/core/atwai/Anderson_Scott/Multimodal/MultiModal Lung tumor test/processed data/Mouse 17
Subject,M17,HAS_DERIVED,Folder,atwai:/data0/core/atwai/Anderson_Scott/Multimodal/MultiModal Lung tumor test/processed data/Mouse 17
Folder,atwai:/data0/core/atwai/Anderson_Scott/Multimodal/MultiModal Lung tumor test,CONTAINS,Folder,atwai:/data0/core/atwai/Anderson_Scott/Multimodal/MultiModal Lung tumor test/processed data/Mouse 18
Subject,M18,HAS_DERIVED,Folder,atwai:/data0/core/atwai/Anderson_Scott/Multimodal/MultiModal Lung tumor test/processed data/Mouse 18
Folder,atwai:/data0/core/atwai/Anderson_Scott/Multimodal/MultiModal Lung tumor test,CONTAINS,Folder,atwai:/data0/core/atwai/Anderson_Scott/Multimodal/MultiModal Lung tumor test/processed data/Mouse 19
Subject,M19,HAS_DERIVED,Folder,atwai:/data0/core/atwai/Anderson_Scott/Multimodal/MultiModal Lung tumor test/processed data/Mouse 19
Folder,atwai:/data0/core/atwai/Anderson_Scott/Multimodal/MultiModal Lung tumor test,CONTAINS,Folder,atwai:/data0/core/atwai/Anderson_Scott/Multimodal/MultiModal Lung tumor test/processed data/Mouse 67
Subject,M67,HAS_DERIVED,Folder,atwai:/data0/core/atwai/Anderson_Scott/Multimodal/MultiModal Lung tumor test/processed data/Mouse 67
Folder,atwai:/data0/core/atwai/Anderson_Scott/Multimodal/MultiModal Lung tumor test,CONTAINS,Folder,atwai:/data0/core/atwai/Anderson_Scott/Multimodal/MultiModal Lung tumor test/processed data/Mouse 68
Subject,M68,HAS_DERIVED,Folder,atwai:/data0/core/atwai/Anderson_Scott/Multimodal/MultiModal Lung tumor test/processed data/Mouse 68
Folder,atwai:/data0/core/atwai/Anderson_Scott/Multimodal/MultiModal Lung tumor test,CONTAINS,Folder,atwai:/data0/core/atwai/Anderson_Scott/Multimodal/MultiModal Lung tumor test/processed data/Mouse 69
Subject,M69,HAS_DERIVED,Folder,atwai:/data0/core/atwai/Anderson_Scott/Multimodal/MultiModal Lung tumor test/processed data/Mouse 69
Folder,atwai:/data0/core/atwai/Anderson_Scott/Multimodal/MultiModal Lung tumor test,CONTAINS,Folder,atwai:/data0/core/atwai/Anderson_Scott/Multimodal/MultiModal Lung tumor test/processed data/Mouse 75
Subject,M75,HAS_DERIVED,Folder,atwai:/data0/core/atwai/Anderson_Scott/Multimodal/MultiModal Lung tumor test/processed data/Mouse 75
Folder,atwai:/data0/core/atwai/huangw/2024,CONTAINS,Folder,atwai:/data0/core/atwai/huangw/2024/20240122_135942_AIPT_multimodelLung20240122_1_85
Folder,atwai:/data0/core/atwai/huangw/2024,CONTAINS,Folder,atwai:/data0/core/atwai/huangw/2024/20240129_112442_AIPT_multimodelLung20240129_1_86
Folder,atwai:/data0/core/atwai/huangw/2024,CONTAINS,Folder,atwai:/data0/core/atwai/huangw/2024/20240205_122416_AIPT_multiModelLung20240205_1_89
Folder,atwai:/data0/core/atwai/huangw/2024,CONTAINS,Folder,atwai:/data0/core/atwai/huangw/2024/20240212_140325_AIPT_multimodelLung20240212_1_90
Folder,atwai:/data0/core/atwai/huangw/2024,CONTAINS,Folder,atwai:/data0/core/atwai/huangw/2024/20240216_114211_AIPT_multimodelLung20240216_1_91
Folder,atwai:/data0/core/atwai/huangw/2024,CONTAINS,Folder,atwai:/data0/core/atwai/huangw/2024/20240226_111137_AIPT_multimodelLung20240226_1_92
Folder,atwai:/data0/core/atwai/huangw/2024,CONTAINS,Folder,atwai:/data0/core/atwai/huangw/2024/20240304_151201_AIPT_multimodelLung20240304_1_95
Folder,atwai:/data0/core/atwai/huangw/2024,CONTAINS,Folder,atwai:/data0/core/atwai/huangw/2024/20240311_142100_AIPT_20240311multimodalLung_1_99
Folder,atwai:/data0/core/atwai/huangw/2024,CONTAINS,Folder,atwai:/data0/core/atwai/huangw/2024/20240318_140839_AIPT_MultimodalLung20240318_1_101
Folder,Dropbox:MultiModal/LungTumor,CONTAINS,Folder,Dropbox:MultiModal/LungTumor/microCT/microCT wk6/wk6-10_Rec
Folder,Dropbox:MultiModal/LungTumor/microCT/microCT wk6/wk6-10_Rec,COPY_OF,Folder,atwai:/data0/core/atwai/Anderson_Scott/Multimodal/MultiModal Lung tumor test/raw data/wk6-10_Rec
Folder,Dropbox:MultiModal/LungTumor,CONTAINS,Folder,Dropbox:MultiModal/LungTumor/microCT/microCT wk6/wk6-11_Rec
Folder,Dropbox:MultiModal/LungTumor/microCT/microCT wk6/wk6-11_Rec,COPY_OF,Folder,atwai:/data0/core/atwai/Anderson_Scott/Multimodal/MultiModal Lung tumor test/raw data/wk6-11_Rec
Folder,Dropbox:MultiModal/LungTumor,CONTAINS,Folder,Dropbox:MultiModal/LungTumor/microCT/microCT wk6/wk6-12_Rec
Folder,Dropbox:MultiModal/LungTumor/microCT/microCT wk6/wk6-12_Rec,COPY_OF,Folder,atwai:/data0/core/atwai/Anderson_Scott/Multimodal/MultiModal Lung tumor test/raw data/wk6-12_Rec
Folder,Dropbox:MultiModal/LungTumor,CONTAINS,Folder,Dropbox:MultiModal/LungTumor/microCT/microCT wk6/wk6-13_Rec
Folder,Dropbox:MultiModal/LungTumor/microCT/microCT wk6/wk6-13_Rec,COPY_OF,Folder,atwai:/data0/core/atwai/Anderson_Scott/Multimodal/MultiModal Lung tumor test/raw data/wk6-13_Rec
Folder,Dropbox:MultiModal/LungTumor,CONTAINS,Folder,Dropbox:MultiModal/LungTumor/microCT/microCT wk6/wk6-14_Rec
Folder,Dropbox:MultiModal/LungTumor/microCT/microCT wk6/wk6-14_Rec,COPY_OF,Folder,atwai:/data0/core/atwai/Anderson_Scott/Multimodal/MultiModal Lung tumor test/raw data/wk6-14_Rec
Folder,Dropbox:MultiModal/LungTumor,CONTAINS,Folder,Dropbox:MultiModal/LungTumor/microCT/microCT wk6/wk6-15_Rec
Folder,Dropbox:MultiModal/LungTumor/microCT/microCT wk6/wk6-15_Rec,COPY_OF,Folder,atwai:/data0/core/atwai/Anderson_Scott/Multimodal/MultiModal Lung tumor test/raw data/wk6-15_Rec
Folder,Dropbox:MultiModal/LungTumor,CONTAINS,Folder,Dropbox:MultiModal/LungTumor/microCT/microCT wk6/wk6-17_Rec
Folder,Dropbox:MultiModal/LungTumor/microCT/microCT wk6/wk6-17_Rec,COPY_OF,Folder,atwai:/data0/core/atwai/Anderson_Scott/Multimodal/MultiModal Lung tumor test/raw data/wk6-17_Rec
Folder,Dropbox:MultiModal/LungTumor,CONTAINS,Folder,Dropbox:MultiModal/LungTumor/microCT/microCT wk6/wk6-18_Rec
Folder,Dropbox:MultiModal/LungTumor/microCT/microCT wk6/wk6-18_Rec,COPY_OF,Folder,atwai:/data0/core/atwai/Anderson_Scott/Multimodal/MultiModal Lung tumor test/raw data/wk6-18_Rec
Folder,Dropbox:MultiModal/LungTumor,CONTAINS,Folder,Dropbox:MultiModal/LungTumor/microCT/microCT wk6/wk6-19_Rec
Folder,Dropbox:MultiModal/LungTumor/microCT/microCT wk6/wk6-19_Rec,COPY_OF,Folder,atwai:/data0/core/atwai/Anderson_Scott/Multimodal/MultiModal Lung tumor test/raw data/wk6-19_Rec
Folder,Dropbox:MultiModal/LungTumor,CONTAINS,Folder,Dropbox:MultiModal/LungTumor/microCT/microCT wk6/wk6-67_Rec
Folder,Dropbox:MultiModal/LungTumor/microCT/microCT wk6/wk6-67_Rec,COPY_OF,Folder,atwai:/data0/core/atwai/Anderson_Scott/Multimodal/MultiModal Lung tumor test/raw data/wk6-67_Rec
Folder,Dropbox:MultiModal/LungTumor,CONTAINS,Folder,Dropbox:MultiModal/LungTumor/microCT/microCT wk6/wk6-68_Rec
Folder,Dropbox:MultiModal/LungTumor/microCT/microCT wk6/wk6-68_Rec,COPY_OF,Folder,atwai:/data0/core/atwai/Anderson_Scott/Multimodal/MultiModal Lung tumor test/raw data/wk6-68_Rec
Folder,Dropbox:MultiModal/LungTumor,CONTAINS,Folder,Dropbox:MultiModal/LungTumor/microCT/microCT wk6/wk6-69_Rec
Folder,Dropbox:MultiModal/LungTumor/microCT/microCT wk6/wk6-69_Rec,COPY_OF,Folder,atwai:/data0/core/atwai/Anderson_Scott/Multimodal/MultiModal Lung tumor test/raw data/wk6-69_Rec
Folder,Dropbox:MultiModal/LungTumor,CONTAINS,Folder,Dropbox:MultiModal/LungTumor/microCT/microCT wk6/wk6-75_Rec
Folder,Dropbox:MultiModal/LungTumor/microCT/microCT wk6/wk6-75_Rec,COPY_OF,Folder,atwai:/data0/core/atwai/Anderson_Scott/Multimodal/MultiModal Lung tumor test/raw data/wk6-75_Rec
Folder,Dropbox:MultiModal/LungTumor,CONTAINS,Folder,Dropbox:MultiModal/LungTumor/microCT/wk10/wk10_10_Rec
Folder,Dropbox:MultiModal/LungTumor/microCT/wk10/wk10_10_Rec,COPY_OF,Folder,atwai:/data0/core/atwai/Anderson_Scott/Multimodal/MultiModal Lung tumor test/raw data/wk10_10_Rec
Folder,Dropbox:MultiModal/LungTumor,CONTAINS,Folder,Dropbox:MultiModal/LungTumor/microCT/wk10/wk10_11_Rec
Folder,Dropbox:MultiModal/LungTumor/microCT/wk10/wk10_11_Rec,COPY_OF,Folder,atwai:/data0/core/atwai/Anderson_Scott/Multimodal/MultiModal Lung tumor test/raw data/wk10_11_Rec
Folder,Dropbox:MultiModal/LungTumor,CONTAINS,Folder,Dropbox:MultiModal/LungTumor/microCT/wk10/wk10_12_Rec
Folder,Dropbox:MultiModal/LungTumor/microCT/wk10/wk10_12_Rec,COPY_OF,Folder,atwai:/data0/core/atwai/Anderson_Scott/Multimodal/MultiModal Lung tumor test/raw data/wk10_12_Rec
Folder,Dropbox:MultiModal/LungTumor,CONTAINS,Folder,Dropbox:MultiModal/LungTumor/microCT/wk10/wk10_13_Rec
Folder,Dropbox:MultiModal/LungTumor/microCT/wk10/wk10_13_Rec,COPY_OF,Folder,atwai:/data0/core/atwai/Anderson_Scott/Multimodal/MultiModal Lung tumor test/raw data/wk10_13_Rec
Folder,Dropbox:MultiModal/LungTumor,CONTAINS,Folder,Dropbox:MultiModal/LungTumor/microCT/wk10/wk10_14_Rec
Folder,Dropbox:MultiModal/LungTumor/microCT/wk10/wk10_14_Rec,COPY_OF,Folder,atwai:/data0/core/atwai/Anderson_Scott/Multimodal/MultiModal Lung tumor test/raw data/wk10_14_Rec
Folder,Dropbox:MultiModal/LungTumor,CONTAINS,Folder,Dropbox:MultiModal/LungTumor/microCT/wk10/wk10_15_Rec
Folder,Dropbox:MultiModal/LungTumor/microCT/wk10/wk10_15_Rec,COPY_OF,Folder,atwai:/data0/core/atwai/Anderson_Scott/Multimodal/MultiModal Lung tumor test/raw data/wk10_15_Rec
Folder,Dropbox:MultiModal/LungTumor,CONTAINS,Folder,Dropbox:MultiModal/LungTumor/microCT/wk10/wk10_17_Rec
Folder,Dropbox:MultiModal/LungTumor/microCT/wk10/wk10_17_Rec,COPY_OF,Folder,atwai:/data0/core/atwai/Anderson_Scott/Multimodal/MultiModal Lung tumor test/raw data/wk10_17_Rec
Folder,Dropbox:MultiModal/LungTumor,CONTAINS,Folder,Dropbox:MultiModal/LungTumor/microCT/wk10/wk10_18_Rec
Folder,Dropbox:MultiModal/LungTumor/microCT/wk10/wk10_18_Rec,COPY_OF,Folder,atwai:/data0/core/atwai/Anderson_Scott/Multimodal/MultiModal Lung tumor test/raw data/wk10_18_Rec
Folder,Dropbox:MultiModal/LungTumor,CONTAINS,Folder,Dropbox:MultiModal/LungTumor/microCT/wk10/wk10_19_Rec
Folder,Dropbox:MultiModal/LungTumor/microCT/wk10/wk10_19_Rec,COPY_OF,Folder,atwai:/data0/core/atwai/Anderson_Scott/Multimodal/MultiModal Lung tumor test/raw data/wk10_19_Rec
Folder,Dropbox:MultiModal/LungTumor,CONTAINS,Folder,Dropbox:MultiModal/LungTumor/microCT/wk10/wk10_67_Rec
Folder,Dropbox:MultiModal/LungTumor/microCT/wk10/wk10_67_Rec,COPY_OF,Folder,atwai:/data0/core/atwai/Anderson_Scott/Multimodal/MultiModal Lung tumor test/raw data/wk10_67_Rec
Folder,Dropbox:MultiModal/LungTumor,CONTAINS,Folder,Dropbox:MultiModal/LungTumor/microCT/wk10/wk10_68_Rec
Folder,Dropbox:MultiModal/LungTumor/microCT/wk10/wk10_68_Rec,COPY_OF,Folder,atwai:/data0/core/atwai/Anderson_Scott/Multimodal/MultiModal Lung tumor test/raw data/wk10_68_Rec
Folder,Dropbox:MultiModal/LungTumor,CONTAINS,Folder,Dropbox:MultiModal/LungTumor/microCT/wk10/wk10_69_Rec
Folder,Dropbox:MultiModal/LungTumor/microCT/wk10/wk10_69_Rec,COPY_OF,Folder,atwai:/data0/core/atwai/Anderson_Scott/Multimodal/MultiModal Lung tumor test/raw data/wk10_69_Rec
Folder,Dropbox:MultiModal/LungTumor,CONTAINS,Folder,Dropbox:MultiModal/LungTumor/microCT/wk10/wk10_75_Rec
Folder,Dropbox:MultiModal/LungTumor/microCT/wk10/wk10_75_Rec,COPY_OF,Folder,atwai:/data0/core/atwai/Anderson_Scott/Multimodal/MultiModal Lung tumor test/raw data/wk10_75_Rec
Folder,Dropbox:MultiModal/LungTumor,CONTAINS,Folder,Dropbox:MultiModal/LungTumor/microCT/wk11/wk11_10_Rec
Folder,Dropbox:MultiModal/LungTumor/microCT/wk11/wk11_10_Rec,COPY_OF,Folder,atwai:/data0/core/atwai/Anderson_Scott/Multimodal/MultiModal Lung tumor test/raw data/wk11_10_Rec
Folder,Dropbox:MultiModal/LungTumor,CONTAINS,Folder,Dropbox:MultiModal/LungTumor/microCT/wk11/wk11_11_Rec
Folder,Dropbox:MultiModal/LungTumor/microCT/wk11/wk11_11_Rec,COPY_OF,Folder,atwai:/data0/core/atwai/Anderson_Scott/Multimodal/MultiModal Lung tumor test/raw data/wk11_11_Rec
Folder,Dropbox:MultiModal/LungTumor,CONTAINS,Folder,Dropbox:MultiModal/LungTumor/microCT/wk11/wk11_12_Rec
Folder,Dropbox:MultiModal/LungTumor/microCT/wk11/wk11_12_Rec,COPY_OF,Folder,atwai:/data0/core/atwai/Anderson_Scott/Multimodal/MultiModal Lung tumor test/raw data/wk11_12_Rec
Folder,Dropbox:MultiModal/LungTumor,CONTAINS,Folder,Dropbox:MultiModal/LungTumor/microCT/wk11/wk11_13_Rec
Folder,Dropbox:MultiModal/LungTumor/microCT/wk11/wk11_13_Rec,COPY_OF,Folder,atwai:/data0/core/atwai/Anderson_Scott/Multimodal/MultiModal Lung tumor test/raw data/wk11_13_Rec
Folder,Dropbox:MultiModal/LungTumor,CONTAINS,Folder,Dropbox:MultiModal/LungTumor/microCT/wk11/wk11_14_Rec
Folder,Dropbox:MultiModal/LungTumor/microCT/wk11/wk11_14_Rec,COPY_OF,Folder,atwai:/data0/core/atwai/Anderson_Scott/Multimodal/MultiModal Lung tumor test/raw data/wk11_14_Rec
Folder,Dropbox:MultiModal/LungTumor,CONTAINS,Folder,Dropbox:MultiModal/LungTumor/microCT/wk11/wk11_15_Rec
Folder,Dropbox:MultiModal/LungTumor/microCT/wk11/wk11_15_Rec,COPY_OF,Folder,atwai:/data0/core/atwai/Anderson_Scott/Multimodal/MultiModal Lung tumor test/raw data/wk11_15_Rec
Folder,Dropbox:MultiModal/LungTumor,CONTAINS,Folder,Dropbox:MultiModal/LungTumor/microCT/wk11/wk11_17_Rec
Folder,Dropbox:MultiModal/LungTumor/microCT/wk11/wk11_17_Rec,COPY_OF,Folder,atwai:/data0/core/atwai/Anderson_Scott/Multimodal/MultiModal Lung tumor test/raw data/wk11_17_Rec
Folder,Dropbox:MultiModal/LungTumor,CONTAINS,Folder,Dropbox:MultiModal/LungTumor/microCT/wk11/wk11_19_Rec
Folder,Dropbox:MultiModal/LungTumor/microCT/wk11/wk11_19_Rec,COPY_OF,Folder,atwai:/data0/core/atwai/Anderson_Scott/Multimodal/MultiModal Lung tumor test/raw data/wk11_19_Rec
Folder,Dropbox:MultiModal/LungTumor,CONTAINS,Folder,Dropbox:MultiModal/LungTumor/microCT/wk11/wk11_67_Rec
Folder,Dropbox:MultiModal/LungTumor/microCT/wk11/wk11_67_Rec,COPY_OF,Folder,atwai:/data0/core/atwai/Anderson_Scott/Multimodal/MultiModal Lung tumor test/raw data/wk11_67_Rec
Folder,Dropbox:MultiModal/LungTumor,CONTAINS,Folder,Dropbox:MultiModal/LungTumor/microCT/wk11/wk11_68_Rec
Folder,Dropbox:MultiModal/LungTumor/microCT/wk11/wk11_68_Rec,COPY_OF,Folder,atwai:/data0/core/atwai/Anderson_Scott/Multimodal/MultiModal Lung tumor test/raw data/wk11_68_Rec
Folder,Dropbox:MultiModal/LungTumor,CONTAINS,Folder,Dropbox:MultiModal/LungTumor/microCT/wk11/wk11_69_Rec
Folder,Dropbox:MultiModal/LungTumor/microCT/wk11/wk11_69_Rec,COPY_OF,Folder,atwai:/data0/core/atwai/Anderson_Scott/Multimodal/MultiModal Lung tumor test/raw data/wk11_69_Rec
Folder,Dropbox:MultiModal/LungTumor,CONTAINS,Folder,Dropbox:MultiModal/LungTumor/microCT/wk11/wk11_75_Rec
Folder,Dropbox:MultiModal/LungTumor/microCT/wk11/wk11_75_Rec,COPY_OF,Folder,atwai:/data0/core/atwai/Anderson_Scott/Multimodal/MultiModal Lung tumor test/raw data/wk11_75_Rec
Folder,Dropbox:MultiModal/LungTumor,CONTAINS,Folder,Dropbox:MultiModal/LungTumor/microCT/wk7/A_none_Rec
Folder,Dropbox:MultiModal/LungTumor,CONTAINS,Folder,Dropbox:MultiModal/LungTumor/microCT/wk7/B_1L1R_Rec
Folder,Dropbox:MultiModal/LungTumor,CONTAINS,Folder,Dropbox:MultiModal/LungTumor/microCT/wk7/B_1Left_Rec
Folder,Dropbox:MultiModal/LungTumor,CONTAINS,Folder,Dropbox:MultiModal/LungTumor/microCT/wk7/B_2Left_Rec
Folder,Dropbox:MultiModal/LungTumor,CONTAINS,Folder,Dropbox:MultiModal/LungTumor/microCT/wk7/B_none_Rec
Folder,Dropbox:MultiModal/LungTumor,CONTAINS,Folder,Dropbox:MultiModal/LungTumor/microCT/wk7/C_1LR0_Rec
Folder,Dropbox:MultiModal/LungTumor,CONTAINS,Folder,Dropbox:MultiModal/LungTumor/microCT/wk7/C_L1_Rec
Folder,Dropbox:MultiModal/LungTumor,CONTAINS,Folder,Dropbox:MultiModal/LungTumor/microCT/wk7/C_L2R1_Rec
Folder,Dropbox:MultiModal/LungTumor,CONTAINS,Folder,Dropbox:MultiModal/LungTumor/microCT/wk7/C_L2_Rec
Folder,Dropbox:MultiModal/LungTumor,CONTAINS,Folder,Dropbox:MultiModal/LungTumor/microCT/wk7/D_left_Rec
Folder,Dropbox:MultiModal/LungTumor,CONTAINS,Folder,Dropbox:MultiModal/LungTumor/microCT/wk7/D_none_Rec
Folder,Dropbox:MultiModal/LungTumor,CONTAINS,Folder,Dropbox:MultiModal/LungTumor/microCT/wk7/E_left_Rec
Folder,Dropbox:MultiModal/LungTumor,CONTAINS,Folder,Dropbox:MultiModal/LungTumor/microCT/wk7/E_none_Rec
Folder,Dropbox:MultiModal/LungTumor,CONTAINS,Folder,Dropbox:MultiModal/LungTumor/microCT/wk8/wk8_10_Rec
Folder,Dropbox:MultiModal/LungTumor/microCT/wk8/wk8_10_Rec,COPY_OF,Folder,atwai:/data0/core/atwai/Anderson_Scott/Multimodal/MultiModal Lung tumor test/raw data/wk8_10_Rec
Folder,Dropbox:MultiModal/LungTumor,CONTAINS,Folder,Dropbox:MultiModal/LungTumor/microCT/wk8/wk8_11_Rec
Folder,Dropbox:MultiModal/LungTumor/microCT/wk8/wk8_11_Rec,COPY_OF,Folder,atwai:/data0/core/atwai/Anderson_Scott/Multimodal/MultiModal Lung tumor test/raw data/wk8_11_Rec
Folder,Dropbox:MultiModal/LungTumor,CONTAINS,Folder,Dropbox:MultiModal/LungTumor/microCT/wk8/wk8_12_Rec
Folder,Dropbox:MultiModal/LungTumor/microCT/wk8/wk8_12_Rec,COPY_OF,Folder,atwai:/data0/core/atwai/Anderson_Scott/Multimodal/MultiModal Lung tumor test/raw data/wk8_12_Rec
Folder,Dropbox:MultiModal/LungTumor,CONTAINS,Folder,Dropbox:MultiModal/LungTumor/microCT/wk8/wk8_13_Rec
Folder,Dropbox:MultiModal/LungTumor/microCT/wk8/wk8_13_Rec,COPY_OF,Folder,atwai:/data0/core/atwai/Anderson_Scott/Multimodal/MultiModal Lung tumor test/raw data/wk8_13_Rec
Folder,Dropbox:MultiModal/LungTumor,CONTAINS,Folder,Dropbox:MultiModal/LungTumor/microCT/wk8/wk8_14_Rec
Folder,Dropbox:MultiModal/LungTumor/microCT/wk8/wk8_14_Rec,COPY_OF,Folder,atwai:/data0/core/atwai/Anderson_Scott/Multimodal/MultiModal Lung tumor test/raw data/wk8_14_Rec
Folder,Dropbox:MultiModal/LungTumor,CONTAINS,Folder,Dropbox:MultiModal/LungTumor/microCT/wk8/wk8_15_Rec
Folder,Dropbox:MultiModal/LungTumor/microCT/wk8/wk8_15_Rec,COPY_OF,Folder,atwai:/data0/core/atwai/Anderson_Scott/Multimodal/MultiModal Lung tumor test/raw data/wk8_15_Rec
Folder,Dropbox:MultiModal/LungTumor,CONTAINS,Folder,Dropbox:MultiModal/LungTumor/microCT/wk8/wk8_17_Rec
Folder,Dropbox:MultiModal/LungTumor/microCT/wk8/wk8_17_Rec,COPY_OF,Folder,atwai:/data0/core/atwai/Anderson_Scott/Multimodal/MultiModal Lung tumor test/raw data/wk8_17_Rec
Folder,Dropbox:MultiModal/LungTumor,CONTAINS,Folder,Dropbox:MultiModal/LungTumor/microCT/wk8/wk8_18_Rec
Folder,Dropbox:MultiModal/LungTumor/microCT/wk8/wk8_18_Rec,COPY_OF,Folder,atwai:/data0/core/atwai/Anderson_Scott/Multimodal/MultiModal Lung tumor test/raw data/wk8_18_Rec
Folder,Dropbox:MultiModal/LungTumor,CONTAINS,Folder,Dropbox:MultiModal/LungTumor/microCT/wk8/wk8_19_Rec
Folder,Dropbox:MultiModal/LungTumor/microCT/wk8/wk8_19_Rec,COPY_OF,Folder,atwai:/data0/core/atwai/Anderson_Scott/Multimodal/MultiModal Lung tumor test/raw data/wk8_19_Rec
Folder,Dropbox:MultiModal/LungTumor,CONTAINS,Folder,Dropbox:MultiModal/LungTumor/microCT/wk8/wk8_67_Rec
Folder,Dropbox:MultiModal/LungTumor/microCT/wk8/wk8_67_Rec,COPY_OF,Folder,atwai:/data0/core/atwai/Anderson_Scott/Multimodal/MultiModal Lung tumor test/raw data/wk8_67_Rec
Folder,Dropbox:MultiModal/LungTumor,CONTAINS,Folder,Dropbox:MultiModal/LungTumor/microCT/wk8/wk8_68_Rec
Folder,Dropbox:MultiModal/LungTumor/microCT/wk8/wk8_68_Rec,COPY_OF,Folder,atwai:/data0/core/atwai/Anderson_Scott/Multimodal/MultiModal Lung tumor test/raw data/wk8_68_Rec
Folder,Dropbox:MultiModal/LungTumor,CONTAINS,Folder,Dropbox:MultiModal/LungTumor/microCT/wk8/wk8_69_Rec
Folder,Dropbox:MultiModal/LungTumor/microCT/wk8/wk8_69_Rec,COPY_OF,Folder,atwai:/data0/core/atwai/Anderson_Scott/Multimodal/MultiModal Lung tumor test/raw data/wk8_69_Rec
Folder,Dropbox:MultiModal/LungTumor,CONTAINS,Folder,Dropbox:MultiModal/LungTumor/microCT/wk8/wk8_69_gut1_Rec
Folder,Dropbox:MultiModal/LungTumor,CONTAINS,Folder,Dropbox:MultiModal/LungTumor/microCT/wk8/wk8_69_gut2_Rec
Folder,Dropbox:MultiModal/LungTumor,CONTAINS,Folder,Dropbox:MultiModal/LungTumor/microCT/wk8/wk8_75_Rec
Folder,Dropbox:MultiModal/LungTumor/microCT/wk8/wk8_75_Rec,COPY_OF,Folder,atwai:/data0/core/atwai/Anderson_Scott/Multimodal/MultiModal Lung tumor test/raw data/wk8_75_Rec
Folder,Dropbox:MultiModal/LungTumor,CONTAINS,Folder,Dropbox:MultiModal/LungTumor/microCT/wk9/wk9_10_Rec
Folder,Dropbox:MultiModal/LungTumor/microCT/wk9/wk9_10_Rec,COPY_OF,Folder,atwai:/data0/core/atwai/Anderson_Scott/Multimodal/MultiModal Lung tumor test/raw data/wk9_10_Rec
Folder,Dropbox:MultiModal/LungTumor,CONTAINS,Folder,Dropbox:MultiModal/LungTumor/microCT/wk9/wk9_11_Rec
Folder,Dropbox:MultiModal/LungTumor/microCT/wk9/wk9_11_Rec,COPY_OF,Folder,atwai:/data0/core/atwai/Anderson_Scott/Multimodal/MultiModal Lung tumor test/raw data/wk9_11_Rec
Folder,Dropbox:MultiModal/LungTumor,CONTAINS,Folder,Dropbox:MultiModal/LungTumor/microCT/wk9/wk9_12B_Rec
Folder,Dropbox:MultiModal/LungTumor,CONTAINS,Folder,Dropbox:MultiModal/LungTumor/microCT/wk9/wk9_12_Rec
Folder,Dropbox:MultiModal/LungTumor/microCT/wk9/wk9_12_Rec,COPY_OF,Folder,atwai:/data0/core/atwai/Anderson_Scott/Multimodal/MultiModal Lung tumor test/raw data/wk9_12_Rec
Folder,Dropbox:MultiModal/LungTumor,CONTAINS,Folder,Dropbox:MultiModal/LungTumor/microCT/wk9/wk9_13_Rec
Folder,Dropbox:MultiModal/LungTumor/microCT/wk9/wk9_13_Rec,COPY_OF,Folder,atwai:/data0/core/atwai/Anderson_Scott/Multimodal/MultiModal Lung tumor test/raw data/wk9_13_Rec
Folder,Dropbox:MultiModal/LungTumor,CONTAINS,Folder,Dropbox:MultiModal/LungTumor/microCT/wk9/wk9_14_Rec
Folder,Dropbox:MultiModal/LungTumor/microCT/wk9/wk9_14_Rec,COPY_OF,Folder,atwai:/data0/core/atwai/Anderson_Scott/Multimodal/MultiModal Lung tumor test/raw data/wk9_14_Rec
Folder,Dropbox:MultiModal/LungTumor,CONTAINS,Folder,Dropbox:MultiModal/LungTumor/microCT/wk9/wk9_15_Rec
Folder,Dropbox:MultiModal/LungTumor/microCT/wk9/wk9_15_Rec,COPY_OF,Folder,atwai:/data0/core/atwai/Anderson_Scott/Multimodal/MultiModal Lung tumor test/raw data/wk9_15_Rec
Folder,Dropbox:MultiModal/LungTumor,CONTAINS,Folder,Dropbox:MultiModal/LungTumor/microCT/wk9/wk9_17_Rec
Folder,Dropbox:MultiModal/LungTumor/microCT/wk9/wk9_17_Rec,COPY_OF,Folder,atwai:/data0/core/atwai/Anderson_Scott/Multimodal/MultiModal Lung tumor test/raw data/wk9_17_Rec
Folder,Dropbox:MultiModal/LungTumor,CONTAINS,Folder,Dropbox:MultiModal/LungTumor/microCT/wk9/wk9_18_Rec
Folder,Dropbox:MultiModal/LungTumor/microCT/wk9/wk9_18_Rec,COPY_OF,Folder,atwai:/data0/core/atwai/Anderson_Scott/Multimodal/MultiModal Lung tumor test/raw data/wk9_18_Rec
Folder,Dropbox:MultiModal/LungTumor,CONTAINS,Folder,Dropbox:MultiModal/LungTumor/microCT/wk9/wk9_19_Rec
Folder,Dropbox:MultiModal/LungTumor/microCT/wk9/wk9_19_Rec,COPY_OF,Folder,atwai:/data0/core/atwai/Anderson_Scott/Multimodal/MultiModal Lung tumor test/raw data/wk9_19_Rec
Folder,Dropbox:MultiModal/LungTumor,CONTAINS,Folder,Dropbox:MultiModal/LungTumor/microCT/wk9/wk9_67_Rec
Folder,Dropbox:MultiModal/LungTumor/microCT/wk9/wk9_67_Rec,COPY_OF,Folder,atwai:/data0/core/atwai/Anderson_Scott/Multimodal/MultiModal Lung tumor test/raw data/wk9_67_Rec
Folder,Dropbox:MultiModal/LungTumor,CONTAINS,Folder,Dropbox:MultiModal/LungTumor/microCT/wk9/wk9_68_Rec
Folder,Dropbox:MultiModal/LungTumor/microCT/wk9/wk9_68_Rec,COPY_OF,Folder,atwai:/data0/core/atwai/Anderson_Scott/Multimodal/MultiModal Lung tumor test/raw data/wk9_68_Rec
Folder,Dropbox:MultiModal/LungTumor,CONTAINS,Folder,Dropbox:MultiModal/LungTumor/microCT/wk9/wk9_69_Rec
Folder,Dropbox:MultiModal/LungTumor/microCT/wk9/wk9_69_Rec,COPY_OF,Folder,atwai:/data0/core/atwai/Anderson_Scott/Multimodal/MultiModal Lung tumor test/raw data/wk9_69_Rec
Folder,Dropbox:MultiModal/LungTumor,CONTAINS,Folder,Dropbox:MultiModal/LungTumor/microCT/wk9/wk9_75B_Rec
Folder,Dropbox:MultiModal/LungTumor,CONTAINS,Folder,Dropbox:MultiModal/LungTumor/microCT/wk9/wk9_75_Rec
Folder,Dropbox:MultiModal/LungTumor/microCT/wk9/wk9_75_Rec,COPY_OF,Folder,atwai:/data0/core/atwai/Anderson_Scott/Multimodal/MultiModal Lung tumor test/raw data/wk9_75_Rec
Folder,Dropbox:MultiModal/LungTumor,CONTAINS,File,Dropbox:MultiModal/LungTumor/MRI/01-29-2024/15-week7.tif
Folder,Dropbox:MultiModal/LungTumor,CONTAINS,File,Dropbox:MultiModal/LungTumor/MRI/01-29-2024/13-week7.tif
Folder,Dropbox:MultiModal/LungTumor,CONTAINS,File,Dropbox:MultiModal/LungTumor/MRI/01-29-2024/11.dcm
Folder,Dropbox:MultiModal/LungTumor,CONTAINS,File,Dropbox:MultiModal/LungTumor/MRI/01-29-2024/14.dcm
Folder,Dropbox:MultiModal/LungTumor,CONTAINS,File,Dropbox:MultiModal/LungTumor/MRI/01-29-2024/15.dcm
Folder,Dropbox:MultiModal/LungTumor,CONTAINS,File,Dropbox:MultiModal/LungTumor/MRI/01-29-2024/17-week7.tif
Folder,Dropbox:MultiModal/LungTumor,CONTAINS,File,Dropbox:MultiModal/LungTumor/MRI/01-29-2024/14-week7.tif
Folder,Dropbox:MultiModal/LungTumor,CONTAINS,File,Dropbox:MultiModal/LungTumor/MRI/01-29-2024/18.dcm
Folder,Dropbox:MultiModal/LungTumor,CONTAINS,File,Dropbox:MultiModal/LungTumor/MRI/01-29-2024/67.dcm
Folder,Dropbox:MultiModal/LungTumor,CONTAINS,File,Dropbox:MultiModal/LungTumor/MRI/01-29-2024/19-week7.tif
Folder,Dropbox:MultiModal/LungTumor,CONTAINS,File,Dropbox:MultiModal/LungTumor/MRI/01-29-2024/11-week7.tif
Folder,Dropbox:MultiModal/LungTumor,CONTAINS,File,Dropbox:MultiModal/LungTumor/MRI/01-29-2024/12-week7.tif
Folder,Dropbox:MultiModal/LungTumor,CONTAINS,File,Dropbox:MultiModal/LungTumor/MRI/01-29-2024/68.dcm
Folder,Dropbox:MultiModal/LungTumor,CONTAINS,File,Dropbox:MultiModal/LungTumor/MRI/01-29-2024/75.dcm
Folder,Dropbox:MultiModal/LungTumor,CONTAINS,File,Dropbox:MultiModal/LungTumor/MRI/01-29-2024/19.dcm
Folder,Dropbox:MultiModal/LungTumor,CONTAINS,File,Dropbox:MultiModal/LungTumor/MRI/01-29-2024/18-week7.tif
Folder,Dropbox:MultiModal/LungTumor,CONTAINS,File,Dropbox:MultiModal/LungTumor/MRI/01-29-2024/69.dcm
Folder,Dropbox:MultiModal/LungTumor,CONTAINS,File,Dropbox:MultiModal/LungTumor/MRI/01-29-2024/10-week7.tif
Folder,Dropbox:MultiModal/LungTumor,CONTAINS,File,Dropbox:MultiModal/LungTumor/MRI/01-29-2024/12.dcm
Folder,Dropbox:MultiModal/LungTumor,CONTAINS,File,Dropbox:MultiModal/LungTumor/MRI/01-29-2024/10.dcm
Folder,Dropbox:MultiModal/LungTumor,CONTAINS,File,Dropbox:MultiModal/LungTumor/MRI/01-29-2024/1013.dcm
Folder,Dropbox:MultiModal/LungTumor,CONTAINS,File,Dropbox:MultiModal/LungTumor/MRI/01-29-2024/17.dcm
Folder,Dropbox:MultiModal/LungTumor,CONTAINS,File,Dropbox:MultiModal/LungTumor/MRI/02-05-2024/19-week8.tif
Folder,Dropbox:MultiModal/LungTumor,CONTAINS,File,Dropbox:MultiModal/LungTumor/MRI/02-05-2024/18-week8.tif
Folder,Dropbox:MultiModal/LungTumor,CONTAINS,File,Dropbox:MultiModal/LungTumor/MRI/02-05-2024/13-week8.tif
Folder,Dropbox:MultiModal/LungTumor,CONTAINS,File,Dropbox:MultiModal/LungTumor/MRI/02-05-2024/15-week8.tif
Folder,Dropbox:MultiModal/LungTumor,CONTAINS,File,Dropbox:MultiModal/LungTumor/MRI/02-05-2024/11.dcm
Folder,Dropbox:MultiModal/LungTumor,CONTAINS,File,Dropbox:MultiModal/LungTumor/MRI/02-05-2024/14.dcm
Folder,Dropbox:MultiModal/LungTumor,CONTAINS,File,Dropbox:MultiModal/LungTumor/MRI/02-05-2024/15.dcm
Folder,Dropbox:MultiModal/LungTumor,CONTAINS,File,Dropbox:MultiModal/LungTumor/MRI/02-05-2024/18.dcm
Folder,Dropbox:MultiModal/LungTumor,CONTAINS,File,Dropbox:MultiModal/LungTumor/MRI/02-05-2024/12-week8.tif
Folder,Dropbox:MultiModal/LungTumor,CONTAINS,File,Dropbox:MultiModal/LungTumor/MRI/02-05-2024/67.dcm
Folder,Dropbox:MultiModal/LungTumor,CONTAINS,File,Dropbox:MultiModal/LungTumor/MRI/02-05-2024/11.dcm_Tumor_Overlay.tif
Folder,Dropbox:MultiModal/LungTumor,CONTAINS,File,Dropbox:MultiModal/LungTumor/MRI/02-05-2024/68.dcm
Folder,Dropbox:MultiModal/LungTumor,CONTAINS,File,Dropbox:MultiModal/LungTumor/MRI/02-05-2024/75.dcm
Folder,Dropbox:MultiModal/LungTumor,CONTAINS,File,Dropbox:MultiModal/LungTumor/MRI/02-05-2024/17-week8.tif
Folder,Dropbox:MultiModal/LungTumor,CONTAINS,File,Dropbox:MultiModal/LungTumor/MRI/02-05-2024/11-week8.tif
Folder,Dropbox:MultiModal/LungTumor,CONTAINS,File,Dropbox:MultiModal/LungTumor/MRI/02-05-2024/19.dcm
Folder,Dropbox:MultiModal/LungTumor,CONTAINS,File,Dropbox:MultiModal/LungTumor/MRI/02-05-2024/10-week8.tif
Folder,Dropbox:MultiModal/LungTumor,CONTAINS,File,Dropbox:MultiModal/LungTumor/MRI/02-05-2024/69.dcm
Folder,Dropbox:MultiModal/LungTumor,CONTAINS,File,Dropbox:MultiModal/LungTumor/MRI/02-05-2024/14-week8.tif
Folder,Dropbox:MultiModal/LungTumor,CONTAINS,File,Dropbox:MultiModal/LungTumor/MRI/02-05-2024/12.dcm
Folder,Dropbox:MultiModal/LungTumor,CONTAINS,File,Dropbox:MultiModal/LungTumor/MRI/02-05-2024/10.dcm
Folder,Dropbox:MultiModal/LungTumor,CONTAINS,File,Dropbox:MultiModal/LungTumor/MRI/02-05-2024/10.dcm_Tumor_Overlay.tif
Folder,Dropbox:MultiModal/LungTumor,CONTAINS,File,Dropbox:MultiModal/LungTumor/MRI/02-05-2024/1013.dcm
Folder,Dropbox:MultiModal/LungTumor,CONTAINS,File,Dropbox:MultiModal/LungTumor/MRI/02-05-2024/17.dcm
Folder,Dropbox:MultiModal/LungTumor,CONTAINS,File,Dropbox:MultiModal/LungTumor/MRI/02-26-2024/17-week11.tif
Folder,Dropbox:MultiModal/LungTumor,CONTAINS,File,Dropbox:MultiModal/LungTumor/MRI/02-26-2024/14coronal.dcm
Folder,Dropbox:MultiModal/LungTumor,CONTAINS,File,Dropbox:MultiModal/LungTumor/MRI/02-26-2024/11.dcm
Folder,Dropbox:MultiModal/LungTumor,CONTAINS,File,Dropbox:MultiModal/LungTumor/MRI/02-26-2024/14.dcm
Folder,Dropbox:MultiModal/LungTumor,CONTAINS,File,Dropbox:MultiModal/LungTumor/MRI/02-26-2024/15.dcm
Folder,Dropbox:MultiModal/LungTumor,CONTAINS,File,Dropbox:MultiModal/LungTumor/MRI/02-26-2024/14-week11.tif
Folder,Dropbox:MultiModal/LungTumor,CONTAINS,File,Dropbox:MultiModal/LungTumor/MRI/02-26-2024/18.dcm
Folder,Dropbox:MultiModal/LungTumor,CONTAINS,File,Dropbox:MultiModal/LungTumor/MRI/02-26-2024/67.dcm
Folder,Dropbox:MultiModal/LungTumor,CONTAINS,File,Dropbox:MultiModal/LungTumor/MRI/02-26-2024/19-week11.tif
Folder,Dropbox:MultiModal/LungTumor,CONTAINS,File,Dropbox:MultiModal/LungTumor/MRI/02-26-2024/15-week11.tif
Folder,Dropbox:MultiModal/LungTumor,CONTAINS,File,Dropbox:MultiModal/LungTumor/MRI/02-26-2024/68.dcm
Folder,Dropbox:MultiModal/LungTumor,CONTAINS,File,Dropbox:MultiModal/LungTumor/MRI/02-26-2024/12-week11.tif
Folder,Dropbox:MultiModal/LungTumor,CONTAINS,File,Dropbox:MultiModal/LungTumor/MRI/02-26-2024/75.dcm
Folder,Dropbox:MultiModal/LungTumor,CONTAINS,File,Dropbox:MultiModal/LungTumor/MRI/02-26-2024/18-week11.tif
Folder,Dropbox:MultiModal/LungTumor,CONTAINS,File,Dropbox:MultiModal/LungTumor/MRI/02-26-2024/19.dcm
Folder,Dropbox:MultiModal/LungTumor,CONTAINS,File,Dropbox:MultiModal/LungTumor/MRI/02-26-2024/69.dcm
Folder,Dropbox:MultiModal/LungTumor,CONTAINS,File,Dropbox:MultiModal/LungTumor/MRI/02-26-2024/12.dcm
Folder,Dropbox:MultiModal/LungTumor,CONTAINS,File,Dropbox:MultiModal/LungTumor/MRI/02-26-2024/11-week11.tif
Folder,Dropbox:MultiModal/LungTumor,CONTAINS,File,Dropbox:MultiModal/LungTumor/MRI/02-26-2024/10.dcm
Folder,Dropbox:MultiModal/LungTumor,CONTAINS,File,Dropbox:MultiModal/LungTumor/MRI/02-26-2024/1013.dcm
Folder,Dropbox:MultiModal/LungTumor,CONTAINS,File,Dropbox:MultiModal/LungTumor/MRI/02-26-2024/13-week11.tif
Folder,Dropbox:MultiModal/LungTumor,CONTAINS,File,Dropbox:MultiModal/LungTumor/MRI/02-26-2024/10-week11.tif
Folder,Dropbox:MultiModal/LungTumor,CONTAINS,File,Dropbox:MultiModal/LungTumor/MRI/02-26-2024/17.dcm
Folder,Dropbox:MultiModal/LungTumor,CONTAINS,File,Dropbox:MultiModal/LungTumor/MRI/03-11-2024/10-week13.tif
Folder,Dropbox:MultiModal/LungTumor,CONTAINS,File,Dropbox:MultiModal/LungTumor/MRI/03-11-2024/14-week13.tif
Folder,Dropbox:MultiModal/LungTumor,CONTAINS,File,Dropbox:MultiModal/LungTumor/MRI/03-11-2024/18-week13.tif
Folder,Dropbox:MultiModal/LungTumor,CONTAINS,File,Dropbox:MultiModal/LungTumor/MRI/03-11-2024/11.dcm
Folder,Dropbox:MultiModal/LungTumor,CONTAINS,File,Dropbox:MultiModal/LungTumor/MRI/03-11-2024/14.dcm
Folder,Dropbox:MultiModal/LungTumor,CONTAINS,File,Dropbox:MultiModal/LungTumor/MRI/03-11-2024/15.dcm
Folder,Dropbox:MultiModal/LungTumor,CONTAINS,File,Dropbox:MultiModal/LungTumor/MRI/03-11-2024/19-week13.tif
Folder,Dropbox:MultiModal/LungTumor,CONTAINS,File,Dropbox:MultiModal/LungTumor/MRI/03-11-2024/13-week13.tif
Folder,Dropbox:MultiModal/LungTumor,CONTAINS,File,Dropbox:MultiModal/LungTumor/MRI/03-11-2024/15-week13.tif
Folder,Dropbox:MultiModal/LungTumor,CONTAINS,File,Dropbox:MultiModal/LungTumor/MRI/03-11-2024/11-week13.tif
Folder,Dropbox:MultiModal/LungTumor,CONTAINS,File,Dropbox:MultiModal/LungTumor/MRI/03-11-2024/12-week13.tif
Folder,Dropbox:MultiModal/LungTumor,CONTAINS,File,Dropbox:MultiModal/LungTumor/MRI/03-11-2024/18.dcm
Folder,Dropbox:MultiModal/LungTumor,CONTAINS,File,Dropbox:MultiModal/LungTumor/MRI/03-11-2024/67.dcm
Folder,Dropbox:MultiModal/LungTumor,CONTAINS,File,Dropbox:MultiModal/LungTumor/MRI/03-11-2024/68.dcm
Folder,Dropbox:MultiModal/LungTumor,CONTAINS,File,Dropbox:MultiModal/LungTumor/MRI/03-11-2024/19.dcm
Folder,Dropbox:MultiModal/LungTumor,CONTAINS,File,Dropbox:MultiModal/LungTumor/MRI/03-11-2024/69.dcm
Folder,Dropbox:MultiModal/LungTumor,CONTAINS,File,Dropbox:MultiModal/LungTumor/MRI/03-11-2024/17-week13.tif
Folder,Dropbox:MultiModal/LungTumor,CONTAINS,File,Dropbox:MultiModal/LungTumor/MRI/03-11-2024/12.dcm
Folder,Dropbox:MultiModal/LungTumor,CONTAINS,File,Dropbox:MultiModal/LungTumor/MRI/03-11-2024/10.dcm
Folder,Dropbox:MultiModal/LungTumor,CONTAINS,File,Dropbox:MultiModal/LungTumor/MRI/03-11-2024/1013.dcm
Folder,Dropbox:MultiModal/LungTumor,CONTAINS,File,Dropbox:MultiModal/LungTumor/MRI/03-11-2024/17.dcm
Folder,Dropbox:MultiModal/LungTumor,CONTAINS,File,Dropbox:MultiModal/LungTumor/MRI/01-22-2024/11-week6.tif
Folder,Dropbox:MultiModal/LungTumor,CONTAINS,File,Dropbox:MultiModal/LungTumor/MRI/01-22-2024/17-week6.tif
Folder,Dropbox:MultiModal/LungTumor,CONTAINS,File,Dropbox:MultiModal/LungTumor/MRI/01-22-2024/11.dcm
Folder,Dropbox:MultiModal/LungTumor,CONTAINS,File,Dropbox:MultiModal/LungTumor/MRI/01-22-2024/14.dcm
Folder,Dropbox:MultiModal/LungTumor,CONTAINS,File,Dropbox:MultiModal/LungTumor/MRI/01-22-2024/15.dcm
Folder,Dropbox:MultiModal/LungTumor,CONTAINS,File,Dropbox:MultiModal/LungTumor/MRI/01-22-2024/18.dcm
Folder,Dropbox:MultiModal/LungTumor,CONTAINS,File,Dropbox:MultiModal/LungTumor/MRI/01-22-2024/67.dcm
Folder,Dropbox:MultiModal/LungTumor,CONTAINS,File,Dropbox:MultiModal/LungTumor/MRI/01-22-2024/14-week6.tif
Folder,Dropbox:MultiModal/LungTumor,CONTAINS,File,Dropbox:MultiModal/LungTumor/MRI/01-22-2024/10-week6.tif
Folder,Dropbox:MultiModal/LungTumor,CONTAINS,File,Dropbox:MultiModal/LungTumor/MRI/01-22-2024/68.dcm
Folder,Dropbox:MultiModal/LungTumor,CONTAINS,File,Dropbox:MultiModal/LungTumor/MRI/01-22-2024/19-week6.tif
Folder,Dropbox:MultiModal/LungTumor,CONTAINS,File,Dropbox:MultiModal/LungTumor/MRI/01-22-2024/75.dcm
Folder,Dropbox:MultiModal/LungTumor,CONTAINS,File,Dropbox:MultiModal/LungTumor/MRI/01-22-2024/18-week6.tif
Folder,Dropbox:MultiModal/LungTumor,CONTAINS,File,Dropbox:MultiModal/LungTumor/MRI/01-22-2024/15-week6.tif
Folder,Dropbox:MultiModal/LungTumor,CONTAINS,File,Dropbox:MultiModal/LungTumor/MRI/01-22-2024/19.dcm
Folder,Dropbox:MultiModal/LungTumor,CONTAINS,File,Dropbox:MultiModal/LungTumor/MRI/01-22-2024/69.dcm
Folder,Dropbox:MultiModal/LungTumor,CONTAINS,File,Dropbox:MultiModal/LungTumor/MRI/01-22-2024/13-week6.tif
Folder,Dropbox:MultiModal/LungTumor,CONTAINS,File,Dropbox:MultiModal/LungTumor/MRI/01-22-2024/12-week6.tif
Folder,Dropbox:MultiModal/LungTumor,CONTAINS,File,Dropbox:MultiModal/LungTumor/MRI/01-22-2024/12.dcm
Folder,Dropbox:MultiModal/LungTumor,CONTAINS,File,Dropbox:MultiModal/LungTumor/MRI/01-22-2024/10.dcm
Folder,Dropbox:MultiModal/LungTumor,CONTAINS,File,Dropbox:MultiModal/LungTumor/MRI/01-22-2024/1013.dcm
Folder,Dropbox:MultiModal/LungTumor,CONTAINS,File,Dropbox:MultiModal/LungTumor/MRI/01-22-2024/17.dcm
Folder,Dropbox:MultiModal/LungTumor,CONTAINS,File,Dropbox:MultiModal/LungTumor/MRI/02-16-2024/1013_T1_axial.dcm
Folder,Dropbox:MultiModal/LungTumor,CONTAINS,File,Dropbox:MultiModal/LungTumor/MRI/02-16-2024/1013_T2_axial.dcm
Folder,Dropbox:MultiModal/LungTumor,CONTAINS,File,Dropbox:MultiModal/LungTumor/MRI/02-16-2024/1013.tif
Folder,Dropbox:MultiModal/LungTumor,CONTAINS,File,Dropbox:MultiModal/LungTumor/MRI/02-16-2024/13_T2_week10.tif
Folder,Dropbox:MultiModal/LungTumor,CONTAINS,File,Dropbox:MultiModal/LungTumor/MRI/02-16-2024/13_T1_week10.tif
Folder,Dropbox:MultiModal/LungTumor,CONTAINS,File,Dropbox:MultiModal/LungTumor/MRI/02-16-2024/1013_T1_conoral.dcm
Folder,Dropbox:MultiModal/LungTumor,CONTAINS,File,Dropbox:MultiModal/LungTumor/MRI/02-16-2024/1013_T2_coronal.dcm
Folder,Dropbox:MultiModal/LungTumor,CONTAINS,File,Dropbox:MultiModal/LungTumor/MRI/02-12-2024/10-week9.tif
Folder,Dropbox:MultiModal/LungTumor,CONTAINS,File,Dropbox:MultiModal/LungTumor/MRI/02-12-2024/12-week9.tif
Folder,Dropbox:MultiModal/LungTumor,CONTAINS,File,Dropbox:MultiModal/LungTumor/MRI/02-12-2024/11-week9.tif
Folder,Dropbox:MultiModal/LungTumor,CONTAINS,File,Dropbox:MultiModal/LungTumor/MRI/02-12-2024/11.dcm
Folder,Dropbox:MultiModal/LungTumor,CONTAINS,File,Dropbox:MultiModal/LungTumor/MRI/02-12-2024/14.dcm
Folder,Dropbox:MultiModal/LungTumor,CONTAINS,File,Dropbox:MultiModal/LungTumor/MRI/02-12-2024/15.dcm
Folder,Dropbox:MultiModal/LungTumor,CONTAINS,File,Dropbox:MultiModal/LungTumor/MRI/02-12-2024/17-week9.tif
Folder,Dropbox:MultiModal/LungTumor,CONTAINS,File,Dropbox:MultiModal/LungTumor/MRI/02-12-2024/15-week9.tif
Folder,Dropbox:MultiModal/LungTumor,CONTAINS,File,Dropbox:MultiModal/LungTumor/MRI/02-12-2024/14-week9.tif
Folder,Dropbox:MultiModal/LungTumor,CONTAINS,File,Dropbox:MultiModal/LungTumor/MRI/02-12-2024/18.dcm
Folder,Dropbox:MultiModal/LungTumor,CONTAINS,File,Dropbox:MultiModal/LungTumor/MRI/02-12-2024/67.dcm
Folder,Dropbox:MultiModal/LungTumor,CONTAINS,File,Dropbox:MultiModal/LungTumor/MRI/02-12-2024/13-week9.tif
Folder,Dropbox:MultiModal/LungTumor,CONTAINS,File,Dropbox:MultiModal/LungTumor/MRI/02-12-2024/19-week9.tif
Folder,Dropbox:MultiModal/LungTumor,CONTAINS,File,Dropbox:MultiModal/LungTumor/MRI/02-12-2024/68.dcm
Folder,Dropbox:MultiModal/LungTumor,CONTAINS,File,Dropbox:MultiModal/LungTumor/MRI/02-12-2024/75.dcm
Folder,Dropbox:MultiModal/LungTumor,CONTAINS,File,Dropbox:MultiModal/LungTumor/MRI/02-12-2024/1013_coronal.dcm
Folder,Dropbox:MultiModal/LungTumor,CONTAINS,File,Dropbox:MultiModal/LungTumor/MRI/02-12-2024/19.dcm
Folder,Dropbox:MultiModal/LungTumor,CONTAINS,File,Dropbox:MultiModal/LungTumor/MRI/02-12-2024/69.dcm
Folder,Dropbox:MultiModal/LungTumor,CONTAINS,File,Dropbox:MultiModal/LungTumor/MRI/02-12-2024/18-week9.tif
Folder,Dropbox:MultiModal/LungTumor,CONTAINS,File,Dropbox:MultiModal/LungTumor/MRI/02-12-2024/12.dcm
Folder,Dropbox:MultiModal/LungTumor,CONTAINS,File,Dropbox:MultiModal/LungTumor/MRI/02-12-2024/10.dcm
Folder,Dropbox:MultiModal/LungTumor,CONTAINS,File,Dropbox:MultiModal/LungTumor/MRI/02-12-2024/1013.dcm
Folder,Dropbox:MultiModal/LungTumor,CONTAINS,File,Dropbox:MultiModal/LungTumor/MRI/02-12-2024/17.dcm
Folder,Dropbox:MultiModal/LungTumor,CONTAINS,File,Dropbox:MultiModal/LungTumor/MRI/03-18-2024/67.tif
Folder,Dropbox:MultiModal/LungTumor,CONTAINS,File,Dropbox:MultiModal/LungTumor/MRI/03-18-2024/17-T2W.dcm
Folder,Dropbox:MultiModal/LungTumor,CONTAINS,File,Dropbox:MultiModal/LungTumor/MRI/03-18-2024/13-week14.tif
Folder,Dropbox:MultiModal/LungTumor,CONTAINS,File,Dropbox:MultiModal/LungTumor/MRI/03-18-2024/10-week14.tif
Folder,Dropbox:MultiModal/LungTumor,CONTAINS,File,Dropbox:MultiModal/LungTumor/MRI/03-18-2024/68.tif
Folder,Dropbox:MultiModal/LungTumor,CONTAINS,File,Dropbox:MultiModal/LungTumor/MRI/03-18-2024/11.dcm
Folder,Dropbox:MultiModal/LungTumor,CONTAINS,File,Dropbox:MultiModal/LungTumor/MRI/03-18-2024/14.dcm
Folder,Dropbox:MultiModal/LungTumor,CONTAINS,File,Dropbox:MultiModal/LungTumor/MRI/03-18-2024/15.dcm
Folder,Dropbox:MultiModal/LungTumor,CONTAINS,File,Dropbox:MultiModal/LungTumor/MRI/03-18-2024/12T2axial-week12.ORSObject
Folder,Dropbox:MultiModal/LungTumor,CONTAINS,File,Dropbox:MultiModal/LungTumor/MRI/03-18-2024/18.dcm
Folder,Dropbox:MultiModal/LungTumor,CONTAINS,File,Dropbox:MultiModal/LungTumor/MRI/03-18-2024/18-week14.tif
Folder,Dropbox:MultiModal/LungTumor,CONTAINS,File,Dropbox:MultiModal/LungTumor/MRI/03-18-2024/67.dcm
Folder,Dropbox:MultiModal/LungTumor,CONTAINS,File,Dropbox:MultiModal/LungTumor/MRI/03-18-2024/15-week14.tif
Folder,Dropbox:MultiModal/LungTumor,CONTAINS,File,Dropbox:MultiModal/LungTumor/MRI/03-18-2024/11-week14.tif
Folder,Dropbox:MultiModal/LungTumor,CONTAINS,File,Dropbox:MultiModal/LungTumor/MRI/03-18-2024/68.dcm
Folder,Dropbox:MultiModal/LungTumor,CONTAINS,File,Dropbox:MultiModal/LungTumor/MRI/03-18-2024/1013_RoiSet1.zip
Folder,Dropbox:MultiModal/LungTumor,CONTAINS,File,Dropbox:MultiModal/LungTumor/MRI/03-18-2024/19-week14.tif
Folder,Dropbox:MultiModal/LungTumor,CONTAINS,File,Dropbox:MultiModal/LungTumor/MRI/03-18-2024/69.tif
Folder,Dropbox:MultiModal/LungTumor,CONTAINS,File,Dropbox:MultiModal/LungTumor/MRI/03-18-2024/19.dcm
Folder,Dropbox:MultiModal/LungTumor,CONTAINS,File,Dropbox:MultiModal/LungTumor/MRI/03-18-2024/AIPT_multimodelLung20240304_34_1_1.nii
Folder,Dropbox:MultiModal/LungTumor,CONTAINS,File,Dropbox:MultiModal/LungTumor/MRI/03-18-2024/17-T1W.dcm
Folder,Dropbox:MultiModal/LungTumor,CONTAINS,File,Dropbox:MultiModal/LungTumor/MRI/03-18-2024/12-week14.tif
Folder,Dropbox:MultiModal/LungTumor,CONTAINS,File,Dropbox:MultiModal/LungTumor/MRI/03-18-2024/69.dcm
Folder,Dropbox:MultiModal/LungTumor,CONTAINS,File,Dropbox:MultiModal/LungTumor/MRI/03-18-2024/12.dcm
Folder,Dropbox:MultiModal/LungTumor,CONTAINS,File,Dropbox:MultiModal/LungTumor/MRI/03-18-2024/10.dcm
Folder,Dropbox:MultiModal/LungTumor,CONTAINS,File,Dropbox:MultiModal/LungTumor/MRI/03-18-2024/17-T2W-week14.tif
Folder,Dropbox:MultiModal/LungTumor,CONTAINS,File,Dropbox:MultiModal/LungTumor/MRI/03-18-2024/1013.dcm
Folder,Dropbox:MultiModal/LungTumor,CONTAINS,File,Dropbox:MultiModal/LungTumor/MRI/03-18-2024/14-week14.tif
Folder,Dropbox:MultiModal/LungTumor,CONTAINS,File,Dropbox:MultiModal/LungTumor/MRI/03-04-2024/1013T2coronal.dcm
Folder,Dropbox:MultiModal/LungTumor,CONTAINS,File,Dropbox:MultiModal/LungTumor/MRI/03-04-2024/12T2axial-week12.tif
Folder,Dropbox:MultiModal/LungTumor,CONTAINS,File,Dropbox:MultiModal/LungTumor/MRI/03-04-2024/11-week12.tif
Folder,Dropbox:MultiModal/LungTumor,CONTAINS,File,Dropbox:MultiModal/LungTumor/MRI/03-04-2024/1013T2axial.dcm
Folder,Dropbox:MultiModal/LungTumor,CONTAINS,File,Dropbox:MultiModal/LungTumor/MRI/03-04-2024/19-week12.tif
Folder,Dropbox:MultiModal/LungTumor,CONTAINS,File,Dropbox:MultiModal/LungTumor/MRI/03-04-2024/15-week12.tif
Folder,Dropbox:MultiModal/LungTumor,CONTAINS,File,Dropbox:MultiModal/LungTumor/MRI/03-04-2024/11.dcm
Folder,Dropbox:MultiModal/LungTumor,CONTAINS,File,Dropbox:MultiModal/LungTumor/MRI/03-04-2024/14.dcm
Folder,Dropbox:MultiModal/LungTumor,CONTAINS,File,Dropbox:MultiModal/LungTumor/MRI/03-04-2024/12T2coronal.dcm
Folder,Dropbox:MultiModal/LungTumor,CONTAINS,File,Dropbox:MultiModal/LungTumor/MRI/03-04-2024/1013T1axial.dcm
Folder,Dropbox:MultiModal/LungTumor,CONTAINS,File,Dropbox:MultiModal/LungTumor/MRI/03-04-2024/12T2axial.dcm
Folder,Dropbox:MultiModal/LungTumor,CONTAINS,File,Dropbox:MultiModal/LungTumor/MRI/03-04-2024/18.dcm
Folder,Dropbox:MultiModal/LungTumor,CONTAINS,File,Dropbox:MultiModal/LungTumor/MRI/03-04-2024/67.dcm
Folder,Dropbox:MultiModal/LungTumor,CONTAINS,File,Dropbox:MultiModal/LungTumor/MRI/03-04-2024/18-week12.tif
Folder,Dropbox:MultiModal/LungTumor,CONTAINS,File,Dropbox:MultiModal/LungTumor/MRI/03-04-2024/68.dcm
Folder,Dropbox:MultiModal/LungTumor,CONTAINS,File,Dropbox:MultiModal/LungTumor/MRI/03-04-2024/10-week12.tif
Folder,Dropbox:MultiModal/LungTumor,CONTAINS,File,Dropbox:MultiModal/LungTumor/MRI/03-04-2024/15T2.dcm
Folder,Dropbox:MultiModal/LungTumor,CONTAINS,File,Dropbox:MultiModal/LungTumor/MRI/03-04-2024/13-week12.tif
Folder,Dropbox:MultiModal/LungTumor,CONTAINS,File,Dropbox:MultiModal/LungTumor/MRI/03-04-2024/19.dcm
Folder,Dropbox:MultiModal/LungTumor,CONTAINS,File,Dropbox:MultiModal/LungTumor/MRI/03-04-2024/69.dcm
Folder,Dropbox:MultiModal/LungTumor,CONTAINS,File,Dropbox:MultiModal/LungTumor/MRI/03-04-2024/14-week12.tif
Folder,Dropbox:MultiModal/LungTumor,CONTAINS,File,Dropbox:MultiModal/LungTumor/MRI/03-04-2024/10.dcm
Folder,Dropbox:MultiModal/LungTumor,CONTAINS,File,Dropbox:MultiModal/LungTumor/MRI/03-04-2024/15T1.dcm
Folder,Dropbox:MultiModal/LungTumor,CONTAINS,File,Dropbox:MultiModal/LungTumor/MRI/03-04-2024/17-week12.tif
Folder,Dropbox:MultiModal/LungTumor,CONTAINS,File,Dropbox:MultiModal/LungTumor/MRI/03-04-2024/17.dcm
Folder,Dropbox:MultiModal/LungTumor,CONTAINS,File,Dropbox:MultiModal/LungTumor/MRI/XNAT/mouse68/week12/68.dcm
File,Dropbox:MultiModal/LungTumor/MRI/XNAT/mouse68/week12/68.dcm,COPY_OF,File,Dropbox:MultiModal/LungTumor/MRI/03-04-2024/68.dcm
Folder,Dropbox:MultiModal/LungTumor,CONTAINS,File,Dropbox:MultiModal/LungTumor/MRI/XNAT/mouse68/week11/68.dcm
File,Dropbox:MultiModal/LungTumor/MRI/XNAT/mouse68/week11/68.dcm,COPY_OF,File,Dropbox:MultiModal/LungTumor/MRI/02-26-2024/68.dcm
Folder,Dropbox:MultiModal/LungTumor,CONTAINS,File,Dropbox:MultiModal/LungTumor/MRI/XNAT/mouse68/week6/68.dcm
File,Dropbox:MultiModal/LungTumor/MRI/XNAT/mouse68/week6/68.dcm,COPY_OF,File,Dropbox:MultiModal/LungTumor/MRI/01-22-2024/68.dcm
Folder,Dropbox:MultiModal/LungTumor,CONTAINS,File,Dropbox:MultiModal/LungTumor/MRI/XNAT/mouse68/week9/68.dcm
File,Dropbox:MultiModal/LungTumor/MRI/XNAT/mouse68/week9/68.dcm,COPY_OF,File,Dropbox:MultiModal/LungTumor/MRI/02-12-2024/68.dcm
Folder,Dropbox:MultiModal/LungTumor,CONTAINS,File,Dropbox:MultiModal/LungTumor/MRI/XNAT/mouse68/week7/68.dcm
File,Dropbox:MultiModal/LungTumor/MRI/XNAT/mouse68/week7/68.dcm,COPY_OF,File,Dropbox:MultiModal/LungTumor/MRI/01-29-2024/68.dcm
Folder,Dropbox:MultiModal/LungTumor,CONTAINS,File,Dropbox:MultiModal/LungTumor/MRI/XNAT/mouse68/week8/68.dcm
File,Dropbox:MultiModal/LungTumor/MRI/XNAT/mouse68/week8/68.dcm,COPY_OF,File,Dropbox:MultiModal/LungTumor/MRI/02-05-2024/68.dcm
Folder,Dropbox:MultiModal/LungTumor,CONTAINS,File,Dropbox:MultiModal/LungTumor/MRI/XNAT/mouse68/week13/68.dcm
File,Dropbox:MultiModal/LungTumor/MRI/XNAT/mouse68/week13/68.dcm,COPY_OF,File,Dropbox:MultiModal/LungTumor/MRI/03-11-2024/68.dcm
Folder,Dropbox:MultiModal/LungTumor,CONTAINS,File,Dropbox:MultiModal/LungTumor/MRI/XNAT/mouse68/week14/68.dcm
File,Dropbox:MultiModal/LungTumor/MRI/XNAT/mouse68/week14/68.dcm,COPY_OF,File,Dropbox:MultiModal/LungTumor/MRI/03-18-2024/68.dcm
Folder,Dropbox:MultiModal/LungTumor,CONTAINS,File,Dropbox:MultiModal/LungTumor/MRI/XNAT/mouse75/week11/75.dcm
File,Dropbox:MultiModal/LungTumor/MRI/XNAT/mouse75/week11/75.dcm,COPY_OF,File,Dropbox:MultiModal/LungTumor/MRI/02-26-2024/75.dcm
Folder,Dropbox:MultiModal/LungTumor,CONTAINS,File,Dropbox:MultiModal/LungTumor/MRI/XNAT/mouse75/week6/75.dcm
File,Dropbox:MultiModal/LungTumor/MRI/XNAT/mouse75/week6/75.dcm,COPY_OF,File,Dropbox:MultiModal/LungTumor/MRI/01-22-2024/75.dcm
Folder,Dropbox:MultiModal/LungTumor,CONTAINS,File,Dropbox:MultiModal/LungTumor/MRI/XNAT/mouse75/week9/75.dcm
File,Dropbox:MultiModal/LungTumor/MRI/XNAT/mouse75/week9/75.dcm,COPY_OF,File,Dropbox:MultiModal/LungTumor/MRI/02-12-2024/75.dcm
Folder,Dropbox:MultiModal/LungTumor,CONTAINS,File,Dropbox:MultiModal/LungTumor/MRI/XNAT/mouse75/week7/75.dcm
File,Dropbox:MultiModal/LungTumor/MRI/XNAT/mouse75/week7/75.dcm,COPY_OF,File,Dropbox:MultiModal/LungTumor/MRI/01-29-2024/75.dcm
Folder,Dropbox:MultiModal/LungTumor,CONTAINS,File,Dropbox:MultiModal/LungTumor/MRI/XNAT/mouse75/week8/75.dcm
File,Dropbox:MultiModal/LungTumor/MRI/XNAT/mouse75/week8/75.dcm,COPY_OF,File,Dropbox:MultiModal/LungTumor/MRI/02-05-2024/75.dcm
Folder,Dropbox:MultiModal/LungTumor,CONTAINS,File,Dropbox:MultiModal/LungTumor/MRI/XNAT/mouse12/week12/12T2axial.dcm
File,Dropbox:MultiModal/LungTumor/MRI/XNAT/mouse12/week12/12T2axial.dcm,COPY_OF,File,Dropbox:MultiModal/LungTumor/MRI/03-04-2024/12T2coronal.dcm
Folder,Dropbox:MultiModal/LungTumor,CONTAINS,File,Dropbox:MultiModal/LungTumor/MRI/XNAT/mouse12/week11/12.dcm
File,Dropbox:MultiModal/LungTumor/MRI/XNAT/mouse12/week11/12.dcm,COPY_OF,File,Dropbox:MultiModal/LungTumor/MRI/02-26-2024/12.dcm
Folder,Dropbox:MultiModal/LungTumor,CONTAINS,File,Dropbox:MultiModal/LungTumor/MRI/XNAT/mouse12/week6/12.dcm
File,Dropbox:MultiModal/LungTumor/MRI/XNAT/mouse12/week6/12.dcm,COPY_OF,File,Dropbox:MultiModal/LungTumor/MRI/01-22-2024/12.dcm
Folder,Dropbox:MultiModal/LungTumor,CONTAINS,File,Dropbox:MultiModal/LungTumor/MRI/XNAT/mouse12/week9/12.dcm
File,Dropbox:MultiModal/LungTumor/MRI/XNAT/mouse12/week9/12.dcm,COPY_OF,File,Dropbox:MultiModal/LungTumor/MRI/02-12-2024/12.dcm
Folder,Dropbox:MultiModal/LungTumor,CONTAINS,File,Dropbox:MultiModal/LungTumor/MRI/XNAT/mouse12/week7/12.dcm
File,Dropbox:MultiModal/LungTumor/MRI/XNAT/mouse12/week7/12.dcm,COPY_OF,File,Dropbox:MultiModal/LungTumor/MRI/01-29-2024/12.dcm
Folder,Dropbox:MultiModal/LungTumor,CONTAINS,File,Dropbox:MultiModal/LungTumor/MRI/XNAT/mouse12/week8/12.dcm
File,Dropbox:MultiModal/LungTumor/MRI/XNAT/mouse12/week8/12.dcm,COPY_OF,File,Dropbox:MultiModal/LungTumor/MRI/02-05-2024/12.dcm
Folder,Dropbox:MultiModal/LungTumor,CONTAINS,File,Dropbox:MultiModal/LungTumor/MRI/XNAT/mouse12/week13/12.dcm
File,Dropbox:MultiModal/LungTumor/MRI/XNAT/mouse12/week13/12.dcm,COPY_OF,File,Dropbox:MultiModal/LungTumor/MRI/03-11-2024/12.dcm
Folder,Dropbox:MultiModal/LungTumor,CONTAINS,File,Dropbox:MultiModal/LungTumor/MRI/XNAT/mouse12/week14/12.dcm
File,Dropbox:MultiModal/LungTumor/MRI/XNAT/mouse12/week14/12.dcm,COPY_OF,File,Dropbox:MultiModal/LungTumor/MRI/03-18-2024/12.dcm
Folder,Dropbox:MultiModal/LungTumor,CONTAINS,File,Dropbox:MultiModal/LungTumor/MRI/XNAT/mouse19/week12/19.dcm
File,Dropbox:MultiModal/LungTumor/MRI/XNAT/mouse19/week12/19.dcm,COPY_OF,File,Dropbox:MultiModal/LungTumor/MRI/03-04-2024/19.dcm
Folder,Dropbox:MultiModal/LungTumor,CONTAINS,File,Dropbox:MultiModal/LungTumor/MRI/XNAT/mouse19/week11/19.dcm
File,Dropbox:MultiModal/LungTumor/MRI/XNAT/mouse19/week11/19.dcm,COPY_OF,File,Dropbox:MultiModal/LungTumor/MRI/02-26-2024/19.dcm
Folder,Dropbox:MultiModal/LungTumor,CONTAINS,File,Dropbox:MultiModal/LungTumor/MRI/XNAT/mouse19/week6/19.dcm
File,Dropbox:MultiModal/LungTumor/MRI/XNAT/mouse19/week6/19.dcm,COPY_OF,File,Dropbox:MultiModal/LungTumor/MRI/01-22-2024/19.dcm
Folder,Dropbox:MultiModal/LungTumor,CONTAINS,File,Dropbox:MultiModal/LungTumor/MRI/XNAT/mouse19/week9/19.dcm
File,Dropbox:MultiModal/LungTumor/MRI/XNAT/mouse19/week9/19.dcm,COPY_OF,File,Dropbox:MultiModal/LungTumor/MRI/02-12-2024/19.dcm
Folder,Dropbox:MultiModal/LungTumor,CONTAINS,File,Dropbox:MultiModal/LungTumor/MRI/XNAT/mouse19/week7/19.dcm
File,Dropbox:MultiModal/LungTumor/MRI/XNAT/mouse19/week7/19.dcm,COPY_OF,File,Dropbox:MultiModal/LungTumor/MRI/01-29-2024/19.dcm
Folder,Dropbox:MultiModal/LungTumor,CONTAINS,File,Dropbox:MultiModal/LungTumor/MRI/XNAT/mouse19/week8/19.dcm
File,Dropbox:MultiModal/LungTumor/MRI/XNAT/mouse19/week8/19.dcm,COPY_OF,File,Dropbox:MultiModal/LungTumor/MRI/02-05-2024/19.dcm
Folder,Dropbox:MultiModal/LungTumor,CONTAINS,File,Dropbox:MultiModal/LungTumor/MRI/XNAT/mouse19/week13/19.dcm
File,Dropbox:MultiModal/LungTumor/MRI/XNAT/mouse19/week13/19.dcm,COPY_OF,File,Dropbox:MultiModal/LungTumor/MRI/03-11-2024/19.dcm
Folder,Dropbox:MultiModal/LungTumor,CONTAINS,File,Dropbox:MultiModal/LungTumor/MRI/XNAT/mouse19/week14/19.dcm
File,Dropbox:MultiModal/LungTumor/MRI/XNAT/mouse19/week14/19.dcm,COPY_OF,File,Dropbox:MultiModal/LungTumor/MRI/03-18-2024/19.dcm
Folder,Dropbox:MultiModal/LungTumor,CONTAINS,File,Dropbox:MultiModal/LungTumor/MRI/XNAT/mouse10/week12/10.dcm
File,Dropbox:MultiModal/LungTumor/MRI/XNAT/mouse10/week12/10.dcm,COPY_OF,File,Dropbox:MultiModal/LungTumor/MRI/03-04-2024/10.dcm
Folder,Dropbox:MultiModal/LungTumor,CONTAINS,File,Dropbox:MultiModal/LungTumor/MRI/XNAT/mouse10/week11/10.dcm
File,Dropbox:MultiModal/LungTumor/MRI/XNAT/mouse10/week11/10.dcm,COPY_OF,File,Dropbox:MultiModal/LungTumor/MRI/02-26-2024/10.dcm
Folder,Dropbox:MultiModal/LungTumor,CONTAINS,File,Dropbox:MultiModal/LungTumor/MRI/XNAT/mouse10/week6/10-wk6.dcm
File,Dropbox:MultiModal/LungTumor/MRI/XNAT/mouse10/week6/10-wk6.dcm,COPY_OF,File,Dropbox:MultiModal/LungTumor/MRI/01-22-2024/10.dcm
Folder,Dropbox:MultiModal/LungTumor,CONTAINS,File,Dropbox:MultiModal/LungTumor/MRI/XNAT/mouse10/week9/10.dcm
File,Dropbox:MultiModal/LungTumor/MRI/XNAT/mouse10/week9/10.dcm,COPY_OF,File,Dropbox:MultiModal/LungTumor/MRI/02-12-2024/10.dcm
Folder,Dropbox:MultiModal/LungTumor,CONTAINS,File,Dropbox:MultiModal/LungTumor/MRI/XNAT/mouse10/week7/10-wk7.dcm
File,Dropbox:MultiModal/LungTumor/MRI/XNAT/mouse10/week7/10-wk7.dcm,COPY_OF,File,Dropbox:MultiModal/LungTumor/MRI/01-29-2024/10.dcm
Folder,Dropbox:MultiModal/LungTumor,CONTAINS,File,Dropbox:MultiModal/LungTumor/MRI/XNAT/mouse10/week8/10.dcm
File,Dropbox:MultiModal/LungTumor/MRI/XNAT/mouse10/week8/10.dcm,COPY_OF,File,Dropbox:MultiModal/LungTumor/MRI/02-05-2024/10.dcm
Folder,Dropbox:MultiModal/LungTumor,CONTAINS,File,Dropbox:MultiModal/LungTumor/MRI/XNAT/mouse10/week13/10.dcm
File,Dropbox:MultiModal/LungTumor/MRI/XNAT/mouse10/week13/10.dcm,COPY_OF,File,Dropbox:MultiModal/LungTumor/MRI/03-11-2024/10.dcm
Folder,Dropbox:MultiModal/LungTumor,CONTAINS,File,Dropbox:MultiModal/LungTumor/MRI/XNAT/mouse10/week14/10.dcm
File,Dropbox:MultiModal/LungTumor/MRI/XNAT/mouse10/week14/10.dcm,COPY_OF,File,Dropbox:MultiModal/LungTumor/MRI/03-18-2024/10.dcm
Folder,Dropbox:MultiModal/LungTumor,CONTAINS,File,Dropbox:MultiModal/LungTumor/MRI/XNAT/mouse69/week12/69.dcm
File,Dropbox:MultiModal/LungTumor/MRI/XNAT/mouse69/week12/69.dcm,COPY_OF,File,Dropbox:MultiModal/LungTumor/MRI/03-04-2024/69.dcm
Folder,Dropbox:MultiModal/LungTumor,CONTAINS,File,Dropbox:MultiModal/LungTumor/MRI/XNAT/mouse69/week11/69.dcm
File,Dropbox:MultiModal/LungTumor/MRI/XNAT/mouse69/week11/69.dcm,COPY_OF,File,Dropbox:MultiModal/LungTumor/MRI/02-26-2024/69.dcm
Folder,Dropbox:MultiModal/LungTumor,CONTAINS,File,Dropbox:MultiModal/LungTumor/MRI/XNAT/mouse69/week6/69.dcm
File,Dropbox:MultiModal/LungTumor/MRI/XNAT/mouse69/week6/69.dcm,COPY_OF,File,Dropbox:MultiModal/LungTumor/MRI/01-22-2024/69.dcm
Folder,Dropbox:MultiModal/LungTumor,CONTAINS,File,Dropbox:MultiModal/LungTumor/MRI/XNAT/mouse69/week9/69.dcm
File,Dropbox:MultiModal/LungTumor/MRI/XNAT/mouse69/week9/69.dcm,COPY_OF,File,Dropbox:MultiModal/LungTumor/MRI/02-12-2024/69.dcm
Folder,Dropbox:MultiModal/LungTumor,CONTAINS,File,Dropbox:MultiModal/LungTumor/MRI/XNAT/mouse69/week7/69.dcm
File,Dropbox:MultiModal/LungTumor/MRI/XNAT/mouse69/week7/69.dcm,COPY_OF,File,Dropbox:MultiModal/LungTumor/MRI/01-29-2024/69.dcm
Folder,Dropbox:MultiModal/LungTumor,CONTAINS,File,Dropbox:MultiModal/LungTumor/MRI/XNAT/mouse69/week8/69.dcm
File,Dropbox:MultiModal/LungTumor/MRI/XNAT/mouse69/week8/69.dcm,COPY_OF,File,Dropbox:MultiModal/LungTumor/MRI/02-05-2024/69.dcm
Folder,Dropbox:MultiModal/LungTumor,CONTAINS,File,Dropbox:MultiModal/LungTumor/MRI/XNAT/mouse69/week13/69.dcm
File,Dropbox:MultiModal/LungTumor/MRI/XNAT/mouse69/week13/69.dcm,COPY_OF,File,Dropbox:MultiModal/LungTumor/MRI/03-11-2024/69.dcm
Folder,Dropbox:MultiModal/LungTumor,CONTAINS,File,Dropbox:MultiModal/LungTumor/MRI/XNAT/mouse69/week14/69.dcm
File,Dropbox:MultiModal/LungTumor/MRI/XNAT/mouse69/week14/69.dcm,COPY_OF,File,Dropbox:MultiModal/LungTumor/MRI/03-18-2024/69.dcm
Folder,Dropbox:MultiModal/LungTumor,CONTAINS,File,Dropbox:MultiModal/LungTumor/MRI/XNAT/mouse17/week12/17.dcm
File,Dropbox:MultiModal/LungTumor/MRI/XNAT/mouse17/week12/17.dcm,COPY_OF,File,Dropbox:MultiModal/LungTumor/MRI/03-04-2024/17.dcm
Folder,Dropbox:MultiModal/LungTumor,CONTAINS,File,Dropbox:MultiModal/LungTumor/MRI/XNAT/mouse17/week11/17.dcm
File,Dropbox:MultiModal/LungTumor/MRI/XNAT/mouse17/week11/17.dcm,COPY_OF,File,Dropbox:MultiModal/LungTumor/MRI/02-26-2024/17.dcm
Folder,Dropbox:MultiModal/LungTumor,CONTAINS,File,Dropbox:MultiModal/LungTumor/MRI/XNAT/mouse17/week6/17.dcm
File,Dropbox:MultiModal/LungTumor/MRI/XNAT/mouse17/week6/17.dcm,COPY_OF,File,Dropbox:MultiModal/LungTumor/MRI/01-22-2024/17.dcm
Folder,Dropbox:MultiModal/LungTumor,CONTAINS,File,Dropbox:MultiModal/LungTumor/MRI/XNAT/mouse17/week9/17.dcm
File,Dropbox:MultiModal/LungTumor/MRI/XNAT/mouse17/week9/17.dcm,COPY_OF,File,Dropbox:MultiModal/LungTumor/MRI/02-12-2024/17.dcm
Folder,Dropbox:MultiModal/LungTumor,CONTAINS,File,Dropbox:MultiModal/LungTumor/MRI/XNAT/mouse17/week7/17.dcm
File,Dropbox:MultiModal/LungTumor/MRI/XNAT/mouse17/week7/17.dcm,COPY_OF,File,Dropbox:MultiModal/LungTumor/MRI/01-29-2024/17.dcm
Folder,Dropbox:MultiModal/LungTumor,CONTAINS,File,Dropbox:MultiModal/LungTumor/MRI/XNAT/mouse17/week8/17.dcm
File,Dropbox:MultiModal/LungTumor/MRI/XNAT/mouse17/week8/17.dcm,COPY_OF,File,Dropbox:MultiModal/LungTumor/MRI/02-05-2024/17.dcm
Folder,Dropbox:MultiModal/LungTumor,CONTAINS,File,Dropbox:MultiModal/LungTumor/MRI/XNAT/mouse17/week13/17.dcm
File,Dropbox:MultiModal/LungTumor/MRI/XNAT/mouse17/week13/17.dcm,COPY_OF,File,Dropbox:MultiModal/LungTumor/MRI/03-11-2024/17.dcm
Folder,Dropbox:MultiModal/LungTumor,CONTAINS,File,Dropbox:MultiModal/LungTumor/MRI/XNAT/mouse17/week14/17-T2W.dcm
File,Dropbox:MultiModal/LungTumor/MRI/XNAT/mouse17/week14/17-T2W.dcm,COPY_OF,File,Dropbox:MultiModal/LungTumor/MRI/03-18-2024/17-T2W.dcm
Folder,Dropbox:MultiModal/LungTumor,CONTAINS,File,Dropbox:MultiModal/LungTumor/MRI/XNAT/mouse15/week12/15T2.dcm
File,Dropbox:MultiModal/LungTumor/MRI/XNAT/mouse15/week12/15T2.dcm,COPY_OF,File,Dropbox:MultiModal/LungTumor/MRI/03-04-2024/15T2.dcm
Folder,Dropbox:MultiModal/LungTumor,CONTAINS,File,Dropbox:MultiModal/LungTumor/MRI/XNAT/mouse15/week11/15.dcm
File,Dropbox:MultiModal/LungTumor/MRI/XNAT/mouse15/week11/15.dcm,COPY_OF,File,Dropbox:MultiModal/LungTumor/MRI/02-26-2024/15.dcm
Folder,Dropbox:MultiModal/LungTumor,CONTAINS,File,Dropbox:MultiModal/LungTumor/MRI/XNAT/mouse15/week6/15.dcm
File,Dropbox:MultiModal/LungTumor/MRI/XNAT/mouse15/week6/15.dcm,COPY_OF,File,Dropbox:MultiModal/LungTumor/MRI/01-22-2024/15.dcm
Folder,Dropbox:MultiModal/LungTumor,CONTAINS,File,Dropbox:MultiModal/LungTumor/MRI/XNAT/mouse15/week9/15.dcm
File,Dropbox:MultiModal/LungTumor/MRI/XNAT/mouse15/week9/15.dcm,COPY_OF,File,Dropbox:MultiModal/LungTumor/MRI/02-12-2024/15.dcm
Folder,Dropbox:MultiModal/LungTumor,CONTAINS,File,Dropbox:MultiModal/LungTumor/MRI/XNAT/mouse15/week7/15.dcm
File,Dropbox:MultiModal/LungTumor/MRI/XNAT/mouse15/week7/15.dcm,COPY_OF,File,Dropbox:MultiModal/LungTumor/MRI/01-29-2024/15.dcm
Folder,Dropbox:MultiModal/LungTumor,CONTAINS,File,Dropbox:MultiModal/LungTumor/MRI/XNAT/mouse15/week8/15.dcm
File,Dropbox:MultiModal/LungTumor/MRI/XNAT/mouse15/week8/15.dcm,COPY_OF,File,Dropbox:MultiModal/LungTumor/MRI/02-05-2024/15.dcm
Folder,Dropbox:MultiModal/LungTumor,CONTAINS,File,Dropbox:MultiModal/LungTumor/MRI/XNAT/mouse15/week13/15.dcm
File,Dropbox:MultiModal/LungTumor/MRI/XNAT/mouse15/week13/15.dcm,COPY_OF,File,Dropbox:MultiModal/LungTumor/MRI/03-11-2024/15.dcm
Folder,Dropbox:MultiModal/LungTumor,CONTAINS,File,Dropbox:MultiModal/LungTumor/MRI/XNAT/mouse15/week14/15.dcm
File,Dropbox:MultiModal/LungTumor/MRI/XNAT/mouse15/week14/15.dcm,COPY_OF,File,Dropbox:MultiModal/LungTumor/MRI/03-18-2024/15.dcm
Folder,Dropbox:MultiModal/LungTumor,CONTAINS,File,Dropbox:MultiModal/LungTumor/MRI/XNAT/mouse11/week12/11.dcm
File,Dropbox:MultiModal/LungTumor/MRI/XNAT/mouse11/week12/11.dcm,COPY_OF,File,Dropbox:MultiModal/LungTumor/MRI/03-04-2024/11.dcm
Folder,Dropbox:MultiModal/LungTumor,CONTAINS,File,Dropbox:MultiModal/LungTumor/MRI/XNAT/mouse11/week11/11.dcm
File,Dropbox:MultiModal/LungTumor/MRI/XNAT/mouse11/week11/11.dcm,COPY_OF,File,Dropbox:MultiModal/LungTumor/MRI/02-26-2024/11.dcm
Folder,Dropbox:MultiModal/LungTumor,CONTAINS,File,Dropbox:MultiModal/LungTumor/MRI/XNAT/mouse11/week6/11.dcm
File,Dropbox:MultiModal/LungTumor/MRI/XNAT/mouse11/week6/11.dcm,COPY_OF,File,Dropbox:MultiModal/LungTumor/MRI/01-22-2024/11.dcm
Folder,Dropbox:MultiModal/LungTumor,CONTAINS,File,Dropbox:MultiModal/LungTumor/MRI/XNAT/mouse11/week9/11.dcm
File,Dropbox:MultiModal/LungTumor/MRI/XNAT/mouse11/week9/11.dcm,COPY_OF,File,Dropbox:MultiModal/LungTumor/MRI/02-12-2024/11.dcm
Folder,Dropbox:MultiModal/LungTumor,CONTAINS,File,Dropbox:MultiModal/LungTumor/MRI/XNAT/mouse11/week7/11.dcm
File,Dropbox:MultiModal/LungTumor/MRI/XNAT/mouse11/week7/11.dcm,COPY_OF,File,Dropbox:MultiModal/LungTumor/MRI/01-29-2024/11.dcm
Folder,Dropbox:MultiModal/LungTumor,CONTAINS,File,Dropbox:MultiModal/LungTumor/MRI/XNAT/mouse11/week8/11.dcm
File,Dropbox:MultiModal/LungTumor/MRI/XNAT/mouse11/week8/11.dcm,COPY_OF,File,Dropbox:MultiModal/LungTumor/MRI/02-05-2024/11.dcm
Folder,Dropbox:MultiModal/LungTumor,CONTAINS,File,Dropbox:MultiModal/LungTumor/MRI/XNAT/mouse11/week13/11.dcm
File,Dropbox:MultiModal/LungTumor/MRI/XNAT/mouse11/week13/11.dcm,COPY_OF,File,Dropbox:MultiModal/LungTumor/MRI/03-11-2024/11.dcm
Folder,Dropbox:MultiModal/LungTumor,CONTAINS,File,Dropbox:MultiModal/LungTumor/MRI/XNAT/mouse11/week14/11.dcm
File,Dropbox:MultiModal/LungTumor/MRI/XNAT/mouse11/week14/11.dcm,COPY_OF,File,Dropbox:MultiModal/LungTumor/MRI/03-18-2024/11.dcm
Folder,Dropbox:MultiModal/LungTumor,CONTAINS,File,Dropbox:MultiModal/LungTumor/MRI/XNAT/mouse14/week12/14.dcm
File,Dropbox:MultiModal/LungTumor/MRI/XNAT/mouse14/week12/14.dcm,COPY_OF,File,Dropbox:MultiModal/LungTumor/MRI/03-04-2024/14.dcm
Folder,Dropbox:MultiModal/LungTumor,CONTAINS,File,Dropbox:MultiModal/LungTumor/MRI/XNAT/mouse14/week11/14.dcm
File,Dropbox:MultiModal/LungTumor/MRI/XNAT/mouse14/week11/14.dcm,COPY_OF,File,Dropbox:MultiModal/LungTumor/MRI/02-26-2024/14coronal.dcm
Folder,Dropbox:MultiModal/LungTumor,CONTAINS,File,Dropbox:MultiModal/LungTumor/MRI/XNAT/mouse14/week6/14.dcm
File,Dropbox:MultiModal/LungTumor/MRI/XNAT/mouse14/week6/14.dcm,COPY_OF,File,Dropbox:MultiModal/LungTumor/MRI/01-22-2024/14.dcm
Folder,Dropbox:MultiModal/LungTumor,CONTAINS,File,Dropbox:MultiModal/LungTumor/MRI/XNAT/mouse14/week9/14.dcm
File,Dropbox:MultiModal/LungTumor/MRI/XNAT/mouse14/week9/14.dcm,COPY_OF,File,Dropbox:MultiModal/LungTumor/MRI/02-12-2024/14.dcm
Folder,Dropbox:MultiModal/LungTumor,CONTAINS,File,Dropbox:MultiModal/LungTumor/MRI/XNAT/mouse14/week7/14.dcm
File,Dropbox:MultiModal/LungTumor/MRI/XNAT/mouse14/week7/14.dcm,COPY_OF,File,Dropbox:MultiModal/LungTumor/MRI/01-29-2024/14.dcm
Folder,Dropbox:MultiModal/LungTumor,CONTAINS,File,Dropbox:MultiModal/LungTumor/MRI/XNAT/mouse14/week8/14-week8.tif
File,Dropbox:MultiModal/LungTumor/MRI/XNAT/mouse14/week8/14-week8.tif,COPY_OF,File,Dropbox:MultiModal/LungTumor/MRI/02-05-2024/14.dcm
Folder,Dropbox:MultiModal/LungTumor,CONTAINS,File,Dropbox:MultiModal/LungTumor/MRI/XNAT/mouse14/week13/14.dcm
File,Dropbox:MultiModal/LungTumor/MRI/XNAT/mouse14/week13/14.dcm,COPY_OF,File,Dropbox:MultiModal/LungTumor/MRI/03-11-2024/14.dcm
Folder,Dropbox:MultiModal/LungTumor,CONTAINS,File,Dropbox:MultiModal/LungTumor/MRI/XNAT/mouse14/week14/14.dcm
File,Dropbox:MultiModal/LungTumor/MRI/XNAT/mouse14/week14/14.dcm,COPY_OF,File,Dropbox:MultiModal/LungTumor/MRI/03-18-2024/14.dcm
Folder,Dropbox:MultiModal/LungTumor,CONTAINS,File,Dropbox:MultiModal/LungTumor/MRI/XNAT/mouse67/week12/67.dcm
File,Dropbox:MultiModal/LungTumor/MRI/XNAT/mouse67/week12/67.dcm,COPY_OF,File,Dropbox:MultiModal/LungTumor/MRI/03-04-2024/67.dcm
Folder,Dropbox:MultiModal/LungTumor,CONTAINS,File,Dropbox:MultiModal/LungTumor/MRI/XNAT/mouse67/week11/67.dcm
File,Dropbox:MultiModal/LungTumor/MRI/XNAT/mouse67/week11/67.dcm,COPY_OF,File,Dropbox:MultiModal/LungTumor/MRI/02-26-2024/67.dcm
Folder,Dropbox:MultiModal/LungTumor,CONTAINS,File,Dropbox:MultiModal/LungTumor/MRI/XNAT/mouse67/week6/67.dcm
File,Dropbox:MultiModal/LungTumor/MRI/XNAT/mouse67/week6/67.dcm,COPY_OF,File,Dropbox:MultiModal/LungTumor/MRI/01-22-2024/67.dcm
Folder,Dropbox:MultiModal/LungTumor,CONTAINS,File,Dropbox:MultiModal/LungTumor/MRI/XNAT/mouse67/week9/67.dcm
File,Dropbox:MultiModal/LungTumor/MRI/XNAT/mouse67/week9/67.dcm,COPY_OF,File,Dropbox:MultiModal/LungTumor/MRI/02-12-2024/67.dcm
Folder,Dropbox:MultiModal/LungTumor,CONTAINS,File,Dropbox:MultiModal/LungTumor/MRI/XNAT/mouse67/week7/67.dcm
File,Dropbox:MultiModal/LungTumor/MRI/XNAT/mouse67/week7/67.dcm,COPY_OF,File,Dropbox:MultiModal/LungTumor/MRI/01-29-2024/67.dcm
Folder,Dropbox:MultiModal/LungTumor,CONTAINS,File,Dropbox:MultiModal/LungTumor/MRI/XNAT/mouse67/week8/67.dcm
File,Dropbox:MultiModal/LungTumor/MRI/XNAT/mouse67/week8/67.dcm,COPY_OF,File,Dropbox:MultiModal/LungTumor/MRI/02-05-2024/67.dcm
Folder,Dropbox:MultiModal/LungTumor,CONTAINS,File,Dropbox:MultiModal/LungTumor/MRI/XNAT/mouse67/week13/67.dcm
File,Dropbox:MultiModal/LungTumor/MRI/XNAT/mouse67/week13/67.dcm,COPY_OF,File,Dropbox:MultiModal/LungTumor/MRI/03-11-2024/67.dcm
Folder,Dropbox:MultiModal/LungTumor,CONTAINS,File,Dropbox:MultiModal/LungTumor/MRI/XNAT/mouse67/week14/67.dcm
File,Dropbox:MultiModal/LungTumor/MRI/XNAT/mouse67/week14/67.dcm,COPY_OF,File,Dropbox:MultiModal/LungTumor/MRI/03-18-2024/67.dcm
Folder,Dropbox:MultiModal/LungTumor,CONTAINS,File,Dropbox:MultiModal/LungTumor/MRI/XNAT/mouse13/week12/1013T2axial.dcm
File,Dropbox:MultiModal/LungTumor/MRI/XNAT/mouse13/week12/1013T2axial.dcm,COPY_OF,File,Dropbox:MultiModal/LungTumor/MRI/03-04-2024/1013T2coronal.dcm
Folder,Dropbox:MultiModal/LungTumor,CONTAINS,File,Dropbox:MultiModal/LungTumor/MRI/XNAT/mouse13/week11/13.dcm
File,Dropbox:MultiModal/LungTumor/MRI/XNAT/mouse13/week11/13.dcm,COPY_OF,File,Dropbox:MultiModal/LungTumor/MRI/02-26-2024/1013.dcm
Folder,Dropbox:MultiModal/LungTumor,CONTAINS,File,Dropbox:MultiModal/LungTumor/MRI/XNAT/mouse13/week6/13.dcm
File,Dropbox:MultiModal/LungTumor/MRI/XNAT/mouse13/week6/13.dcm,COPY_OF,File,Dropbox:MultiModal/LungTumor/MRI/01-22-2024/1013.dcm
Folder,Dropbox:MultiModal/LungTumor,CONTAINS,File,Dropbox:MultiModal/LungTumor/MRI/XNAT/mouse13/week10/1013_T2_axial.dcm
File,Dropbox:MultiModal/LungTumor/MRI/XNAT/mouse13/week10/1013_T2_axial.dcm,COPY_OF,File,Dropbox:MultiModal/LungTumor/MRI/02-16-2024/1013_T1_axial.dcm
Folder,Dropbox:MultiModal/LungTumor,CONTAINS,File,Dropbox:MultiModal/LungTumor/MRI/XNAT/mouse13/week9/13.dcm
File,Dropbox:MultiModal/LungTumor/MRI/XNAT/mouse13/week9/13.dcm,COPY_OF,File,Dropbox:MultiModal/LungTumor/MRI/02-12-2024/1013_coronal.dcm
Folder,Dropbox:MultiModal/LungTumor,CONTAINS,File,Dropbox:MultiModal/LungTumor/MRI/XNAT/mouse13/week7/13.dcm
File,Dropbox:MultiModal/LungTumor/MRI/XNAT/mouse13/week7/13.dcm,COPY_OF,File,Dropbox:MultiModal/LungTumor/MRI/01-29-2024/1013.dcm
Folder,Dropbox:MultiModal/LungTumor,CONTAINS,File,Dropbox:MultiModal/LungTumor/MRI/XNAT/mouse13/week8/13.dcm
File,Dropbox:MultiModal/LungTumor/MRI/XNAT/mouse13/week8/13.dcm,COPY_OF,File,Dropbox:MultiModal/LungTumor/MRI/02-05-2024/1013.dcm
Folder,Dropbox:MultiModal/LungTumor,CONTAINS,File,Dropbox:MultiModal/LungTumor/MRI/XNAT/mouse13/week13/13.dcm
File,Dropbox:MultiModal/LungTumor/MRI/XNAT/mouse13/week13/13.dcm,COPY_OF,File,Dropbox:MultiModal/LungTumor/MRI/03-11-2024/1013.dcm
Folder,Dropbox:MultiModal/LungTumor,CONTAINS,File,Dropbox:MultiModal/LungTumor/MRI/XNAT/mouse13/week14/13.dcm
File,Dropbox:MultiModal/LungTumor/MRI/XNAT/mouse13/week14/13.dcm,COPY_OF,File,Dropbox:MultiModal/LungTumor/MRI/03-18-2024/1013.dcm
Folder,Dropbox:MultiModal/LungTumor,CONTAINS,File,Dropbox:MultiModal/LungTumor/MRI/XNAT/mouse18/week12/18.dcm
File,Dropbox:MultiModal/LungTumor/MRI/XNAT/mouse18/week12/18.dcm,COPY_OF,File,Dropbox:MultiModal/LungTumor/MRI/03-04-2024/18.dcm
Folder,Dropbox:MultiModal/LungTumor,CONTAINS,File,Dropbox:MultiModal/LungTumor/MRI/XNAT/mouse18/week11/18.dcm
File,Dropbox:MultiModal/LungTumor/MRI/XNAT/mouse18/week11/18.dcm,COPY_OF,File,Dropbox:MultiModal/LungTumor/MRI/02-26-2024/18.dcm
Folder,Dropbox:MultiModal/LungTumor,CONTAINS,File,Dropbox:MultiModal/LungTumor/MRI/XNAT/mouse18/week6/18.dcm
File,Dropbox:MultiModal/LungTumor/MRI/XNAT/mouse18/week6/18.dcm,COPY_OF,File,Dropbox:MultiModal/LungTumor/MRI/01-22-2024/18.dcm
Folder,Dropbox:MultiModal/LungTumor,CONTAINS,File,Dropbox:MultiModal/LungTumor/MRI/XNAT/mouse18/week9/18.dcm
File,Dropbox:MultiModal/LungTumor/MRI/XNAT/mouse18/week9/18.dcm,COPY_OF,File,Dropbox:MultiModal/LungTumor/MRI/02-12-2024/18.dcm
Folder,Dropbox:MultiModal/LungTumor,CONTAINS,File,Dropbox:MultiModal/LungTumor/MRI/XNAT/mouse18/week7/18.dcm
File,Dropbox:MultiModal/LungTumor/MRI/XNAT/mouse18/week7/18.dcm,COPY_OF,File,Dropbox:MultiModal/LungTumor/MRI/01-29-2024/18.dcm
Folder,Dropbox:MultiModal/LungTumor,CONTAINS,File,Dropbox:MultiModal/LungTumor/MRI/XNAT/mouse18/week8/18.dcm
File,Dropbox:MultiModal/LungTumor/MRI/XNAT/mouse18/week8/18.dcm,COPY_OF,File,Dropbox:MultiModal/LungTumor/MRI/02-05-2024/18.dcm
Folder,Dropbox:MultiModal/LungTumor,CONTAINS,File,Dropbox:MultiModal/LungTumor/MRI/XNAT/mouse18/week13/18.dcm
File,Dropbox:MultiModal/LungTumor/MRI/XNAT/mouse18/week13/18.dcm,COPY_OF,File,Dropbox:MultiModal/LungTumor/MRI/03-11-2024/18.dcm
Folder,Dropbox:MultiModal/LungTumor,CONTAINS,File,Dropbox:MultiModal/LungTumor/MRI/XNAT/mouse18/week14/18.dcm
File,Dropbox:MultiModal/LungTumor/MRI/XNAT/mouse18/week14/18.dcm,COPY_OF,File,Dropbox:MultiModal/LungTumor/MRI/03-18-2024/18.dcm
Folder,Dropbox:MultiModal/LungTumor,CONTAINS,File,Dropbox:MultiModal/LungTumor/MRI/DragonflyROIs/roi-13-week10.ORSObject
Folder,Dropbox:MultiModal/LungTumor,CONTAINS,File,Dropbox:MultiModal/LungTumor/MRI/DragonflyROIs/roi-13-week7.ORSObject
Folder,Dropbox:MultiModal/LungTumor,CONTAINS,File,Dropbox:MultiModal/LungTumor/MRI/DragonflyROIs/roi-14-week8.ORSObject
Folder,Dropbox:MultiModal/LungTumor,CONTAINS,File,Dropbox:MultiModal/LungTumor/MRI/DragonflyROIs/roi-14-week13.ORSObject
Folder,Dropbox:MultiModal/LungTumor,CONTAINS,File,Dropbox:MultiModal/LungTumor/MRI/DragonflyROIs/roi-15-week9.ORSObject
Folder,Dropbox:MultiModal/LungTumor,CONTAINS,File,Dropbox:MultiModal/LungTumor/MRI/DragonflyROIs/roi-11-week11.ORSObject
Folder,Dropbox:MultiModal/LungTumor,CONTAINS,File,Dropbox:MultiModal/LungTumor/MRI/DragonflyROIs/roi-10-week9.ORSObject
Folder,Dropbox:MultiModal/LungTumor,CONTAINS,File,Dropbox:MultiModal/LungTumor/MRI/DragonflyROIs/roi-12-week6.ORSObject
Folder,Dropbox:MultiModal/LungTumor,CONTAINS,File,Dropbox:MultiModal/LungTumor/MRI/DragonflyROIs/roi-19-week8.ORSObject
Folder,Dropbox:MultiModal/LungTumor,CONTAINS,File,Dropbox:MultiModal/LungTumor/MRI/DragonflyROIs/roi-12-week13.ORSObject
Folder,Dropbox:MultiModal/LungTumor,CONTAINS,File,Dropbox:MultiModal/LungTumor/MRI/DragonflyROIs/roi-17-week8.ORSObject
Folder,Dropbox:MultiModal/LungTumor,CONTAINS,File,Dropbox:MultiModal/LungTumor/MRI/DragonflyROIs/roi-12-week12.ORSObject
Folder,Dropbox:MultiModal/LungTumor,CONTAINS,File,Dropbox:MultiModal/LungTumor/MRI/DragonflyROIs/roi-13-week14.ORSObject
Folder,Dropbox:MultiModal/LungTumor,CONTAINS,File,Dropbox:MultiModal/LungTumor/MRI/DragonflyROIs/roi-12-week7.ORSObject
Folder,Dropbox:MultiModal/LungTumor,CONTAINS,File,Dropbox:MultiModal/LungTumor/MRI/DragonflyROIs/roi-14-week11.ORSObject
Folder,Dropbox:MultiModal/LungTumor,CONTAINS,File,Dropbox:MultiModal/LungTumor/MRI/DragonflyROIs/roi-11-week8.ORSObject
Folder,Dropbox:MultiModal/LungTumor,CONTAINS,File,Dropbox:MultiModal/LungTumor/MRI/DragonflyROIs/roi-14-week14.ORSObject
Folder,Dropbox:MultiModal/LungTumor,CONTAINS,File,Dropbox:MultiModal/LungTumor/MRI/DragonflyROIs/roi-15-week11.ORSObject
Folder,Dropbox:MultiModal/LungTumor,CONTAINS,File,Dropbox:MultiModal/LungTumor/MRI/DragonflyROIs/roi-14-week6.ORSObject
Folder,Dropbox:MultiModal/LungTumor,CONTAINS,File,Dropbox:MultiModal/LungTumor/MRI/DragonflyROIs/roi-14-week7.ORSObject
Folder,Dropbox:MultiModal/LungTumor,CONTAINS,File,Dropbox:MultiModal/LungTumor/MRI/DragonflyROIs/roi-14-week9.ORSObject
Folder,Dropbox:MultiModal/LungTumor,CONTAINS,File,Dropbox:MultiModal/LungTumor/MRI/DragonflyROIs/roi-10-week8.ORSObject
Folder,Dropbox:MultiModal/LungTumor,CONTAINS,File,Dropbox:MultiModal/LungTumor/MRI/DragonflyROIs/roi-17-week12.ORSObject
Folder,Dropbox:MultiModal/LungTumor,CONTAINS,File,Dropbox:MultiModal/LungTumor/MRI/DragonflyROIs/roi-13-week9.ORSObject
Folder,Dropbox:MultiModal/LungTumor,CONTAINS,File,Dropbox:MultiModal/LungTumor/MRI/DragonflyROIs/roi-19-week11.ORSObject
Folder,Dropbox:MultiModal/LungTumor,CONTAINS,File,Dropbox:MultiModal/LungTumor/MRI/DragonflyROIs/roi-19-week9.ORSObject
Folder,Dropbox:MultiModal/LungTumor,CONTAINS,File,Dropbox:MultiModal/LungTumor/MRI/DragonflyROIs/roi-17-week11.ORSObject
Folder,Dropbox:MultiModal/LungTumor,CONTAINS,File,Dropbox:MultiModal/LungTumor/MRI/DragonflyROIs/roi-13-week12.ORSObject
Folder,Dropbox:MultiModal/LungTumor,CONTAINS,File,Dropbox:MultiModal/LungTumor/MRI/DragonflyROIs/roi-12-week14-small.ORSObject
Folder,Dropbox:MultiModal/LungTumor,CONTAINS,File,Dropbox:MultiModal/LungTumor/MRI/DragonflyROIs/roi-10-week11.ORSObject
Folder,Dropbox:MultiModal/LungTumor,CONTAINS,File,Dropbox:MultiModal/LungTumor/MRI/DragonflyROIs/roi-10-week6.ORSObject
Folder,Dropbox:MultiModal/LungTumor,CONTAINS,File,Dropbox:MultiModal/LungTumor/MRI/DragonflyROIs/roi-10-week12.ORSObject
Folder,Dropbox:MultiModal/LungTumor,CONTAINS,File,Dropbox:MultiModal/LungTumor/MRI/DragonflyROIs/roi-12-week14.ORSObject
Folder,Dropbox:MultiModal/LungTumor,CONTAINS,File,Dropbox:MultiModal/LungTumor/MRI/DragonflyROIs/roi-12-week8.ORSObject
Folder,Dropbox:MultiModal/LungTumor,CONTAINS,File,Dropbox:MultiModal/LungTumor/MRI/DragonflyROIs/roi-13-week13.ORSObject
Folder,Dropbox:MultiModal/LungTumor,CONTAINS,File,Dropbox:MultiModal/LungTumor/MRI/DragonflyROIs/roi-15-week8.ORSObject
Folder,Dropbox:MultiModal/LungTumor,CONTAINS,File,Dropbox:MultiModal/LungTumor/MRI/DragonflyROIs/roi-11-week9.ORSObject
Folder,Dropbox:MultiModal/LungTumor,CONTAINS,File,Dropbox:MultiModal/LungTumor/MRI/DragonflyROIs/roi-12-week11.ORSObject
Folder,Dropbox:MultiModal/LungTumor,CONTAINS,File,Dropbox:MultiModal/LungTumor/MRI/DragonflyROIs/roi-10-week13.ORSObject
Folder,Dropbox:MultiModal/LungTumor,CONTAINS,File,Dropbox:MultiModal/LungTumor/MRI/DragonflyROIs/roi-10-week14.ORSObject
Folder,Dropbox:MultiModal/LungTumor,CONTAINS,File,Dropbox:MultiModal/LungTumor/MRI/DragonflyROIs/roi-15-week13.ORSObject
Folder,Dropbox:MultiModal/LungTumor,CONTAINS,File,Dropbox:MultiModal/LungTumor/MRI/DragonflyROIs/roi-12-week9.ORSObject
Folder,Dropbox:MultiModal/LungTumor,CONTAINS,File,Dropbox:MultiModal/LungTumor/MRI/DragonflyROIs/roi-19-week14.ORSObject
Folder,Dropbox:MultiModal/LungTumor,CONTAINS,File,Dropbox:MultiModal/LungTumor/MRI/DragonflyROIs/roi-11-week14.ORSObject
Folder,Dropbox:MultiModal/LungTumor,CONTAINS,File,Dropbox:MultiModal/LungTumor/MRI/DragonflyROIs/roi-13-week8.ORSObject
Folder,Dropbox:MultiModal/LungTumor,CONTAINS,File,Dropbox:MultiModal/LungTumor/MRI/DragonflyROIs/roi-13-week11-small.ORSObject
Folder,Dropbox:MultiModal/LungTumor,CONTAINS,File,Dropbox:MultiModal/LungTumor/MRI/DragonflyROIs/roi-17-week14.ORSObject
Folder,Dropbox:MultiModal/LungTumor,CONTAINS,File,Dropbox:MultiModal/LungTumor/MRI/DragonflyROIs/roi-15-week14.ORSObject
Folder,Dropbox:MultiModal/LungTumor,CONTAINS,File,Dropbox:MultiModal/LungTumor/MRI/DragonflyROIs/roi-15-week12.ORSObject
Folder,Dropbox:MultiModal/LungTumor,CONTAINS,File,Dropbox:MultiModal/LungTumor/MRI/DragonflyROIs/roi-17-week13.ORSObject
Folder,Dropbox:MultiModal/LungTumor,CONTAINS,File,Dropbox:MultiModal/LungTumor/MRI/DragonflyROIs/roi-11-week7.ORSObject
Folder,Dropbox:MultiModal/LungTumor,CONTAINS,File,Dropbox:MultiModal/LungTumor/MRI/DragonflyROIs/roi-15-week7.ORSObject
Folder,Dropbox:MultiModal/LungTumor,CONTAINS,File,Dropbox:MultiModal/LungTumor/MRI/DragonflyROIs/roi-11-week12.ORSObject
Folder,Dropbox:MultiModal/LungTumor,CONTAINS,File,Dropbox:MultiModal/LungTumor/MRI/DragonflyROIs/roi-19-week13.ORSObject
Folder,Dropbox:MultiModal/LungTumor,CONTAINS,File,Dropbox:MultiModal/LungTumor/MRI/DragonflyROIs/roi-14-week12.ORSObject
Folder,Dropbox:MultiModal/LungTumor,CONTAINS,File,Dropbox:MultiModal/LungTumor/MRI/DragonflyROIs/roi-13-week12-small.ORSObject
Folder,Dropbox:MultiModal/LungTumor,CONTAINS,File,Dropbox:MultiModal/LungTumor/MRI/DragonflyROIs/roi-19-week12.ORSObject
Folder,Dropbox:MultiModal/LungTumor,CONTAINS,File,Dropbox:MultiModal/LungTumor/MRI/DragonflyROIs/roi-17-week9.ORSObject
Folder,Dropbox:MultiModal/LungTumor,CONTAINS,File,Dropbox:MultiModal/LungTumor/MRI/DragonflyROIs/roi-13-week11.ORSObject
Folder,Dropbox:MultiModal/LungTumor,CONTAINS,File,Dropbox:MultiModal/LungTumor/MRI/DragonflyROIs/roi-19-week6.ORSObject
Folder,Dropbox:MultiModal/LungTumor,CONTAINS,File,Dropbox:MultiModal/LungTumor/MRI/DragonflyROIs/roi-11-week13.ORSObject
Folder,Dropbox:MultiModal/LungTumor,CONTAINS,File,Dropbox:MultiModal/LungTumor/MRI/DragonflyROIs/roi-10-week7.ORSObject
Folder,Dropbox:MultiModal/LungTumor,CONTAINS,File,Dropbox:MultiModal/LungTumor/MRI/DragonflySessions/10.ORSSession
Subject,M10,HAS_DERIVED,File,Dropbox:MultiModal/LungTumor/MRI/DragonflySessions/10.ORSSession
Folder,Dropbox:MultiModal/LungTumor,CONTAINS,File,Dropbox:MultiModal/LungTumor/MRI/DragonflySessions/10.ORSSession.ORSObject
Subject,M10,HAS_DERIVED,File,Dropbox:MultiModal/LungTumor/MRI/DragonflySessions/10.ORSSession.ORSObject
Folder,Dropbox:MultiModal/LungTumor,CONTAINS,File,Dropbox:MultiModal/LungTumor/MRI/DragonflySessions/11.ORSObject
Subject,M11,HAS_DERIVED,File,Dropbox:MultiModal/LungTumor/MRI/DragonflySessions/11.ORSObject
Folder,Dropbox:MultiModal/LungTumor,CONTAINS,File,Dropbox:MultiModal/LungTumor/MRI/DragonflySessions/11.ORSSession
Subject,M11,HAS_DERIVED,File,Dropbox:MultiModal/LungTumor/MRI/DragonflySessions/11.ORSSession
Folder,Dropbox:MultiModal/LungTumor,CONTAINS,File,Dropbox:MultiModal/LungTumor/MRI/DragonflySessions/12.ORSSession
Subject,M12,HAS_DERIVED,File,Dropbox:MultiModal/LungTumor/MRI/DragonflySessions/12.ORSSession
Folder,Dropbox:MultiModal/LungTumor,CONTAINS,File,Dropbox:MultiModal/LungTumor/MRI/DragonflySessions/13.ORSSession
Subject,M13,HAS_DERIVED,File,Dropbox:MultiModal/LungTumor/MRI/DragonflySessions/13.ORSSession
Folder,Dropbox:MultiModal/LungTumor,CONTAINS,File,Dropbox:MultiModal/LungTumor/MRI/DragonflySessions/14.ORSSession
Subject,M14,HAS_DERIVED,File,Dropbox:MultiModal/LungTumor/MRI/DragonflySessions/14.ORSSession
Folder,Dropbox:MultiModal/LungTumor,CONTAINS,File,Dropbox:MultiModal/LungTumor/MRI/DragonflySessions/15.ORSSession
Subject,M15,HAS_DERIVED,File,Dropbox:MultiModal/LungTumor/MRI/DragonflySessions/15.ORSSession
Folder,Dropbox:MultiModal/LungTumor,CONTAINS,File,Dropbox:MultiModal/LungTumor/MRI/DragonflySessions/17.ORSSession
Subject,M17,HAS_DERIVED,File,Dropbox:MultiModal/LungTumor/MRI/DragonflySessions/17.ORSSession
Folder,Dropbox:MultiModal/LungTumor,CONTAINS,File,Dropbox:MultiModal/LungTumor/MRI/DragonflySessions/19.ORSSession
Subject,M19,HAS_DERIVED,File,Dropbox:MultiModal/LungTumor/MRI/DragonflySessions/19.ORSSession
Folder,Dropbox:MultiModal/LungTumor,CONTAINS,Folder,Dropbox:MultiModal/LungTumor/MRI/DragonflySessions/m10_wk10
Folder,Dropbox:MultiModal/LungTumor,CONTAINS,Folder,Dropbox:MultiModal/LungTumor/MRI/DragonflySessions/m10_wk13
Folder,Dropbox:MultiModal/LungTumor,CONTAINS,Folder,Dropbox:MultiModal/LungTumor/MRI/DragonflySessions/m10_wk14
Folder,Dropbox:MultiModal/LungTumor,CONTAINS,Folder,Dropbox:MultiModal/LungTumor/MRI/DragonflySessions/m11_wk6
Folder,Dropbox:MultiModal/LungTumor,CONTAINS,Folder,Dropbox:MultiModal/LungTumor/MRI/DragonflySessions/m11_wk7
Folder,Dropbox:MultiModal/LungTumor,CONTAINS,Folder,Dropbox:MultiModal/LungTumor/MRI/DragonflySessions/m11_wk8
Folder,Dropbox:MultiModal/LungTumor,CONTAINS,File,Dropbox:MultiModal/LungTumor/MRI/LungTumorVolume.xlsx
Folder,Dropbox:MultiModal/LungTumor,CONTAINS,File,Dropbox:MultiModal/LungTumor/MRI/MRILungTumor.ijm
Folder,Dropbox:MultiModal/LungTumor,CONTAINS,File,Dropbox:MultiModal/LungTumor/MRI/MRI lung tumor workflow.pptx
Folder,Dropbox:MultiModal/LungTumor,CONTAINS,File,Dropbox:MultiModal/LungTumor/MRI/1013
Folder,Dropbox:MultiModal/LungTumor,CONTAINS,File,Dropbox:MultiModal/LungTumor/MRI/LungTumorVolume.pptm
Folder,Dropbox:MultiModal/LungTumor,CONTAINS,File,Dropbox:MultiModal/LungTumor/MRI/tree.out
Folder,Dropbox:MultiModal/LungTumor,CONTAINS,Folder,Dropbox:MultiModal/LungTumor/IVIS/PNGfiles_allweeks_IVIS
Folder,Dropbox:MultiModal/LungTumor,CONTAINS,Folder,Dropbox:MultiModal/LungTumor/IVIS/baseline 01222024
Folder,Dropbox:MultiModal/LungTumor,CONTAINS,Folder,Dropbox:MultiModal/LungTumor/IVIS/week 12_IVIS
Folder,Dropbox:MultiModal/LungTumor,CONTAINS,Folder,Dropbox:MultiModal/LungTumor/IVIS/week 13_IVIS
Folder,Dropbox:MultiModal/LungTumor/IVIS/week 13_IVIS,COPY_OF,Folder,Dropbox:MultiModal/LungTumor/IVIS/week 12_IVIS
Folder,Dropbox:MultiModal/LungTumor,CONTAINS,Folder,Dropbox:MultiModal/LungTumor/IVIS/week10_IVIS
Folder,Dropbox:MultiModal/LungTumor,CONTAINS,Folder,Dropbox:MultiModal/LungTumor/IVIS/week11_IVIS
Folder,Dropbox:MultiModal/LungTumor,CONTAINS,Folder,Dropbox:MultiModal/LungTumor/IVIS/week14_IVIS
Folder,Dropbox:MultiModal/LungTumor,CONTAINS,Folder,Dropbox:MultiModal/LungTumor/IVIS/week7_IVIS
Folder,Dropbox:MultiModal/LungTumor,CONTAINS,Folder,Dropbox:MultiModal/LungTumor/IVIS/week8 IVIS
Folder,Dropbox:MultiModal/LungTumor,CONTAINS,Folder,Dropbox:MultiModal/LungTumor/IVIS/week8_11_14_images
Folder,Dropbox:MultiModal/LungTumor,CONTAINS,Folder,Dropbox:MultiModal/LungTumor/IVIS/week9_IVIS
Folder,Dropbox:MultiModal/LungTumor/IVIS/baseline 01222024,CONTAINS,Folder,Dropbox:MultiModal/LungTumor/IVIS/baseline 01222024/Living Image files/SME20240122152900
Folder,Dropbox:MultiModal/LungTumor/IVIS/baseline 01222024,CONTAINS,Folder,Dropbox:MultiModal/LungTumor/IVIS/baseline 01222024/Living Image files/SME20240122154353
Folder,Dropbox:MultiModal/LungTumor/IVIS/baseline 01222024,CONTAINS,Folder,Dropbox:MultiModal/LungTumor/IVIS/baseline 01222024/Living Image files/SME20240122160513
Folder,Dropbox:MultiModal/LungTumor/IVIS/week 12_IVIS,CONTAINS,Folder,Dropbox:MultiModal/LungTumor/IVIS/week 12_IVIS/SME20240305145610
Folder,Dropbox:MultiModal/LungTumor/IVIS/week 12_IVIS,CONTAINS,Folder,Dropbox:MultiModal/LungTumor/IVIS/week 12_IVIS/SME20240305145759
Folder,Dropbox:MultiModal/LungTumor/IVIS/week 12_IVIS,CONTAINS,Folder,Dropbox:MultiModal/LungTumor/IVIS/week 12_IVIS/SME20240305150013
Folder,Dropbox:MultiModal/LungTumor/IVIS/week 12_IVIS,CONTAINS,Folder,Dropbox:MultiModal/LungTumor/IVIS/week 12_IVIS/SME20240305150744
Folder,Dropbox:MultiModal/LungTumor/IVIS/week 12_IVIS,CONTAINS,Folder,Dropbox:MultiModal/LungTumor/IVIS/week 12_IVIS/SME20240305151020
Folder,Dropbox:MultiModal/LungTumor/IVIS/week 12_IVIS,CONTAINS,Folder,Dropbox:MultiModal/LungTumor/IVIS/week 12_IVIS/SME20240305151345
Folder,Dropbox:MultiModal/LungTumor/IVIS/week 12_IVIS,CONTAINS,Folder,Dropbox:MultiModal/LungTumor/IVIS/week 12_IVIS/SME20240305151814
Folder,Dropbox:MultiModal/LungTumor/IVIS/week 12_IVIS,CONTAINS,Folder,Dropbox:MultiModal/LungTumor/IVIS/week 12_IVIS/SME20240305153142
Folder,Dropbox:MultiModal/LungTumor/IVIS/week 12_IVIS,CONTAINS,Folder,Dropbox:MultiModal/LungTumor/IVIS/week 12_IVIS/SME20240305153421
Folder,Dropbox:MultiModal/LungTumor/IVIS/week 12_IVIS,CONTAINS,Folder,Dropbox:MultiModal/LungTumor/IVIS/week 12_IVIS/SME20240305153652
Folder,Dropbox:MultiModal/LungTumor/IVIS/week 13_IVIS,CONTAINS,Folder,Dropbox:MultiModal/LungTumor/IVIS/week 13_IVIS/SME20240305145610
Folder,Dropbox:MultiModal/LungTumor/IVIS/week 13_IVIS/SME20240305145610,COPY_OF,Folder,Dropbox:MultiModal/LungTumor/IVIS/week 12_IVIS/SME20240305145610
Folder,Dropbox:MultiModal/LungTumor/IVIS/week 13_IVIS,CONTAINS,Folder,Dropbox:MultiModal/LungTumor/IVIS/week 13_IVIS/SME20240305145759
Folder,Dropbox:MultiModal/LungTumor/IVIS/week 13_IVIS/SME20240305145759,COPY_OF,Folder,Dropbox:MultiModal/LungTumor/IVIS/week 12_IVIS/SME20240305145759
Folder,Dropbox:MultiModal/LungTumor/IVIS/week 13_IVIS,CONTAINS,Folder,Dropbox:MultiModal/LungTumor/IVIS/week 13_IVIS/SME20240305150013
Folder,Dropbox:MultiModal/LungTumor/IVIS/week 13_IVIS/SME20240305150013,COPY_OF,Folder,Dropbox:MultiModal/LungTumor/IVIS/week 12_IVIS/SME20240305150013
Folder,Dropbox:MultiModal/LungTumor/IVIS/week 13_IVIS,CONTAINS,Folder,Dropbox:MultiModal/LungTumor/IVIS/week 13_IVIS/SME20240305150744
Folder,Dropbox:MultiModal/LungTumor/IVIS/week 13_IVIS/SME20240305150744,COPY_OF,Folder,Dropbox:MultiModal/LungTumor/IVIS/week 12_IVIS/SME20240305150744
Folder,Dropbox:MultiModal/LungTumor/IVIS/week 13_IVIS,CONTAINS,Folder,Dropbox:MultiModal/LungTumor/IVIS/week 13_IVIS/SME20240305151020
Folder,Dropbox:MultiModal/LungTumor/IVIS/week 13_IVIS/SME20240305151020,COPY_OF,Folder,Dropbox:MultiModal/LungTumor/IVIS/week 12_IVIS/SME20240305151020
Folder,Dropbox:MultiModal/LungTumor/IVIS/week 13_IVIS,CONTAINS,Folder,Dropbox:MultiModal/LungTumor/IVIS/week 13_IVIS/SME20240305151345
Folder,Dropbox:MultiModal/LungTumor/IVIS/week 13_IVIS/SME20240305151345,COPY_OF,Folder,Dropbox:MultiModal/LungTumor/IVIS/week 12_IVIS/SME20240305151345
Folder,Dropbox:MultiModal/LungTumor/IVIS/week 13_IVIS,CONTAINS,Folder,Dropbox:MultiModal/LungTumor/IVIS/week 13_IVIS/SME20240305151814
Folder,Dropbox:MultiModal/LungTumor/IVIS/week 13_IVIS/SME20240305151814,COPY_OF,Folder,Dropbox:MultiModal/LungTumor/IVIS/week 12_IVIS/SME20240305151814
Folder,Dropbox:MultiModal/LungTumor/IVIS/week 13_IVIS,CONTAINS,Folder,Dropbox:MultiModal/LungTumor/IVIS/week 13_IVIS/SME20240305153142
Folder,Dropbox:MultiModal/LungTumor/IVIS/week 13_IVIS/SME20240305153142,COPY_OF,Folder,Dropbox:MultiModal/LungTumor/IVIS/week 12_IVIS/SME20240305153142
Folder,Dropbox:MultiModal/LungTumor/IVIS/week 13_IVIS,CONTAINS,Folder,Dropbox:MultiModal/LungTumor/IVIS/week 13_IVIS/SME20240305153421
Folder,Dropbox:MultiModal/LungTumor/IVIS/week 13_IVIS/SME20240305153421,COPY_OF,Folder,Dropbox:MultiModal/LungTumor/IVIS/week 12_IVIS/SME20240305153421
Folder,Dropbox:MultiModal/LungTumor/IVIS/week 13_IVIS,CONTAINS,Folder,Dropbox:MultiModal/LungTumor/IVIS/week 13_IVIS/SME20240305153652
Folder,Dropbox:MultiModal/LungTumor/IVIS/week 13_IVIS/SME20240305153652,COPY_OF,Folder,Dropbox:MultiModal/LungTumor/IVIS/week 12_IVIS/SME20240305153652
Folder,Dropbox:MultiModal/LungTumor/IVIS/week10_IVIS,CONTAINS,Folder,Dropbox:MultiModal/LungTumor/IVIS/week10_IVIS/SME20240220182846
Folder,Dropbox:MultiModal/LungTumor/IVIS/week10_IVIS,CONTAINS,Folder,Dropbox:MultiModal/LungTumor/IVIS/week10_IVIS/SME20240220183104
Folder,Dropbox:MultiModal/LungTumor/IVIS/week10_IVIS,CONTAINS,Folder,Dropbox:MultiModal/LungTumor/IVIS/week10_IVIS/SME20240220183316
Folder,Dropbox:MultiModal/LungTumor/IVIS/week10_IVIS,CONTAINS,Folder,Dropbox:MultiModal/LungTumor/IVIS/week10_IVIS/SME20240220183623
Folder,Dropbox:MultiModal/LungTumor/IVIS/week10_IVIS,CONTAINS,Folder,Dropbox:MultiModal/LungTumor/IVIS/week10_IVIS/SME20240220183836
Folder,Dropbox:MultiModal/LungTumor/IVIS/week10_IVIS,CONTAINS,Folder,Dropbox:MultiModal/LungTumor/IVIS/week10_IVIS/SME20240220184044
Folder,Dropbox:MultiModal/LungTumor/IVIS/week10_IVIS,CONTAINS,Folder,Dropbox:MultiModal/LungTumor/IVIS/week10_IVIS/SME20240220185148
Folder,Dropbox:MultiModal/LungTumor/IVIS/week10_IVIS,CONTAINS,Folder,Dropbox:MultiModal/LungTumor/IVIS/week10_IVIS/SME20240220185355
Folder,Dropbox:MultiModal/LungTumor/IVIS/week10_IVIS,CONTAINS,Folder,Dropbox:MultiModal/LungTumor/IVIS/week10_IVIS/SME20240220185618
Folder,Dropbox:MultiModal/LungTumor/IVIS/week10_IVIS,CONTAINS,Folder,Dropbox:MultiModal/LungTumor/IVIS/week10_IVIS/SME20240220190630_SEQ
Folder,Dropbox:MultiModal/LungTumor/IVIS/week11_IVIS,CONTAINS,Folder,Dropbox:MultiModal/LungTumor/IVIS/week11_IVIS/SME20240229110412_SEQ
Folder,Dropbox:MultiModal/LungTumor/IVIS/week11_IVIS,CONTAINS,Folder,Dropbox:MultiModal/LungTumor/IVIS/week11_IVIS/SME20240229110954_SEQ
Folder,Dropbox:MultiModal/LungTumor/IVIS/week11_IVIS,CONTAINS,Folder,Dropbox:MultiModal/LungTumor/IVIS/week11_IVIS/SME20240229111259
Folder,Dropbox:MultiModal/LungTumor/IVIS/week11_IVIS,CONTAINS,Folder,Dropbox:MultiModal/LungTumor/IVIS/week11_IVIS/SME20240229111517
Folder,Dropbox:MultiModal/LungTumor/IVIS/week11_IVIS,CONTAINS,Folder,Dropbox:MultiModal/LungTumor/IVIS/week11_IVIS/SME20240229111747
Folder,Dropbox:MultiModal/LungTumor/IVIS/week11_IVIS,CONTAINS,Folder,Dropbox:MultiModal/LungTumor/IVIS/week11_IVIS/SME20240229112108
Folder,Dropbox:MultiModal/LungTumor/IVIS/week11_IVIS,CONTAINS,Folder,Dropbox:MultiModal/LungTumor/IVIS/week11_IVIS/SME20240229112326
Folder,Dropbox:MultiModal/LungTumor/IVIS/week11_IVIS,CONTAINS,Folder,Dropbox:MultiModal/LungTumor/IVIS/week11_IVIS/SME20240229112708
Folder,Dropbox:MultiModal/LungTumor/IVIS/week11_IVIS,CONTAINS,Folder,Dropbox:MultiModal/LungTumor/IVIS/week11_IVIS/SME20240229121754
Folder,Dropbox:MultiModal/LungTumor/IVIS/week11_IVIS,CONTAINS,Folder,Dropbox:MultiModal/LungTumor/IVIS/week11_IVIS/SME20240229122344
Folder,Dropbox:MultiModal/LungTumor/IVIS/week11_IVIS,CONTAINS,Folder,Dropbox:MultiModal/LungTumor/IVIS/week11_IVIS/SME20240229122553
Folder,Dropbox:MultiModal/LungTumor/IVIS/week11_IVIS,CONTAINS,Folder,Dropbox:MultiModal/LungTumor/IVIS/week11_IVIS/SME20240229122808
Folder,Dropbox:MultiModal/LungTumor/IVIS/week11_IVIS,CONTAINS,Folder,Dropbox:MultiModal/LungTumor/IVIS/week11_IVIS/SME20240301102731
Folder,Dropbox:MultiModal/LungTumor/IVIS/week11_IVIS,CONTAINS,Folder,Dropbox:MultiModal/LungTumor/IVIS/week11_IVIS/SME20240301102930
Folder,Dropbox:MultiModal/LungTumor/IVIS/week11_IVIS,CONTAINS,Folder,Dropbox:MultiModal/LungTumor/IVIS/week11_IVIS/SME20240301103118
Folder,Dropbox:MultiModal/LungTumor/IVIS/week11_IVIS,CONTAINS,Folder,Dropbox:MultiModal/LungTumor/IVIS/week11_IVIS/SME20240301103316
Folder,Dropbox:MultiModal/LungTumor/IVIS/week11_IVIS,CONTAINS,Folder,Dropbox:MultiModal/LungTumor/IVIS/week11_IVIS/SME20240301103517
Folder,Dropbox:MultiModal/LungTumor/IVIS/week14_IVIS,CONTAINS,Folder,Dropbox:MultiModal/LungTumor/IVIS/week14_IVIS/SME20240319141706
Folder,Dropbox:MultiModal/LungTumor/IVIS/week14_IVIS,CONTAINS,Folder,Dropbox:MultiModal/LungTumor/IVIS/week14_IVIS/SME20240319141829
Folder,Dropbox:MultiModal/LungTumor/IVIS/week14_IVIS,CONTAINS,Folder,Dropbox:MultiModal/LungTumor/IVIS/week14_IVIS/SME20240319142653
Folder,Dropbox:MultiModal/LungTumor/IVIS/week14_IVIS,CONTAINS,Folder,Dropbox:MultiModal/LungTumor/IVIS/week14_IVIS/SME20240319142734
Folder,Dropbox:MultiModal/LungTumor/IVIS/week14_IVIS,CONTAINS,Folder,Dropbox:MultiModal/LungTumor/IVIS/week14_IVIS/SME20240319145246
Folder,Dropbox:MultiModal/LungTumor/IVIS/week14_IVIS,CONTAINS,Folder,Dropbox:MultiModal/LungTumor/IVIS/week14_IVIS/SME20240319145403
Folder,Dropbox:MultiModal/LungTumor/IVIS/week14_IVIS,CONTAINS,Folder,Dropbox:MultiModal/LungTumor/IVIS/week14_IVIS/SME20240319145831
Folder,Dropbox:MultiModal/LungTumor/IVIS/week14_IVIS,CONTAINS,Folder,Dropbox:MultiModal/LungTumor/IVIS/week14_IVIS/SME20240319150046
Folder,Dropbox:MultiModal/LungTumor/IVIS/week14_IVIS,CONTAINS,Folder,Dropbox:MultiModal/LungTumor/IVIS/week14_IVIS/SME20240319150545
Folder,Dropbox:MultiModal/LungTumor/IVIS/week7_IVIS,CONTAINS,Folder,Dropbox:MultiModal/LungTumor/IVIS/week7_IVIS/SME20240129161434
Folder,Dropbox:MultiModal/LungTumor/IVIS/week7_IVIS,CONTAINS,Folder,Dropbox:MultiModal/LungTumor/IVIS/week7_IVIS/SME20240129161804
Folder,Dropbox:MultiModal/LungTumor/IVIS/week7_IVIS,CONTAINS,Folder,Dropbox:MultiModal/LungTumor/IVIS/week7_IVIS/SME20240129162016_SEQ
Folder,Dropbox:MultiModal/LungTumor/IVIS/week7_IVIS,CONTAINS,Folder,Dropbox:MultiModal/LungTumor/IVIS/week7_IVIS/SME20240129164009_SEQ
Folder,Dropbox:MultiModal/LungTumor/IVIS/week8 IVIS,CONTAINS,Folder,Dropbox:MultiModal/LungTumor/IVIS/week8 IVIS/SME20240205183359_SEQ
Folder,Dropbox:MultiModal/LungTumor/IVIS/week8 IVIS,CONTAINS,Folder,Dropbox:MultiModal/LungTumor/IVIS/week8 IVIS/SME20240205184459_SEQ
Folder,Dropbox:MultiModal/LungTumor/IVIS/week8 IVIS,CONTAINS,Folder,Dropbox:MultiModal/LungTumor/IVIS/week8 IVIS/SME20240205190848_SEQ
Folder,Dropbox:MultiModal/LungTumor/IVIS/week9_IVIS,CONTAINS,Folder,Dropbox:MultiModal/LungTumor/IVIS/week9_IVIS/SME20240213140737
Folder,Dropbox:MultiModal/LungTumor/IVIS/week9_IVIS,CONTAINS,Folder,Dropbox:MultiModal/LungTumor/IVIS/week9_IVIS/SME20240213140943
Folder,Dropbox:MultiModal/LungTumor/IVIS/week9_IVIS,CONTAINS,Folder,Dropbox:MultiModal/LungTumor/IVIS/week9_IVIS/SME20240213141152
Folder,Dropbox:MultiModal/LungTumor/IVIS/week9_IVIS,CONTAINS,Folder,Dropbox:MultiModal/LungTumor/IVIS/week9_IVIS/SME20240213141800
Folder,Dropbox:MultiModal/LungTumor/IVIS/week9_IVIS,CONTAINS,Folder,Dropbox:MultiModal/LungTumor/IVIS/week9_IVIS/SME20240213141835_SEQ
Folder,Dropbox:MultiModal/LungTumor/IVIS/week9_IVIS,CONTAINS,Folder,Dropbox:MultiModal/LungTumor/IVIS/week9_IVIS/SME20240213142014
Folder,Dropbox:MultiModal/LungTumor/IVIS/week9_IVIS,CONTAINS,Folder,Dropbox:MultiModal/LungTumor/IVIS/week9_IVIS/SME20240213142223
Folder,Dropbox:MultiModal/LungTumor/IVIS/week9_IVIS,CONTAINS,Folder,Dropbox:MultiModal/LungTumor/IVIS/week9_IVIS/SME20240213142643_SEQ
Folder,Dropbox:MultiModal/LungTumor/IVIS/week9_IVIS,CONTAINS,Folder,Dropbox:MultiModal/LungTumor/IVIS/week9_IVIS/SME20240213143938
Folder,Dropbox:MultiModal/LungTumor/IVIS/week9_IVIS,CONTAINS,Folder,Dropbox:MultiModal/LungTumor/IVIS/week9_IVIS/SME20240213144148
Folder,Dropbox:MultiModal/LungTumor/IVIS/week9_IVIS,CONTAINS,Folder,Dropbox:MultiModal/LungTumor/IVIS/week9_IVIS/SME20240213144403
Folder,Dropbox:MultiModal/LungTumor/IVIS/week9_IVIS,CONTAINS,Folder,Dropbox:MultiModal/LungTumor/IVIS/week9_IVIS/SME20240213144653_SEQ
Folder,Dropbox:MultiModal/LungTumor,CONTAINS,Folder,Dropbox:MultiModal/LungTumor/Cage Card photos
Folder,Dropbox:MultiModal/LungTumor,CONTAINS,Folder,Dropbox:MultiModal/LungTumor/IVISimages04232024
Folder,Dropbox:MultiModal/LungTumor,CONTAINS,File,Dropbox:MultiModal/LungTumor/IVISlungdata042024.xlsx
Folder,Dropbox:MultiModal/LungTumor,CONTAINS,File,Dropbox:MultiModal/LungTumor/LungTumorMouseID.xlsx
Folder,Dropbox:MultiModal/LungTumor,CONTAINS,File,Dropbox:MultiModal/LungTumor/LungTumorVolumeMRI.xlsx
Folder,Dropbox:MultiModal/LungTumor,CONTAINS,File,"Dropbox:MultiModal/LungTumor/Monitoring mouse lung tumors via MRI, IVIS.pptx"
Folder,Dropbox:MultiModal/LungTumor,CONTAINS,File,Dropbox:MultiModal/LungTumor/Multimodal Lung Tumors - preliminary summary images and data.pptx
Folder,Dropbox:MultiModal/LungTumor,CONTAINS,Folder,Dropbox:MultiModal/LungTumor/filtered rotated CFT
Folder,Dropbox:MultiModal/LungTumor,CONTAINS,File,Dropbox:MultiModal/LungTumor/multimodal lung tumor CT volume measurements 2 (Milton's changes 2024-05-28).xlsx
Folder,Dropbox:MultiModal/LungTumor,CONTAINS,File,Dropbox:MultiModal/LungTumor/multimodal lung tumor CT volume measurements 2.xlsx
Folder,Dropbox:MultiModal/LungTumor,CONTAINS,File,Dropbox:MultiModal/LungTumor/multimodal lung tumor CT volume measurements.xlsx
Folder,Dropbox:MultiModal/LungTumor,CONTAINS,Folder,Dropbox:MultiModal/LungTumor/zzz
ImagingSession,LWM-IVIS-M10-W06,STORED_IN,Folder,Dropbox:MultiModal/LungTumor/IVIS/baseline 01222024
ImagingSession,LWM-IVIS-M10-W07,STORED_IN,Folder,Dropbox:MultiModal/LungTumor/IVIS/week7_IVIS
ImagingSession,LWM-IVIS-M10-W08,STORED_IN,Folder,Dropbox:MultiModal/LungTumor/IVIS/week8 IVIS
ImagingSession,LWM-IVIS-M10-W09,STORED_IN,Folder,Dropbox:MultiModal/LungTumor/IVIS/week9_IVIS
ImagingSession,LWM-IVIS-M10-W10,STORED_IN,Folder,Dropbox:MultiModal/LungTumor/IVIS/week10_IVIS
ImagingSession,LWM-IVIS-M10-W11,STORED_IN,Folder,Dropbox:MultiModal/LungTumor/IVIS/week11_IVIS
ImagingSession,LWM-IVIS-M10-W12,STORED_IN,Folder,Dropbox:MultiModal/LungTumor/IVIS/week 12_IVIS
ImagingSession,LWM-IVIS-M10-W14,STORED_IN,Folder,Dropbox:MultiModal/LungTumor/IVIS/week14_IVIS
ImagingSession,LWM-MCT-M10-W06,STORED_IN,Folder,atwai:/data0/core/atwai/Anderson_Scott/Multimodal/MultiModal Lung tumor test/raw data/wk6-10_Rec
ImagingSession,LWM-MCT-M10-W06,HAS_DERIVED,Folder,atwai:/data0/core/atwai/archive/microct/longitudinal mouse lung tumors/wk6-10_Rec-Nifti
ImagingSession,LWM-MCT-M10-W07,STORED_IN,Folder,atwai:/data0/core/atwai/Anderson_Scott/Multimodal/MultiModal Lung tumor test/raw data/wk7-10_Rec
ImagingSession,LWM-MCT-M10-W07,HAS_DERIVED,Folder,atwai:/data0/core/atwai/archive/microct/longitudinal mouse lung tumors/wk7-10_Rec-Nifti
ImagingSession,LWM-MCT-M10-W08,STORED_IN,Folder,atwai:/data0/core/atwai/Anderson_Scott/Multimodal/MultiModal Lung tumor test/raw data/wk8_10_Rec
ImagingSession,LWM-MCT-M10-W08,HAS_DERIVED,Folder,atwai:/data0/core/atwai/archive/microct/longitudinal mouse lung tumors/wk8_10_Rec-Nifti
ImagingSession,LWM-MCT-M10-W09,STORED_IN,Folder,atwai:/data0/core/atwai/Anderson_Scott/Multimodal/MultiModal Lung tumor test/raw data/wk9_10_Rec
ImagingSession,LWM-MCT-M10-W09,HAS_DERIVED,Folder,atwai:/data0/core/atwai/archive/microct/longitudinal mouse lung tumors/wk9_10_Rec-Nifti
ImagingSession,LWM-MCT-M10-W10,STORED_IN,Folder,atwai:/data0/core/atwai/Anderson_Scott/Multimodal/MultiModal Lung tumor test/raw data/wk10_10_Rec
ImagingSession,LWM-MCT-M10-W10,HAS_DERIVED,Folder,atwai:/data0/core/atwai/archive/microct/longitudinal mouse lung tumors/wk10_10_Rec-Nifti
ImagingSession,LWM-MCT-M10-W11,STORED_IN,Folder,atwai:/data0/core/atwai/Anderson_Scott/Multimodal/MultiModal Lung tumor test/raw data/wk11_10_Rec
ImagingSession,LWM-MCT-M10-W11,HAS_DERIVED,Folder,atwai:/data0/core/atwai/archive/microct/longitudinal mouse lung tumors/wk11_10_Rec-Nifti
ImagingSession,LWM-MCT-M10-W13,STORED_IN,Folder,atwai:/data0/core/atwai/Anderson_Scott/Multimodal/MultiModal Lung tumor test/raw data/wk13_10_Rec
ImagingSession,LWM-MCT-M10-W13,HAS_DERIVED,Folder,atwai:/data0/core/atwai/archive/microct/longitudinal mouse lung tumors/wk13_10_Rec-Nifti
ImagingSession,LWM-MCT-M10-W14,STORED_IN,Folder,atwai:/data0/core/atwai/Anderson_Scott/Multimodal/MultiModal Lung tumor test/raw data/wk14_10_Rec
ImagingSession,LWM-MCT-M10-W14,HAS_DERIVED,Folder,atwai:/data0/core/atwai/archive/microct/longitudinal mouse lung tumors/wk14_10_Rec-Nifti
ImagingSession,LWM-MRI-M10-W06,STORED_IN,Folder,atwai:/data0/core/atwai/huangw/2024/20240122_135942_AIPT_multimodelLung20240122_1_85
ImagingSession,LWM-MRI-M10-W06,STORED_IN,File,Dropbox:MultiModal/LungTumor/MRI/01-22-2024/10.dcm
ImagingSession,LWM-MRI-M10-W06,HAS_DERIVED,File,Dropbox:MultiModal/LungTumor/MRI/01-22-2024/10-week6.tif
ImagingSession,LWM-MRI-M10-W06,HAS_DERIVED,File,Dropbox:MultiModal/LungTumor/MRI/DragonflyROIs/roi-10-week6.ORSObject
ImagingSession,LWM-MRI-M10-W07,STORED_IN,Folder,atwai:/data0/core/atwai/huangw/2024/20240129_112442_AIPT_multimodelLung20240129_1_86
ImagingSession,LWM-MRI-M10-W07,STORED_IN,File,Dropbox:MultiModal/LungTumor/MRI/01-29-2024/10.dcm
ImagingSession,LWM-MRI-M10-W07,HAS_DERIVED,File,Dropbox:MultiModal/LungTumor/MRI/01-29-2024/10-week7.tif
ImagingSession,LWM-MRI-M10-W07,HAS_DERIVED,File,Dropbox:MultiModal/LungTumor/MRI/DragonflyROIs/roi-10-week7.ORSObject
ImagingSession,LWM-MRI-M10-W08,STORED_IN,Folder,atwai:/data0/core/atwai/huangw/2024/20240205_122416_AIPT_multiModelLung20240205_1_89
ImagingSession,LWM-MRI-M10-W08,STORED_IN,File,Dropbox:MultiModal/LungTumor/MRI/02-05-2024/10.dcm
ImagingSession,LWM-MRI-M10-W08,HAS_DERIVED,File,Dropbox:MultiModal/LungTumor/MRI/02-05-2024/10-week8.tif
ImagingSession,LWM-MRI-M10-W08,HAS_DERIVED,File,Dropbox:MultiModal/LungTumor/MRI/02-05-2024/10.dcm_Tumor_Overlay.tif
ImagingSession,LWM-MRI-M10-W08,HAS_DERIVED,File,Dropbox:MultiModal/LungTumor/MRI/DragonflyROIs/roi-10-week8.ORSObject
ImagingSession,LWM-MRI-M10-W09,STORED_IN,Folder,atwai:/data0/core/atwai/huangw/2024/20240212_140325_AIPT_multimodelLung20240212_1_90
ImagingSession,LWM-MRI-M10-W09,STORED_IN,File,Dropbox:MultiModal/LungTumor/MRI/02-12-2024/10.dcm
ImagingSession,LWM-MRI-M10-W09,HAS_DERIVED,File,Dropbox:MultiModal/LungTumor/MRI/02-12-2024/10-week9.tif
ImagingSession,LWM-MRI-M10-W09,HAS_DERIVED,File,Dropbox:MultiModal/LungTumor/MRI/DragonflyROIs/roi-10-week9.ORSObject
ImagingSession,LWM-MRI-M10-W11,STORED_IN,Folder,atwai:/data0/core/atwai/huangw/2024/20240226_111137_AIPT_multimodelLung20240226_1_92
ImagingSession,LWM-MRI-M10-W11,STORED_IN,File,Dropbox:MultiModal/LungTumor/MRI/02-26-2024/10.dcm
ImagingSession,LWM-MRI-M10-W11,HAS_DERIVED,File,Dropbox:MultiModal/LungTumor/MRI/02-26-2024/10-week11.tif
ImagingSession,LWM-MRI-M10-W11,HAS_DERIVED,File,Dropbox:MultiModal/LungTumor/MRI/DragonflyROIs/roi-10-week11.ORSObject
ImagingSession,LWM-MRI-M10-W12,STORED_IN,Folder,atwai:/data0/core/atwai/huangw/2024/20240304_151201_AIPT_multimodelLung20240304_1_95
ImagingSession,LWM-MRI-M10-W12,STORED_IN,File,Dropbox:MultiModal/LungTumor/MRI/03-04-2024/10.dcm
ImagingSession,LWM-MRI-M10-W12,HAS_DERIVED,File,Dropbox:MultiModal/LungTumor/MRI/03-04-2024/10-week12.tif
ImagingSession,LWM-MRI-M10-W12,HAS_DERIVED,File,Dropbox:MultiModal/LungTumor/MRI/DragonflyROIs/roi-10-week12.ORSObject
ImagingSession,LWM-MRI-M10-W13,STORED_IN,Folder,atwai:/data0/core/atwai/huangw/2024/20240311_142100_AIPT_20240311multimodalLung_1_99
ImagingSession,LWM-MRI-M10-W13,STORED_IN,File,Dropbox:MultiModal/LungTumor/MRI/03-11-2024/10.dcm
ImagingSession,LWM-MRI-M10-W13,HAS_DERIVED,File,Dropbox:MultiModal/LungTumor/MRI/03-11-2024/10-week13.tif
ImagingSession,LWM-MRI-M10-W13,HAS_DERIVED,File,Dropbox:MultiModal/LungTumor/MRI/DragonflyROIs/roi-10-week13.ORSObject
ImagingSession,LWM-MRI-M10-W13,HAS_DERIVED,Folder,Dropbox:MultiModal/LungTumor/MRI/DragonflySessions/m10_wk13
ImagingSession,LWM-MRI-M10-W14,STORED_IN,Folder,atwai:/data0/core/atwai/huangw/2024/20240318_140839_AIPT_MultimodalLung20240318_1_101
ImagingSession,LWM-MRI-M10-W14,STORED_IN,File,Dropbox:MultiModal/LungTumor/MRI/03-18-2024/10.dcm
ImagingSession,LWM-MRI-M10-W14,HAS_DERIVED,File,Dropbox:MultiModal/LungTumor/MRI/03-18-2024/10-week14.tif
ImagingSession,LWM-MRI-M10-W14,HAS_DERIVED,File,Dropbox:MultiModal/LungTumor/MRI/DragonflyROIs/roi-10-week14.ORSObject
ImagingSession,LWM-MRI-M10-W14,HAS_DERIVED,Folder,Dropbox:MultiModal/LungTumor/MRI/DragonflySessions/m10_wk14
ImagingSession,LWM-IVIS-M11-W06,STORED_IN,Folder,Dropbox:MultiModal/LungTumor/IVIS/baseline 01222024
ImagingSession,LWM-IVIS-M11-W07,STORED_IN,Folder,Dropbox:MultiModal/LungTumor/IVIS/week7_IVIS
ImagingSession,LWM-IVIS-M11-W08,STORED_IN,Folder,Dropbox:MultiModal/LungTumor/IVIS/week8 IVIS
ImagingSession,LWM-IVIS-M11-W09,STORED_IN,Folder,Dropbox:MultiModal/LungTumor/IVIS/week9_IVIS
ImagingSession,LWM-IVIS-M11-W10,STORED_IN,Folder,Dropbox:MultiModal/LungTumor/IVIS/week10_IVIS
ImagingSession,LWM-IVIS-M11-W11,STORED_IN,Folder,Dropbox:MultiModal/LungTumor/IVIS/week11_IVIS
ImagingSession,LWM-IVIS-M11-W12,STORED_IN,Folder,Dropbox:MultiModal/LungTumor/IVIS/week 12_IVIS
ImagingSession,LWM-IVIS-M11-W14,STORED_IN,Folder,Dropbox:MultiModal/LungTumor/IVIS/week14_IVIS
ImagingSession,LWM-MCT-M11-W06,STORED_IN,Folder,atwai:/data0/core/atwai/Anderson_Scott/Multimodal/MultiModal Lung tumor test/raw data/wk6-11_Rec
ImagingSession,LWM-MCT-M11-W06,HAS_DERIVED,Folder,atwai:/data0/core/atwai/archive/microct/longitudinal mouse lung tumors/wk6-11_Rec-Nifti
ImagingSession,LWM-MCT-M11-W07,STORED_IN,Folder,atwai:/data0/core/atwai/Anderson_Scott/Multimodal/MultiModal Lung tumor test/raw data/wk7-11_Rec
ImagingSession,LWM-MCT-M11-W07,HAS_DERIVED,Folder,atwai:/data0/core/atwai/archive/microct/longitudinal mouse lung tumors/wk7-11_Rec-Nifti
ImagingSession,LWM-MCT-M11-W08,STORED_IN,Folder,atwai:/data0/core/atwai/Anderson_Scott/Multimodal/MultiModal Lung tumor test/raw data/wk8_11_Rec
ImagingSession,LWM-MCT-M11-W08,HAS_DERIVED,Folder,atwai:/data0/core/atwai/archive/microct/longitudinal mouse lung tumors/wk8_11_Rec-Nifti
ImagingSession,LWM-MCT-M11-W09,STORED_IN,Folder,atwai:/data0/core/atwai/Anderson_Scott/Multimodal/MultiModal Lung tumor test/raw data/wk9_11_Rec
ImagingSession,LWM-MCT-M11-W09,HAS_DERIVED,Folder,atwai:/data0/core/atwai/archive/microct/longitudinal mouse lung tumors/wk9_11_Rec-Nifti
ImagingSession,LWM-MCT-M11-W10,STORED_IN,Folder,atwai:/data0/core/atwai/Anderson_Scott/Multimodal/MultiModal Lung tumor test/raw data/wk10_11_Rec
ImagingSession,LWM-MCT-M11-W10,HAS_DERIVED,Folder,atwai:/data0/core/atwai/archive/microct/longitudinal mouse lung tumors/wk10_11_Rec-Nifti
ImagingSession,LWM-MCT-M11-W11,STORED_IN,Folder,atwai:/data0/core/atwai/Anderson_Scott/Multimodal/MultiModal Lung tumor test/raw data/wk11_11_Rec
ImagingSession,LWM-MCT-M11-W11,HAS_DERIVED,Folder,atwai:/data0/core/atwai/archive/microct/longitudinal mouse lung tumors/wk11_11_Rec-Nifti
ImagingSession,LWM-MCT-M11-W13,STORED_IN,Folder,atwai:/data0/core/atwai/Anderson_Scott/Multimodal/MultiModal Lung tumor test/raw data/wk13_11_Rec
ImagingSession,LWM-MCT-M11-W13,HAS_DERIVED,Folder,atwai:/data0/core/atwai/archive/microct/longitudinal mouse lung tumors/wk13_11_Rec-Nifti
ImagingSession,LWM-MCT-M11-W14,STORED_IN,Folder,atwai:/data0/core/atwai/Anderson_Scott/Multimodal/MultiModal Lung tumor test/raw data/wk14_11_Rec
ImagingSession,LWM-MCT-M11-W14,HAS_DERIVED,Folder,atwai:/data0/core/atwai/archive/microct/longitudinal mouse lung tumors/wk14_11_Rec-Nifti
ImagingSession,LWM-MRI-M11-W06,STORED_IN,Folder,atwai:/data0/core/atwai/huangw/2024/20240122_135942_AIPT_multimodelLung20240122_1_85
ImagingSession,LWM-MRI-M11-W06,STORED_IN,File,Dropbox:MultiModal/LungTumor/MRI/01-22-2024/11.dcm
ImagingSession,LWM-MRI-M11-W06,HAS_DERIVED,File,Dropbox:MultiModal/LungTumor/MRI/01-22-2024/11-week6.tif
ImagingSession,LWM-MRI-M11-W06,HAS_DERIVED,Folder,Dropbox:MultiModal/LungTumor/MRI/DragonflySessions/m11_wk6
ImagingSession,LWM-MRI-M11-W07,STORED_IN,Folder,atwai:/data0/core/atwai/huangw/2024/20240129_112442_AIPT_multimodelLung20240129_1_86
ImagingSession,LWM-MRI-M11-W07,STORED_IN,File,Dropbox:MultiModal/LungTumor/MRI/01-29-2024/11.dcm
ImagingSession,LWM-MRI-M11-W07,HAS_DERIVED,File,Dropbox:MultiModal/LungTumor/MRI/01-29-2024/11-week7.tif
ImagingSession,LWM-MRI-M11-W07,HAS_DERIVED,File,Dropbox:MultiModal/LungTumor/MRI/DragonflyROIs/roi-11-week7.ORSObject
ImagingSession,LWM-MRI-M11-W07,HAS_DERIVED,Folder,Dropbox:MultiModal/LungTumor/MRI/DragonflySessions/m11_wk7
ImagingSession,LWM-MRI-M11-W08,STORED_IN,Folder,atwai:/data0/core/atwai/huangw/2024/20240205_122416_AIPT_multiModelLung20240205_1_89
ImagingSession,LWM-MRI-M11-W08,STORED_IN,File,Dropbox:MultiModal/LungTumor/MRI/02-05-2024/11.dcm
ImagingSession,LWM-MRI-M11-W08,HAS_DERIVED,File,Dropbox:MultiModal/LungTumor/MRI/02-05-2024/11.dcm_Tumor_Overlay.tif
ImagingSession,LWM-MRI-M11-W08,HAS_DERIVED,File,Dropbox:MultiModal/LungTumor/MRI/02-05-2024/11-week8.tif
ImagingSession,LWM-MRI-M11-W08,HAS_DERIVED,File,Dropbox:MultiModal/LungTumor/MRI/DragonflyROIs/roi-11-week8.ORSObject
ImagingSession,LWM-MRI-M11-W08,HAS_DERIVED,Folder,Dropbox:MultiModal/LungTumor/MRI/DragonflySessions/m11_wk8
ImagingSession,LWM-MRI-M11-W09,STORED_IN,Folder,atwai:/data0/core/atwai/huangw/2024/20240212_140325_AIPT_multimodelLung20240212_1_90
ImagingSession,LWM-MRI-M11-W09,STORED_IN,File,Dropbox:MultiModal/LungTumor/MRI/02-12-2024/11.dcm
ImagingSession,LWM-MRI-M11-W09,HAS_DERIVED,File,Dropbox:MultiModal/LungTumor/MRI/02-12-2024/11-week9.tif
ImagingSession,LWM-MRI-M11-W09,HAS_DERIVED,File,Dropbox:MultiModal/LungTumor/MRI/DragonflyROIs/roi-11-week9.ORSObject
ImagingSession,LWM-MRI-M11-W11,STORED_IN,Folder,atwai:/data0/core/atwai/huangw/2024/20240226_111137_AIPT_multimodelLung20240226_1_92
ImagingSession,LWM-MRI-M11-W11,STORED_IN,File,Dropbox:MultiModal/LungTumor/MRI/02-26-2024/11.dcm
ImagingSession,LWM-MRI-M11-W11,HAS_DERIVED,File,Dropbox:MultiModal/LungTumor/MRI/02-26-2024/11-week11.tif
ImagingSession,LWM-MRI-M11-W11,HAS_DERIVED,File,Dropbox:MultiModal/LungTumor/MRI/DragonflyROIs/roi-11-week11.ORSObject
ImagingSession,LWM-MRI-M11-W12,STORED_IN,Folder,atwai:/data0/core/atwai/huangw/2024/20240304_151201_AIPT_multimodelLung20240304_1_95
ImagingSession,LWM-MRI-M11-W12,STORED_IN,File,Dropbox:MultiModal/LungTumor/MRI/03-04-2024/11.dcm
ImagingSession,LWM-MRI-M11-W12,HAS_DERIVED,File,Dropbox:MultiModal/LungTumor/MRI/03-04-2024/11-week12.tif
ImagingSession,LWM-MRI-M11-W12,HAS_DERIVED,File,Dropbox:MultiModal/LungTumor/MRI/DragonflyROIs/roi-11-week12.ORSObject
ImagingSession,LWM-MRI-M11-W13,STORED_IN,Folder,atwai:/data0/core/atwai/huangw/2024/20240311_142100_AIPT_20240311multimodalLung_1_99
ImagingSession,LWM-MRI-M11-W13,STORED_IN,File,Dropbox:MultiModal/LungTumor/MRI/03-11-2024/11.dcm
ImagingSession,LWM-MRI-M11-W13,HAS_DERIVED,File,Dropbox:MultiModal/LungTumor/MRI/03-11-2024/11-week13.tif
ImagingSession,LWM-MRI-M11-W13,HAS_DERIVED,File,Dropbox:MultiModal/LungTumor/MRI/DragonflyROIs/roi-11-week13.ORSObject
ImagingSession,LWM-MRI-M11-W14,STORED_IN,Folder,atwai:/data0/core/atwai/huangw/2024/20240318_140839_AIPT_MultimodalLung20240318_1_101
ImagingSession,LWM-MRI-M11-W14,STORED_IN,File,Dropbox:MultiModal/LungTumor/MRI/03-18-2024/11.dcm
ImagingSession,LWM-MRI-M11-W14,HAS_DERIVED,File,Dropbox:MultiModal/LungTumor/MRI/03-18-2024/11-week14.tif
ImagingSession,LWM-MRI-M11-W14,HAS_DERIVED,File,Dropbox:MultiModal/LungTumor/MRI/DragonflyROIs/roi-11-week14.ORSObject
ImagingSession,LWM-IVIS-M12-W06,STORED_IN,Folder,Dropbox:MultiModal/LungTumor/IVIS/baseline 01222024
ImagingSession,LWM-IVIS-M12-W07,STORED_IN,Folder,Dropbox:MultiModal/LungTumor/IVIS/week7_IVIS
ImagingSession,LWM-IVIS-M12-W08,STORED_IN,Folder,Dropbox:MultiModal/LungTumor/IVIS/week8 IVIS
ImagingSession,LWM-IVIS-M12-W09,STORED_IN,Folder,Dropbox:MultiModal/LungTumor/IVIS/week9_IVIS
ImagingSession,LWM-IVIS-M12-W10,STORED_IN,Folder,Dropbox:MultiModal/LungTumor/IVIS/week10_IVIS
ImagingSession,LWM-IVIS-M12-W11,STORED_IN,Folder,Dropbox:MultiModal/LungTumor/IVIS/week11_IVIS
ImagingSession,LWM-IVIS-M12-W12,STORED_IN,Folder,Dropbox:MultiModal/LungTumor/IVIS/week 12_IVIS
ImagingSession,LWM-IVIS-M12-W14,STORED_IN,Folder,Dropbox:MultiModal/LungTumor/IVIS/week14_IVIS
ImagingSession,LWM-MCT-M12-W06,STORED_IN,Folder,atwai:/data0/core/atwai/Anderson_Scott/Multimodal/MultiModal Lung tumor test/raw data/wk6-12_Rec
ImagingSession,LWM-MCT-M12-W06,HAS_DERIVED,Folder,atwai:/data0/core/atwai/archive/microct/longitudinal mouse lung tumors/wk6-12_Rec-Nifti
ImagingSession,LWM-MCT-M12-W07,STORED_IN,Folder,atwai:/data0/core/atwai/Anderson_Scott/Multimodal/MultiModal Lung tumor test/raw data/wk7-12_Rec
ImagingSession,LWM-MCT-M12-W07,HAS_DERIVED,Folder,atwai:/data0/core/atwai/archive/microct/longitudinal mouse lung tumors/wk7-12_Rec-Nifti
ImagingSession,LWM-MCT-M12-W08,STORED_IN,Folder,atwai:/data0/core/atwai/Anderson_Scott/Multimodal/MultiModal Lung tumor test/raw data/wk8_12_Rec
ImagingSession,LWM-MCT-M12-W08,HAS_DERIVED,Folder,atwai:/data0/core/atwai/archive/microct/longitudinal mouse lung tumors/wk8_12_Rec-Nifti
ImagingSession,LWM-MCT-M12-W09,STORED_IN,Folder,atwai:/data0/core/atwai/Anderson_Scott/Multimodal/MultiModal Lung tumor test/raw data/wk9_12_Rec
ImagingSession,LWM-MCT-M12-W09,STORED_IN,Folder,Dropbox:MultiModal/LungTumor/microCT/wk9/wk9_12B_Rec
ImagingSession,LWM-MCT-M12-W09,HAS_DERIVED,Folder,atwai:/data0/core/atwai/archive/microct/longitudinal mouse lung tumors/wk9_12_Rec-Nifti
ImagingSession,LWM-MCT-M12-W10,STORED_IN,Folder,atwai:/data0/core/atwai/Anderson_Scott/Multimodal/MultiModal Lung tumor test/raw data/wk10_12_Rec
ImagingSession,LWM-MCT-M12-W10,HAS_DERIVED,Folder,atwai:/data0/core/atwai/archive/microct/longitudinal mouse lung tumors/wk10_12_Rec-Nifti
ImagingSession,LWM-MCT-M12-W11,STORED_IN,Folder,atwai:/data0/core/atwai/Anderson_Scott/Multimodal/MultiModal Lung tumor test/raw data/wk11_12_Rec
ImagingSession,LWM-MCT-M12-W11,HAS_DERIVED,Folder,atwai:/data0/core/atwai/archive/microct/longitudinal mouse lung tumors/wk11_12_Rec-Nifti
ImagingSession,LWM-MCT-M12-W13,STORED_IN,Folder,atwai:/data0/core/atwai/Anderson_Scott/Multimodal/MultiModal Lung tumor test/raw data/wk13_12_Rec
ImagingSession,LWM-MCT-M12-W13,HAS_DERIVED,Folder,atwai:/data0/core/atwai/archive/microct/longitudinal mouse lung tumors/wk13_12_Rec-Nifti
ImagingSession,LWM-MCT-M12-W14,STORED_IN,Folder,atwai:/data0/core/atwai/Anderson_Scott/Multimodal/MultiModal Lung tumor test/raw data/wk14_12_Rec
ImagingSession,LWM-MCT-M12-W14,HAS_DERIVED,Folder,atwai:/data0/core/atwai/archive/microct/longitudinal mouse lung tumors/wk14_12_Rec-Nifti
ImagingSession,LWM-MRI-M12-W06,STORED_IN,Folder,atwai:/data0/core/atwai/huangw/2024/20240122_135942_AIPT_multimodelLung20240122_1_85
ImagingSession,LWM-MRI-M12-W06,STORED_IN,File,Dropbox:MultiModal/LungTumor/MRI/01-22-2024/12.dcm
ImagingSession,LWM-MRI-M12-W06,HAS_DERIVED,File,Dropbox:MultiModal/LungTumor/MRI/01-22-2024/12-week6.tif
ImagingSession,LWM-MRI-M12-W06,HAS_DERIVED,File,Dropbox:MultiModal/LungTumor/MRI/DragonflyROIs/roi-12-week6.ORSObject
ImagingSession,LWM-MRI-M12-W07,STORED_IN,Folder,atwai:/data0/core/atwai/huangw/2024/20240129_112442_AIPT_multimodelLung20240129_1_86
ImagingSession,LWM-MRI-M12-W07,STORED_IN,File,Dropbox:MultiModal/LungTumor/MRI/01-29-2024/12.dcm
ImagingSession,LWM-MRI-M12-W07,HAS_DERIVED,File,Dropbox:MultiModal/LungTumor/MRI/01-29-2024/12-week7.tif
ImagingSession,LWM-MRI-M12-W07,HAS_DERIVED,File,Dropbox:MultiModal/LungTumor/MRI/DragonflyROIs/roi-12-week7.ORSObject
ImagingSession,LWM-MRI-M12-W08,STORED_IN,Folder,atwai:/data0/core/atwai/huangw/2024/20240205_122416_AIPT_multiModelLung20240205_1_89
ImagingSession,LWM-MRI-M12-W08,STORED_IN,File,Dropbox:MultiModal/LungTumor/MRI/02-05-2024/12.dcm
ImagingSession,LWM-MRI-M12-W08,HAS_DERIVED,File,Dropbox:MultiModal/LungTumor/MRI/02-05-2024/12-week8.tif
ImagingSession,LWM-MRI-M12-W08,HAS_DERIVED,File,Dropbox:MultiModal/LungTumor/MRI/DragonflyROIs/roi-12-week8.ORSObject
ImagingSession,LWM-MRI-M12-W09,STORED_IN,Folder,atwai:/data0/core/atwai/huangw/2024/20240212_140325_AIPT_multimodelLung20240212_1_90
ImagingSession,LWM-MRI-M12-W09,STORED_IN,File,Dropbox:MultiModal/LungTumor/MRI/02-12-2024/12.dcm
ImagingSession,LWM-MRI-M12-W09,HAS_DERIVED,File,Dropbox:MultiModal/LungTumor/MRI/02-12-2024/12-week9.tif
ImagingSession,LWM-MRI-M12-W09,HAS_DERIVED,File,Dropbox:MultiModal/LungTumor/MRI/DragonflyROIs/roi-12-week9.ORSObject
ImagingSession,LWM-MRI-M12-W11,STORED_IN,Folder,atwai:/data0/core/atwai/huangw/2024/20240226_111137_AIPT_multimodelLung20240226_1_92
ImagingSession,LWM-MRI-M12-W11,STORED_IN,File,Dropbox:MultiModal/LungTumor/MRI/02-26-2024/12.dcm
ImagingSession,LWM-MRI-M12-W11,HAS_DERIVED,File,Dropbox:MultiModal/LungTumor/MRI/02-26-2024/12-week11.tif
ImagingSession,LWM-MRI-M12-W11,HAS_DERIVED,File,Dropbox:MultiModal/LungTumor/MRI/DragonflyROIs/roi-12-week11.ORSObject
ImagingSession,LWM-MRI-M12-W12,STORED_IN,Folder,atwai:/data0/core/atwai/huangw/2024/20240304_151201_AIPT_multimodelLung20240304_1_95
ImagingSession,LWM-MRI-M12-W12,STORED_IN,File,Dropbox:MultiModal/LungTumor/MRI/03-04-2024/12T2coronal.dcm
ImagingSession,LWM-MRI-M12-W12,STORED_IN,File,Dropbox:MultiModal/LungTumor/MRI/03-04-2024/12T2axial.dcm
ImagingSession,LWM-MRI-M12-W12,HAS_DERIVED,File,Dropbox:MultiModal/LungTumor/MRI/03-04-2024/12T2axial-week12.tif
ImagingSession,LWM-MRI-M12-W12,HAS_DERIVED,File,Dropbox:MultiModal/LungTumor/MRI/DragonflyROIs/roi-12-week12.ORSObject
ImagingSession,LWM-MRI-M12-W13,STORED_IN,Folder,atwai:/data0/core/atwai/huangw/2024/20240311_142100_AIPT_20240311multimodalLung_1_99
ImagingSession,LWM-MRI-M12-W13,STORED_IN,File,Dropbox:MultiModal/LungTumor/MRI/03-11-2024/12.dcm
ImagingSession,LWM-MRI-M12-W13,HAS_DERIVED,File,Dropbox:MultiModal/LungTumor/MRI/03-11-2024/12-week13.tif
ImagingSession,LWM-MRI-M12-W13,HAS_DERIVED,File,Dropbox:MultiModal/LungTumor/MRI/DragonflyROIs/roi-12-week13.ORSObject
ImagingSession,LWM-MRI-M12-W14,STORED_IN,Folder,atwai:/data0/core/atwai/huangw/2024/20240318_140839_AIPT_MultimodalLung20240318_1_101
ImagingSession,LWM-MRI-M12-W14,STORED_IN,File,Dropbox:MultiModal/LungTumor/MRI/03-18-2024/12.dcm
ImagingSession,LWM-MRI-M12-W14,HAS_DERIVED,File,Dropbox:MultiModal/LungTumor/MRI/03-18-2024/12T2axial-week12.ORSObject
ImagingSession,LWM-MRI-M12-W14,HAS_DERIVED,File,Dropbox:MultiModal/LungTumor/MRI/03-18-2024/12-week14.tif
ImagingSession,LWM-MRI-M12-W14,HAS_DERIVED,File,Dropbox:MultiModal/LungTumor/MRI/DragonflyROIs/roi-12-week14-small.ORSObject
ImagingSession,LWM-MRI-M12-W14,HAS_DERIVED,File,Dropbox:MultiModal/LungTumor/MRI/DragonflyROIs/roi-12-week14.ORSObject
ImagingSession,LWM-IVIS-M13-W06,STORED_IN,Folder,Dropbox:MultiModal/LungTumor/IVIS/baseline 01222024
ImagingSession,LWM-IVIS-M13-W07,STORED_IN,Folder,Dropbox:MultiModal/LungTumor/IVIS/week7_IVIS
ImagingSession,LWM-IVIS-M13-W08,STORED_IN,Folder,Dropbox:MultiModal/LungTumor/IVIS/week8 IVIS
ImagingSession,LWM-IVIS-M13-W09,STORED_IN,Folder,Dropbox:MultiModal/LungTumor/IVIS/week9_IVIS
ImagingSession,LWM-IVIS-M13-W10,STORED_IN,Folder,Dropbox:MultiModal/LungTumor/IVIS/week10_IVIS
ImagingSession,LWM-IVIS-M13-W11,STORED_IN,Folder,Dropbox:MultiModal/LungTumor/IVIS/week11_IVIS
ImagingSession,LWM-IVIS-M13-W12,STORED_IN,Folder,Dropbox:MultiModal/LungTumor/IVIS/week 12_IVIS
ImagingSession,LWM-IVIS-M13-W14,STORED_IN,Folder,Dropbox:MultiModal/LungTumor/IVIS/week14_IVIS
ImagingSession,LWM-MCT-M13-W06,STORED_IN,Folder,atwai:/data0/core/atwai/Anderson_Scott/Multimodal/MultiModal Lung tumor test/raw data/wk6-13_Rec
ImagingSession,LWM-MCT-M13-W06,HAS_DERIVED,Folder,atwai:/data0/core/atwai/archive/microct/longitudinal mouse lung tumors/wk6-13_Rec-Nifti
ImagingSession,LWM-MCT-M13-W07,STORED_IN,Folder,atwai:/data0/core/atwai/Anderson_Scott/Multimodal/MultiModal Lung tumor test/raw data/wk7-13_Rec
ImagingSession,LWM-MCT-M13-W07,HAS_DERIVED,Folder,atwai:/data0/core/atwai/archive/microct/longitudinal mouse lung tumors/wk7-13_Rec-Nifti
ImagingSession,LWM-MCT-M13-W08,STORED_IN,Folder,atwai:/data0/core/atwai/Anderson_Scott/Multimodal/MultiModal Lung tumor test/raw data/wk8_13_Rec
ImagingSession,LWM-MCT-M13-W08,HAS_DERIVED,Folder,atwai:/data0/core/atwai/archive/microct/longitudinal mouse lung tumors/wk8_13_Rec-Nifti
ImagingSession,LWM-MCT-M13-W09,STORED_IN,Folder,atwai:/data0/core/atwai/Anderson_Scott/Multimodal/MultiModal Lung tumor test/raw data/wk9_13_Rec
ImagingSession,LWM-MCT-M13-W09,HAS_DERIVED,Folder,atwai:/data0/core/atwai/archive/microct/longitudinal mouse lung tumors/wk9_13_Rec-Nifti
ImagingSession,LWM-MCT-M13-W10,STORED_IN,Folder,atwai:/data0/core/atwai/Anderson_Scott/Multimodal/MultiModal Lung tumor test/raw data/wk10_13_Rec
ImagingSession,LWM-MCT-M13-W10,HAS_DERIVED,Folder,atwai:/data0/core/atwai/archive/microct/longitudinal mouse lung tumors/wk10_13_Rec-Nifti
ImagingSession,LWM-MCT-M13-W11,STORED_IN,Folder,atwai:/data0/core/atwai/Anderson_Scott/Multimodal/MultiModal Lung tumor test/raw data/wk11_13_Rec
ImagingSession,LWM-MCT-M13-W11,HAS_DERIVED,Folder,atwai:/data0/core/atwai/archive/microct/longitudinal mouse lung tumors/wk11_13_Rec-Nifti
ImagingSession,LWM-MCT-M13-W13,STORED_IN,Folder,atwai:/data0/core/atwai/Anderson_Scott/Multimodal/MultiModal Lung tumor test/raw data/wk13_13_Rec
ImagingSession,LWM-MCT-M13-W13,HAS_DERIVED,Folder,atwai:/data0/core/atwai/archive/microct/longitudinal mouse lung tumors/wk13_13_Rec-Nifti
ImagingSession,LWM-MCT-M13-W14,STORED_IN,Folder,atwai:/data0/core/atwai/Anderson_Scott/Multimodal/MultiModal Lung tumor test/raw data/wk14_13_Rec
ImagingSession,LWM-MCT-M13-W14,HAS_DERIVED,Folder,atwai:/data0/core/atwai/archive/microct/longitudinal mouse lung tumors/wk14_13_Rec-Nifti
ImagingSession,LWM-MRI-M13-W06,STORED_IN,Folder,atwai:/data0/core/atwai/huangw/2024/20240122_135942_AIPT_multimodelLung20240122_1_85
ImagingSession,LWM-MRI-M13-W06,STORED_IN,File,Dropbox:MultiModal/LungTumor/MRI/01-22-2024/1013.dcm
ImagingSession,LWM-MRI-M13-W06,HAS_DERIVED,File,Dropbox:MultiModal/LungTumor/MRI/01-22-2024/13-week6.tif
ImagingSession,LWM-MRI-M13-W07,STORED_IN,Folder,atwai:/data0/core/atwai/huangw/2024/20240129_112442_AIPT_multimodelLung20240129_1_86
ImagingSession,LWM-MRI-M13-W07,STORED_IN,File,Dropbox:MultiModal/LungTumor/MRI/01-29-2024/1013.dcm
ImagingSession,LWM-MRI-M13-W07,HAS_DERIVED,File,Dropbox:MultiModal/LungTumor/MRI/01-29-2024/13-week7.tif
ImagingSession,LWM-MRI-M13-W07,HAS_DERIVED,File,Dropbox:MultiModal/LungTumor/MRI/DragonflyROIs/roi-13-week7.ORSObject
ImagingSession,LWM-MRI-M13-W08,STORED_IN,Folder,atwai:/data0/core/atwai/huangw/2024/20240205_122416_AIPT_multiModelLung20240205_1_89
ImagingSession,LWM-MRI-M13-W08,STORED_IN,File,Dropbox:MultiModal/LungTumor/MRI/02-05-2024/1013.dcm
ImagingSession,LWM-MRI-M13-W08,HAS_DERIVED,File,Dropbox:MultiModal/LungTumor/MRI/02-05-2024/13-week8.tif
ImagingSession,LWM-MRI-M13-W08,HAS_DERIVED,File,Dropbox:MultiModal/LungTumor/MRI/DragonflyROIs/roi-13-week8.ORSObject
ImagingSession,LWM-MRI-M13-W09,STORED_IN,Folder,atwai:/data0/core/atwai/huangw/2024/20240212_140325_AIPT_multimodelLung20240212_1_90
ImagingSession,LWM-MRI-M13-W09,STORED_IN,File,Dropbox:MultiModal/LungTumor/MRI/02-12-2024/1013_coronal.dcm
ImagingSession,LWM-MRI-M13-W09,STORED_IN,File,Dropbox:MultiModal/LungTumor/MRI/02-12-2024/1013.dcm
ImagingSession,LWM-MRI-M13-W09,HAS_DERIVED,File,Dropbox:MultiModal/LungTumor/MRI/02-12-2024/13-week9.tif
ImagingSession,LWM-MRI-M13-W09,HAS_DERIVED,File,Dropbox:MultiModal/LungTumor/MRI/DragonflyROIs/roi-13-week9.ORSObject
ImagingSession,LWM-MRI-M13-W10,STORED_IN,Folder,atwai:/data0/core/atwai/huangw/2024/20240216_114211_AIPT_multimodelLung20240216_1_91
ImagingSession,LWM-MRI-M13-W10,STORED_IN,File,Dropbox:MultiModal/LungTumor/MRI/02-16-2024/1013_T1_axial.dcm
ImagingSession,LWM-MRI-M13-W10,STORED_IN,File,Dropbox:MultiModal/LungTumor/MRI/02-16-2024/1013_T2_axial.dcm
ImagingSession,LWM-MRI-M13-W10,STORED_IN,File,Dropbox:MultiModal/LungTumor/MRI/02-16-2024/1013_T1_conoral.dcm
ImagingSession,LWM-MRI-M13-W10,STORED_IN,File,Dropbox:MultiModal/LungTumor/MRI/02-16-2024/1013_T2_coronal.dcm
ImagingSession,LWM-MRI-M13-W10,HAS_DERIVED,File,Dropbox:MultiModal/LungTumor/MRI/02-16-2024/1013.tif
ImagingSession,LWM-MRI-M13-W10,HAS_DERIVED,File,Dropbox:MultiModal/LungTumor/MRI/02-16-2024/13_T2_week10.tif
ImagingSession,LWM-MRI-M13-W10,HAS_DERIVED,File,Dropbox:MultiModal/LungTumor/MRI/02-16-2024/13_T1_week10.tif
ImagingSession,LWM-MRI-M13-W10,HAS_DERIVED,File,Dropbox:MultiModal/LungTumor/MRI/DragonflyROIs/roi-13-week10.ORSObject
ImagingSession,LWM-MRI-M13-W11,STORED_IN,Folder,atwai:/data0/core/atwai/huangw/2024/20240226_111137_AIPT_multimodelLung20240226_1_92
ImagingSession,LWM-MRI-M13-W11,STORED_IN,File,Dropbox:MultiModal/LungTumor/MRI/02-26-2024/1013.dcm
ImagingSession,LWM-MRI-M13-W11,HAS_DERIVED,File,Dropbox:MultiModal/LungTumor/MRI/02-26-2024/13-week11.tif
ImagingSession,LWM-MRI-M13-W11,HAS_DERIVED,File,Dropbox:MultiModal/LungTumor/MRI/DragonflyROIs/roi-13-week11-small.ORSObject
ImagingSession,LWM-MRI-M13-W11,HAS_DERIVED,File,Dropbox:MultiModal/LungTumor/MRI/DragonflyROIs/roi-13-week11.ORSObject
ImagingSession,LWM-MRI-M13-W12,STORED_IN,Folder,atwai:/data0/core/atwai/huangw/2024/20240304_151201_AIPT_multimodelLung20240304_1_95
ImagingSession,LWM-MRI-M13-W12,STORED_IN,File,Dropbox:MultiModal/LungTumor/MRI/03-04-2024/1013T2coronal.dcm
ImagingSession,LWM-MRI-M13-W12,STORED_IN,File,Dropbox:MultiModal/LungTumor/MRI/03-04-2024/1013T2axial.dcm
ImagingSession,LWM-MRI-M13-W12,STORED_IN,File,Dropbox:MultiModal/LungTumor/MRI/03-04-2024/1013T1axial.dcm
ImagingSession,LWM-MRI-M13-W12,HAS_DERIVED,File,Dropbox:MultiModal/LungTumor/MRI/03-04-2024/13-week12.tif
ImagingSession,LWM-MRI-M13-W12,HAS_DERIVED,File,Dropbox:MultiModal/LungTumor/MRI/DragonflyROIs/roi-13-week12.ORSObject
ImagingSession,LWM-MRI-M13-W12,HAS_DERIVED,File,Dropbox:MultiModal/LungTumor/MRI/DragonflyROIs/roi-13-week12-small.ORSObject
ImagingSession,LWM-MRI-M13-W13,STORED_IN,Folder,atwai:/data0/core/atwai/huangw/2024/20240311_142100_AIPT_20240311multimodalLung_1_99
ImagingSession,LWM-MRI-M13-W13,STORED_IN,File,Dropbox:MultiModal/LungTumor/MRI/03-11-2024/1013.dcm
ImagingSession,LWM-MRI-M13-W13,HAS_DERIVED,File,Dropbox:MultiModal/LungTumor/MRI/03-11-2024/13-week13.tif
ImagingSession,LWM-MRI-M13-W13,HAS_DERIVED,File,Dropbox:MultiModal/LungTumor/MRI/DragonflyROIs/roi-13-week13.ORSObject
ImagingSession,LWM-MRI-M13-W14,STORED_IN,Folder,atwai:/data0/core/atwai/huangw/2024/20240318_140839_AIPT_MultimodalLung20240318_1_101
ImagingSession,LWM-MRI-M13-W14,STORED_IN,File,Dropbox:MultiModal/LungTumor/MRI/03-18-2024/1013.dcm
ImagingSession,LWM-MRI-M13-W14,HAS_DERIVED,File,Dropbox:MultiModal/LungTumor/MRI/03-18-2024/13-week14.tif
ImagingSession,LWM-MRI-M13-W14,HAS_DERIVED,File,Dropbox:MultiModal/LungTumor/MRI/03-18-2024/1013_RoiSet1.zip
ImagingSession,LWM-MRI-M13-W14,HAS_DERIVED,File,Dropbox:MultiModal/LungTumor/MRI/DragonflyROIs/roi-13-week14.ORSObject
ImagingSession,LWM-IVIS-M14-W06,STORED_IN,Folder,Dropbox:MultiModal/LungTumor/IVIS/baseline 01222024
ImagingSession,LWM-IVIS-M14-W07,STORED_IN,Folder,Dropbox:MultiModal/LungTumor/IVIS/week7_IVIS
ImagingSession,LWM-IVIS-M14-W08,STORED_IN,Folder,Dropbox:MultiModal/LungTumor/IVIS/week8 IVIS
ImagingSession,LWM-IVIS-M14-W09,STORED_IN,Folder,Dropbox:MultiModal/LungTumor/IVIS/week9_IVIS
ImagingSession,LWM-IVIS-M14-W10,STORED_IN,Folder,Dropbox:MultiModal/LungTumor/IVIS/week10_IVIS
ImagingSession,LWM-IVIS-M14-W11,STORED_IN,Folder,Dropbox:MultiModal/LungTumor/IVIS/week11_IVIS
ImagingSession,LWM-IVIS-M14-W12,STORED_IN,Folder,Dropbox:MultiModal/LungTumor/IVIS/week 12_IVIS
ImagingSession,LWM-IVIS-M14-W14,STORED_IN,Folder,Dropbox:MultiModal/LungTumor/IVIS/week14_IVIS
ImagingSession,LWM-MCT-M14-W06,STORED_IN,Folder,atwai:/data0/core/atwai/Anderson_Scott/Multimodal/MultiModal Lung tumor test/raw data/wk6-14_Rec
ImagingSession,LWM-MCT-M14-W06,HAS_DERIVED,Folder,atwai:/data0/core/atwai/archive/microct/longitudinal mouse lung tumors/wk6-14_Rec-Nifti
ImagingSession,LWM-MCT-M14-W07,STORED_IN,Folder,atwai:/data0/core/atwai/Anderson_Scott/Multimodal/MultiModal Lung tumor test/raw data/wk7-14_Rec
ImagingSession,LWM-MCT-M14-W07,HAS_DERIVED,Folder,atwai:/data0/core/atwai/archive/microct/longitudinal mouse lung tumors/wk7-14_Rec-Nifti
ImagingSession,LWM-MCT-M14-W08,STORED_IN,Folder,atwai:/data0/core/atwai/Anderson_Scott/Multimodal/MultiModal Lung tumor test/raw data/wk8_14_Rec
ImagingSession,LWM-MCT-M14-W08,HAS_DERIVED,Folder,atwai:/data0/core/atwai/archive/microct/longitudinal mouse lung tumors/wk8_14_Rec-Nifti
ImagingSession,LWM-MCT-M14-W09,STORED_IN,Folder,atwai:/data0/core/atwai/Anderson_Scott/Multimodal/MultiModal Lung tumor test/raw data/wk9_14_Rec
ImagingSession,LWM-MCT-M14-W09,HAS_DERIVED,Folder,atwai:/data0/core/atwai/archive/microct/longitudinal mouse lung tumors/wk9_14_Rec-Nifti
ImagingSession,LWM-MCT-M14-W10,STORED_IN,Folder,atwai:/data0/core/atwai/Anderson_Scott/Multimodal/MultiModal Lung tumor test/raw data/wk10_14_Rec
ImagingSession,LWM-MCT-M14-W10,HAS_DERIVED,Folder,atwai:/data0/core/atwai/archive/microct/longitudinal mouse lung tumors/wk10_14_Rec-Nifti
ImagingSession,LWM-MCT-M14-W11,STORED_IN,Folder,atwai:/data0/core/atwai/Anderson_Scott/Multimodal/MultiModal Lung tumor test/raw data/wk11_14_Rec
ImagingSession,LWM-MCT-M14-W11,HAS_DERIVED,Folder,atwai:/data0/core/atwai/archive/microct/longitudinal mouse lung tumors/wk11_14_Rec-Nifti
ImagingSession,LWM-MCT-M14-W13,STORED_IN,Folder,atwai:/data0/core/atwai/Anderson_Scott/Multimodal/MultiModal Lung tumor test/raw data/wk13_14_Rec
ImagingSession,LWM-MCT-M14-W13,HAS_DERIVED,Folder,atwai:/data0/core/atwai/archive/microct/longitudinal mouse lung tumors/wk13_14_Rec-Nifti
ImagingSession,LWM-MCT-M14-W14,STORED_IN,Folder,atwai:/data0/core/atwai/Anderson_Scott/Multimodal/MultiModal Lung tumor test/raw data/wk14_14_Rec
ImagingSession,LWM-MCT-M14-W14,HAS_DERIVED,Folder,atwai:/data0/core/atwai/archive/microct/longitudinal mouse lung tumors/wk14_14_Rec-Nifti
ImagingSession,LWM-MRI-M14-W06,STORED_IN,Folder,atwai:/data0/core/atwai/huangw/2024/20240122_135942_AIPT_multimodelLung20240122_1_85
ImagingSession,LWM-MRI-M14-W06,STORED_IN,File,Dropbox:MultiModal/LungTumor/MRI/01-22-2024/14.dcm
ImagingSession,LWM-MRI-M14-W06,HAS_DERIVED,File,Dropbox:MultiModal/LungTumor/MRI/01-22-2024/14-week6.tif
ImagingSession,LWM-MRI-M14-W06,HAS_DERIVED,File,Dropbox:MultiModal/LungTumor/MRI/DragonflyROIs/roi-14-week6.ORSObject
ImagingSession,LWM-MRI-M14-W07,STORED_IN,Folder,atwai:/data0/core/atwai/huangw/2024/20240129_112442_AIPT_multimodelLung20240129_1_86
ImagingSession,LWM-MRI-M14-W07,STORED_IN,File,Dropbox:MultiModal/LungTumor/MRI/01-29-2024/14.dcm
ImagingSession,LWM-MRI-M14-W07,HAS_DERIVED,File,Dropbox:MultiModal/LungTumor/MRI/01-29-2024/14-week7.tif
ImagingSession,LWM-MRI-M14-W07,HAS_DERIVED,File,Dropbox:MultiModal/LungTumor/MRI/DragonflyROIs/roi-14-week7.ORSObject
ImagingSession,LWM-MRI-M14-W08,STORED_IN,Folder,atwai:/data0/core/atwai/huangw/2024/20240205_122416_AIPT_multiModelLung20240205_1_89
ImagingSession,LWM-MRI-M14-W08,STORED_IN,File,Dropbox:MultiModal/LungTumor/MRI/02-05-2024/14.dcm
ImagingSession,LWM-MRI-M14-W08,HAS_DERIVED,File,Dropbox:MultiModal/LungTumor/MRI/02-05-2024/14-week8.tif
ImagingSession,LWM-MRI-M14-W08,HAS_DERIVED,File,Dropbox:MultiModal/LungTumor/MRI/DragonflyROIs/roi-14-week8.ORSObject
ImagingSession,LWM-MRI-M14-W09,STORED_IN,Folder,atwai:/data0/core/atwai/huangw/2024/20240212_140325_AIPT_multimodelLung20240212_1_90
ImagingSession,LWM-MRI-M14-W09,STORED_IN,File,Dropbox:MultiModal/LungTumor/MRI/02-12-2024/14.dcm
ImagingSession,LWM-MRI-M14-W09,HAS_DERIVED,File,Dropbox:MultiModal/LungTumor/MRI/02-12-2024/14-week9.tif
ImagingSession,LWM-MRI-M14-W09,HAS_DERIVED,File,Dropbox:MultiModal/LungTumor/MRI/DragonflyROIs/roi-14-week9.ORSObject
ImagingSession,LWM-MRI-M14-W11,STORED_IN,Folder,atwai:/data0/core/atwai/huangw/2024/20240226_111137_AIPT_multimodelLung20240226_1_92
ImagingSession,LWM-MRI-M14-W11,STORED_IN,File,Dropbox:MultiModal/LungTumor/MRI/02-26-2024/14coronal.dcm
ImagingSession,LWM-MRI-M14-W11,STORED_IN,File,Dropbox:MultiModal/LungTumor/MRI/02-26-2024/14.dcm
ImagingSession,LWM-MRI-M14-W11,HAS_DERIVED,File,Dropbox:MultiModal/LungTumor/MRI/02-26-2024/14-week11.tif
ImagingSession,LWM-MRI-M14-W11,HAS_DERIVED,File,Dropbox:MultiModal/LungTumor/MRI/DragonflyROIs/roi-14-week11.ORSObject
ImagingSession,LWM-MRI-M14-W12,STORED_IN,Folder,atwai:/data0/core/atwai/huangw/2024/20240304_151201_AIPT_multimodelLung20240304_1_95
ImagingSession,LWM-MRI-M14-W12,STORED_IN,File,Dropbox:MultiModal/LungTumor/MRI/03-04-2024/14.dcm
ImagingSession,LWM-MRI-M14-W12,HAS_DERIVED,File,Dropbox:MultiModal/LungTumor/MRI/03-04-2024/14-week12.tif
ImagingSession,LWM-MRI-M14-W12,HAS_DERIVED,File,Dropbox:MultiModal/LungTumor/MRI/DragonflyROIs/roi-14-week12.ORSObject
ImagingSession,LWM-MRI-M14-W13,STORED_IN,Folder,atwai:/data0/core/atwai/huangw/2024/20240311_142100_AIPT_20240311multimodalLung_1_99
ImagingSession,LWM-MRI-M14-W13,STORED_IN,File,Dropbox:MultiModal/LungTumor/MRI/03-11-2024/14.dcm
ImagingSession,LWM-MRI-M14-W13,HAS_DERIVED,File,Dropbox:MultiModal/LungTumor/MRI/03-11-2024/14-week13.tif
ImagingSession,LWM-MRI-M14-W13,HAS_DERIVED,File,Dropbox:MultiModal/LungTumor/MRI/DragonflyROIs/roi-14-week13.ORSObject
ImagingSession,LWM-MRI-M14-W14,STORED_IN,Folder,atwai:/data0/core/atwai/huangw/2024/20240318_140839_AIPT_MultimodalLung20240318_1_101
ImagingSession,LWM-MRI-M14-W14,STORED_IN,File,Dropbox:MultiModal/LungTumor/MRI/03-18-2024/14.dcm
ImagingSession,LWM-MRI-M14-W14,HAS_DERIVED,File,Dropbox:MultiModal/LungTumor/MRI/03-18-2024/14-week14.tif
ImagingSession,LWM-MRI-M14-W14,HAS_DERIVED,File,Dropbox:MultiModal/LungTumor/MRI/DragonflyROIs/roi-14-week14.ORSObject
ImagingSession,LWM-IVIS-M15-W06,STORED_IN,Folder,Dropbox:MultiModal/LungTumor/IVIS/baseline 01222024
ImagingSession,LWM-IVIS-M15-W07,STORED_IN,Folder,Dropbox:MultiModal/LungTumor/IVIS/week7_IVIS
ImagingSession,LWM-IVIS-M15-W08,STORED_IN,Folder,Dropbox:MultiModal/LungTumor/IVIS/week8 IVIS
ImagingSession,LWM-IVIS-M15-W09,STORED_IN,Folder,Dropbox:MultiModal/LungTumor/IVIS/week9_IVIS
ImagingSession,LWM-IVIS-M15-W10,STORED_IN,Folder,Dropbox:MultiModal/LungTumor/IVIS/week10_IVIS
ImagingSession,LWM-IVIS-M15-W11,STORED_IN,Folder,Dropbox:MultiModal/LungTumor/IVIS/week11_IVIS
ImagingSession,LWM-IVIS-M15-W12,STORED_IN,Folder,Dropbox:MultiModal/LungTumor/IVIS/week 12_IVIS
ImagingSession,LWM-IVIS-M15-W14,STORED_IN,Folder,Dropbox:MultiModal/LungTumor/IVIS/week14_IVIS
ImagingSession,LWM-MCT-M15-W06,STORED_IN,Folder,atwai:/data0/core/atwai/Anderson_Scott/Multimodal/MultiModal Lung tumor test/raw data/wk6-15_Rec
ImagingSession,LWM-MCT-M15-W06,HAS_DERIVED,Folder,atwai:/data0/core/atwai/archive/microct/longitudinal mouse lung tumors/wk6-15_Rec-Nifti
ImagingSession,LWM-MCT-M15-W07,STORED_IN,Folder,atwai:/data0/core/atwai/Anderson_Scott/Multimodal/MultiModal Lung tumor test/raw data/wk7-15_Rec
ImagingSession,LWM-MCT-M15-W07,HAS_DERIVED,Folder,atwai:/data0/core/atwai/archive/microct/longitudinal mouse lung tumors/wk7-15_Rec-Nifti
ImagingSession,LWM-MCT-M15-W08,STORED_IN,Folder,atwai:/data0/core/atwai/Anderson_Scott/Multimodal/MultiModal Lung tumor test/raw data/wk8_15_Rec
ImagingSession,LWM-MCT-M15-W08,HAS_DERIVED,Folder,atwai:/data0/core/atwai/archive/microct/longitudinal mouse lung tumors/wk8_15_Rec-Nifti
ImagingSession,LWM-MCT-M15-W09,STORED_IN,Folder,atwai:/data0/core/atwai/Anderson_Scott/Multimodal/MultiModal Lung tumor test/raw data/wk9_15_Rec
ImagingSession,LWM-MCT-M15-W09,HAS_DERIVED,Folder,atwai:/data0/core/atwai/archive/microct/longitudinal mouse lung tumors/wk9_15_Rec-Nifti
ImagingSession,LWM-MCT-M15-W10,STORED_IN,Folder,atwai:/data0/core/atwai/Anderson_Scott/Multimodal/MultiModal Lung tumor test/raw data/wk10_15_Rec
ImagingSession,LWM-MCT-M15-W10,HAS_DERIVED,Folder,atwai:/data0/core/atwai/archive/microct/longitudinal mouse lung tumors/wk10_15_Rec-Nifti
ImagingSession,LWM-MCT-M15-W11,STORED_IN,Folder,atwai:/data0/core/atwai/Anderson_Scott/Multimodal/MultiModal Lung tumor test/raw data/wk11_15_Rec
ImagingSession,LWM-MCT-M15-W11,HAS_DERIVED,Folder,atwai:/data0/core/atwai/archive/microct/longitudinal mouse lung tumors/wk11_15_Rec-Nifti
ImagingSession,LWM-MCT-M15-W13,STORED_IN,Folder,atwai:/data0/core/atwai/Anderson_Scott/Multimodal/MultiModal Lung tumor test/raw data/wk13_15_Rec
ImagingSession,LWM-MCT-M15-W13,HAS_DERIVED,Folder,atwai:/data0/core/atwai/archive/microct/longitudinal mouse lung tumors/wk13_15_Rec-Nifti
ImagingSession,LWM-MCT-M15-W14,STORED_IN,Folder,atwai:/data0/core/atwai/Anderson_Scott/Multimodal/MultiModal Lung tumor test/raw data/wk14_15_Rec
ImagingSession,LWM-MCT-M15-W14,HAS_DERIVED,Folder,atwai:/data0/core/atwai/archive/microct/longitudinal mouse lung tumors/wk14_15_Rec-Nifti
ImagingSession,LWM-MRI-M15-W06,STORED_IN,Folder,atwai:/data0/core/atwai/huangw/2024/20240122_135942_AIPT_multimodelLung20240122_1_85
ImagingSession,LWM-MRI-M15-W06,STORED_IN,File,Dropbox:MultiModal/LungTumor/MRI/01-22-2024/15.dcm
ImagingSession,LWM-MRI-M15-W06,HAS_DERIVED,File,Dropbox:MultiModal/LungTumor/MRI/01-22-2024/15-week6.tif
ImagingSession,LWM-MRI-M15-W07,STORED_IN,Folder,atwai:/data0/core/atwai/huangw/2024/20240129_112442_AIPT_multimodelLung20240129_1_86
ImagingSession,LWM-MRI-M15-W07,STORED_IN,File,Dropbox:MultiModal/LungTumor/MRI/01-29-2024/15.dcm
ImagingSession,LWM-MRI-M15-W07,HAS_DERIVED,File,Dropbox:MultiModal/LungTumor/MRI/01-29-2024/15-week7.tif
ImagingSession,LWM-MRI-M15-W07,HAS_DERIVED,File,Dropbox:MultiModal/LungTumor/MRI/DragonflyROIs/roi-15-week7.ORSObject
ImagingSession,LWM-MRI-M15-W08,STORED_IN,Folder,atwai:/data0/core/atwai/huangw/2024/20240205_122416_AIPT_multiModelLung20240205_1_89
ImagingSession,LWM-MRI-M15-W08,STORED_IN,File,Dropbox:MultiModal/LungTumor/MRI/02-05-2024/15.dcm
ImagingSession,LWM-MRI-M15-W08,HAS_DERIVED,File,Dropbox:MultiModal/LungTumor/MRI/02-05-2024/15-week8.tif
ImagingSession,LWM-MRI-M15-W08,HAS_DERIVED,File,Dropbox:MultiModal/LungTumor/MRI/DragonflyROIs/roi-15-week8.ORSObject
ImagingSession,LWM-MRI-M15-W09,STORED_IN,Folder,atwai:/data0/core/atwai/huangw/2024/20240212_140325_AIPT_multimodelLung20240212_1_90
ImagingSession,LWM-MRI-M15-W09,STORED_IN,File,Dropbox:MultiModal/LungTumor/MRI/02-12-2024/15.dcm
ImagingSession,LWM-MRI-M15-W09,HAS_DERIVED,File,Dropbox:MultiModal/LungTumor/MRI/02-12-2024/15-week9.tif
ImagingSession,LWM-MRI-M15-W09,HAS_DERIVED,File,Dropbox:MultiModal/LungTumor/MRI/DragonflyROIs/roi-15-week9.ORSObject
ImagingSession,LWM-MRI-M15-W11,STORED_IN,Folder,atwai:/data0/core/atwai/huangw/2024/20240226_111137_AIPT_multimodelLung20240226_1_92
ImagingSession,LWM-MRI-M15-W11,STORED_IN,File,Dropbox:MultiModal/LungTumor/MRI/02-26-2024/15.dcm
ImagingSession,LWM-MRI-M15-W11,HAS_DERIVED,File,Dropbox:MultiModal/LungTumor/MRI/02-26-2024/15-week11.tif
ImagingSession,LWM-MRI-M15-W11,HAS_DERIVED,File,Dropbox:MultiModal/LungTumor/MRI/DragonflyROIs/roi-15-week11.ORSObject
ImagingSession,LWM-MRI-M15-W12,STORED_IN,Folder,atwai:/data0/core/atwai/huangw/2024/20240304_151201_AIPT_multimodelLung20240304_1_95
ImagingSession,LWM-MRI-M15-W12,STORED_IN,File,Dropbox:MultiModal/LungTumor/MRI/03-04-2024/15T2.dcm
ImagingSession,LWM-MRI-M15-W12,STORED_IN,File,Dropbox:MultiModal/LungTumor/MRI/03-04-2024/15T1.dcm
ImagingSession,LWM-MRI-M15-W12,HAS_DERIVED,File,Dropbox:MultiModal/LungTumor/MRI/03-04-2024/15-week12.tif
ImagingSession,LWM-MRI-M15-W12,HAS_DERIVED,File,Dropbox:MultiModal/LungTumor/MRI/DragonflyROIs/roi-15-week12.ORSObject
ImagingSession,LWM-MRI-M15-W13,STORED_IN,Folder,atwai:/data0/core/atwai/huangw/2024/20240311_142100_AIPT_20240311multimodalLung_1_99
ImagingSession,LWM-MRI-M15-W13,STORED_IN,File,Dropbox:MultiModal/LungTumor/MRI/03-11-2024/15.dcm
ImagingSession,LWM-MRI-M15-W13,HAS_DERIVED,File,Dropbox:MultiModal/LungTumor/MRI/03-11-2024/15-week13.tif
ImagingSession,LWM-MRI-M15-W13,HAS_DERIVED,File,Dropbox:MultiModal/LungTumor/MRI/DragonflyROIs/roi-15-week13.ORSObject
ImagingSession,LWM-MRI-M15-W14,STORED_IN,Folder,atwai:/data0/core/atwai/huangw/2024/20240318_140839_AIPT_MultimodalLung20240318_1_101
ImagingSession,LWM-MRI-M15-W14,STORED_IN,File,Dropbox:MultiModal/LungTumor/MRI/03-18-2024/15.dcm
ImagingSession,LWM-MRI-M15-W14,HAS_DERIVED,File,Dropbox:MultiModal/LungTumor/MRI/03-18-2024/15-week14.tif
ImagingSession,LWM-MRI-M15-W14,HAS_DERIVED,File,Dropbox:MultiModal/LungTumor/MRI/DragonflyROIs/roi-15-week14.ORSObject
ImagingSession,LWM-IVIS-M17-W06,STORED_IN,Folder,Dropbox:MultiModal/LungTumor/IVIS/baseline 01222024
ImagingSession,LWM-IVIS-M17-W07,STORED_IN,Folder,Dropbox:MultiModal/LungTumor/IVIS/week7_IVIS
ImagingSession,LWM-IVIS-M17-W08,STORED_IN,Folder,Dropbox:MultiModal/LungTumor/IVIS/week8 IVIS
ImagingSession,LWM-IVIS-M17-W09,STORED_IN,Folder,Dropbox:MultiModal/LungTumor/IVIS/week9_IVIS
ImagingSession,LWM-IVIS-M17-W10,STORED_IN,Folder,Dropbox:MultiModal/LungTumor/IVIS/week10_IVIS
ImagingSession,LWM-IVIS-M17-W11,STORED_IN,Folder,Dropbox:MultiModal/LungTumor/IVIS/week11_IVIS
ImagingSession,LWM-IVIS-M17-W12,STORED_IN,Folder,Dropbox:MultiModal/LungTumor/IVIS/week 12_IVIS
ImagingSession,LWM-IVIS-M17-W14,STORED_IN,Folder,Dropbox:MultiModal/LungTumor/IVIS/week14_IVIS
ImagingSession,LWM-MCT-M17-W06,STORED_IN,Folder,atwai:/data0/core/atwai/Anderson_Scott/Multimodal/MultiModal Lung tumor test/raw data/wk6-17_Rec
ImagingSession,LWM-MCT-M17-W06,HAS_DERIVED,Folder,atwai:/data0/core/atwai/archive/microct/longitudinal mouse lung tumors/wk6-17_Rec-Nifti
ImagingSession,LWM-MCT-M17-W07,STORED_IN,Folder,atwai:/data0/core/atwai/Anderson_Scott/Multimodal/MultiModal Lung tumor test/raw data/wk7-17_Rec
ImagingSession,LWM-MCT-M17-W07,HAS_DERIVED,Folder,atwai:/data0/core/atwai/archive/microct/longitudinal mouse lung tumors/wk7-17_Rec-Nifti
ImagingSession,LWM-MCT-M17-W08,STORED_IN,Folder,atwai:/data0/core/atwai/Anderson_Scott/Multimodal/MultiModal Lung tumor test/raw data/wk8_17_Rec
ImagingSession,LWM-MCT-M17-W08,HAS_DERIVED,Folder,atwai:/data0/core/atwai/archive/microct/longitudinal mouse lung tumors/wk8_17_Rec-Nifti
ImagingSession,LWM-MCT-M17-W09,STORED_IN,Folder,atwai:/data0/core/atwai/Anderson_Scott/Multimodal/MultiModal Lung tumor test/raw data/wk9_17_Rec
ImagingSession,LWM-MCT-M17-W09,HAS_DERIVED,Folder,atwai:/data0/core/atwai/archive/microct/longitudinal mouse lung tumors/wk9_17_Rec-Nifti
ImagingSession,LWM-MCT-M17-W10,STORED_IN,Folder,atwai:/data0/core/atwai/Anderson_Scott/Multimodal/MultiModal Lung tumor test/raw data/wk10_17_Rec
ImagingSession,LWM-MCT-M17-W10,HAS_DERIVED,Folder,atwai:/data0/core/atwai/archive/microct/longitudinal mouse lung tumors/wk10_17_Rec-Nifti
ImagingSession,LWM-MCT-M17-W11,STORED_IN,Folder,atwai:/data0/core/atwai/Anderson_Scott/Multimodal/MultiModal Lung tumor test/raw data/wk11_17_Rec
ImagingSession,LWM-MCT-M17-W11,HAS_DERIVED,Folder,atwai:/data0/core/atwai/archive/microct/longitudinal mouse lung tumors/wk11_17_Rec-Nifti
ImagingSession,LWM-MCT-M17-W13,STORED_IN,Folder,atwai:/data0/core/atwai/Anderson_Scott/Multimodal/MultiModal Lung tumor test/raw data/wk13_17_Rec
ImagingSession,LWM-MCT-M17-W13,HAS_DERIVED,Folder,atwai:/data0/core/atwai/archive/microct/longitudinal mouse lung tumors/wk13_17_Rec-Nifti
ImagingSession,LWM-MCT-M17-W14,STORED_IN,Folder,atwai:/data0/core/atwai/Anderson_Scott/Multimodal/MultiModal Lung tumor test/raw data/wk14_17_Rec
ImagingSession,LWM-MCT-M17-W14,HAS_DERIVED,Folder,atwai:/data0/core/atwai/archive/microct/longitudinal mouse lung tumors/wk14_17_Rec-Nifti
ImagingSession,LWM-MRI-M17-W06,STORED_IN,Folder,atwai:/data0/core/atwai/huangw/2024/20240122_135942_AIPT_multimodelLung20240122_1_85
ImagingSession,LWM-MRI-M17-W06,STORED_IN,File,Dropbox:MultiModal/LungTumor/MRI/01-22-2024/17.dcm
ImagingSession,LWM-MRI-M17-W06,HAS_DERIVED,File,Dropbox:MultiModal/LungTumor/MRI/01-22-2024/17-week6.tif
ImagingSession,LWM-MRI-M17-W07,STORED_IN,Folder,atwai:/data0/core/atwai/huangw/2024/20240129_112442_AIPT_multimodelLung20240129_1_86
ImagingSession,LWM-MRI-M17-W07,STORED_IN,File,Dropbox:MultiModal/LungTumor/MRI/01-29-2024/17.dcm
ImagingSession,LWM-MRI-M17-W07,HAS_DERIVED,File,Dropbox:MultiModal/LungTumor/MRI/01-29-2024/17-week7.tif
ImagingSession,LWM-MRI-M17-W08,STORED_IN,Folder,atwai:/data0/core/atwai/huangw/2024/20240205_122416_AIPT_multiModelLung20240205_1_89
ImagingSession,LWM-MRI-M17-W08,STORED_IN,File,Dropbox:MultiModal/LungTumor/MRI/02-05-2024/17.dcm
ImagingSession,LWM-MRI-M17-W08,HAS_DERIVED,File,Dropbox:MultiModal/LungTumor/MRI/02-05-2024/17-week8.tif
ImagingSession,LWM-MRI-M17-W08,HAS_DERIVED,File,Dropbox:MultiModal/LungTumor/MRI/DragonflyROIs/roi-17-week8.ORSObject
ImagingSession,LWM-MRI-M17-W09,STORED_IN,Folder,atwai:/data0/core/atwai/huangw/2024/20240212_140325_AIPT_multimodelLung20240212_1_90
ImagingSession,LWM-MRI-M17-W09,STORED_IN,File,Dropbox:MultiModal/LungTumor/MRI/02-12-2024/17.dcm
ImagingSession,LWM-MRI-M17-W09,HAS_DERIVED,File,Dropbox:MultiModal/LungTumor/MRI/02-12-2024/17-week9.tif
ImagingSession,LWM-MRI-M17-W09,HAS_DERIVED,File,Dropbox:MultiModal/LungTumor/MRI/DragonflyROIs/roi-17-week9.ORSObject
ImagingSession,LWM-MRI-M17-W11,STORED_IN,Folder,atwai:/data0/core/atwai/huangw/2024/20240226_111137_AIPT_multimodelLung20240226_1_92
ImagingSession,LWM-MRI-M17-W11,STORED_IN,File,Dropbox:MultiModal/LungTumor/MRI/02-26-2024/17.dcm
ImagingSession,LWM-MRI-M17-W11,HAS_DERIVED,File,Dropbox:MultiModal/LungTumor/MRI/02-26-2024/17-week11.tif
ImagingSession,LWM-MRI-M17-W11,HAS_DERIVED,File,Dropbox:MultiModal/LungTumor/MRI/DragonflyROIs/roi-17-week11.ORSObject
ImagingSession,LWM-MRI-M17-W12,STORED_IN,Folder,atwai:/data0/core/atwai/huangw/2024/20240304_151201_AIPT_multimodelLung20240304_1_95
ImagingSession,LWM-MRI-M17-W12,STORED_IN,File,Dropbox:MultiModal/LungTumor/MRI/03-04-2024/17.dcm
ImagingSession,LWM-MRI-M17-W12,HAS_DERIVED,File,Dropbox:MultiModal/LungTumor/MRI/03-04-2024/17-week12.tif
ImagingSession,LWM-MRI-M17-W12,HAS_DERIVED,File,Dropbox:MultiModal/LungTumor/MRI/DragonflyROIs/roi-17-week12.ORSObject
ImagingSession,LWM-MRI-M17-W13,STORED_IN,Folder,atwai:/data0/core/atwai/huangw/2024/20240311_142100_AIPT_20240311multimodalLung_1_99
ImagingSession,LWM-MRI-M17-W13,STORED_IN,File,Dropbox:MultiModal/LungTumor/MRI/03-11-2024/17.dcm
ImagingSession,LWM-MRI-M17-W13,HAS_DERIVED,File,Dropbox:MultiModal/LungTumor/MRI/03-11-2024/17-week13.tif
ImagingSession,LWM-MRI-M17-W13,HAS_DERIVED,File,Dropbox:MultiModal/LungTumor/MRI/DragonflyROIs/roi-17-week13.ORSObject
ImagingSession,LWM-MRI-M17-W14,STORED_IN,Folder,atwai:/data0/core/atwai/huangw/2024/20240318_140839_AIPT_MultimodalLung20240318_1_101
ImagingSession,LWM-MRI-M17-W14,STORED_IN,File,Dropbox:MultiModal/LungTumor/MRI/03-18-2024/17-T2W.dcm
ImagingSession,LWM-MRI-M17-W14,STORED_IN,File,Dropbox:MultiModal/LungTumor/MRI/03-18-2024/17-T1W.dcm
ImagingSession,LWM-MRI-M17-W14,HAS_DERIVED,File,Dropbox:MultiModal/LungTumor/MRI/03-18-2024/17-T2W-week14.tif
ImagingSession,LWM-MRI-M17-W14,HAS_DERIVED,File,Dropbox:MultiModal/LungTumor/MRI/DragonflyROIs/roi-17-week14.ORSObject
ImagingSession,LWM-IVIS-M18-W06,STORED_IN,Folder,Dropbox:MultiModal/LungTumor/IVIS/baseline 01222024
ImagingSession,LWM-IVIS-M18-W07,STORED_IN,Folder,Dropbox:MultiModal/LungTumor/IVIS/week7_IVIS
ImagingSession,LWM-IVIS-M18-W08,STORED_IN,Folder,Dropbox:MultiModal/LungTumor/IVIS/week8 IVIS
ImagingSession,LWM-IVIS-M18-W09,STORED_IN,Folder,Dropbox:MultiModal/LungTumor/IVIS/week9_IVIS
ImagingSession,LWM-IVIS-M18-W10,STORED_IN,Folder,Dropbox:MultiModal/LungTumor/IVIS/week10_IVIS
ImagingSession,LWM-IVIS-M18-W11,STORED_IN,Folder,Dropbox:MultiModal/LungTumor/IVIS/week11_IVIS
ImagingSession,LWM-IVIS-M18-W12,STORED_IN,Folder,Dropbox:MultiModal/LungTumor/IVIS/week 12_IVIS
ImagingSession,LWM-IVIS-M18-W14,STORED_IN,Folder,Dropbox:MultiModal/LungTumor/IVIS/week14_IVIS
ImagingSession,LWM-MCT-M18-W06,STORED_IN,Folder,atwai:/data0/core/atwai/Anderson_Scott/Multimodal/MultiModal Lung tumor test/raw data/wk6-18_Rec
ImagingSession,LWM-MCT-M18-W06,HAS_DERIVED,Folder,atwai:/data0/core/atwai/archive/microct/longitudinal mouse lung tumors/wk6-18_Rec-Nifti
ImagingSession,LWM-MCT-M18-W07,STORED_IN,Folder,atwai:/data0/core/atwai/Anderson_Scott/Multimodal/MultiModal Lung tumor test/raw data/wk7-18_Rec
ImagingSession,LWM-MCT-M18-W07,HAS_DERIVED,Folder,atwai:/data0/core/atwai/archive/microct/longitudinal mouse lung tumors/wk7-18_Rec-Nifti
ImagingSession,LWM-MCT-M18-W08,STORED_IN,Folder,atwai:/data0/core/atwai/Anderson_Scott/Multimodal/MultiModal Lung tumor test/raw data/wk8_18_Rec
ImagingSession,LWM-MCT-M18-W08,HAS_DERIVED,Folder,atwai:/data0/core/atwai/archive/microct/longitudinal mouse lung tumors/wk8_18_Rec-Nifti
ImagingSession,LWM-MCT-M18-W09,STORED_IN,Folder,atwai:/data0/core/atwai/Anderson_Scott/Multimodal/MultiModal Lung tumor test/raw data/wk9_18_Rec
ImagingSession,LWM-MCT-M18-W09,HAS_DERIVED,Folder,atwai:/data0/core/atwai/archive/microct/longitudinal mouse lung tumors/wk9_18_Rec-Nifti
ImagingSession,LWM-MCT-M18-W10,STORED_IN,Folder,atwai:/data0/core/atwai/Anderson_Scott/Multimodal/MultiModal Lung tumor test/raw data/wk10_18_Rec
ImagingSession,LWM-MCT-M18-W10,HAS_DERIVED,Folder,atwai:/data0/core/atwai/archive/microct/longitudinal mouse lung tumors/wk10_18_Rec-Nifti
ImagingSession,LWM-MCT-M18-W11,STORED_IN,Folder,atwai:/data0/core/atwai/Anderson_Scott/Multimodal/MultiModal Lung tumor test/raw data/wk11_18_Rec
ImagingSession,LWM-MCT-M18-W11,HAS_DERIVED,Folder,atwai:/data0/core/atwai/archive/microct/longitudinal mouse lung tumors/wk11_18_Rec-Nifti
ImagingSession,LWM-MCT-M18-W13,STORED_IN,Folder,atwai:/data0/core/atwai/Anderson_Scott/Multimodal/MultiModal Lung tumor test/raw data/wk13_18_Rec
ImagingSession,LWM-MCT-M18-W13,HAS_DERIVED,Folder,atwai:/data0/core/atwai/archive/microct/longitudinal mouse lung tumors/wk13_18_Rec-Nifti
ImagingSession,LWM-MCT-M18-W14,STORED_IN,Folder,atwai:/data0/core/atwai/Anderson_Scott/Multimodal/MultiModal Lung tumor test/raw data/wk14_18_Rec
ImagingSession,LWM-MCT-M18-W14,HAS_DERIVED,Folder,atwai:/data0/core/atwai/archive/microct/longitudinal mouse lung tumors/wk14_18_Rec-Nifti
ImagingSession,LWM-MRI-M18-W06,STORED_IN,Folder,atwai:/data0/core/atwai/huangw/2024/20240122_135942_AIPT_multimodelLung20240122_1_85
ImagingSession,LWM-MRI-M18-W06,STORED_IN,File,Dropbox:MultiModal/LungTumor/MRI/01-22-2024/18.dcm
ImagingSession,LWM-MRI-M18-W06,HAS_DERIVED,File,Dropbox:MultiModal/LungTumor/MRI/01-22-2024/18-week6.tif
ImagingSession,LWM-MRI-M18-W07,STORED_IN,Folder,atwai:/data0/core/atwai/huangw/2024/20240129_112442_AIPT_multimodelLung20240129_1_86
ImagingSession,LWM-MRI-M18-W07,STORED_IN,File,Dropbox:MultiModal/LungTumor/MRI/01-29-2024/18.dcm
ImagingSession,LWM-MRI-M18-W07,HAS_DERIVED,File,Dropbox:MultiModal/LungTumor/MRI/01-29-2024/18-week7.tif
ImagingSession,LWM-MRI-M18-W08,STORED_IN,Folder,atwai:/data0/core/atwai/huangw/2024/20240205_122416_AIPT_multiModelLung20240205_1_89
ImagingSession,LWM-MRI-M18-W08,STORED_IN,File,Dropbox:MultiModal/LungTumor/MRI/02-05-2024/18.dcm
ImagingSession,LWM-MRI-M18-W08,HAS_DERIVED,File,Dropbox:MultiModal/LungTumor/MRI/02-05-2024/18-week8.tif
ImagingSession,LWM-MRI-M18-W09,STORED_IN,Folder,atwai:/data0/core/atwai/huangw/2024/20240212_140325_AIPT_multimodelLung20240212_1_90
ImagingSession,LWM-MRI-M18-W09,STORED_IN,File,Dropbox:MultiModal/LungTumor/MRI/02-12-2024/18.dcm
ImagingSession,LWM-MRI-M18-W09,HAS_DERIVED,File,Dropbox:MultiModal/LungTumor/MRI/02-12-2024/18-week9.tif
ImagingSession,LWM-MRI-M18-W11,STORED_IN,Folder,atwai:/data0/core/atwai/huangw/2024/20240226_111137_AIPT_multimodelLung20240226_1_92
ImagingSession,LWM-MRI-M18-W11,STORED_IN,File,Dropbox:MultiModal/LungTumor/MRI/02-26-2024/18.dcm
ImagingSession,LWM-MRI-M18-W11,HAS_DERIVED,File,Dropbox:MultiModal/LungTumor/MRI/02-26-2024/18-week11.tif
ImagingSession,LWM-MRI-M18-W12,STORED_IN,Folder,atwai:/data0/core/atwai/huangw/2024/20240304_151201_AIPT_multimodelLung20240304_1_95
ImagingSession,LWM-MRI-M18-W12,STORED_IN,File,Dropbox:MultiModal/LungTumor/MRI/03-04-2024/18.dcm
ImagingSession,LWM-MRI-M18-W12,HAS_DERIVED,File,Dropbox:MultiModal/LungTumor/MRI/03-04-2024/18-week12.tif
ImagingSession,LWM-MRI-M18-W13,STORED_IN,Folder,atwai:/data0/core/atwai/huangw/2024/20240311_142100_AIPT_20240311multimodalLung_1_99
ImagingSession,LWM-MRI-M18-W13,STORED_IN,File,Dropbox:MultiModal/LungTumor/MRI/03-11-2024/18.dcm
ImagingSession,LWM-MRI-M18-W13,HAS_DERIVED,File,Dropbox:MultiModal/LungTumor/MRI/03-11-2024/18-week13.tif
ImagingSession,LWM-MRI-M18-W14,STORED_IN,Folder,atwai:/data0/core/atwai/huangw/2024/20240318_140839_AIPT_MultimodalLung20240318_1_101
ImagingSession,LWM-MRI-M18-W14,STORED_IN,File,Dropbox:MultiModal/LungTumor/MRI/03-18-2024/18.dcm
ImagingSession,LWM-MRI-M18-W14,HAS_DERIVED,File,Dropbox:MultiModal/LungTumor/MRI/03-18-2024/18-week14.tif
ImagingSession,LWM-IVIS-M19-W06,STORED_IN,Folder,Dropbox:MultiModal/LungTumor/IVIS/baseline 01222024
ImagingSession,LWM-IVIS-M19-W07,STORED_IN,Folder,Dropbox:MultiModal/LungTumor/IVIS/week7_IVIS
ImagingSession,LWM-IVIS-M19-W08,STORED_IN,Folder,Dropbox:MultiModal/LungTumor/IVIS/week8 IVIS
ImagingSession,LWM-IVIS-M19-W09,STORED_IN,Folder,Dropbox:MultiModal/LungTumor/IVIS/week9_IVIS
ImagingSession,LWM-IVIS-M19-W10,STORED_IN,Folder,Dropbox:MultiModal/LungTumor/IVIS/week10_IVIS
ImagingSession,LWM-IVIS-M19-W11,STORED_IN,Folder,Dropbox:MultiModal/LungTumor/IVIS/week11_IVIS
ImagingSession,LWM-IVIS-M19-W12,STORED_IN,Folder,Dropbox:MultiModal/LungTumor/IVIS/week 12_IVIS
ImagingSession,LWM-IVIS-M19-W14,STORED_IN,Folder,Dropbox:MultiModal/LungTumor/IVIS/week14_IVIS
ImagingSession,LWM-MCT-M19-W06,STORED_IN,Folder,atwai:/data0/core/atwai/Anderson_Scott/Multimodal/MultiModal Lung tumor test/raw data/wk6-19_Rec
ImagingSession,LWM-MCT-M19-W06,HAS_DERIVED,Folder,atwai:/data0/core/atwai/archive/microct/longitudinal mouse lung tumors/wk6-19_Rec-Nifti
ImagingSession,LWM-MCT-M19-W07,STORED_IN,Folder,atwai:/data0/core/atwai/Anderson_Scott/Multimodal/MultiModal Lung tumor test/raw data/wk7-19_Rec
ImagingSession,LWM-MCT-M19-W07,HAS_DERIVED,Folder,atwai:/data0/core/atwai/archive/microct/longitudinal mouse lung tumors/wk7-19_Rec-Nifti
ImagingSession,LWM-MCT-M19-W08,STORED_IN,Folder,atwai:/data0/core/atwai/Anderson_Scott/Multimodal/MultiModal Lung tumor test/raw data/wk8_19_Rec
ImagingSession,LWM-MCT-M19-W08,HAS_DERIVED,Folder,atwai:/data0/core/atwai/archive/microct/longitudinal mouse lung tumors/wk8_19_Rec-Nifti
ImagingSession,LWM-MCT-M19-W09,STORED_IN,Folder,atwai:/data0/core/atwai/Anderson_Scott/Multimodal/MultiModal Lung tumor test/raw data/wk9_19_Rec
ImagingSession,LWM-MCT-M19-W09,HAS_DERIVED,Folder,atwai:/data0/core/atwai/archive/microct/longitudinal mouse lung tumors/wk9_19_Rec-Nifti
ImagingSession,LWM-MCT-M19-W10,STORED_IN,Folder,atwai:/data0/core/atwai/Anderson_Scott/Multimodal/MultiModal Lung tumor test/raw data/wk10_19_Rec
ImagingSession,LWM-MCT-M19-W10,HAS_DERIVED,Folder,atwai:/data0/core/atwai/archive/microct/longitudinal mouse lung tumors/wk10_19_Rec-Nifti
ImagingSession,LWM-MCT-M19-W11,STORED_IN,Folder,atwai:/data0/core/atwai/Anderson_Scott/Multimodal/MultiModal Lung tumor test/raw data/wk11_19_Rec
ImagingSession,LWM-MCT-M19-W11,HAS_DERIVED,Folder,atwai:/data0/core/atwai/archive/microct/longitudinal mouse lung tumors/wk11_19_Rec-Nifti
ImagingSession,LWM-MCT-M19-W13,STORED_IN,Folder,atwai:/data0/core/atwai/Anderson_Scott/Multimodal/MultiModal Lung tumor test/raw data/wk13_19_Rec
ImagingSession,LWM-MCT-M19-W13,HAS_DERIVED,Folder,atwai:/data0/core/atwai/archive/microct/longitudinal mouse lung tumors/wk13_19_Rec-Nifti
ImagingSession,LWM-MCT-M19-W14,STORED_IN,Folder,atwai:/data0/core/atwai/Anderson_Scott/Multimodal/MultiModal Lung tumor test/raw data/wk14_19_Rec
ImagingSession,LWM-MCT-M19-W14,HAS_DERIVED,Folder,atwai:/data0/core/atwai/archive/microct/longitudinal mouse lung tumors/wk14_19_Rec-Nifti
ImagingSession,LWM-MRI-M19-W06,STORED_IN,Folder,atwai:/data0/core/atwai/huangw/2024/20240122_135942_AIPT_multimodelLung20240122_1_85
ImagingSession,LWM-MRI-M19-W06,STORED_IN,File,Dropbox:MultiModal/LungTumor/MRI/01-22-2024/19.dcm
ImagingSession,LWM-MRI-M19-W06,HAS_DERIVED,File,Dropbox:MultiModal/LungTumor/MRI/01-22-2024/19-week6.tif
ImagingSession,LWM-MRI-M19-W06,HAS_DERIVED,File,Dropbox:MultiModal/LungTumor/MRI/DragonflyROIs/roi-19-week6.ORSObject
ImagingSession,LWM-MRI-M19-W07,STORED_IN,Folder,atwai:/data0/core/atwai/huangw/2024/20240129_112442_AIPT_multimodelLung20240129_1_86
ImagingSession,LWM-MRI-M19-W07,STORED_IN,File,Dropbox:MultiModal/LungTumor/MRI/01-29-2024/19.dcm
ImagingSession,LWM-MRI-M19-W07,HAS_DERIVED,File,Dropbox:MultiModal/LungTumor/MRI/01-29-2024/19-week7.tif
ImagingSession,LWM-MRI-M19-W08,STORED_IN,Folder,atwai:/data0/core/atwai/huangw/2024/20240205_122416_AIPT_multiModelLung20240205_1_89
ImagingSession,LWM-MRI-M19-W08,STORED_IN,File,Dropbox:MultiModal/LungTumor/MRI/02-05-2024/19.dcm
ImagingSession,LWM-MRI-M19-W08,HAS_DERIVED,File,Dropbox:MultiModal/LungTumor/MRI/02-05-2024/19-week8.tif
ImagingSession,LWM-MRI-M19-W08,HAS_DERIVED,File,Dropbox:MultiModal/LungTumor/MRI/DragonflyROIs/roi-19-week8.ORSObject
ImagingSession,LWM-MRI-M19-W09,STORED_IN,Folder,atwai:/data0/core/atwai/huangw/2024/20240212_140325_AIPT_multimodelLung20240212_1_90
ImagingSession,LWM-MRI-M19-W09,STORED_IN,File,Dropbox:MultiModal/LungTumor/MRI/02-12-2024/19.dcm
ImagingSession,LWM-MRI-M19-W09,HAS_DERIVED,File,Dropbox:MultiModal/LungTumor/MRI/02-12-2024/19-week9.tif
ImagingSession,LWM-MRI-M19-W09,HAS_DERIVED,File,Dropbox:MultiModal/LungTumor/MRI/DragonflyROIs/roi-19-week9.ORSObject
ImagingSession,LWM-MRI-M19-W11,STORED_IN,Folder,atwai:/data0/core/atwai/huangw/2024/20240226_111137_AIPT_multimodelLung20240226_1_92
ImagingSession,LWM-MRI-M19-W11,STORED_IN,File,Dropbox:MultiModal/LungTumor/MRI/02-26-2024/19.dcm
ImagingSession,LWM-MRI-M19-W11,HAS_DERIVED,File,Dropbox:MultiModal/LungTumor/MRI/02-26-2024/19-week11.tif
ImagingSession,LWM-MRI-M19-W11,HAS_DERIVED,File,Dropbox:MultiModal/LungTumor/MRI/DragonflyROIs/roi-19-week11.ORSObject
ImagingSession,LWM-MRI-M19-W12,STORED_IN,Folder,atwai:/data0/core/atwai/huangw/2024/20240304_151201_AIPT_multimodelLung20240304_1_95
ImagingSession,LWM-MRI-M19-W12,STORED_IN,File,Dropbox:MultiModal/LungTumor/MRI/03-04-2024/19.dcm
ImagingSession,LWM-MRI-M19-W12,HAS_DERIVED,File,Dropbox:MultiModal/LungTumor/MRI/03-04-2024/19-week12.tif
ImagingSession,LWM-MRI-M19-W12,HAS_DERIVED,File,Dropbox:MultiModal/LungTumor/MRI/DragonflyROIs/roi-19-week12.ORSObject
ImagingSession,LWM-MRI-M19-W13,STORED_IN,Folder,atwai:/data0/core/atwai/huangw/2024/20240311_142100_AIPT_20240311multimodalLung_1_99
ImagingSession,LWM-MRI-M19-W13,STORED_IN,File,Dropbox:MultiModal/LungTumor/MRI/03-11-2024/19.dcm
ImagingSession,LWM-MRI-M19-W13,HAS_DERIVED,File,Dropbox:MultiModal/LungTumor/MRI/03-11-2024/19-week13.tif
ImagingSession,LWM-MRI-M19-W13,HAS_DERIVED,File,Dropbox:MultiModal/LungTumor/MRI/DragonflyROIs/roi-19-week13.ORSObject
ImagingSession,LWM-MRI-M19-W14,STORED_IN,Folder,atwai:/data0/core/atwai/huangw/2024/20240318_140839_AIPT_MultimodalLung20240318_1_101
ImagingSession,LWM-MRI-M19-W14,STORED_IN,File,Dropbox:MultiModal/LungTumor/MRI/03-18-2024/19.dcm
ImagingSession,LWM-MRI-M19-W14,HAS_DERIVED,File,Dropbox:MultiModal/LungTumor/MRI/03-18-2024/19-week14.tif
ImagingSession,LWM-MRI-M19-W14,HAS_DERIVED,File,Dropbox:MultiModal/LungTumor/MRI/DragonflyROIs/roi-19-week14.ORSObject
ImagingSession,LWM-IVIS-M67-W06,STORED_IN,Folder,Dropbox:MultiModal/LungTumor/IVIS/baseline 01222024
ImagingSession,LWM-IVIS-M67-W07,STORED_IN,Folder,Dropbox:MultiModal/LungTumor/IVIS/week7_IVIS
ImagingSession,LWM-IVIS-M67-W08,STORED_IN,Folder,Dropbox:MultiModal/LungTumor/IVIS/week8 IVIS
ImagingSession,LWM-IVIS-M67-W09,STORED_IN,Folder,Dropbox:MultiModal/LungTumor/IVIS/week9_IVIS
ImagingSession,LWM-IVIS-M67-W10,STORED_IN,Folder,Dropbox:MultiModal/LungTumor/IVIS/week10_IVIS
ImagingSession,LWM-IVIS-M67-W11,STORED_IN,Folder,Dropbox:MultiModal/LungTumor/IVIS/week11_IVIS
ImagingSession,LWM-IVIS-M67-W12,STORED_IN,Folder,Dropbox:MultiModal/LungTumor/IVIS/week 12_IVIS
ImagingSession,LWM-IVIS-M67-W14,STORED_IN,Folder,Dropbox:MultiModal/LungTumor/IVIS/week14_IVIS
ImagingSession,LWM-MCT-M67-W06,STORED_IN,Folder,atwai:/data0/core/atwai/Anderson_Scott/Multimodal/MultiModal Lung tumor test/raw data/wk6-67_Rec
ImagingSession,LWM-MCT-M67-W06,HAS_DERIVED,Folder,atwai:/data0/core/atwai/archive/microct/longitudinal mouse lung tumors/wk6-67_Rec-Nifti
ImagingSession,LWM-MCT-M67-W07,STORED_IN,Folder,atwai:/data0/core/atwai/Anderson_Scott/Multimodal/MultiModal Lung tumor test/raw data/wk7-67_Rec
ImagingSession,LWM-MCT-M67-W07,HAS_DERIVED,Folder,atwai:/data0/core/atwai/archive/microct/longitudinal mouse lung tumors/wk7-67_Rec-Nifti
ImagingSession,LWM-MCT-M67-W08,STORED_IN,Folder,atwai:/data0/core/atwai/Anderson_Scott/Multimodal/MultiModal Lung tumor test/raw data/wk8_67_Rec
ImagingSession,LWM-MCT-M67-W08,HAS_DERIVED,Folder,atwai:/data0/core/atwai/archive/microct/longitudinal mouse lung tumors/wk8_67_Rec-Nifti
ImagingSession,LWM-MCT-M67-W09,STORED_IN,Folder,atwai:/data0/core/atwai/Anderson_Scott/Multimodal/MultiModal Lung tumor test/raw data/wk9_67_Rec
ImagingSession,LWM-MCT-M67-W09,HAS_DERIVED,Folder,atwai:/data0/core/atwai/archive/microct/longitudinal mouse lung tumors/wk9_67_Rec-Nifti
ImagingSession,LWM-MCT-M67-W10,STORED_IN,Folder,atwai:/data0/core/atwai/Anderson_Scott/Multimodal/MultiModal Lung tumor test/raw data/wk10_67_Rec
ImagingSession,LWM-MCT-M67-W10,HAS_DERIVED,Folder,atwai:/data0/core/atwai/archive/microct/longitudinal mouse lung tumors/wk10_67_Rec-Nifti
ImagingSession,LWM-MCT-M67-W11,STORED_IN,Folder,atwai:/data0/core/atwai/Anderson_Scott/Multimodal/MultiModal Lung tumor test/raw data/wk11_67_Rec
ImagingSession,LWM-MCT-M67-W11,HAS_DERIVED,Folder,atwai:/data0/core/atwai/archive/microct/longitudinal mouse lung tumors/wk11_67_Rec-Nifti
ImagingSession,LWM-MCT-M67-W13,STORED_IN,Folder,atwai:/data0/core/atwai/Anderson_Scott/Multimodal/MultiModal Lung tumor test/raw data/wk13_67_Rec
ImagingSession,LWM-MCT-M67-W13,HAS_DERIVED,Folder,atwai:/data0/core/atwai/archive/microct/longitudinal mouse lung tumors/wk13_67_Rec-Nifti
ImagingSession,LWM-MCT-M67-W14,STORED_IN,Folder,atwai:/data0/core/atwai/Anderson_Scott/Multimodal/MultiModal Lung tumor test/raw data/wk14_67_Rec
ImagingSession,LWM-MCT-M67-W14,HAS_DERIVED,Folder,atwai:/data0/core/atwai/archive/microct/longitudinal mouse lung tumors/wk14_67_Rec-Nifti
ImagingSession,LWM-MRI-M67-W06,STORED_IN,Folder,atwai:/data0/core/atwai/huangw/2024/20240122_135942_AIPT_multimodelLung20240122_1_85
ImagingSession,LWM-MRI-M67-W06,STORED_IN,File,Dropbox:MultiModal/LungTumor/MRI/01-22-2024/67.dcm
ImagingSession,LWM-MRI-M67-W07,STORED_IN,Folder,atwai:/data0/core/atwai/huangw/2024/20240129_112442_AIPT_multimodelLung20240129_1_86
ImagingSession,LWM-MRI-M67-W07,STORED_IN,File,Dropbox:MultiModal/LungTumor/MRI/01-29-2024/67.dcm
ImagingSession,LWM-MRI-M67-W08,STORED_IN,Folder,atwai:/data0/core/atwai/huangw/2024/20240205_122416_AIPT_multiModelLung20240205_1_89
ImagingSession,LWM-MRI-M67-W08,STORED_IN,File,Dropbox:MultiModal/LungTumor/MRI/02-05-2024/67.dcm
ImagingSession,LWM-MRI-M67-W09,STORED_IN,Folder,atwai:/data0/core/atwai/huangw/2024/20240212_140325_AIPT_multimodelLung20240212_1_90
ImagingSession,LWM-MRI-M67-W09,STORED_IN,File,Dropbox:MultiModal/LungTumor/MRI/02-12-2024/67.dcm
ImagingSession,LWM-MRI-M67-W11,STORED_IN,Folder,atwai:/data0/core/atwai/huangw/2024/20240226_111137_AIPT_multimodelLung20240226_1_92
ImagingSession,LWM-MRI-M67-W11,STORED_IN,File,Dropbox:MultiModal/LungTumor/MRI/02-26-2024/67.dcm
ImagingSession,LWM-MRI-M67-W12,STORED_IN,Folder,atwai:/data0/core/atwai/huangw/2024/20240304_151201_AIPT_multimodelLung20240304_1_95
ImagingSession,LWM-MRI-M67-W12,STORED_IN,File,Dropbox:MultiModal/LungTumor/MRI/03-04-2024/67.dcm
ImagingSession,LWM-MRI-M67-W13,STORED_IN,Folder,atwai:/data0/core/atwai/huangw/2024/20240311_142100_AIPT_20240311multimodalLung_1_99
ImagingSession,LWM-MRI-M67-W13,STORED_IN,File,Dropbox:MultiModal/LungTumor/MRI/03-11-2024/67.dcm
ImagingSession,LWM-MRI-M67-W14,STORED_IN,Folder,atwai:/data0/core/atwai/huangw/2024/20240318_140839_AIPT_MultimodalLung20240318_1_101
ImagingSession,LWM-MRI-M67-W14,STORED_IN,File,Dropbox:MultiModal/LungTumor/MRI/03-18-2024/67.dcm
ImagingSession,LWM-MRI-M67-W14,HAS_DERIVED,File,Dropbox:MultiModal/LungTumor/MRI/03-18-2024/67.tif
ImagingSession,LWM-IVIS-M68-W06,STORED_IN,Folder,Dropbox:MultiModal/LungTumor/IVIS/baseline 01222024
ImagingSession,LWM-IVIS-M68-W07,STORED_IN,Folder,Dropbox:MultiModal/LungTumor/IVIS/week7_IVIS
ImagingSession,LWM-IVIS-M68-W08,STORED_IN,Folder,Dropbox:MultiModal/LungTumor/IVIS/week8 IVIS
ImagingSession,LWM-IVIS-M68-W09,STORED_IN,Folder,Dropbox:MultiModal/LungTumor/IVIS/week9_IVIS
ImagingSession,LWM-IVIS-M68-W10,STORED_IN,Folder,Dropbox:MultiModal/LungTumor/IVIS/week10_IVIS
ImagingSession,LWM-IVIS-M68-W11,STORED_IN,Folder,Dropbox:MultiModal/LungTumor/IVIS/week11_IVIS
ImagingSession,LWM-IVIS-M68-W12,STORED_IN,Folder,Dropbox:MultiModal/LungTumor/IVIS/week 12_IVIS
ImagingSession,LWM-IVIS-M68-W14,STORED_IN,Folder,Dropbox:MultiModal/LungTumor/IVIS/week14_IVIS
ImagingSession,LWM-MCT-M68-W06,STORED_IN,Folder,atwai:/data0/core/atwai/Anderson_Scott/Multimodal/MultiModal Lung tumor test/raw data/wk6-68_Rec
ImagingSession,LWM-MCT-M68-W06,HAS_DERIVED,Folder,atwai:/data0/core/atwai/archive/microct/longitudinal mouse lung tumors/wk6-68_Rec-Nifti
ImagingSession,LWM-MCT-M68-W07,STORED_IN,Folder,atwai:/data0/core/atwai/Anderson_Scott/Multimodal/MultiModal Lung tumor test/raw data/wk7-68_Rec
ImagingSession,LWM-MCT-M68-W07,HAS_DERIVED,Folder,atwai:/data0/core/atwai/archive/microct/longitudinal mouse lung tumors/wk7-68_Rec-Nifti
ImagingSession,LWM-MCT-M68-W08,STORED_IN,Folder,atwai:/data0/core/atwai/Anderson_Scott/Multimodal/MultiModal Lung tumor test/raw data/wk8_68_Rec
ImagingSession,LWM-MCT-M68-W08,HAS_DERIVED,Folder,atwai:/data0/core/atwai/archive/microct/longitudinal mouse lung tumors/wk8_68_Rec-Nifti
ImagingSession,LWM-MCT-M68-W09,STORED_IN,Folder,atwai:/data0/core/atwai/Anderson_Scott/Multimodal/MultiModal Lung tumor test/raw data/wk9_68_Rec
ImagingSession,LWM-MCT-M68-W09,HAS_DERIVED,Folder,atwai:/data0/core/atwai/archive/microct/longitudinal mouse lung tumors/wk9_68_Rec-Nifti
ImagingSession,LWM-MCT-M68-W10,STORED_IN,Folder,atwai:/data0/core/atwai/Anderson_Scott/Multimodal/MultiModal Lung tumor test/raw data/wk10_68_Rec
ImagingSession,LWM-MCT-M68-W10,HAS_DERIVED,Folder,atwai:/data0/core/atwai/archive/microct/longitudinal mouse lung tumors/wk10_68_Rec-Nifti
ImagingSession,LWM-MCT-M68-W11,STORED_IN,Folder,atwai:/data0/core/atwai/Anderson_Scott/Multimodal/MultiModal Lung tumor test/raw data/wk11_68_Rec
ImagingSession,LWM-MCT-M68-W11,HAS_DERIVED,Folder,atwai:/data0/core/atwai/archive/microct/longitudinal mouse lung tumors/wk11_68_Rec-Nifti
ImagingSession,LWM-MCT-M68-W13,STORED_IN,Folder,atwai:/data0/core/atwai/Anderson_Scott/Multimodal/MultiModal Lung tumor test/raw data/wk13_68_Rec
ImagingSession,LWM-MCT-M68-W13,HAS_DERIVED,Folder,atwai:/data0/core/atwai/archive/microct/longitudinal mouse lung tumors/wk13_68_Rec-Nifti
ImagingSession,LWM-MCT-M68-W14,STORED_IN,Folder,atwai:/data0/core/atwai/Anderson_Scott/Multimodal/MultiModal Lung tumor test/raw data/wk14_68_Rec
ImagingSession,LWM-MCT-M68-W14,HAS_DERIVED,Folder,atwai:/data0/core/atwai/archive/microct/longitudinal mouse lung tumors/wk14_68_Rec-Nifti
ImagingSession,LWM-MRI-M68-W06,STORED_IN,Folder,atwai:/data0/core/atwai/huangw/2024/20240122_135942_AIPT_multimodelLung20240122_1_85
ImagingSession,LWM-MRI-M68-W06,STORED_IN,File,Dropbox:MultiModal/LungTumor/MRI/01-22-2024/68.dcm
ImagingSession,LWM-MRI-M68-W07,STORED_IN,Folder,atwai:/data0/core/atwai/huangw/2024/20240129_112442_AIPT_multimodelLung20240129_1_86
ImagingSession,LWM-MRI-M68-W07,STORED_IN,File,Dropbox:MultiModal/LungTumor/MRI/01-29-2024/68.dcm
ImagingSession,LWM-MRI-M68-W08,STORED_IN,Folder,atwai:/data0/core/atwai/huangw/2024/20240205_122416_AIPT_multiModelLung20240205_1_89
ImagingSession,LWM-MRI-M68-W08,STORED_IN,File,Dropbox:MultiModal/LungTumor/MRI/02-05-2024/68.dcm
ImagingSession,LWM-MRI-M68-W09,STORED_IN,Folder,atwai:/data0/core/atwai/huangw/2024/20240212_140325_AIPT_multimodelLung20240212_1_90
ImagingSession,LWM-MRI-M68-W09,STORED_IN,File,Dropbox:MultiModal/LungTumor/MRI/02-12-2024/68.dcm
ImagingSession,LWM-MRI-M68-W11,STORED_IN,Folder,atwai:/data0/core/atwai/huangw/2024/20240226_111137_AIPT_multimodelLung20240226_1_92
ImagingSession,LWM-MRI-M68-W11,STORED_IN,File,Dropbox:MultiModal/LungTumor/MRI/02-26-2024/68.dcm
ImagingSession,LWM-MRI-M68-W12,STORED_IN,Folder,atwai:/data0/core/atwai/huangw/2024/20240304_151201_AIPT_multimodelLung20240304_1_95
ImagingSession,LWM-MRI-M68-W12,STORED_IN,File,Dropbox:MultiModal/LungTumor/MRI/03-04-2024/68.dcm
ImagingSession,LWM-MRI-M68-W13,STORED_IN,Folder,atwai:/data0/core/atwai/huangw/2024/20240311_142100_AIPT_20240311multimodalLung_1_99
ImagingSession,LWM-MRI-M68-W13,STORED_IN,File,Dropbox:MultiModal/LungTumor/MRI/03-11-2024/68.dcm
ImagingSession,LWM-MRI-M68-W14,STORED_IN,Folder,atwai:/data0/core/atwai/huangw/2024/20240318_140839_AIPT_MultimodalLung20240318_1_101
ImagingSession,LWM-MRI-M68-W14,STORED_IN,File,Dropbox:MultiModal/LungTumor/MRI/03-18-2024/68.dcm
ImagingSession,LWM-MRI-M68-W14,HAS_DERIVED,File,Dropbox:MultiModal/LungTumor/MRI/03-18-2024/68.tif
ImagingSession,LWM-IVIS-M69-W06,STORED_IN,Folder,Dropbox:MultiModal/LungTumor/IVIS/baseline 01222024
ImagingSession,LWM-IVIS-M69-W07,STORED_IN,Folder,Dropbox:MultiModal/LungTumor/IVIS/week7_IVIS
ImagingSession,LWM-IVIS-M69-W08,STORED_IN,Folder,Dropbox:MultiModal/LungTumor/IVIS/week8 IVIS
ImagingSession,LWM-IVIS-M69-W09,STORED_IN,Folder,Dropbox:MultiModal/LungTumor/IVIS/week9_IVIS
ImagingSession,LWM-IVIS-M69-W10,STORED_IN,Folder,Dropbox:MultiModal/LungTumor/IVIS/week10_IVIS
ImagingSession,LWM-IVIS-M69-W11,STORED_IN,Folder,Dropbox:MultiModal/LungTumor/IVIS/week11_IVIS
ImagingSession,LWM-IVIS-M69-W12,STORED_IN,Folder,Dropbox:MultiModal/LungTumor/IVIS/week 12_IVIS
ImagingSession,LWM-IVIS-M69-W14,STORED_IN,Folder,Dropbox:MultiModal/LungTumor/IVIS/week14_IVIS
ImagingSession,LWM-MCT-M69-W06,STORED_IN,Folder,atwai:/data0/core/atwai/Anderson_Scott/Multimodal/MultiModal Lung tumor test/raw data/wk6-69_Rec
ImagingSession,LWM-MCT-M69-W06,HAS_DERIVED,Folder,atwai:/data0/core/atwai/archive/microct/longitudinal mouse lung tumors/wk6-69_Rec-Nifti
ImagingSession,LWM-MCT-M69-W07,STORED_IN,Folder,atwai:/data0/core/atwai/Anderson_Scott/Multimodal/MultiModal Lung tumor test/raw data/wk7-69_Rec
ImagingSession,LWM-MCT-M69-W07,HAS_DERIVED,Folder,atwai:/data0/core/atwai/archive/microct/longitudinal mouse lung tumors/wk7-69_Rec-Nifti
ImagingSession,LWM-MCT-M69-W08,STORED_IN,Folder,atwai:/data0/core/atwai/Anderson_Scott/Multimodal/MultiModal Lung tumor test/raw data/wk8_69_Rec
ImagingSession,LWM-MCT-M69-W08,STORED_IN,Folder,Dropbox:MultiModal/LungTumor/microCT/wk8/wk8_69_gut1_Rec
ImagingSession,LWM-MCT-M69-W08,STORED_IN,Folder,Dropbox:MultiModal/LungTumor/microCT/wk8/wk8_69_gut2_Rec
ImagingSession,LWM-MCT-M69-W08,HAS_DERIVED,Folder,atwai:/data0/core/atwai/archive/microct/longitudinal mouse lung tumors/wk8_69_Rec-Nifti
ImagingSession,LWM-MCT-M69-W09,STORED_IN,Folder,atwai:/data0/core/atwai/Anderson_Scott/Multimodal/MultiModal Lung tumor test/raw data/wk9_69_Rec
ImagingSession,LWM-MCT-M69-W09,HAS_DERIVED,Folder,atwai:/data0/core/atwai/archive/microct/longitudinal mouse lung tumors/wk9_69_Rec-Nifti
ImagingSession,LWM-MCT-M69-W10,STORED_IN,Folder,atwai:/data0/core/atwai/Anderson_Scott/Multimodal/MultiModal Lung tumor test/raw data/wk10_69_Rec
ImagingSession,LWM-MCT-M69-W10,HAS_DERIVED,Folder,atwai:/data0/core/atwai/archive/microct/longitudinal mouse lung tumors/wk10_69_Rec-Nifti
ImagingSession,LWM-MCT-M69-W11,STORED_IN,Folder,atwai:/data0/core/atwai/Anderson_Scott/Multimodal/MultiModal Lung tumor test/raw data/wk11_69_Rec
ImagingSession,LWM-MCT-M69-W11,HAS_DERIVED,Folder,atwai:/data0/core/atwai/archive/microct/longitudinal mouse lung tumors/wk11_69_Rec-Nifti
ImagingSession,LWM-MCT-M69-W13,STORED_IN,Folder,atwai:/data0/core/atwai/Anderson_Scott/Multimodal/MultiModal Lung tumor test/raw data/wk13_69_Rec
ImagingSession,LWM-MCT-M69-W13,HAS_DERIVED,Folder,atwai:/data0/core/atwai/archive/microct/longitudinal mouse lung tumors/wk13_69_Rec-Nifti
ImagingSession,LWM-MCT-M69-W14,STORED_IN,Folder,atwai:/data0/core/atwai/Anderson_Scott/Multimodal/MultiModal Lung tumor test/raw data/wk14_69_Rec
ImagingSession,LWM-MCT-M69-W14,HAS_DERIVED,Folder,atwai:/data0/core/atwai/archive/microct/longitudinal mouse lung tumors/wk14_69_Rec-Nifti
ImagingSession,LWM-MRI-M69-W06,STORED_IN,Folder,atwai:/data0/core/atwai/huangw/2024/20240122_135942_AIPT_multimodelLung20240122_1_85
ImagingSession,LWM-MRI-M69-W06,STORED_IN,File,Dropbox:MultiModal/LungTumor/MRI/01-22-2024/69.dcm
ImagingSession,LWM-MRI-M69-W07,STORED_IN,Folder,atwai:/data0/core/atwai/huangw/2024/20240129_112442_AIPT_multimodelLung20240129_1_86
ImagingSession,LWM-MRI-M69-W07,STORED_IN,File,Dropbox:MultiModal/LungTumor/MRI/01-29-2024/69.dcm
ImagingSession,LWM-MRI-M69-W08,STORED_IN,Folder,atwai:/data0/core/atwai/huangw/2024/20240205_122416_AIPT_multiModelLung20240205_1_89
ImagingSession,LWM-MRI-M69-W08,STORED_IN,File,Dropbox:MultiModal/LungTumor/MRI/02-05-2024/69.dcm
ImagingSession,LWM-MRI-M69-W09,STORED_IN,Folder,atwai:/data0/core/atwai/huangw/2024/20240212_140325_AIPT_multimodelLung20240212_1_90
ImagingSession,LWM-MRI-M69-W09,STORED_IN,File,Dropbox:MultiModal/LungTumor/MRI/02-12-2024/69.dcm
ImagingSession,LWM-MRI-M69-W11,STORED_IN,Folder,atwai:/data0/core/atwai/huangw/2024/20240226_111137_AIPT_multimodelLung20240226_1_92
ImagingSession,LWM-MRI-M69-W11,STORED_IN,File,Dropbox:MultiModal/LungTumor/MRI/02-26-2024/69.dcm
ImagingSession,LWM-MRI-M69-W12,STORED_IN,Folder,atwai:/data0/core/atwai/huangw/2024/20240304_151201_AIPT_multimodelLung20240304_1_95
ImagingSession,LWM-MRI-M69-W12,STORED_IN,File,Dropbox:MultiModal/LungTumor/MRI/03-04-2024/69.dcm
ImagingSession,LWM-MRI-M69-W13,STORED_IN,Folder,atwai:/data0/core/atwai/huangw/2024/20240311_142100_AIPT_20240311multimodalLung_1_99
ImagingSession,LWM-MRI-M69-W13,STORED_IN,File,Dropbox:MultiModal/LungTumor/MRI/03-11-2024/69.dcm
ImagingSession,LWM-MRI-M69-W14,STORED_IN,Folder,atwai:/data0/core/atwai/huangw/2024/20240318_140839_AIPT_MultimodalLung20240318_1_101
ImagingSession,LWM-MRI-M69-W14,STORED_IN,File,Dropbox:MultiModal/LungTumor/MRI/03-18-2024/69.dcm
ImagingSession,LWM-MRI-M69-W14,HAS_DERIVED,File,Dropbox:MultiModal/LungTumor/MRI/03-18-2024/69.tif
ImagingSession,LWM-IVIS-M75-W06,STORED_IN,Folder,Dropbox:MultiModal/LungTumor/IVIS/baseline 01222024
ImagingSession,LWM-IVIS-M75-W07,STORED_IN,Folder,Dropbox:MultiModal/LungTumor/IVIS/week7_IVIS
ImagingSession,LWM-IVIS-M75-W08,STORED_IN,Folder,Dropbox:MultiModal/LungTumor/IVIS/week8 IVIS
ImagingSession,LWM-IVIS-M75-W09,STORED_IN,Folder,Dropbox:MultiModal/LungTumor/IVIS/week9_IVIS
ImagingSession,LWM-IVIS-M75-W10,STORED_IN,Folder,Dropbox:MultiModal/LungTumor/IVIS/week10_IVIS
ImagingSession,LWM-IVIS-M75-W11,STORED_IN,Folder,Dropbox:MultiModal/LungTumor/IVIS/week11_IVIS
ImagingSession,LWM-MCT-M75-W06,STORED_IN,Folder,atwai:/data0/core/atwai/Anderson_Scott/Multimodal/MultiModal Lung tumor test/raw data/wk6-75_Rec
ImagingSession,LWM-MCT-M75-W06,HAS_DERIVED,Folder,atwai:/data0/core/atwai/archive/microct/longitudinal mouse lung tumors/wk6-75_Rec-Nifti
ImagingSession,LWM-MCT-M75-W07,STORED_IN,Folder,atwai:/data0/core/atwai/Anderson_Scott/Multimodal/MultiModal Lung tumor test/raw data/wk7-75_Rec
ImagingSession,LWM-MCT-M75-W07,HAS_DERIVED,Folder,atwai:/data0/core/atwai/archive/microct/longitudinal mouse lung tumors/wk7-75_Rec-Nifti
ImagingSession,LWM-MCT-M75-W08,STORED_IN,Folder,atwai:/data0/core/atwai/Anderson_Scott/Multimodal/MultiModal Lung tumor test/raw data/wk8_75_Rec
ImagingSession,LWM-MCT-M75-W08,HAS_DERIVED,Folder,atwai:/data0/core/atwai/archive/microct/longitudinal mouse lung tumors/wk8_75_Rec-Nifti
ImagingSession,LWM-MCT-M75-W09,STORED_IN,Folder,atwai:/data0/core/atwai/Anderson_Scott/Multimodal/MultiModal Lung tumor test/raw data/wk9_75_Rec
ImagingSession,LWM-MCT-M75-W09,STORED_IN,Folder,Dropbox:MultiModal/LungTumor/microCT/wk9/wk9_75B_Rec
ImagingSession,LWM-MCT-M75-W09,HAS_DERIVED,Folder,atwai:/data0/core/atwai/archive/microct/longitudinal mouse lung tumors/wk9_75_Rec-Nifti
ImagingSession,LWM-MCT-M75-W10,STORED_IN,Folder,atwai:/data0/core/atwai/Anderson_Scott/Multimodal/MultiModal Lung tumor test/raw data/wk10_75_Rec
ImagingSession,LWM-MCT-M75-W10,HAS_DERIVED,Folder,atwai:/data0/core/atwai/archive/microct/longitudinal mouse lung tumors/wk10_75_Rec-Nifti
ImagingSession,LWM-MCT-M75-W11,STORED_IN,Folder,atwai:/data0/core/atwai/Anderson_Scott/Multimodal/MultiModal Lung tumor test/raw data/wk11_75_Rec
ImagingSession,LWM-MCT-M75-W11,HAS_DERIVED,Folder,atwai:/data0/core/atwai/archive/microct/longitudinal mouse lung tumors/wk11_75_Rec-Nifti
ImagingSession,LWM-MRI-M75-W06,STORED_IN,Folder,atwai:/data0/core/atwai/huangw/2024/20240122_135942_AIPT_multimodelLung20240122_1_85
ImagingSession,LWM-MRI-M75-W06,STORED_IN,File,Dropbox:MultiModal/LungTumor/MRI/01-22-2024/75.dcm
ImagingSession,LWM-MRI-M75-W07,STORED_IN,Folder,atwai:/data0/core/atwai/huangw/2024/20240129_112442_AIPT_multimodelLung20240129_1_86
ImagingSession,LWM-MRI-M75-W07,STORED_IN,File,Dropbox:MultiModal/LungTumor/MRI/01-29-2024/75.dcm
ImagingSession,LWM-MRI-M75-W08,STORED_IN,Folder,atwai:/data0/core/atwai/huangw/2024/20240205_122416_AIPT_multiModelLung20240205_1_89
ImagingSession,LWM-MRI-M75-W08,STORED_IN,File,Dropbox:MultiModal/LungTumor/MRI/02-05-2024/75.dcm
ImagingSession,LWM-MRI-M75-W09,STORED_IN,Folder,atwai:/data0/core/atwai/huangw/2024/20240212_140325_AIPT_multimodelLung20240212_1_90
ImagingSession,LWM-MRI-M75-W09,STORED_IN,File,Dropbox:MultiModal/LungTumor/MRI/02-12-2024/75.dcm
ImagingSession,LWM-MRI-M75-W11,STORED_IN,Folder,atwai:/data0/core/atwai/huangw/2024/20240226_111137_AIPT_multimodelLung20240226_1_92
ImagingSession,LWM-MRI-M75-W11,STORED_IN,File,Dropbox:MultiModal/LungTumor/MRI/02-26-2024/75.dcm
Measurement,LWM-IVIS-M10-W06:total_flux,REPORTED_IN,File,repo:demo_data/lwm2026/source_results/IVISlungdata042024_all_animals.csv
Measurement,LWM-IVIS-M10-W07:total_flux,REPORTED_IN,File,repo:demo_data/lwm2026/source_results/IVISlungdata042024_all_animals.csv
Measurement,LWM-IVIS-M10-W08:total_flux,REPORTED_IN,File,repo:demo_data/lwm2026/source_results/IVISlungdata042024_all_animals.csv
Measurement,LWM-IVIS-M10-W09:total_flux,REPORTED_IN,File,repo:demo_data/lwm2026/source_results/IVISlungdata042024_all_animals.csv
Measurement,LWM-IVIS-M10-W09:total_flux_left,REPORTED_IN,File,repo:demo_data/lwm2026/source_results/IVISlungdata042024_all_animals.csv
Measurement,LWM-IVIS-M10-W09:total_flux_right,REPORTED_IN,File,repo:demo_data/lwm2026/source_results/IVISlungdata042024_all_animals.csv
Measurement,LWM-IVIS-M10-W10:total_flux,REPORTED_IN,File,repo:demo_data/lwm2026/source_results/IVISlungdata042024_all_animals.csv
Measurement,LWM-IVIS-M10-W10:total_flux_left,REPORTED_IN,File,repo:demo_data/lwm2026/source_results/IVISlungdata042024_all_animals.csv
Measurement,LWM-IVIS-M10-W10:total_flux_right,REPORTED_IN,File,repo:demo_data/lwm2026/source_results/IVISlungdata042024_all_animals.csv
Measurement,LWM-IVIS-M10-W11:total_flux,REPORTED_IN,File,repo:demo_data/lwm2026/source_results/IVISlungdata042024_all_animals.csv
Measurement,LWM-IVIS-M10-W11:total_flux_left,REPORTED_IN,File,repo:demo_data/lwm2026/source_results/IVISlungdata042024_all_animals.csv
Measurement,LWM-IVIS-M10-W11:total_flux_right,REPORTED_IN,File,repo:demo_data/lwm2026/source_results/IVISlungdata042024_all_animals.csv
Measurement,LWM-IVIS-M10-W11:total_flux_prone,REPORTED_IN,File,repo:demo_data/lwm2026/source_results/IVISlungdata042024_all_animals.csv
Measurement,LWM-IVIS-M10-W12:total_flux,REPORTED_IN,File,repo:demo_data/lwm2026/source_results/IVISlungdata042024_all_animals.csv
Measurement,LWM-IVIS-M10-W12:total_flux_left,REPORTED_IN,File,repo:demo_data/lwm2026/source_results/IVISlungdata042024_all_animals.csv
Measurement,LWM-IVIS-M10-W12:total_flux_prone,REPORTED_IN,File,repo:demo_data/lwm2026/source_results/IVISlungdata042024_all_animals.csv
Measurement,LWM-IVIS-M10-W13:total_flux,REPORTED_IN,File,repo:demo_data/lwm2026/source_results/IVISlungdata042024_all_animals.csv
Measurement,LWM-IVIS-M10-W13:total_flux_left,REPORTED_IN,File,repo:demo_data/lwm2026/source_results/IVISlungdata042024_all_animals.csv
Measurement,LWM-IVIS-M10-W13:total_flux_right,REPORTED_IN,File,repo:demo_data/lwm2026/source_results/IVISlungdata042024_all_animals.csv
Measurement,LWM-IVIS-M10-W13:total_flux_prone,REPORTED_IN,File,repo:demo_data/lwm2026/source_results/IVISlungdata042024_all_animals.csv
Measurement,LWM-IVIS-M10-W14:total_flux,REPORTED_IN,File,repo:demo_data/lwm2026/source_results/IVISlungdata042024_all_animals.csv
Measurement,LWM-IVIS-M10-W14:total_flux_prone,REPORTED_IN,File,repo:demo_data/lwm2026/source_results/IVISlungdata042024_all_animals.csv
Measurement,LWM-MCT-M10-W06:aerated_lung_pct,REPORTED_IN,File,repo:demo_data/lwm2026/source_results/aerated_vol_uCT.csv
Measurement,LWM-MCT-M10-W07:aerated_lung_pct,REPORTED_IN,File,repo:demo_data/lwm2026/source_results/aerated_vol_uCT.csv
Measurement,LWM-MCT-M10-W08:aerated_lung_pct,REPORTED_IN,File,repo:demo_data/lwm2026/source_results/aerated_vol_uCT.csv
Measurement,LWM-MCT-M10-W09:aerated_lung_pct,REPORTED_IN,File,repo:demo_data/lwm2026/source_results/aerated_vol_uCT.csv
Measurement,LWM-MCT-M10-W10:aerated_lung_pct,REPORTED_IN,File,repo:demo_data/lwm2026/source_results/aerated_vol_uCT.csv
Measurement,LWM-MCT-M10-W11:aerated_lung_pct,REPORTED_IN,File,repo:demo_data/lwm2026/source_results/aerated_vol_uCT.csv
Measurement,LWM-MCT-M10-W13:aerated_lung_pct,REPORTED_IN,File,repo:demo_data/lwm2026/source_results/aerated_vol_uCT.csv
Measurement,LWM-MCT-M10-W14:aerated_lung_pct,REPORTED_IN,File,repo:demo_data/lwm2026/source_results/aerated_vol_uCT.csv
Measurement,LWM-MRI-M10-W06:tumor_pixel_count,REPORTED_IN,File,repo:demo_data/lwm2026/source_results/pixel_count_MRI.csv
Measurement,LWM-MRI-M10-W07:tumor_pixel_count,REPORTED_IN,File,repo:demo_data/lwm2026/source_results/pixel_count_MRI.csv
Measurement,LWM-MRI-M10-W08:tumor_pixel_count,REPORTED_IN,File,repo:demo_data/lwm2026/source_results/pixel_count_MRI.csv
Measurement,LWM-MRI-M10-W09:tumor_pixel_count,REPORTED_IN,File,repo:demo_data/lwm2026/source_results/pixel_count_MRI.csv
Measurement,LWM-MRI-M10-W11:tumor_pixel_count,REPORTED_IN,File,repo:demo_data/lwm2026/source_results/pixel_count_MRI.csv
Measurement,LWM-MRI-M10-W12:tumor_pixel_count,REPORTED_IN,File,repo:demo_data/lwm2026/source_results/pixel_count_MRI.csv
Measurement,LWM-MRI-M10-W13:tumor_pixel_count,REPORTED_IN,File,repo:demo_data/lwm2026/source_results/pixel_count_MRI.csv
Measurement,LWM-MRI-M10-W14:tumor_pixel_count,REPORTED_IN,File,repo:demo_data/lwm2026/source_results/pixel_count_MRI.csv
Measurement,LWM-MCT-M11-W06:aerated_lung_pct,REPORTED_IN,File,repo:demo_data/lwm2026/source_results/aerated_vol_uCT.csv
Measurement,LWM-MCT-M11-W07:aerated_lung_pct,REPORTED_IN,File,repo:demo_data/lwm2026/source_results/aerated_vol_uCT.csv
Measurement,LWM-MCT-M11-W08:aerated_lung_pct,REPORTED_IN,File,repo:demo_data/lwm2026/source_results/aerated_vol_uCT.csv
Measurement,LWM-MCT-M11-W09:aerated_lung_pct,REPORTED_IN,File,repo:demo_data/lwm2026/source_results/aerated_vol_uCT.csv
Measurement,LWM-MCT-M11-W10:aerated_lung_pct,REPORTED_IN,File,repo:demo_data/lwm2026/source_results/aerated_vol_uCT.csv
Measurement,LWM-MCT-M11-W11:aerated_lung_pct,REPORTED_IN,File,repo:demo_data/lwm2026/source_results/aerated_vol_uCT.csv
Measurement,LWM-MCT-M11-W13:aerated_lung_pct,REPORTED_IN,File,repo:demo_data/lwm2026/source_results/aerated_vol_uCT.csv
Measurement,LWM-MCT-M11-W14:aerated_lung_pct,REPORTED_IN,File,repo:demo_data/lwm2026/source_results/aerated_vol_uCT.csv
Measurement,LWM-MRI-M11-W06:tumor_pixel_count,REPORTED_IN,File,repo:demo_data/lwm2026/source_results/pixel_count_MRI.csv
Measurement,LWM-MRI-M11-W07:tumor_pixel_count,REPORTED_IN,File,repo:demo_data/lwm2026/source_results/pixel_count_MRI.csv
Measurement,LWM-MRI-M11-W08:tumor_pixel_count,REPORTED_IN,File,repo:demo_data/lwm2026/source_results/pixel_count_MRI.csv
Measurement,LWM-MRI-M11-W09:tumor_pixel_count,REPORTED_IN,File,repo:demo_data/lwm2026/source_results/pixel_count_MRI.csv
Measurement,LWM-MRI-M11-W11:tumor_pixel_count,REPORTED_IN,File,repo:demo_data/lwm2026/source_results/pixel_count_MRI.csv
Measurement,LWM-MRI-M11-W12:tumor_pixel_count,REPORTED_IN,File,repo:demo_data/lwm2026/source_results/pixel_count_MRI.csv
Measurement,LWM-MRI-M11-W13:tumor_pixel_count,REPORTED_IN,File,repo:demo_data/lwm2026/source_results/pixel_count_MRI.csv
Measurement,LWM-MRI-M11-W14:tumor_pixel_count,REPORTED_IN,File,repo:demo_data/lwm2026/source_results/pixel_count_MRI.csv
Measurement,LWM-MCT-M12-W06:aerated_lung_pct,REPORTED_IN,File,repo:demo_data/lwm2026/source_results/aerated_vol_uCT.csv
Measurement,LWM-MCT-M12-W07:aerated_lung_pct,REPORTED_IN,File,repo:demo_data/lwm2026/source_results/aerated_vol_uCT.csv
Measurement,LWM-MCT-M12-W08:aerated_lung_pct,REPORTED_IN,File,repo:demo_data/lwm2026/source_results/aerated_vol_uCT.csv
Measurement,LWM-MCT-M12-W09:aerated_lung_pct,REPORTED_IN,File,repo:demo_data/lwm2026/source_results/aerated_vol_uCT.csv
Measurement,LWM-MCT-M12-W10:aerated_lung_pct,REPORTED_IN,File,repo:demo_data/lwm2026/source_results/aerated_vol_uCT.csv
Measurement,LWM-MCT-M12-W11:aerated_lung_pct,REPORTED_IN,File,repo:demo_data/lwm2026/source_results/aerated_vol_uCT.csv
Measurement,LWM-MCT-M12-W13:aerated_lung_pct,REPORTED_IN,File,repo:demo_data/lwm2026/source_results/aerated_vol_uCT.csv
Measurement,LWM-MCT-M12-W14:aerated_lung_pct,REPORTED_IN,File,repo:demo_data/lwm2026/source_results/aerated_vol_uCT.csv
Measurement,LWM-MRI-M12-W06:tumor_pixel_count,REPORTED_IN,File,repo:demo_data/lwm2026/source_results/pixel_count_MRI.csv
Measurement,LWM-MRI-M12-W07:tumor_pixel_count,REPORTED_IN,File,repo:demo_data/lwm2026/source_results/pixel_count_MRI.csv
Measurement,LWM-MRI-M12-W08:tumor_pixel_count,REPORTED_IN,File,repo:demo_data/lwm2026/source_results/pixel_count_MRI.csv
Measurement,LWM-MRI-M12-W09:tumor_pixel_count,REPORTED_IN,File,repo:demo_data/lwm2026/source_results/pixel_count_MRI.csv
Measurement,LWM-MRI-M12-W11:tumor_pixel_count,REPORTED_IN,File,repo:demo_data/lwm2026/source_results/pixel_count_MRI.csv
Measurement,LWM-MRI-M12-W12:tumor_pixel_count,REPORTED_IN,File,repo:demo_data/lwm2026/source_results/pixel_count_MRI.csv
Measurement,LWM-MRI-M12-W13:tumor_pixel_count,REPORTED_IN,File,repo:demo_data/lwm2026/source_results/pixel_count_MRI.csv
Measurement,LWM-MRI-M12-W14:tumor_pixel_count,REPORTED_IN,File,repo:demo_data/lwm2026/source_results/pixel_count_MRI.csv
Measurement,LWM-IVIS-M13-W06:total_flux,REPORTED_IN,File,repo:demo_data/lwm2026/source_results/IVISlungdata042024_all_animals.csv
Measurement,LWM-IVIS-M13-W07:total_flux,REPORTED_IN,File,repo:demo_data/lwm2026/source_results/IVISlungdata042024_all_animals.csv
Measurement,LWM-IVIS-M13-W08:total_flux,REPORTED_IN,File,repo:demo_data/lwm2026/source_results/IVISlungdata042024_all_animals.csv
Measurement,LWM-IVIS-M13-W09:total_flux,REPORTED_IN,File,repo:demo_data/lwm2026/source_results/IVISlungdata042024_all_animals.csv
Measurement,LWM-IVIS-M13-W09:total_flux_left,REPORTED_IN,File,repo:demo_data/lwm2026/source_results/IVISlungdata042024_all_animals.csv
Measurement,LWM-IVIS-M13-W09:total_flux_right,REPORTED_IN,File,repo:demo_data/lwm2026/source_results/IVISlungdata042024_all_animals.csv
Measurement,LWM-IVIS-M13-W10:total_flux,REPORTED_IN,File,repo:demo_data/lwm2026/source_results/IVISlungdata042024_all_animals.csv
Measurement,LWM-IVIS-M13-W10:total_flux_left,REPORTED_IN,File,repo:demo_data/lwm2026/source_results/IVISlungdata042024_all_animals.csv
Measurement,LWM-IVIS-M13-W10:total_flux_right,REPORTED_IN,File,repo:demo_data/lwm2026/source_results/IVISlungdata042024_all_animals.csv
Measurement,LWM-IVIS-M13-W11:total_flux,REPORTED_IN,File,repo:demo_data/lwm2026/source_results/IVISlungdata042024_all_animals.csv
Measurement,LWM-IVIS-M13-W11:total_flux_left,REPORTED_IN,File,repo:demo_data/lwm2026/source_results/IVISlungdata042024_all_animals.csv
Measurement,LWM-IVIS-M13-W11:total_flux_right,REPORTED_IN,File,repo:demo_data/lwm2026/source_results/IVISlungdata042024_all_animals.csv
Measurement,LWM-IVIS-M13-W11:total_flux_prone,REPORTED_IN,File,repo:demo_data/lwm2026/source_results/IVISlungdata042024_all_animals.csv
Measurement,LWM-IVIS-M13-W12:total_flux,REPORTED_IN,File,repo:demo_data/lwm2026/source_results/IVISlungdata042024_all_animals.csv
Measurement,LWM-IVIS-M13-W12:total_flux_left,REPORTED_IN,File,repo:demo_data/lwm2026/source_results/IVISlungdata042024_all_animals.csv
Measurement,LWM-IVIS-M13-W12:total_flux_right,REPORTED_IN,File,repo:demo_data/lwm2026/source_results/IVISlungdata042024_all_animals.csv
Measurement,LWM-IVIS-M13-W12:total_flux_prone,REPORTED_IN,File,repo:demo_data/lwm2026/source_results/IVISlungdata042024_all_animals.csv
Measurement,LWM-IVIS-M13-W13:total_flux,REPORTED_IN,File,repo:demo_data/lwm2026/source_results/IVISlungdata042024_all_animals.csv
Measurement,LWM-IVIS-M13-W13:total_flux_left,REPORTED_IN,File,repo:demo_data/lwm2026/source_results/IVISlungdata042024_all_animals.csv
Measurement,LWM-IVIS-M13-W13:total_flux_right,REPORTED_IN,File,repo:demo_data/lwm2026/source_results/IVISlungdata042024_all_animals.csv
Measurement,LWM-IVIS-M13-W13:total_flux_prone,REPORTED_IN,File,repo:demo_data/lwm2026/source_results/IVISlungdata042024_all_animals.csv
Measurement,LWM-MCT-M13-W06:aerated_lung_pct,REPORTED_IN,File,repo:demo_data/lwm2026/source_results/aerated_vol_uCT.csv
Measurement,LWM-MCT-M13-W07:aerated_lung_pct,REPORTED_IN,File,repo:demo_data/lwm2026/source_results/aerated_vol_uCT.csv
Measurement,LWM-MCT-M13-W08:aerated_lung_pct,REPORTED_IN,File,repo:demo_data/lwm2026/source_results/aerated_vol_uCT.csv
Measurement,LWM-MCT-M13-W09:aerated_lung_pct,REPORTED_IN,File,repo:demo_data/lwm2026/source_results/aerated_vol_uCT.csv
Measurement,LWM-MCT-M13-W10:aerated_lung_pct,REPORTED_IN,File,repo:demo_data/lwm2026/source_results/aerated_vol_uCT.csv
Measurement,LWM-MCT-M13-W11:aerated_lung_pct,REPORTED_IN,File,repo:demo_data/lwm2026/source_results/aerated_vol_uCT.csv
Measurement,LWM-MCT-M13-W13:aerated_lung_pct,REPORTED_IN,File,repo:demo_data/lwm2026/source_results/aerated_vol_uCT.csv
Measurement,LWM-MCT-M13-W14:aerated_lung_pct,REPORTED_IN,File,repo:demo_data/lwm2026/source_results/aerated_vol_uCT.csv
Measurement,LWM-MRI-M13-W06:tumor_pixel_count,REPORTED_IN,File,repo:demo_data/lwm2026/source_results/pixel_count_MRI.csv
Measurement,LWM-MRI-M13-W07:tumor_pixel_count,REPORTED_IN,File,repo:demo_data/lwm2026/source_results/pixel_count_MRI.csv
Measurement,LWM-MRI-M13-W08:tumor_pixel_count,REPORTED_IN,File,repo:demo_data/lwm2026/source_results/pixel_count_MRI.csv
Measurement,LWM-MRI-M13-W09:tumor_pixel_count,REPORTED_IN,File,repo:demo_data/lwm2026/source_results/pixel_count_MRI.csv
Measurement,LWM-MRI-M13-W11:tumor_pixel_count,REPORTED_IN,File,repo:demo_data/lwm2026/source_results/pixel_count_MRI.csv
Measurement,LWM-MRI-M13-W12:tumor_pixel_count,REPORTED_IN,File,repo:demo_data/lwm2026/source_results/pixel_count_MRI.csv
Measurement,LWM-MRI-M13-W13:tumor_pixel_count,REPORTED_IN,File,repo:demo_data/lwm2026/source_results/pixel_count_MRI.csv
Measurement,LWM-MRI-M13-W14:tumor_pixel_count,REPORTED_IN,File,repo:demo_data/lwm2026/source_results/pixel_count_MRI.csv
Measurement,LWM-IVIS-M14-W06:total_flux,REPORTED_IN,File,repo:demo_data/lwm2026/source_results/IVISlungdata042024_all_animals.csv
Measurement,LWM-IVIS-M14-W07:total_flux,REPORTED_IN,File,repo:demo_data/lwm2026/source_results/IVISlungdata042024_all_animals.csv
Measurement,LWM-IVIS-M14-W08:total_flux,REPORTED_IN,File,repo:demo_data/lwm2026/source_results/IVISlungdata042024_all_animals.csv
Measurement,LWM-IVIS-M14-W09:total_flux,REPORTED_IN,File,repo:demo_data/lwm2026/source_results/IVISlungdata042024_all_animals.csv
Measurement,LWM-IVIS-M14-W09:total_flux_left,REPORTED_IN,File,repo:demo_data/lwm2026/source_results/IVISlungdata042024_all_animals.csv
Measurement,LWM-IVIS-M14-W09:total_flux_right,REPORTED_IN,File,repo:demo_data/lwm2026/source_results/IVISlungdata042024_all_animals.csv
Measurement,LWM-IVIS-M14-W10:total_flux,REPORTED_IN,File,repo:demo_data/lwm2026/source_results/IVISlungdata042024_all_animals.csv
Measurement,LWM-IVIS-M14-W10:total_flux_left,REPORTED_IN,File,repo:demo_data/lwm2026/source_results/IVISlungdata042024_all_animals.csv
Measurement,LWM-IVIS-M14-W10:total_flux_right,REPORTED_IN,File,repo:demo_data/lwm2026/source_results/IVISlungdata042024_all_animals.csv
Measurement,LWM-IVIS-M14-W11:total_flux,REPORTED_IN,File,repo:demo_data/lwm2026/source_results/IVISlungdata042024_all_animals.csv
Measurement,LWM-IVIS-M14-W11:total_flux_left,REPORTED_IN,File,repo:demo_data/lwm2026/source_results/IVISlungdata042024_all_animals.csv
Measurement,LWM-IVIS-M14-W11:total_flux_right,REPORTED_IN,File,repo:demo_data/lwm2026/source_results/IVISlungdata042024_all_animals.csv
Measurement,LWM-IVIS-M14-W11:total_flux_prone,REPORTED_IN,File,repo:demo_data/lwm2026/source_results/IVISlungdata042024_all_animals.csv
Measurement,LWM-IVIS-M14-W12:total_flux,REPORTED_IN,File,repo:demo_data/lwm2026/source_results/IVISlungdata042024_all_animals.csv
Measurement,LWM-IVIS-M14-W12:total_flux_left,REPORTED_IN,File,repo:demo_data/lwm2026/source_results/IVISlungdata042024_all_animals.csv
Measurement,LWM-IVIS-M14-W12:total_flux_prone,REPORTED_IN,File,repo:demo_data/lwm2026/source_results/IVISlungdata042024_all_animals.csv
Measurement,LWM-IVIS-M14-W13:total_flux,REPORTED_IN,File,repo:demo_data/lwm2026/source_results/IVISlungdata042024_all_animals.csv
Measurement,LWM-IVIS-M14-W13:total_flux_left,REPORTED_IN,File,repo:demo_data/lwm2026/source_results/IVISlungdata042024_all_animals.csv
Measurement,LWM-IVIS-M14-W13:total_flux_right,REPORTED_IN,File,repo:demo_data/lwm2026/source_results/IVISlungdata042024_all_animals.csv
Measurement,LWM-IVIS-M14-W13:total_flux_prone,REPORTED_IN,File,repo:demo_data/lwm2026/source_results/IVISlungdata042024_all_animals.csv
Measurement,LWM-IVIS-M14-W14:total_flux,REPORTED_IN,File,repo:demo_data/lwm2026/source_results/IVISlungdata042024_all_animals.csv
Measurement,LWM-IVIS-M14-W14:total_flux_prone,REPORTED_IN,File,repo:demo_data/lwm2026/source_results/IVISlungdata042024_all_animals.csv
Measurement,LWM-MCT-M14-W06:aerated_lung_pct,REPORTED_IN,File,repo:demo_data/lwm2026/source_results/aerated_vol_uCT.csv
Measurement,LWM-MCT-M14-W07:aerated_lung_pct,REPORTED_IN,File,repo:demo_data/lwm2026/source_results/aerated_vol_uCT.csv
Measurement,LWM-MCT-M14-W08:aerated_lung_pct,REPORTED_IN,File,repo:demo_data/lwm2026/source_results/aerated_vol_uCT.csv
Measurement,LWM-MCT-M14-W09:aerated_lung_pct,REPORTED_IN,File,repo:demo_data/lwm2026/source_results/aerated_vol_uCT.csv
Measurement,LWM-MCT-M14-W10:aerated_lung_pct,REPORTED_IN,File,repo:demo_data/lwm2026/source_results/aerated_vol_uCT.csv
Measurement,LWM-MCT-M14-W11:aerated_lung_pct,REPORTED_IN,File,repo:demo_data/lwm2026/source_results/aerated_vol_uCT.csv
Measurement,LWM-MCT-M14-W13:aerated_lung_pct,REPORTED_IN,File,repo:demo_data/lwm2026/source_results/aerated_vol_uCT.csv
Measurement,LWM-MCT-M14-W14:aerated_lung_pct,REPORTED_IN,File,repo:demo_data/lwm2026/source_results/aerated_vol_uCT.csv
Measurement,LWM-MRI-M14-W06:tumor_pixel_count,REPORTED_IN,File,repo:demo_data/lwm2026/source_results/pixel_count_MRI.csv
Measurement,LWM-MRI-M14-W07:tumor_pixel_count,REPORTED_IN,File,repo:demo_data/lwm2026/source_results/pixel_count_MRI.csv
Measurement,LWM-MRI-M14-W08:tumor_pixel_count,REPORTED_IN,File,repo:demo_data/lwm2026/source_results/pixel_count_MRI.csv
Measurement,LWM-MRI-M14-W09:tumor_pixel_count,REPORTED_IN,File,repo:demo_data/lwm2026/source_results/pixel_count_MRI.csv
Measurement,LWM-MRI-M14-W11:tumor_pixel_count,REPORTED_IN,File,repo:demo_data/lwm2026/source_results/pixel_count_MRI.csv
Measurement,LWM-MRI-M14-W12:tumor_pixel_count,REPORTED_IN,File,repo:demo_data/lwm2026/source_results/pixel_count_MRI.csv
Measurement,LWM-MRI-M14-W13:tumor_pixel_count,REPORTED_IN,File,repo:demo_data/lwm2026/source_results/pixel_count_MRI.csv
Measurement,LWM-MRI-M14-W14:tumor_pixel_count,REPORTED_IN,File,repo:demo_data/lwm2026/source_results/pixel_count_MRI.csv
Measurement,LWM-IVIS-M15-W06:total_flux,REPORTED_IN,File,repo:demo_data/lwm2026/source_results/IVISlungdata042024_all_animals.csv
Measurement,LWM-IVIS-M15-W07:total_flux,REPORTED_IN,File,repo:demo_data/lwm2026/source_results/IVISlungdata042024_all_animals.csv
Measurement,LWM-IVIS-M15-W08:total_flux,REPORTED_IN,File,repo:demo_data/lwm2026/source_results/IVISlungdata042024_all_animals.csv
Measurement,LWM-IVIS-M15-W09:total_flux,REPORTED_IN,File,repo:demo_data/lwm2026/source_results/IVISlungdata042024_all_animals.csv
Measurement,LWM-IVIS-M15-W09:total_flux_left,REPORTED_IN,File,repo:demo_data/lwm2026/source_results/IVISlungdata042024_all_animals.csv
Measurement,LWM-IVIS-M15-W09:total_flux_right,REPORTED_IN,File,repo:demo_data/lwm2026/source_results/IVISlungdata042024_all_animals.csv
Measurement,LWM-IVIS-M15-W10:total_flux,REPORTED_IN,File,repo:demo_data/lwm2026/source_results/IVISlungdata042024_all_animals.csv
Measurement,LWM-IVIS-M15-W10:total_flux_left,REPORTED_IN,File,repo:demo_data/lwm2026/source_results/IVISlungdata042024_all_animals.csv
Measurement,LWM-IVIS-M15-W10:total_flux_right,REPORTED_IN,File,repo:demo_data/lwm2026/source_results/IVISlungdata042024_all_animals.csv
Measurement,LWM-IVIS-M15-W11:total_flux,REPORTED_IN,File,repo:demo_data/lwm2026/source_results/IVISlungdata042024_all_animals.csv
Measurement,LWM-IVIS-M15-W11:total_flux_left,REPORTED_IN,File,repo:demo_data/lwm2026/source_results/IVISlungdata042024_all_animals.csv
Measurement,LWM-IVIS-M15-W11:total_flux_right,REPORTED_IN,File,repo:demo_data/lwm2026/source_results/IVISlungdata042024_all_animals.csv
Measurement,LWM-IVIS-M15-W12:total_flux,REPORTED_IN,File,repo:demo_data/lwm2026/source_results/IVISlungdata042024_all_animals.csv
Measurement,LWM-IVIS-M15-W12:total_flux_prone,REPORTED_IN,File,repo:demo_data/lwm2026/source_results/IVISlungdata042024_all_animals.csv
Measurement,LWM-IVIS-M15-W13:total_flux,REPORTED_IN,File,repo:demo_data/lwm2026/source_results/IVISlungdata042024_all_animals.csv
Measurement,LWM-IVIS-M15-W13:total_flux_prone,REPORTED_IN,File,repo:demo_data/lwm2026/source_results/IVISlungdata042024_all_animals.csv
Measurement,LWM-IVIS-M15-W14:total_flux,REPORTED_IN,File,repo:demo_data/lwm2026/source_results/IVISlungdata042024_all_animals.csv
Measurement,LWM-IVIS-M15-W14:total_flux_prone,REPORTED_IN,File,repo:demo_data/lwm2026/source_results/IVISlungdata042024_all_animals.csv
Measurement,LWM-MCT-M15-W06:aerated_lung_pct,REPORTED_IN,File,repo:demo_data/lwm2026/source_results/aerated_vol_uCT.csv
Measurement,LWM-MCT-M15-W07:aerated_lung_pct,REPORTED_IN,File,repo:demo_data/lwm2026/source_results/aerated_vol_uCT.csv
Measurement,LWM-MCT-M15-W08:aerated_lung_pct,REPORTED_IN,File,repo:demo_data/lwm2026/source_results/aerated_vol_uCT.csv
Measurement,LWM-MCT-M15-W09:aerated_lung_pct,REPORTED_IN,File,repo:demo_data/lwm2026/source_results/aerated_vol_uCT.csv
Measurement,LWM-MCT-M15-W10:aerated_lung_pct,REPORTED_IN,File,repo:demo_data/lwm2026/source_results/aerated_vol_uCT.csv
Measurement,LWM-MCT-M15-W11:aerated_lung_pct,REPORTED_IN,File,repo:demo_data/lwm2026/source_results/aerated_vol_uCT.csv
Measurement,LWM-MCT-M15-W13:aerated_lung_pct,REPORTED_IN,File,repo:demo_data/lwm2026/source_results/aerated_vol_uCT.csv
Measurement,LWM-MCT-M15-W14:aerated_lung_pct,REPORTED_IN,File,repo:demo_data/lwm2026/source_results/aerated_vol_uCT.csv
Measurement,LWM-MRI-M15-W06:tumor_pixel_count,REPORTED_IN,File,repo:demo_data/lwm2026/source_results/pixel_count_MRI.csv
Measurement,LWM-MCT-M17-W06:aerated_lung_pct,REPORTED_IN,File,repo:demo_data/lwm2026/source_results/aerated_vol_uCT.csv
Measurement,LWM-MCT-M17-W07:aerated_lung_pct,REPORTED_IN,File,repo:demo_data/lwm2026/source_results/aerated_vol_uCT.csv
Measurement,LWM-MCT-M17-W08:aerated_lung_pct,REPORTED_IN,File,repo:demo_data/lwm2026/source_results/aerated_vol_uCT.csv
Measurement,LWM-MCT-M17-W09:aerated_lung_pct,REPORTED_IN,File,repo:demo_data/lwm2026/source_results/aerated_vol_uCT.csv
Measurement,LWM-MCT-M17-W10:aerated_lung_pct,REPORTED_IN,File,repo:demo_data/lwm2026/source_results/aerated_vol_uCT.csv
Measurement,LWM-MCT-M17-W11:aerated_lung_pct,REPORTED_IN,File,repo:demo_data/lwm2026/source_results/aerated_vol_uCT.csv
Measurement,LWM-MCT-M17-W13:aerated_lung_pct,REPORTED_IN,File,repo:demo_data/lwm2026/source_results/aerated_vol_uCT.csv
Measurement,LWM-MCT-M17-W14:aerated_lung_pct,REPORTED_IN,File,repo:demo_data/lwm2026/source_results/aerated_vol_uCT.csv
Measurement,LWM-MRI-M17-W08:tumor_pixel_count,REPORTED_IN,File,repo:demo_data/lwm2026/source_results/pixel_count_MRI.csv
Measurement,LWM-MRI-M17-W09:tumor_pixel_count,REPORTED_IN,File,repo:demo_data/lwm2026/source_results/pixel_count_MRI.csv
Measurement,LWM-MRI-M17-W11:tumor_pixel_count,REPORTED_IN,File,repo:demo_data/lwm2026/source_results/pixel_count_MRI.csv
Measurement,LWM-MRI-M17-W12:tumor_pixel_count,REPORTED_IN,File,repo:demo_data/lwm2026/source_results/pixel_count_MRI.csv
Measurement,LWM-MRI-M17-W13:tumor_pixel_count,REPORTED_IN,File,repo:demo_data/lwm2026/source_results/pixel_count_MRI.csv
Measurement,LWM-MRI-M17-W14:tumor_pixel_count,REPORTED_IN,File,repo:demo_data/lwm2026/source_results/pixel_count_MRI.csv
Measurement,LWM-MCT-M18-W06:aerated_lung_pct,REPORTED_IN,File,repo:demo_data/lwm2026/source_results/aerated_vol_uCT.csv
Measurement,LWM-MCT-M18-W07:aerated_lung_pct,REPORTED_IN,File,repo:demo_data/lwm2026/source_results/aerated_vol_uCT.csv
Measurement,LWM-MCT-M18-W08:aerated_lung_pct,REPORTED_IN,File,repo:demo_data/lwm2026/source_results/aerated_vol_uCT.csv
Measurement,LWM-MCT-M18-W09:aerated_lung_pct,REPORTED_IN,File,repo:demo_data/lwm2026/source_results/aerated_vol_uCT.csv
Measurement,LWM-MCT-M18-W10:aerated_lung_pct,REPORTED_IN,File,repo:demo_data/lwm2026/source_results/aerated_vol_uCT.csv
Measurement,LWM-MCT-M18-W11:aerated_lung_pct,REPORTED_IN,File,repo:demo_data/lwm2026/source_results/aerated_vol_uCT.csv
Measurement,LWM-MCT-M18-W13:aerated_lung_pct,REPORTED_IN,File,repo:demo_data/lwm2026/source_results/aerated_vol_uCT.csv
Measurement,LWM-MCT-M18-W14:aerated_lung_pct,REPORTED_IN,File,repo:demo_data/lwm2026/source_results/aerated_vol_uCT.csv
Measurement,LWM-MCT-M19-W06:aerated_lung_pct,REPORTED_IN,File,repo:demo_data/lwm2026/source_results/aerated_vol_uCT.csv
Measurement,LWM-MCT-M19-W07:aerated_lung_pct,REPORTED_IN,File,repo:demo_data/lwm2026/source_results/aerated_vol_uCT.csv
Measurement,LWM-MCT-M19-W08:aerated_lung_pct,REPORTED_IN,File,repo:demo_data/lwm2026/source_results/aerated_vol_uCT.csv
Measurement,LWM-MCT-M19-W09:aerated_lung_pct,REPORTED_IN,File,repo:demo_data/lwm2026/source_results/aerated_vol_uCT.csv
Measurement,LWM-MCT-M19-W10:aerated_lung_pct,REPORTED_IN,File,repo:demo_data/lwm2026/source_results/aerated_vol_uCT.csv
Measurement,LWM-MCT-M19-W11:aerated_lung_pct,REPORTED_IN,File,repo:demo_data/lwm2026/source_results/aerated_vol_uCT.csv
Measurement,LWM-MCT-M19-W13:aerated_lung_pct,REPORTED_IN,File,repo:demo_data/lwm2026/source_results/aerated_vol_uCT.csv
Measurement,LWM-MCT-M19-W14:aerated_lung_pct,REPORTED_IN,File,repo:demo_data/lwm2026/source_results/aerated_vol_uCT.csv
Measurement,LWM-MRI-M19-W08:tumor_pixel_count,REPORTED_IN,File,repo:demo_data/lwm2026/source_results/pixel_count_MRI.csv
Measurement,LWM-MRI-M19-W09:tumor_pixel_count,REPORTED_IN,File,repo:demo_data/lwm2026/source_results/pixel_count_MRI.csv
Measurement,LWM-MRI-M19-W11:tumor_pixel_count,REPORTED_IN,File,repo:demo_data/lwm2026/source_results/pixel_count_MRI.csv
Measurement,LWM-MRI-M19-W12:tumor_pixel_count,REPORTED_IN,File,repo:demo_data/lwm2026/source_results/pixel_count_MRI.csv
Measurement,LWM-MRI-M19-W13:tumor_pixel_count,REPORTED_IN,File,repo:demo_data/lwm2026/source_results/pixel_count_MRI.csv
Measurement,LWM-MRI-M19-W14:tumor_pixel_count,REPORTED_IN,File,repo:demo_data/lwm2026/source_results/pixel_count_MRI.csv
Measurement,LWM-MCT-M67-W06:aerated_lung_pct,REPORTED_IN,File,repo:demo_data/lwm2026/source_results/aerated_vol_uCT.csv
Measurement,LWM-MCT-M67-W07:aerated_lung_pct,REPORTED_IN,File,repo:demo_data/lwm2026/source_results/aerated_vol_uCT.csv
Measurement,LWM-MCT-M67-W08:aerated_lung_pct,REPORTED_IN,File,repo:demo_data/lwm2026/source_results/aerated_vol_uCT.csv
Measurement,LWM-MCT-M67-W09:aerated_lung_pct,REPORTED_IN,File,repo:demo_data/lwm2026/source_results/aerated_vol_uCT.csv
Measurement,LWM-MCT-M67-W10:aerated_lung_pct,REPORTED_IN,File,repo:demo_data/lwm2026/source_results/aerated_vol_uCT.csv
Measurement,LWM-MCT-M67-W11:aerated_lung_pct,REPORTED_IN,File,repo:demo_data/lwm2026/source_results/aerated_vol_uCT.csv
Measurement,LWM-MCT-M67-W13:aerated_lung_pct,REPORTED_IN,File,repo:demo_data/lwm2026/source_results/aerated_vol_uCT.csv
Measurement,LWM-MCT-M67-W14:aerated_lung_pct,REPORTED_IN,File,repo:demo_data/lwm2026/source_results/aerated_vol_uCT.csv
Measurement,LWM-MCT-M68-W06:aerated_lung_pct,REPORTED_IN,File,repo:demo_data/lwm2026/source_results/aerated_vol_uCT.csv
Measurement,LWM-MCT-M68-W07:aerated_lung_pct,REPORTED_IN,File,repo:demo_data/lwm2026/source_results/aerated_vol_uCT.csv
Measurement,LWM-MCT-M68-W08:aerated_lung_pct,REPORTED_IN,File,repo:demo_data/lwm2026/source_results/aerated_vol_uCT.csv
Measurement,LWM-MCT-M68-W09:aerated_lung_pct,REPORTED_IN,File,repo:demo_data/lwm2026/source_results/aerated_vol_uCT.csv
Measurement,LWM-MCT-M68-W10:aerated_lung_pct,REPORTED_IN,File,repo:demo_data/lwm2026/source_results/aerated_vol_uCT.csv
Measurement,LWM-MCT-M68-W11:aerated_lung_pct,REPORTED_IN,File,repo:demo_data/lwm2026/source_results/aerated_vol_uCT.csv
Measurement,LWM-MCT-M68-W13:aerated_lung_pct,REPORTED_IN,File,repo:demo_data/lwm2026/source_results/aerated_vol_uCT.csv
Measurement,LWM-MCT-M68-W14:aerated_lung_pct,REPORTED_IN,File,repo:demo_data/lwm2026/source_results/aerated_vol_uCT.csv
Measurement,LWM-MCT-M69-W06:aerated_lung_pct,REPORTED_IN,File,repo:demo_data/lwm2026/source_results/aerated_vol_uCT.csv
Measurement,LWM-MCT-M69-W07:aerated_lung_pct,REPORTED_IN,File,repo:demo_data/lwm2026/source_results/aerated_vol_uCT.csv
Measurement,LWM-MCT-M69-W08:aerated_lung_pct,REPORTED_IN,File,repo:demo_data/lwm2026/source_results/aerated_vol_uCT.csv
Measurement,LWM-MCT-M69-W09:aerated_lung_pct,REPORTED_IN,File,repo:demo_data/lwm2026/source_results/aerated_vol_uCT.csv
Measurement,LWM-MCT-M69-W10:aerated_lung_pct,REPORTED_IN,File,repo:demo_data/lwm2026/source_results/aerated_vol_uCT.csv
Measurement,LWM-MCT-M69-W11:aerated_lung_pct,REPORTED_IN,File,repo:demo_data/lwm2026/source_results/aerated_vol_uCT.csv
Measurement,LWM-MCT-M69-W13:aerated_lung_pct,REPORTED_IN,File,repo:demo_data/lwm2026/source_results/aerated_vol_uCT.csv
Measurement,LWM-MCT-M69-W14:aerated_lung_pct,REPORTED_IN,File,repo:demo_data/lwm2026/source_results/aerated_vol_uCT.csv
Measurement,LWM-MCT-M75-W06:aerated_lung_pct,REPORTED_IN,File,repo:demo_data/lwm2026/source_results/aerated_vol_uCT.csv
Measurement,LWM-MCT-M75-W07:aerated_lung_pct,REPORTED_IN,File,repo:demo_data/lwm2026/source_results/aerated_vol_uCT.csv
Measurement,LWM-MCT-M75-W08:aerated_lung_pct,REPORTED_IN,File,repo:demo_data/lwm2026/source_results/aerated_vol_uCT.csv
Measurement,LWM-MCT-M75-W09:aerated_lung_pct,REPORTED_IN,File,repo:demo_data/lwm2026/source_results/aerated_vol_uCT.csv
Measurement,LWM-MCT-M75-W10:aerated_lung_pct,REPORTED_IN,File,repo:demo_data/lwm2026/source_results/aerated_vol_uCT.csv
Measurement,LWM-MCT-M75-W11:aerated_lung_pct,REPORTED_IN,File,repo:demo_data/lwm2026/source_results/aerated_vol_uCT.csv
File,repo:demo_data/lwm2026/source_results/aerated_vol_uCT.csv,ON_HOST,Host,host:repo
File,repo:demo_data/lwm2026/source_results/pixel_count_MRI.csv,ON_HOST,Host,host:repo
File,repo:demo_data/lwm2026/source_results/IVISlungdata042024_all_animals.csv,ON_HOST,Host,host:repo
Host,host:dropbox,SYNCED_TO,Host,host:ki-ed3g
File,repo:demo_data/lwm2026/source_results/IVISlungdata042024_all_animals.csv,EXPORTED_FROM,File,Dropbox:MultiModal/LungTumor/IVISlungdata042024.xlsx
ImagingSession,LWM-MCT-M18-W06,HAS_ACQUISITION,Acquisition,acq:microCT:M18:W06
Acquisition,acq:microCT:M18:W06,ON_INSTRUMENT,Instrument,instrument:microCT
Acquisition,acq:microCT:M18:W06,WRITTEN_ON,Host,host:microct-pc
ImagingSession,LWM-MCT-M15-W06,HAS_ACQUISITION,Acquisition,acq:microCT:M15:W06
Acquisition,acq:microCT:M15:W06,ON_INSTRUMENT,Instrument,instrument:microCT
Acquisition,acq:microCT:M15:W06,WRITTEN_ON,Host,host:microct-pc
ImagingSession,LWM-MCT-M19-W06,HAS_ACQUISITION,Acquisition,acq:microCT:M19:W06
Acquisition,acq:microCT:M19:W06,ON_INSTRUMENT,Instrument,instrument:microCT
Acquisition,acq:microCT:M19:W06,WRITTEN_ON,Host,host:microct-pc
ImagingSession,LWM-MCT-M17-W06,HAS_ACQUISITION,Acquisition,acq:microCT:M17:W06
Acquisition,acq:microCT:M17:W06,ON_INSTRUMENT,Instrument,instrument:microCT
Acquisition,acq:microCT:M17:W06,WRITTEN_ON,Host,host:microct-pc
ImagingSession,LWM-MCT-M13-W06,HAS_ACQUISITION,Acquisition,acq:microCT:M13:W06
Acquisition,acq:microCT:M13:W06,ON_INSTRUMENT,Instrument,instrument:microCT
Acquisition,acq:microCT:M13:W06,WRITTEN_ON,Host,host:microct-pc
ImagingSession,LWM-MCT-M12-W06,HAS_ACQUISITION,Acquisition,acq:microCT:M12:W06
Acquisition,acq:microCT:M12:W06,ON_INSTRUMENT,Instrument,instrument:microCT
Acquisition,acq:microCT:M12:W06,WRITTEN_ON,Host,host:microct-pc
ImagingSession,LWM-MCT-M14-W06,HAS_ACQUISITION,Acquisition,acq:microCT:M14:W06
Acquisition,acq:microCT:M14:W06,ON_INSTRUMENT,Instrument,instrument:microCT
Acquisition,acq:microCT:M14:W06,WRITTEN_ON,Host,host:microct-pc
ImagingSession,LWM-MCT-M11-W06,HAS_ACQUISITION,Acquisition,acq:microCT:M11:W06
Acquisition,acq:microCT:M11:W06,ON_INSTRUMENT,Instrument,instrument:microCT
Acquisition,acq:microCT:M11:W06,WRITTEN_ON,Host,host:microct-pc
ImagingSession,LWM-MCT-M10-W06,HAS_ACQUISITION,Acquisition,acq:microCT:M10:W06
Acquisition,acq:microCT:M10:W06,ON_INSTRUMENT,Instrument,instrument:microCT
Acquisition,acq:microCT:M10:W06,WRITTEN_ON,Host,host:microct-pc
ImagingSession,LWM-MCT-M68-W06,HAS_ACQUISITION,Acquisition,acq:microCT:M68:W06
Acquisition,acq:microCT:M68:W06,ON_INSTRUMENT,Instrument,instrument:microCT
Acquisition,acq:microCT:M68:W06,WRITTEN_ON,Host,host:microct-pc
ImagingSession,LWM-MCT-M69-W06,HAS_ACQUISITION,Acquisition,acq:microCT:M69:W06
Acquisition,acq:microCT:M69:W06,ON_INSTRUMENT,Instrument,instrument:microCT
Acquisition,acq:microCT:M69:W06,WRITTEN_ON,Host,host:microct-pc
ImagingSession,LWM-MCT-M67-W06,HAS_ACQUISITION,Acquisition,acq:microCT:M67:W06
Acquisition,acq:microCT:M67:W06,ON_INSTRUMENT,Instrument,instrument:microCT
Acquisition,acq:microCT:M67:W06,WRITTEN_ON,Host,host:microct-pc
ImagingSession,LWM-MCT-M75-W06,HAS_ACQUISITION,Acquisition,acq:microCT:M75:W06
Acquisition,acq:microCT:M75:W06,ON_INSTRUMENT,Instrument,instrument:microCT
Acquisition,acq:microCT:M75:W06,WRITTEN_ON,Host,host:microct-pc
ImagingSession,LWM-MCT-M69-W07,HAS_ACQUISITION,Acquisition,acq:microCT:M69:W07
Acquisition,acq:microCT:M69:W07,ON_INSTRUMENT,Instrument,instrument:microCT
Acquisition,acq:microCT:M69:W07,WRITTEN_ON,Host,host:microct-pc
ImagingSession,LWM-MCT-M68-W07,HAS_ACQUISITION,Acquisition,acq:microCT:M68:W07
Acquisition,acq:microCT:M68:W07,ON_INSTRUMENT,Instrument,instrument:microCT
Acquisition,acq:microCT:M68:W07,WRITTEN_ON,Host,host:microct-pc
ImagingSession,LWM-MCT-M13-W07,HAS_ACQUISITION,Acquisition,acq:microCT:M13:W07
Acquisition,acq:microCT:M13:W07,ON_INSTRUMENT,Instrument,instrument:microCT
Acquisition,acq:microCT:M13:W07,WRITTEN_ON,Host,host:microct-pc
ImagingSession,LWM-MCT-M67-W07,HAS_ACQUISITION,Acquisition,acq:microCT:M67:W07
Acquisition,acq:microCT:M67:W07,ON_INSTRUMENT,Instrument,instrument:microCT
Acquisition,acq:microCT:M67:W07,WRITTEN_ON,Host,host:microct-pc
ImagingSession,LWM-MCT-M75-W07,HAS_ACQUISITION,Acquisition,acq:microCT:M75:W07
Acquisition,acq:microCT:M75:W07,ON_INSTRUMENT,Instrument,instrument:microCT
Acquisition,acq:microCT:M75:W07,WRITTEN_ON,Host,host:microct-pc
ImagingSession,LWM-MCT-M10-W07,HAS_ACQUISITION,Acquisition,acq:microCT:M10:W07
Acquisition,acq:microCT:M10:W07,ON_INSTRUMENT,Instrument,instrument:microCT
Acquisition,acq:microCT:M10:W07,WRITTEN_ON,Host,host:microct-pc
ImagingSession,LWM-MCT-M12-W07,HAS_ACQUISITION,Acquisition,acq:microCT:M12:W07
Acquisition,acq:microCT:M12:W07,ON_INSTRUMENT,Instrument,instrument:microCT
Acquisition,acq:microCT:M12:W07,WRITTEN_ON,Host,host:microct-pc
ImagingSession,LWM-MCT-M11-W07,HAS_ACQUISITION,Acquisition,acq:microCT:M11:W07
Acquisition,acq:microCT:M11:W07,ON_INSTRUMENT,Instrument,instrument:microCT
Acquisition,acq:microCT:M11:W07,WRITTEN_ON,Host,host:microct-pc
ImagingSession,LWM-MCT-M14-W07,HAS_ACQUISITION,Acquisition,acq:microCT:M14:W07
Acquisition,acq:microCT:M14:W07,ON_INSTRUMENT,Instrument,instrument:microCT
Acquisition,acq:microCT:M14:W07,WRITTEN_ON,Host,host:microct-pc
ImagingSession,LWM-MCT-M17-W07,HAS_ACQUISITION,Acquisition,acq:microCT:M17:W07
Acquisition,acq:microCT:M17:W07,ON_INSTRUMENT,Instrument,instrument:microCT
Acquisition,acq:microCT:M17:W07,WRITTEN_ON,Host,host:microct-pc
ImagingSession,LWM-MCT-M18-W07,HAS_ACQUISITION,Acquisition,acq:microCT:M18:W07
Acquisition,acq:microCT:M18:W07,ON_INSTRUMENT,Instrument,instrument:microCT
Acquisition,acq:microCT:M18:W07,WRITTEN_ON,Host,host:microct-pc
ImagingSession,LWM-MCT-M19-W07,HAS_ACQUISITION,Acquisition,acq:microCT:M19:W07
Acquisition,acq:microCT:M19:W07,ON_INSTRUMENT,Instrument,instrument:microCT
Acquisition,acq:microCT:M19:W07,WRITTEN_ON,Host,host:microct-pc
ImagingSession,LWM-MCT-M15-W07,HAS_ACQUISITION,Acquisition,acq:microCT:M15:W07
Acquisition,acq:microCT:M15:W07,ON_INSTRUMENT,Instrument,instrument:microCT
Acquisition,acq:microCT:M15:W07,WRITTEN_ON,Host,host:microct-pc
ImagingSession,LWM-MCT-M13-W08,HAS_ACQUISITION,Acquisition,acq:microCT:M13:W08
Acquisition,acq:microCT:M13:W08,ON_INSTRUMENT,Instrument,instrument:microCT
Acquisition,acq:microCT:M13:W08,WRITTEN_ON,Host,host:microct-pc
ImagingSession,LWM-MCT-M10-W08,HAS_ACQUISITION,Acquisition,acq:microCT:M10:W08
Acquisition,acq:microCT:M10:W08,ON_INSTRUMENT,Instrument,instrument:microCT
Acquisition,acq:microCT:M10:W08,WRITTEN_ON,Host,host:microct-pc
ImagingSession,LWM-MCT-M11-W08,HAS_ACQUISITION,Acquisition,acq:microCT:M11:W08
Acquisition,acq:microCT:M11:W08,ON_INSTRUMENT,Instrument,instrument:microCT
Acquisition,acq:microCT:M11:W08,WRITTEN_ON,Host,host:microct-pc
ImagingSession,LWM-MCT-M12-W08,HAS_ACQUISITION,Acquisition,acq:microCT:M12:W08
Acquisition,acq:microCT:M12:W08,ON_INSTRUMENT,Instrument,instrument:microCT
Acquisition,acq:microCT:M12:W08,WRITTEN_ON,Host,host:microct-pc
ImagingSession,LWM-MCT-M14-W08,HAS_ACQUISITION,Acquisition,acq:microCT:M14:W08
Acquisition,acq:microCT:M14:W08,ON_INSTRUMENT,Instrument,instrument:microCT
Acquisition,acq:microCT:M14:W08,WRITTEN_ON,Host,host:microct-pc
ImagingSession,LWM-MCT-M15-W08,HAS_ACQUISITION,Acquisition,acq:microCT:M15:W08
Acquisition,acq:microCT:M15:W08,ON_INSTRUMENT,Instrument,instrument:microCT
Acquisition,acq:microCT:M15:W08,WRITTEN_ON,Host,host:microct-pc
ImagingSession,LWM-MCT-M17-W08,HAS_ACQUISITION,Acquisition,acq:microCT:M17:W08
Acquisition,acq:microCT:M17:W08,ON_INSTRUMENT,Instrument,instrument:microCT
Acquisition,acq:microCT:M17:W08,WRITTEN_ON,Host,host:microct-pc
ImagingSession,LWM-MCT-M18-W08,HAS_ACQUISITION,Acquisition,acq:microCT:M18:W08
Acquisition,acq:microCT:M18:W08,ON_INSTRUMENT,Instrument,instrument:microCT
Acquisition,acq:microCT:M18:W08,WRITTEN_ON,Host,host:microct-pc
ImagingSession,LWM-MCT-M19-W08,HAS_ACQUISITION,Acquisition,acq:microCT:M19:W08
Acquisition,acq:microCT:M19:W08,ON_INSTRUMENT,Instrument,instrument:microCT
Acquisition,acq:microCT:M19:W08,WRITTEN_ON,Host,host:microct-pc
ImagingSession,LWM-MCT-M67-W08,HAS_ACQUISITION,Acquisition,acq:microCT:M67:W08
Acquisition,acq:microCT:M67:W08,ON_INSTRUMENT,Instrument,instrument:microCT
Acquisition,acq:microCT:M67:W08,WRITTEN_ON,Host,host:microct-pc
ImagingSession,LWM-MCT-M75-W08,HAS_ACQUISITION,Acquisition,acq:microCT:M75:W08
Acquisition,acq:microCT:M75:W08,ON_INSTRUMENT,Instrument,instrument:microCT
Acquisition,acq:microCT:M75:W08,WRITTEN_ON,Host,host:microct-pc
ImagingSession,LWM-MCT-M68-W08,HAS_ACQUISITION,Acquisition,acq:microCT:M68:W08
Acquisition,acq:microCT:M68:W08,ON_INSTRUMENT,Instrument,instrument:microCT
Acquisition,acq:microCT:M68:W08,WRITTEN_ON,Host,host:microct-pc
ImagingSession,LWM-MCT-M69-W08,HAS_ACQUISITION,Acquisition,acq:microCT:M69:W08
Acquisition,acq:microCT:M69:W08,ON_INSTRUMENT,Instrument,instrument:microCT
Acquisition,acq:microCT:M69:W08,WRITTEN_ON,Host,host:microct-pc
ImagingSession,LWM-MCT-M13-W09,HAS_ACQUISITION,Acquisition,acq:microCT:M13:W09
Acquisition,acq:microCT:M13:W09,ON_INSTRUMENT,Instrument,instrument:microCT
Acquisition,acq:microCT:M13:W09,WRITTEN_ON,Host,host:microct-pc
ImagingSession,LWM-MCT-M68-W09,HAS_ACQUISITION,Acquisition,acq:microCT:M68:W09
Acquisition,acq:microCT:M68:W09,ON_INSTRUMENT,Instrument,instrument:microCT
Acquisition,acq:microCT:M68:W09,WRITTEN_ON,Host,host:microct-pc
ImagingSession,LWM-MCT-M69-W09,HAS_ACQUISITION,Acquisition,acq:microCT:M69:W09
Acquisition,acq:microCT:M69:W09,ON_INSTRUMENT,Instrument,instrument:microCT
Acquisition,acq:microCT:M69:W09,WRITTEN_ON,Host,host:microct-pc
ImagingSession,LWM-MCT-M67-W09,HAS_ACQUISITION,Acquisition,acq:microCT:M67:W09
Acquisition,acq:microCT:M67:W09,ON_INSTRUMENT,Instrument,instrument:microCT
Acquisition,acq:microCT:M67:W09,WRITTEN_ON,Host,host:microct-pc
ImagingSession,LWM-MCT-M75-W09,HAS_ACQUISITION,Acquisition,acq:microCT:M75:W09
Acquisition,acq:microCT:M75:W09,ON_INSTRUMENT,Instrument,instrument:microCT
Acquisition,acq:microCT:M75:W09,WRITTEN_ON,Host,host:microct-pc
ImagingSession,LWM-MCT-M10-W09,HAS_ACQUISITION,Acquisition,acq:microCT:M10:W09
Acquisition,acq:microCT:M10:W09,ON_INSTRUMENT,Instrument,instrument:microCT
Acquisition,acq:microCT:M10:W09,WRITTEN_ON,Host,host:microct-pc
ImagingSession,LWM-MCT-M11-W09,HAS_ACQUISITION,Acquisition,acq:microCT:M11:W09
Acquisition,acq:microCT:M11:W09,ON_INSTRUMENT,Instrument,instrument:microCT
Acquisition,acq:microCT:M11:W09,WRITTEN_ON,Host,host:microct-pc
ImagingSession,LWM-MCT-M12-W09,HAS_ACQUISITION,Acquisition,acq:microCT:M12:W09
Acquisition,acq:microCT:M12:W09,ON_INSTRUMENT,Instrument,instrument:microCT
Acquisition,acq:microCT:M12:W09,WRITTEN_ON,Host,host:microct-pc
ImagingSession,LWM-MCT-M14-W09,HAS_ACQUISITION,Acquisition,acq:microCT:M14:W09
Acquisition,acq:microCT:M14:W09,ON_INSTRUMENT,Instrument,instrument:microCT
Acquisition,acq:microCT:M14:W09,WRITTEN_ON,Host,host:microct-pc
ImagingSession,LWM-MCT-M15-W09,HAS_ACQUISITION,Acquisition,acq:microCT:M15:W09
Acquisition,acq:microCT:M15:W09,ON_INSTRUMENT,Instrument,instrument:microCT
Acquisition,acq:microCT:M15:W09,WRITTEN_ON,Host,host:microct-pc
ImagingSession,LWM-MCT-M17-W09,HAS_ACQUISITION,Acquisition,acq:microCT:M17:W09
Acquisition,acq:microCT:M17:W09,ON_INSTRUMENT,Instrument,instrument:microCT
Acquisition,acq:microCT:M17:W09,WRITTEN_ON,Host,host:microct-pc
ImagingSession,LWM-MCT-M18-W09,HAS_ACQUISITION,Acquisition,acq:microCT:M18:W09
Acquisition,acq:microCT:M18:W09,ON_INSTRUMENT,Instrument,instrument:microCT
Acquisition,acq:microCT:M18:W09,WRITTEN_ON,Host,host:microct-pc
ImagingSession,LWM-MCT-M19-W09,HAS_ACQUISITION,Acquisition,acq:microCT:M19:W09
Acquisition,acq:microCT:M19:W09,ON_INSTRUMENT,Instrument,instrument:microCT
Acquisition,acq:microCT:M19:W09,WRITTEN_ON,Host,host:microct-pc
ImagingSession,LWM-MCT-M13-W10,HAS_ACQUISITION,Acquisition,acq:microCT:M13:W10
Acquisition,acq:microCT:M13:W10,ON_INSTRUMENT,Instrument,instrument:microCT
Acquisition,acq:microCT:M13:W10,WRITTEN_ON,Host,host:microct-pc
ImagingSession,LWM-MCT-M67-W10,HAS_ACQUISITION,Acquisition,acq:microCT:M67:W10
Acquisition,acq:microCT:M67:W10,ON_INSTRUMENT,Instrument,instrument:microCT
Acquisition,acq:microCT:M67:W10,WRITTEN_ON,Host,host:microct-pc
ImagingSession,LWM-MCT-M75-W10,HAS_ACQUISITION,Acquisition,acq:microCT:M75:W10
Acquisition,acq:microCT:M75:W10,ON_INSTRUMENT,Instrument,instrument:microCT
Acquisition,acq:microCT:M75:W10,WRITTEN_ON,Host,host:microct-pc
ImagingSession,LWM-MCT-M68-W10,HAS_ACQUISITION,Acquisition,acq:microCT:M68:W10
Acquisition,acq:microCT:M68:W10,ON_INSTRUMENT,Instrument,instrument:microCT
Acquisition,acq:microCT:M68:W10,WRITTEN_ON,Host,host:microct-pc
ImagingSession,LWM-MCT-M69-W10,HAS_ACQUISITION,Acquisition,acq:microCT:M69:W10
Acquisition,acq:microCT:M69:W10,ON_INSTRUMENT,Instrument,instrument:microCT
Acquisition,acq:microCT:M69:W10,WRITTEN_ON,Host,host:microct-pc
ImagingSession,LWM-MCT-M10-W10,HAS_ACQUISITION,Acquisition,acq:microCT:M10:W10
Acquisition,acq:microCT:M10:W10,ON_INSTRUMENT,Instrument,instrument:microCT
Acquisition,acq:microCT:M10:W10,WRITTEN_ON,Host,host:microct-pc
ImagingSession,LWM-MCT-M11-W10,HAS_ACQUISITION,Acquisition,acq:microCT:M11:W10
Acquisition,acq:microCT:M11:W10,ON_INSTRUMENT,Instrument,instrument:microCT
Acquisition,acq:microCT:M11:W10,WRITTEN_ON,Host,host:microct-pc
ImagingSession,LWM-MCT-M12-W10,HAS_ACQUISITION,Acquisition,acq:microCT:M12:W10
Acquisition,acq:microCT:M12:W10,ON_INSTRUMENT,Instrument,instrument:microCT
Acquisition,acq:microCT:M12:W10,WRITTEN_ON,Host,host:microct-pc
ImagingSession,LWM-MCT-M14-W10,HAS_ACQUISITION,Acquisition,acq:microCT:M14:W10
Acquisition,acq:microCT:M14:W10,ON_INSTRUMENT,Instrument,instrument:microCT
Acquisition,acq:microCT:M14:W10,WRITTEN_ON,Host,host:microct-pc
ImagingSession,LWM-MCT-M15-W10,HAS_ACQUISITION,Acquisition,acq:microCT:M15:W10
Acquisition,acq:microCT:M15:W10,ON_INSTRUMENT,Instrument,instrument:microCT
Acquisition,acq:microCT:M15:W10,WRITTEN_ON,Host,host:microct-pc
ImagingSession,LWM-MCT-M17-W10,HAS_ACQUISITION,Acquisition,acq:microCT:M17:W10
Acquisition,acq:microCT:M17:W10,ON_INSTRUMENT,Instrument,instrument:microCT
Acquisition,acq:microCT:M17:W10,WRITTEN_ON,Host,host:microct-pc
ImagingSession,LWM-MCT-M18-W10,HAS_ACQUISITION,Acquisition,acq:microCT:M18:W10
Acquisition,acq:microCT:M18:W10,ON_INSTRUMENT,Instrument,instrument:microCT
Acquisition,acq:microCT:M18:W10,WRITTEN_ON,Host,host:microct-pc
ImagingSession,LWM-MCT-M19-W10,HAS_ACQUISITION,Acquisition,acq:microCT:M19:W10
Acquisition,acq:microCT:M19:W10,ON_INSTRUMENT,Instrument,instrument:microCT
Acquisition,acq:microCT:M19:W10,WRITTEN_ON,Host,host:microct-pc
ImagingSession,LWM-MCT-M13-W11,HAS_ACQUISITION,Acquisition,acq:microCT:M13:W11
Acquisition,acq:microCT:M13:W11,ON_INSTRUMENT,Instrument,instrument:microCT
Acquisition,acq:microCT:M13:W11,WRITTEN_ON,Host,host:microct-pc
ImagingSession,LWM-MCT-M10-W11,HAS_ACQUISITION,Acquisition,acq:microCT:M10:W11
Acquisition,acq:microCT:M10:W11,ON_INSTRUMENT,Instrument,instrument:microCT
Acquisition,acq:microCT:M10:W11,WRITTEN_ON,Host,host:microct-pc
ImagingSession,LWM-MCT-M11-W11,HAS_ACQUISITION,Acquisition,acq:microCT:M11:W11
Acquisition,acq:microCT:M11:W11,ON_INSTRUMENT,Instrument,instrument:microCT
Acquisition,acq:microCT:M11:W11,WRITTEN_ON,Host,host:microct-pc
ImagingSession,LWM-MCT-M12-W11,HAS_ACQUISITION,Acquisition,acq:microCT:M12:W11
Acquisition,acq:microCT:M12:W11,ON_INSTRUMENT,Instrument,instrument:microCT
Acquisition,acq:microCT:M12:W11,WRITTEN_ON,Host,host:microct-pc
ImagingSession,LWM-MCT-M14-W11,HAS_ACQUISITION,Acquisition,acq:microCT:M14:W11
Acquisition,acq:microCT:M14:W11,ON_INSTRUMENT,Instrument,instrument:microCT
Acquisition,acq:microCT:M14:W11,WRITTEN_ON,Host,host:microct-pc
ImagingSession,LWM-MCT-M68-W11,HAS_ACQUISITION,Acquisition,acq:microCT:M68:W11
Acquisition,acq:microCT:M68:W11,ON_INSTRUMENT,Instrument,instrument:microCT
Acquisition,acq:microCT:M68:W11,WRITTEN_ON,Host,host:microct-pc
ImagingSession,LWM-MCT-M69-W11,HAS_ACQUISITION,Acquisition,acq:microCT:M69:W11
Acquisition,acq:microCT:M69:W11,ON_INSTRUMENT,Instrument,instrument:microCT
Acquisition,acq:microCT:M69:W11,WRITTEN_ON,Host,host:microct-pc
ImagingSession,LWM-MCT-M67-W11,HAS_ACQUISITION,Acquisition,acq:microCT:M67:W11
Acquisition,acq:microCT:M67:W11,ON_INSTRUMENT,Instrument,instrument:microCT
Acquisition,acq:microCT:M67:W11,WRITTEN_ON,Host,host:microct-pc
ImagingSession,LWM-MCT-M75-W11,HAS_ACQUISITION,Acquisition,acq:microCT:M75:W11
Acquisition,acq:microCT:M75:W11,ON_INSTRUMENT,Instrument,instrument:microCT
Acquisition,acq:microCT:M75:W11,WRITTEN_ON,Host,host:microct-pc
ImagingSession,LWM-MCT-M15-W11,HAS_ACQUISITION,Acquisition,acq:microCT:M15:W11
Acquisition,acq:microCT:M15:W11,ON_INSTRUMENT,Instrument,instrument:microCT
Acquisition,acq:microCT:M15:W11,WRITTEN_ON,Host,host:microct-pc
ImagingSession,LWM-MCT-M17-W11,HAS_ACQUISITION,Acquisition,acq:microCT:M17:W11
Acquisition,acq:microCT:M17:W11,ON_INSTRUMENT,Instrument,instrument:microCT
Acquisition,acq:microCT:M17:W11,WRITTEN_ON,Host,host:microct-pc
ImagingSession,LWM-MCT-M18-W11,HAS_ACQUISITION,Acquisition,acq:microCT:M18:W11
Acquisition,acq:microCT:M18:W11,ON_INSTRUMENT,Instrument,instrument:microCT
Acquisition,acq:microCT:M18:W11,WRITTEN_ON,Host,host:microct-pc
ImagingSession,LWM-MCT-M19-W11,HAS_ACQUISITION,Acquisition,acq:microCT:M19:W11
Acquisition,acq:microCT:M19:W11,ON_INSTRUMENT,Instrument,instrument:microCT
Acquisition,acq:microCT:M19:W11,WRITTEN_ON,Host,host:microct-pc
ImagingSession,LWM-MCT-M13-W13,HAS_ACQUISITION,Acquisition,acq:microCT:M13:W13
Acquisition,acq:microCT:M13:W13,ON_INSTRUMENT,Instrument,instrument:microCT
Acquisition,acq:microCT:M13:W13,WRITTEN_ON,Host,host:microct-pc
ImagingSession,LWM-MCT-M67-W13,HAS_ACQUISITION,Acquisition,acq:microCT:M67:W13
Acquisition,acq:microCT:M67:W13,ON_INSTRUMENT,Instrument,instrument:microCT
Acquisition,acq:microCT:M67:W13,WRITTEN_ON,Host,host:microct-pc
ImagingSession,LWM-MCT-M68-W13,HAS_ACQUISITION,Acquisition,acq:microCT:M68:W13
Acquisition,acq:microCT:M68:W13,ON_INSTRUMENT,Instrument,instrument:microCT
Acquisition,acq:microCT:M68:W13,WRITTEN_ON,Host,host:microct-pc
ImagingSession,LWM-MCT-M69-W13,HAS_ACQUISITION,Acquisition,acq:microCT:M69:W13
Acquisition,acq:microCT:M69:W13,ON_INSTRUMENT,Instrument,instrument:microCT
Acquisition,acq:microCT:M69:W13,WRITTEN_ON,Host,host:microct-pc
ImagingSession,LWM-MCT-M10-W13,HAS_ACQUISITION,Acquisition,acq:microCT:M10:W13
Acquisition,acq:microCT:M10:W13,ON_INSTRUMENT,Instrument,instrument:microCT
Acquisition,acq:microCT:M10:W13,WRITTEN_ON,Host,host:microct-pc
ImagingSession,LWM-MCT-M11-W13,HAS_ACQUISITION,Acquisition,acq:microCT:M11:W13
Acquisition,acq:microCT:M11:W13,ON_INSTRUMENT,Instrument,instrument:microCT
Acquisition,acq:microCT:M11:W13,WRITTEN_ON,Host,host:microct-pc
ImagingSession,LWM-MCT-M12-W13,HAS_ACQUISITION,Acquisition,acq:microCT:M12:W13
Acquisition,acq:microCT:M12:W13,ON_INSTRUMENT,Instrument,instrument:microCT
Acquisition,acq:microCT:M12:W13,WRITTEN_ON,Host,host:microct-pc
ImagingSession,LWM-MCT-M14-W13,HAS_ACQUISITION,Acquisition,acq:microCT:M14:W13
Acquisition,acq:microCT:M14:W13,ON_INSTRUMENT,Instrument,instrument:microCT
Acquisition,acq:microCT:M14:W13,WRITTEN_ON,Host,host:microct-pc
ImagingSession,LWM-MCT-M15-W13,HAS_ACQUISITION,Acquisition,acq:microCT:M15:W13
Acquisition,acq:microCT:M15:W13,ON_INSTRUMENT,Instrument,instrument:microCT
Acquisition,acq:microCT:M15:W13,WRITTEN_ON,Host,host:microct-pc
ImagingSession,LWM-MCT-M17-W13,HAS_ACQUISITION,Acquisition,acq:microCT:M17:W13
Acquisition,acq:microCT:M17:W13,ON_INSTRUMENT,Instrument,instrument:microCT
Acquisition,acq:microCT:M17:W13,WRITTEN_ON,Host,host:microct-pc
ImagingSession,LWM-MCT-M18-W13,HAS_ACQUISITION,Acquisition,acq:microCT:M18:W13
Acquisition,acq:microCT:M18:W13,ON_INSTRUMENT,Instrument,instrument:microCT
Acquisition,acq:microCT:M18:W13,WRITTEN_ON,Host,host:microct-pc
ImagingSession,LWM-MCT-M19-W13,HAS_ACQUISITION,Acquisition,acq:microCT:M19:W13
Acquisition,acq:microCT:M19:W13,ON_INSTRUMENT,Instrument,instrument:microCT
Acquisition,acq:microCT:M19:W13,WRITTEN_ON,Host,host:microct-pc
ImagingSession,LWM-MCT-M13-W14,HAS_ACQUISITION,Acquisition,acq:microCT:M13:W14
Acquisition,acq:microCT:M13:W14,ON_INSTRUMENT,Instrument,instrument:microCT
Acquisition,acq:microCT:M13:W14,WRITTEN_ON,Host,host:microct-pc
ImagingSession,LWM-MCT-M67-W14,HAS_ACQUISITION,Acquisition,acq:microCT:M67:W14
Acquisition,acq:microCT:M67:W14,ON_INSTRUMENT,Instrument,instrument:microCT
Acquisition,acq:microCT:M67:W14,WRITTEN_ON,Host,host:microct-pc
ImagingSession,LWM-MCT-M68-W14,HAS_ACQUISITION,Acquisition,acq:microCT:M68:W14
Acquisition,acq:microCT:M68:W14,ON_INSTRUMENT,Instrument,instrument:microCT
Acquisition,acq:microCT:M68:W14,WRITTEN_ON,Host,host:microct-pc
ImagingSession,LWM-MCT-M69-W14,HAS_ACQUISITION,Acquisition,acq:microCT:M69:W14
Acquisition,acq:microCT:M69:W14,ON_INSTRUMENT,Instrument,instrument:microCT
Acquisition,acq:microCT:M69:W14,WRITTEN_ON,Host,host:microct-pc
ImagingSession,LWM-MCT-M10-W14,HAS_ACQUISITION,Acquisition,acq:microCT:M10:W14
Acquisition,acq:microCT:M10:W14,ON_INSTRUMENT,Instrument,instrument:microCT
Acquisition,acq:microCT:M10:W14,WRITTEN_ON,Host,host:microct-pc
ImagingSession,LWM-MCT-M11-W14,HAS_ACQUISITION,Acquisition,acq:microCT:M11:W14
Acquisition,acq:microCT:M11:W14,ON_INSTRUMENT,Instrument,instrument:microCT
Acquisition,acq:microCT:M11:W14,WRITTEN_ON,Host,host:microct-pc
ImagingSession,LWM-MCT-M12-W14,HAS_ACQUISITION,Acquisition,acq:microCT:M12:W14
Acquisition,acq:microCT:M12:W14,ON_INSTRUMENT,Instrument,instrument:microCT
Acquisition,acq:microCT:M12:W14,WRITTEN_ON,Host,host:microct-pc
ImagingSession,LWM-MCT-M14-W14,HAS_ACQUISITION,Acquisition,acq:microCT:M14:W14
Acquisition,acq:microCT:M14:W14,ON_INSTRUMENT,Instrument,instrument:microCT
Acquisition,acq:microCT:M14:W14,WRITTEN_ON,Host,host:microct-pc
ImagingSession,LWM-MCT-M15-W14,HAS_ACQUISITION,Acquisition,acq:microCT:M15:W14
Acquisition,acq:microCT:M15:W14,ON_INSTRUMENT,Instrument,instrument:microCT
Acquisition,acq:microCT:M15:W14,WRITTEN_ON,Host,host:microct-pc
ImagingSession,LWM-MCT-M17-W14,HAS_ACQUISITION,Acquisition,acq:microCT:M17:W14
Acquisition,acq:microCT:M17:W14,ON_INSTRUMENT,Instrument,instrument:microCT
Acquisition,acq:microCT:M17:W14,WRITTEN_ON,Host,host:microct-pc
ImagingSession,LWM-MCT-M18-W14,HAS_ACQUISITION,Acquisition,acq:microCT:M18:W14
Acquisition,acq:microCT:M18:W14,ON_INSTRUMENT,Instrument,instrument:microCT
Acquisition,acq:microCT:M18:W14,WRITTEN_ON,Host,host:microct-pc
ImagingSession,LWM-MCT-M19-W14,HAS_ACQUISITION,Acquisition,acq:microCT:M19:W14
Acquisition,acq:microCT:M19:W14,ON_INSTRUMENT,Instrument,instrument:microCT
Acquisition,acq:microCT:M19:W14,WRITTEN_ON,Host,host:microct-pc
Acquisition,acq:MRI:20240122_135942_AIPT_multimodelLung20240122_1_85:1,ON_INSTRUMENT,Instrument,instrument:MRI
Acquisition,acq:MRI:20240122_135942_AIPT_multimodelLung20240122_1_85:1,STORED_IN,Folder,atwai:/data0/core/atwai/huangw/2024/20240122_135942_AIPT_multimodelLung20240122_1_85
ImagingSession,LWM-MRI-M13-W06,HAS_ACQUISITION,Acquisition,acq:MRI:20240122_135942_AIPT_multimodelLung20240122_1_85:1
Acquisition,acq:MRI:20240122_135942_AIPT_multimodelLung20240122_1_85:3,ON_INSTRUMENT,Instrument,instrument:MRI
Acquisition,acq:MRI:20240122_135942_AIPT_multimodelLung20240122_1_85:3,STORED_IN,Folder,atwai:/data0/core/atwai/huangw/2024/20240122_135942_AIPT_multimodelLung20240122_1_85
ImagingSession,LWM-MRI-M13-W06,HAS_ACQUISITION,Acquisition,acq:MRI:20240122_135942_AIPT_multimodelLung20240122_1_85:3
Acquisition,acq:MRI:20240122_135942_AIPT_multimodelLung20240122_1_85:4,ON_INSTRUMENT,Instrument,instrument:MRI
Acquisition,acq:MRI:20240122_135942_AIPT_multimodelLung20240122_1_85:4,STORED_IN,Folder,atwai:/data0/core/atwai/huangw/2024/20240122_135942_AIPT_multimodelLung20240122_1_85
ImagingSession,LWM-MRI-M13-W06,HAS_ACQUISITION,Acquisition,acq:MRI:20240122_135942_AIPT_multimodelLung20240122_1_85:4
Acquisition,acq:MRI:20240122_135942_AIPT_multimodelLung20240122_1_85:5,ON_INSTRUMENT,Instrument,instrument:MRI
Acquisition,acq:MRI:20240122_135942_AIPT_multimodelLung20240122_1_85:5,STORED_IN,Folder,atwai:/data0/core/atwai/huangw/2024/20240122_135942_AIPT_multimodelLung20240122_1_85
ImagingSession,LWM-MRI-M13-W06,HAS_ACQUISITION,Acquisition,acq:MRI:20240122_135942_AIPT_multimodelLung20240122_1_85:5
Acquisition,acq:MRI:20240122_135942_AIPT_multimodelLung20240122_1_85:6,ON_INSTRUMENT,Instrument,instrument:MRI
Acquisition,acq:MRI:20240122_135942_AIPT_multimodelLung20240122_1_85:6,STORED_IN,Folder,atwai:/data0/core/atwai/huangw/2024/20240122_135942_AIPT_multimodelLung20240122_1_85
ImagingSession,LWM-MRI-M75-W06,HAS_ACQUISITION,Acquisition,acq:MRI:20240122_135942_AIPT_multimodelLung20240122_1_85:6
Acquisition,acq:MRI:20240122_135942_AIPT_multimodelLung20240122_1_85:9,ON_INSTRUMENT,Instrument,instrument:MRI
Acquisition,acq:MRI:20240122_135942_AIPT_multimodelLung20240122_1_85:9,STORED_IN,Folder,atwai:/data0/core/atwai/huangw/2024/20240122_135942_AIPT_multimodelLung20240122_1_85
ImagingSession,LWM-MRI-M75-W06,HAS_ACQUISITION,Acquisition,acq:MRI:20240122_135942_AIPT_multimodelLung20240122_1_85:9
Acquisition,acq:MRI:20240122_135942_AIPT_multimodelLung20240122_1_85:10,ON_INSTRUMENT,Instrument,instrument:MRI
Acquisition,acq:MRI:20240122_135942_AIPT_multimodelLung20240122_1_85:10,STORED_IN,Folder,atwai:/data0/core/atwai/huangw/2024/20240122_135942_AIPT_multimodelLung20240122_1_85
ImagingSession,LWM-MRI-M75-W06,HAS_ACQUISITION,Acquisition,acq:MRI:20240122_135942_AIPT_multimodelLung20240122_1_85:10
Acquisition,acq:MRI:20240122_135942_AIPT_multimodelLung20240122_1_85:7,ON_INSTRUMENT,Instrument,instrument:MRI
Acquisition,acq:MRI:20240122_135942_AIPT_multimodelLung20240122_1_85:7,STORED_IN,Folder,atwai:/data0/core/atwai/huangw/2024/20240122_135942_AIPT_multimodelLung20240122_1_85
ImagingSession,LWM-MRI-M75-W06,HAS_ACQUISITION,Acquisition,acq:MRI:20240122_135942_AIPT_multimodelLung20240122_1_85:7
Acquisition,acq:MRI:20240122_135942_AIPT_multimodelLung20240122_1_85:11,ON_INSTRUMENT,Instrument,instrument:MRI
Acquisition,acq:MRI:20240122_135942_AIPT_multimodelLung20240122_1_85:11,STORED_IN,Folder,atwai:/data0/core/atwai/huangw/2024/20240122_135942_AIPT_multimodelLung20240122_1_85
ImagingSession,LWM-MRI-M67-W06,HAS_ACQUISITION,Acquisition,acq:MRI:20240122_135942_AIPT_multimodelLung20240122_1_85:11
Acquisition,acq:MRI:20240122_135942_AIPT_multimodelLung20240122_1_85:13,ON_INSTRUMENT,Instrument,instrument:MRI
Acquisition,acq:MRI:20240122_135942_AIPT_multimodelLung20240122_1_85:13,STORED_IN,Folder,atwai:/data0/core/atwai/huangw/2024/20240122_135942_AIPT_multimodelLung20240122_1_85
ImagingSession,LWM-MRI-M67-W06,HAS_ACQUISITION,Acquisition,acq:MRI:20240122_135942_AIPT_multimodelLung20240122_1_85:13
Acquisition,acq:MRI:20240122_135942_AIPT_multimodelLung20240122_1_85:12,ON_INSTRUMENT,Instrument,instrument:MRI
Acquisition,acq:MRI:20240122_135942_AIPT_multimodelLung20240122_1_85:12,STORED_IN,Folder,atwai:/data0/core/atwai/huangw/2024/20240122_135942_AIPT_multimodelLung20240122_1_85
ImagingSession,LWM-MRI-M67-W06,HAS_ACQUISITION,Acquisition,acq:MRI:20240122_135942_AIPT_multimodelLung20240122_1_85:12
Acquisition,acq:MRI:20240122_135942_AIPT_multimodelLung20240122_1_85:16,ON_INSTRUMENT,Instrument,instrument:MRI
Acquisition,acq:MRI:20240122_135942_AIPT_multimodelLung20240122_1_85:16,STORED_IN,Folder,atwai:/data0/core/atwai/huangw/2024/20240122_135942_AIPT_multimodelLung20240122_1_85
ImagingSession,LWM-MRI-M68-W06,HAS_ACQUISITION,Acquisition,acq:MRI:20240122_135942_AIPT_multimodelLung20240122_1_85:16
Acquisition,acq:MRI:20240122_135942_AIPT_multimodelLung20240122_1_85:18,ON_INSTRUMENT,Instrument,instrument:MRI
Acquisition,acq:MRI:20240122_135942_AIPT_multimodelLung20240122_1_85:18,STORED_IN,Folder,atwai:/data0/core/atwai/huangw/2024/20240122_135942_AIPT_multimodelLung20240122_1_85
ImagingSession,LWM-MRI-M68-W06,HAS_ACQUISITION,Acquisition,acq:MRI:20240122_135942_AIPT_multimodelLung20240122_1_85:18
Acquisition,acq:MRI:20240122_135942_AIPT_multimodelLung20240122_1_85:17,ON_INSTRUMENT,Instrument,instrument:MRI
Acquisition,acq:MRI:20240122_135942_AIPT_multimodelLung20240122_1_85:17,STORED_IN,Folder,atwai:/data0/core/atwai/huangw/2024/20240122_135942_AIPT_multimodelLung20240122_1_85
ImagingSession,LWM-MRI-M68-W06,HAS_ACQUISITION,Acquisition,acq:MRI:20240122_135942_AIPT_multimodelLung20240122_1_85:17
Acquisition,acq:MRI:20240122_135942_AIPT_multimodelLung20240122_1_85:19,ON_INSTRUMENT,Instrument,instrument:MRI
Acquisition,acq:MRI:20240122_135942_AIPT_multimodelLung20240122_1_85:19,STORED_IN,Folder,atwai:/data0/core/atwai/huangw/2024/20240122_135942_AIPT_multimodelLung20240122_1_85
ImagingSession,LWM-MRI-M69-W06,HAS_ACQUISITION,Acquisition,acq:MRI:20240122_135942_AIPT_multimodelLung20240122_1_85:19
Acquisition,acq:MRI:20240122_135942_AIPT_multimodelLung20240122_1_85:20,ON_INSTRUMENT,Instrument,instrument:MRI
Acquisition,acq:MRI:20240122_135942_AIPT_multimodelLung20240122_1_85:20,STORED_IN,Folder,atwai:/data0/core/atwai/huangw/2024/20240122_135942_AIPT_multimodelLung20240122_1_85
ImagingSession,LWM-MRI-M69-W06,HAS_ACQUISITION,Acquisition,acq:MRI:20240122_135942_AIPT_multimodelLung20240122_1_85:20
Acquisition,acq:MRI:20240122_135942_AIPT_multimodelLung20240122_1_85:21,ON_INSTRUMENT,Instrument,instrument:MRI
Acquisition,acq:MRI:20240122_135942_AIPT_multimodelLung20240122_1_85:21,STORED_IN,Folder,atwai:/data0/core/atwai/huangw/2024/20240122_135942_AIPT_multimodelLung20240122_1_85
ImagingSession,LWM-MRI-M10-W06,HAS_ACQUISITION,Acquisition,acq:MRI:20240122_135942_AIPT_multimodelLung20240122_1_85:21
Acquisition,acq:MRI:20240122_135942_AIPT_multimodelLung20240122_1_85:22,ON_INSTRUMENT,Instrument,instrument:MRI
Acquisition,acq:MRI:20240122_135942_AIPT_multimodelLung20240122_1_85:22,STORED_IN,Folder,atwai:/data0/core/atwai/huangw/2024/20240122_135942_AIPT_multimodelLung20240122_1_85
ImagingSession,LWM-MRI-M10-W06,HAS_ACQUISITION,Acquisition,acq:MRI:20240122_135942_AIPT_multimodelLung20240122_1_85:22
Acquisition,acq:MRI:20240122_135942_AIPT_multimodelLung20240122_1_85:23,ON_INSTRUMENT,Instrument,instrument:MRI
Acquisition,acq:MRI:20240122_135942_AIPT_multimodelLung20240122_1_85:23,STORED_IN,Folder,atwai:/data0/core/atwai/huangw/2024/20240122_135942_AIPT_multimodelLung20240122_1_85
ImagingSession,LWM-MRI-M11-W06,HAS_ACQUISITION,Acquisition,acq:MRI:20240122_135942_AIPT_multimodelLung20240122_1_85:23
Acquisition,acq:MRI:20240122_135942_AIPT_multimodelLung20240122_1_85:24,ON_INSTRUMENT,Instrument,instrument:MRI
Acquisition,acq:MRI:20240122_135942_AIPT_multimodelLung20240122_1_85:24,STORED_IN,Folder,atwai:/data0/core/atwai/huangw/2024/20240122_135942_AIPT_multimodelLung20240122_1_85
ImagingSession,LWM-MRI-M11-W06,HAS_ACQUISITION,Acquisition,acq:MRI:20240122_135942_AIPT_multimodelLung20240122_1_85:24
Acquisition,acq:MRI:20240122_135942_AIPT_multimodelLung20240122_1_85:25,ON_INSTRUMENT,Instrument,instrument:MRI
Acquisition,acq:MRI:20240122_135942_AIPT_multimodelLung20240122_1_85:25,STORED_IN,Folder,atwai:/data0/core/atwai/huangw/2024/20240122_135942_AIPT_multimodelLung20240122_1_85
ImagingSession,LWM-MRI-M12-W06,HAS_ACQUISITION,Acquisition,acq:MRI:20240122_135942_AIPT_multimodelLung20240122_1_85:25
Acquisition,acq:MRI:20240122_135942_AIPT_multimodelLung20240122_1_85:27,ON_INSTRUMENT,Instrument,instrument:MRI
Acquisition,acq:MRI:20240122_135942_AIPT_multimodelLung20240122_1_85:27,STORED_IN,Folder,atwai:/data0/core/atwai/huangw/2024/20240122_135942_AIPT_multimodelLung20240122_1_85
ImagingSession,LWM-MRI-M12-W06,HAS_ACQUISITION,Acquisition,acq:MRI:20240122_135942_AIPT_multimodelLung20240122_1_85:27
Acquisition,acq:MRI:20240122_135942_AIPT_multimodelLung20240122_1_85:28,ON_INSTRUMENT,Instrument,instrument:MRI
Acquisition,acq:MRI:20240122_135942_AIPT_multimodelLung20240122_1_85:28,STORED_IN,Folder,atwai:/data0/core/atwai/huangw/2024/20240122_135942_AIPT_multimodelLung20240122_1_85
ImagingSession,LWM-MRI-M14-W06,HAS_ACQUISITION,Acquisition,acq:MRI:20240122_135942_AIPT_multimodelLung20240122_1_85:28
Acquisition,acq:MRI:20240122_135942_AIPT_multimodelLung20240122_1_85:29,ON_INSTRUMENT,Instrument,instrument:MRI
Acquisition,acq:MRI:20240122_135942_AIPT_multimodelLung20240122_1_85:29,STORED_IN,Folder,atwai:/data0/core/atwai/huangw/2024/20240122_135942_AIPT_multimodelLung20240122_1_85
ImagingSession,LWM-MRI-M14-W06,HAS_ACQUISITION,Acquisition,acq:MRI:20240122_135942_AIPT_multimodelLung20240122_1_85:29
Acquisition,acq:MRI:20240122_135942_AIPT_multimodelLung20240122_1_85:30,ON_INSTRUMENT,Instrument,instrument:MRI
Acquisition,acq:MRI:20240122_135942_AIPT_multimodelLung20240122_1_85:30,STORED_IN,Folder,atwai:/data0/core/atwai/huangw/2024/20240122_135942_AIPT_multimodelLung20240122_1_85
ImagingSession,LWM-MRI-M18-W06,HAS_ACQUISITION,Acquisition,acq:MRI:20240122_135942_AIPT_multimodelLung20240122_1_85:30
Acquisition,acq:MRI:20240122_135942_AIPT_multimodelLung20240122_1_85:31,ON_INSTRUMENT,Instrument,instrument:MRI
Acquisition,acq:MRI:20240122_135942_AIPT_multimodelLung20240122_1_85:31,STORED_IN,Folder,atwai:/data0/core/atwai/huangw/2024/20240122_135942_AIPT_multimodelLung20240122_1_85
ImagingSession,LWM-MRI-M18-W06,HAS_ACQUISITION,Acquisition,acq:MRI:20240122_135942_AIPT_multimodelLung20240122_1_85:31
Acquisition,acq:MRI:20240122_135942_AIPT_multimodelLung20240122_1_85:32,ON_INSTRUMENT,Instrument,instrument:MRI
Acquisition,acq:MRI:20240122_135942_AIPT_multimodelLung20240122_1_85:32,STORED_IN,Folder,atwai:/data0/core/atwai/huangw/2024/20240122_135942_AIPT_multimodelLung20240122_1_85
ImagingSession,LWM-MRI-M15-W06,HAS_ACQUISITION,Acquisition,acq:MRI:20240122_135942_AIPT_multimodelLung20240122_1_85:32
Acquisition,acq:MRI:20240122_135942_AIPT_multimodelLung20240122_1_85:33,ON_INSTRUMENT,Instrument,instrument:MRI
Acquisition,acq:MRI:20240122_135942_AIPT_multimodelLung20240122_1_85:33,STORED_IN,Folder,atwai:/data0/core/atwai/huangw/2024/20240122_135942_AIPT_multimodelLung20240122_1_85
ImagingSession,LWM-MRI-M15-W06,HAS_ACQUISITION,Acquisition,acq:MRI:20240122_135942_AIPT_multimodelLung20240122_1_85:33
Acquisition,acq:MRI:20240122_135942_AIPT_multimodelLung20240122_1_85:34,ON_INSTRUMENT,Instrument,instrument:MRI
Acquisition,acq:MRI:20240122_135942_AIPT_multimodelLung20240122_1_85:34,STORED_IN,Folder,atwai:/data0/core/atwai/huangw/2024/20240122_135942_AIPT_multimodelLung20240122_1_85
ImagingSession,LWM-MRI-M19-W06,HAS_ACQUISITION,Acquisition,acq:MRI:20240122_135942_AIPT_multimodelLung20240122_1_85:34
Acquisition,acq:MRI:20240122_135942_AIPT_multimodelLung20240122_1_85:35,ON_INSTRUMENT,Instrument,instrument:MRI
Acquisition,acq:MRI:20240122_135942_AIPT_multimodelLung20240122_1_85:35,STORED_IN,Folder,atwai:/data0/core/atwai/huangw/2024/20240122_135942_AIPT_multimodelLung20240122_1_85
ImagingSession,LWM-MRI-M19-W06,HAS_ACQUISITION,Acquisition,acq:MRI:20240122_135942_AIPT_multimodelLung20240122_1_85:35
Acquisition,acq:MRI:20240122_135942_AIPT_multimodelLung20240122_1_85:36,ON_INSTRUMENT,Instrument,instrument:MRI
Acquisition,acq:MRI:20240122_135942_AIPT_multimodelLung20240122_1_85:36,STORED_IN,Folder,atwai:/data0/core/atwai/huangw/2024/20240122_135942_AIPT_multimodelLung20240122_1_85
ImagingSession,LWM-MRI-M19-W06,HAS_ACQUISITION,Acquisition,acq:MRI:20240122_135942_AIPT_multimodelLung20240122_1_85:36
Acquisition,acq:MRI:20240122_135942_AIPT_multimodelLung20240122_1_85:37,ON_INSTRUMENT,Instrument,instrument:MRI
Acquisition,acq:MRI:20240122_135942_AIPT_multimodelLung20240122_1_85:37,STORED_IN,Folder,atwai:/data0/core/atwai/huangw/2024/20240122_135942_AIPT_multimodelLung20240122_1_85
ImagingSession,LWM-MRI-M17-W06,HAS_ACQUISITION,Acquisition,acq:MRI:20240122_135942_AIPT_multimodelLung20240122_1_85:37
Acquisition,acq:MRI:20240122_135942_AIPT_multimodelLung20240122_1_85:38,ON_INSTRUMENT,Instrument,instrument:MRI
Acquisition,acq:MRI:20240122_135942_AIPT_multimodelLung20240122_1_85:38,STORED_IN,Folder,atwai:/data0/core/atwai/huangw/2024/20240122_135942_AIPT_multimodelLung20240122_1_85
ImagingSession,LWM-MRI-M17-W06,HAS_ACQUISITION,Acquisition,acq:MRI:20240122_135942_AIPT_multimodelLung20240122_1_85:38
Acquisition,acq:MRI:20240129_112442_AIPT_multimodelLung20240129_1_86:4,ON_INSTRUMENT,Instrument,instrument:MRI
Acquisition,acq:MRI:20240129_112442_AIPT_multimodelLung20240129_1_86:4,STORED_IN,Folder,atwai:/data0/core/atwai/huangw/2024/20240129_112442_AIPT_multimodelLung20240129_1_86
ImagingSession,LWM-MRI-M13-W07,HAS_ACQUISITION,Acquisition,acq:MRI:20240129_112442_AIPT_multimodelLung20240129_1_86:4
Acquisition,acq:MRI:20240129_112442_AIPT_multimodelLung20240129_1_86:6,ON_INSTRUMENT,Instrument,instrument:MRI
Acquisition,acq:MRI:20240129_112442_AIPT_multimodelLung20240129_1_86:6,STORED_IN,Folder,atwai:/data0/core/atwai/huangw/2024/20240129_112442_AIPT_multimodelLung20240129_1_86
ImagingSession,LWM-MRI-M13-W07,HAS_ACQUISITION,Acquisition,acq:MRI:20240129_112442_AIPT_multimodelLung20240129_1_86:6
Acquisition,acq:MRI:20240129_112442_AIPT_multimodelLung20240129_1_86:2,ON_INSTRUMENT,Instrument,instrument:MRI
Acquisition,acq:MRI:20240129_112442_AIPT_multimodelLung20240129_1_86:2,STORED_IN,Folder,atwai:/data0/core/atwai/huangw/2024/20240129_112442_AIPT_multimodelLung20240129_1_86
ImagingSession,LWM-MRI-M13-W07,HAS_ACQUISITION,Acquisition,acq:MRI:20240129_112442_AIPT_multimodelLung20240129_1_86:2
Acquisition,acq:MRI:20240129_112442_AIPT_multimodelLung20240129_1_86:7,ON_INSTRUMENT,Instrument,instrument:MRI
Acquisition,acq:MRI:20240129_112442_AIPT_multimodelLung20240129_1_86:7,STORED_IN,Folder,atwai:/data0/core/atwai/huangw/2024/20240129_112442_AIPT_multimodelLung20240129_1_86
ImagingSession,LWM-MRI-M67-W07,HAS_ACQUISITION,Acquisition,acq:MRI:20240129_112442_AIPT_multimodelLung20240129_1_86:7
Acquisition,acq:MRI:20240129_112442_AIPT_multimodelLung20240129_1_86:10,ON_INSTRUMENT,Instrument,instrument:MRI
Acquisition,acq:MRI:20240129_112442_AIPT_multimodelLung20240129_1_86:10,STORED_IN,Folder,atwai:/data0/core/atwai/huangw/2024/20240129_112442_AIPT_multimodelLung20240129_1_86
ImagingSession,LWM-MRI-M67-W07,HAS_ACQUISITION,Acquisition,acq:MRI:20240129_112442_AIPT_multimodelLung20240129_1_86:10
Acquisition,acq:MRI:20240129_112442_AIPT_multimodelLung20240129_1_86:11,ON_INSTRUMENT,Instrument,instrument:MRI
Acquisition,acq:MRI:20240129_112442_AIPT_multimodelLung20240129_1_86:11,STORED_IN,Folder,atwai:/data0/core/atwai/huangw/2024/20240129_112442_AIPT_multimodelLung20240129_1_86
ImagingSession,LWM-MRI-M75-W07,HAS_ACQUISITION,Acquisition,acq:MRI:20240129_112442_AIPT_multimodelLung20240129_1_86:11
Acquisition,acq:MRI:20240129_112442_AIPT_multimodelLung20240129_1_86:12,ON_INSTRUMENT,Instrument,instrument:MRI
Acquisition,acq:MRI:20240129_112442_AIPT_multimodelLung20240129_1_86:12,STORED_IN,Folder,atwai:/data0/core/atwai/huangw/2024/20240129_112442_AIPT_multimodelLung20240129_1_86
ImagingSession,LWM-MRI-M75-W07,HAS_ACQUISITION,Acquisition,acq:MRI:20240129_112442_AIPT_multimodelLung20240129_1_86:12
Acquisition,acq:MRI:20240129_112442_AIPT_multimodelLung20240129_1_86:13,ON_INSTRUMENT,Instrument,instrument:MRI
Acquisition,acq:MRI:20240129_112442_AIPT_multimodelLung20240129_1_86:13,STORED_IN,Folder,atwai:/data0/core/atwai/huangw/2024/20240129_112442_AIPT_multimodelLung20240129_1_86
ImagingSession,LWM-MRI-M68-W07,HAS_ACQUISITION,Acquisition,acq:MRI:20240129_112442_AIPT_multimodelLung20240129_1_86:13
Acquisition,acq:MRI:20240129_112442_AIPT_multimodelLung20240129_1_86:14,ON_INSTRUMENT,Instrument,instrument:MRI
Acquisition,acq:MRI:20240129_112442_AIPT_multimodelLung20240129_1_86:14,STORED_IN,Folder,atwai:/data0/core/atwai/huangw/2024/20240129_112442_AIPT_multimodelLung20240129_1_86
ImagingSession,LWM-MRI-M68-W07,HAS_ACQUISITION,Acquisition,acq:MRI:20240129_112442_AIPT_multimodelLung20240129_1_86:14
Acquisition,acq:MRI:20240129_112442_AIPT_multimodelLung20240129_1_86:15,ON_INSTRUMENT,Instrument,instrument:MRI
Acquisition,acq:MRI:20240129_112442_AIPT_multimodelLung20240129_1_86:15,STORED_IN,Folder,atwai:/data0/core/atwai/huangw/2024/20240129_112442_AIPT_multimodelLung20240129_1_86
ImagingSession,LWM-MRI-M69-W07,HAS_ACQUISITION,Acquisition,acq:MRI:20240129_112442_AIPT_multimodelLung20240129_1_86:15
Acquisition,acq:MRI:20240129_112442_AIPT_multimodelLung20240129_1_86:16,ON_INSTRUMENT,Instrument,instrument:MRI
Acquisition,acq:MRI:20240129_112442_AIPT_multimodelLung20240129_1_86:16,STORED_IN,Folder,atwai:/data0/core/atwai/huangw/2024/20240129_112442_AIPT_multimodelLung20240129_1_86
ImagingSession,LWM-MRI-M69-W07,HAS_ACQUISITION,Acquisition,acq:MRI:20240129_112442_AIPT_multimodelLung20240129_1_86:16
Acquisition,acq:MRI:20240129_112442_AIPT_multimodelLung20240129_1_86:17,ON_INSTRUMENT,Instrument,instrument:MRI
Acquisition,acq:MRI:20240129_112442_AIPT_multimodelLung20240129_1_86:17,STORED_IN,Folder,atwai:/data0/core/atwai/huangw/2024/20240129_112442_AIPT_multimodelLung20240129_1_86
ImagingSession,LWM-MRI-M10-W07,HAS_ACQUISITION,Acquisition,acq:MRI:20240129_112442_AIPT_multimodelLung20240129_1_86:17
Acquisition,acq:MRI:20240129_112442_AIPT_multimodelLung20240129_1_86:18,ON_INSTRUMENT,Instrument,instrument:MRI
Acquisition,acq:MRI:20240129_112442_AIPT_multimodelLung20240129_1_86:18,STORED_IN,Folder,atwai:/data0/core/atwai/huangw/2024/20240129_112442_AIPT_multimodelLung20240129_1_86
ImagingSession,LWM-MRI-M10-W07,HAS_ACQUISITION,Acquisition,acq:MRI:20240129_112442_AIPT_multimodelLung20240129_1_86:18
Acquisition,acq:MRI:20240129_112442_AIPT_multimodelLung20240129_1_86:19,ON_INSTRUMENT,Instrument,instrument:MRI
Acquisition,acq:MRI:20240129_112442_AIPT_multimodelLung20240129_1_86:19,STORED_IN,Folder,atwai:/data0/core/atwai/huangw/2024/20240129_112442_AIPT_multimodelLung20240129_1_86
ImagingSession,LWM-MRI-M12-W07,HAS_ACQUISITION,Acquisition,acq:MRI:20240129_112442_AIPT_multimodelLung20240129_1_86:19
Acquisition,acq:MRI:20240129_112442_AIPT_multimodelLung20240129_1_86:20,ON_INSTRUMENT,Instrument,instrument:MRI
Acquisition,acq:MRI:20240129_112442_AIPT_multimodelLung20240129_1_86:20,STORED_IN,Folder,atwai:/data0/core/atwai/huangw/2024/20240129_112442_AIPT_multimodelLung20240129_1_86
ImagingSession,LWM-MRI-M12-W07,HAS_ACQUISITION,Acquisition,acq:MRI:20240129_112442_AIPT_multimodelLung20240129_1_86:20
Acquisition,acq:MRI:20240129_112442_AIPT_multimodelLung20240129_1_86:21,ON_INSTRUMENT,Instrument,instrument:MRI
Acquisition,acq:MRI:20240129_112442_AIPT_multimodelLung20240129_1_86:21,STORED_IN,Folder,atwai:/data0/core/atwai/huangw/2024/20240129_112442_AIPT_multimodelLung20240129_1_86
ImagingSession,LWM-MRI-M11-W07,HAS_ACQUISITION,Acquisition,acq:MRI:20240129_112442_AIPT_multimodelLung20240129_1_86:21
Acquisition,acq:MRI:20240129_112442_AIPT_multimodelLung20240129_1_86:22,ON_INSTRUMENT,Instrument,instrument:MRI
Acquisition,acq:MRI:20240129_112442_AIPT_multimodelLung20240129_1_86:22,STORED_IN,Folder,atwai:/data0/core/atwai/huangw/2024/20240129_112442_AIPT_multimodelLung20240129_1_86
ImagingSession,LWM-MRI-M11-W07,HAS_ACQUISITION,Acquisition,acq:MRI:20240129_112442_AIPT_multimodelLung20240129_1_86:22
Acquisition,acq:MRI:20240129_112442_AIPT_multimodelLung20240129_1_86:23,ON_INSTRUMENT,Instrument,instrument:MRI
Acquisition,acq:MRI:20240129_112442_AIPT_multimodelLung20240129_1_86:23,STORED_IN,Folder,atwai:/data0/core/atwai/huangw/2024/20240129_112442_AIPT_multimodelLung20240129_1_86
ImagingSession,LWM-MRI-M14-W07,HAS_ACQUISITION,Acquisition,acq:MRI:20240129_112442_AIPT_multimodelLung20240129_1_86:23
Acquisition,acq:MRI:20240129_112442_AIPT_multimodelLung20240129_1_86:24,ON_INSTRUMENT,Instrument,instrument:MRI
Acquisition,acq:MRI:20240129_112442_AIPT_multimodelLung20240129_1_86:24,STORED_IN,Folder,atwai:/data0/core/atwai/huangw/2024/20240129_112442_AIPT_multimodelLung20240129_1_86
ImagingSession,LWM-MRI-M14-W07,HAS_ACQUISITION,Acquisition,acq:MRI:20240129_112442_AIPT_multimodelLung20240129_1_86:24
Acquisition,acq:MRI:20240129_112442_AIPT_multimodelLung20240129_1_86:25,ON_INSTRUMENT,Instrument,instrument:MRI
Acquisition,acq:MRI:20240129_112442_AIPT_multimodelLung20240129_1_86:25,STORED_IN,Folder,atwai:/data0/core/atwai/huangw/2024/20240129_112442_AIPT_multimodelLung20240129_1_86
ImagingSession,LWM-MRI-M15-W07,HAS_ACQUISITION,Acquisition,acq:MRI:20240129_112442_AIPT_multimodelLung20240129_1_86:25
Acquisition,acq:MRI:20240129_112442_AIPT_multimodelLung20240129_1_86:27,ON_INSTRUMENT,Instrument,instrument:MRI
Acquisition,acq:MRI:20240129_112442_AIPT_multimodelLung20240129_1_86:27,STORED_IN,Folder,atwai:/data0/core/atwai/huangw/2024/20240129_112442_AIPT_multimodelLung20240129_1_86
ImagingSession,LWM-MRI-M15-W07,HAS_ACQUISITION,Acquisition,acq:MRI:20240129_112442_AIPT_multimodelLung20240129_1_86:27
Acquisition,acq:MRI:20240129_112442_AIPT_multimodelLung20240129_1_86:26,ON_INSTRUMENT,Instrument,instrument:MRI
Acquisition,acq:MRI:20240129_112442_AIPT_multimodelLung20240129_1_86:26,STORED_IN,Folder,atwai:/data0/core/atwai/huangw/2024/20240129_112442_AIPT_multimodelLung20240129_1_86
ImagingSession,LWM-MRI-M15-W07,HAS_ACQUISITION,Acquisition,acq:MRI:20240129_112442_AIPT_multimodelLung20240129_1_86:26
Acquisition,acq:MRI:20240129_112442_AIPT_multimodelLung20240129_1_86:28,ON_INSTRUMENT,Instrument,instrument:MRI
Acquisition,acq:MRI:20240129_112442_AIPT_multimodelLung20240129_1_86:28,STORED_IN,Folder,atwai:/data0/core/atwai/huangw/2024/20240129_112442_AIPT_multimodelLung20240129_1_86
ImagingSession,LWM-MRI-M17-W07,HAS_ACQUISITION,Acquisition,acq:MRI:20240129_112442_AIPT_multimodelLung20240129_1_86:28
Acquisition,acq:MRI:20240129_112442_AIPT_multimodelLung20240129_1_86:29,ON_INSTRUMENT,Instrument,instrument:MRI
Acquisition,acq:MRI:20240129_112442_AIPT_multimodelLung20240129_1_86:29,STORED_IN,Folder,atwai:/data0/core/atwai/huangw/2024/20240129_112442_AIPT_multimodelLung20240129_1_86
ImagingSession,LWM-MRI-M17-W07,HAS_ACQUISITION,Acquisition,acq:MRI:20240129_112442_AIPT_multimodelLung20240129_1_86:29
Acquisition,acq:MRI:20240129_112442_AIPT_multimodelLung20240129_1_86:30,ON_INSTRUMENT,Instrument,instrument:MRI
Acquisition,acq:MRI:20240129_112442_AIPT_multimodelLung20240129_1_86:30,STORED_IN,Folder,atwai:/data0/core/atwai/huangw/2024/20240129_112442_AIPT_multimodelLung20240129_1_86
ImagingSession,LWM-MRI-M18-W07,HAS_ACQUISITION,Acquisition,acq:MRI:20240129_112442_AIPT_multimodelLung20240129_1_86:30
Acquisition,acq:MRI:20240129_112442_AIPT_multimodelLung20240129_1_86:31,ON_INSTRUMENT,Instrument,instrument:MRI
Acquisition,acq:MRI:20240129_112442_AIPT_multimodelLung20240129_1_86:31,STORED_IN,Folder,atwai:/data0/core/atwai/huangw/2024/20240129_112442_AIPT_multimodelLung20240129_1_86
ImagingSession,LWM-MRI-M18-W07,HAS_ACQUISITION,Acquisition,acq:MRI:20240129_112442_AIPT_multimodelLung20240129_1_86:31
Acquisition,acq:MRI:20240129_112442_AIPT_multimodelLung20240129_1_86:32,ON_INSTRUMENT,Instrument,instrument:MRI
Acquisition,acq:MRI:20240129_112442_AIPT_multimodelLung20240129_1_86:32,STORED_IN,Folder,atwai:/data0/core/atwai/huangw/2024/20240129_112442_AIPT_multimodelLung20240129_1_86
ImagingSession,LWM-MRI-M19-W07,HAS_ACQUISITION,Acquisition,acq:MRI:20240129_112442_AIPT_multimodelLung20240129_1_86:32
Acquisition,acq:MRI:20240129_112442_AIPT_multimodelLung20240129_1_86:34,ON_INSTRUMENT,Instrument,instrument:MRI
Acquisition,acq:MRI:20240129_112442_AIPT_multimodelLung20240129_1_86:34,STORED_IN,Folder,atwai:/data0/core/atwai/huangw/2024/20240129_112442_AIPT_multimodelLung20240129_1_86
ImagingSession,LWM-MRI-M19-W07,HAS_ACQUISITION,Acquisition,acq:MRI:20240129_112442_AIPT_multimodelLung20240129_1_86:34
Acquisition,acq:MRI:20240129_112442_AIPT_multimodelLung20240129_1_86:33,ON_INSTRUMENT,Instrument,instrument:MRI
Acquisition,acq:MRI:20240129_112442_AIPT_multimodelLung20240129_1_86:33,STORED_IN,Folder,atwai:/data0/core/atwai/huangw/2024/20240129_112442_AIPT_multimodelLung20240129_1_86
ImagingSession,LWM-MRI-M19-W07,HAS_ACQUISITION,Acquisition,acq:MRI:20240129_112442_AIPT_multimodelLung20240129_1_86:33
Acquisition,acq:MRI:20240205_122416_AIPT_multiModelLung20240205_1_89:1,ON_INSTRUMENT,Instrument,instrument:MRI
Acquisition,acq:MRI:20240205_122416_AIPT_multiModelLung20240205_1_89:1,STORED_IN,Folder,atwai:/data0/core/atwai/huangw/2024/20240205_122416_AIPT_multiModelLung20240205_1_89
ImagingSession,LWM-MRI-M13-W08,HAS_ACQUISITION,Acquisition,acq:MRI:20240205_122416_AIPT_multiModelLung20240205_1_89:1
Acquisition,acq:MRI:20240205_122416_AIPT_multiModelLung20240205_1_89:3,ON_INSTRUMENT,Instrument,instrument:MRI
Acquisition,acq:MRI:20240205_122416_AIPT_multiModelLung20240205_1_89:3,STORED_IN,Folder,atwai:/data0/core/atwai/huangw/2024/20240205_122416_AIPT_multiModelLung20240205_1_89
ImagingSession,LWM-MRI-M13-W08,HAS_ACQUISITION,Acquisition,acq:MRI:20240205_122416_AIPT_multiModelLung20240205_1_89:3
Acquisition,acq:MRI:20240205_122416_AIPT_multiModelLung20240205_1_89:4,ON_INSTRUMENT,Instrument,instrument:MRI
Acquisition,acq:MRI:20240205_122416_AIPT_multiModelLung20240205_1_89:4,STORED_IN,Folder,atwai:/data0/core/atwai/huangw/2024/20240205_122416_AIPT_multiModelLung20240205_1_89
ImagingSession,LWM-MRI-M13-W08,HAS_ACQUISITION,Acquisition,acq:MRI:20240205_122416_AIPT_multiModelLung20240205_1_89:4
Acquisition,acq:MRI:20240205_122416_AIPT_multiModelLung20240205_1_89:2,ON_INSTRUMENT,Instrument,instrument:MRI
Acquisition,acq:MRI:20240205_122416_AIPT_multiModelLung20240205_1_89:2,STORED_IN,Folder,atwai:/data0/core/atwai/huangw/2024/20240205_122416_AIPT_multiModelLung20240205_1_89
ImagingSession,LWM-MRI-M13-W08,HAS_ACQUISITION,Acquisition,acq:MRI:20240205_122416_AIPT_multiModelLung20240205_1_89:2
Acquisition,acq:MRI:20240205_122416_AIPT_multiModelLung20240205_1_89:5,ON_INSTRUMENT,Instrument,instrument:MRI
Acquisition,acq:MRI:20240205_122416_AIPT_multiModelLung20240205_1_89:5,STORED_IN,Folder,atwai:/data0/core/atwai/huangw/2024/20240205_122416_AIPT_multiModelLung20240205_1_89
ImagingSession,LWM-MRI-M12-W08,HAS_ACQUISITION,Acquisition,acq:MRI:20240205_122416_AIPT_multiModelLung20240205_1_89:5
Acquisition,acq:MRI:20240205_122416_AIPT_multiModelLung20240205_1_89:6,ON_INSTRUMENT,Instrument,instrument:MRI
Acquisition,acq:MRI:20240205_122416_AIPT_multiModelLung20240205_1_89:6,STORED_IN,Folder,atwai:/data0/core/atwai/huangw/2024/20240205_122416_AIPT_multiModelLung20240205_1_89
ImagingSession,LWM-MRI-M12-W08,HAS_ACQUISITION,Acquisition,acq:MRI:20240205_122416_AIPT_multiModelLung20240205_1_89:6
Acquisition,acq:MRI:20240205_122416_AIPT_multiModelLung20240205_1_89:7,ON_INSTRUMENT,Instrument,instrument:MRI
Acquisition,acq:MRI:20240205_122416_AIPT_multiModelLung20240205_1_89:7,STORED_IN,Folder,atwai:/data0/core/atwai/huangw/2024/20240205_122416_AIPT_multiModelLung20240205_1_89
ImagingSession,LWM-MRI-M10-W08,HAS_ACQUISITION,Acquisition,acq:MRI:20240205_122416_AIPT_multiModelLung20240205_1_89:7
Acquisition,acq:MRI:20240205_122416_AIPT_multiModelLung20240205_1_89:8,ON_INSTRUMENT,Instrument,instrument:MRI
Acquisition,acq:MRI:20240205_122416_AIPT_multiModelLung20240205_1_89:8,STORED_IN,Folder,atwai:/data0/core/atwai/huangw/2024/20240205_122416_AIPT_multiModelLung20240205_1_89
ImagingSession,LWM-MRI-M10-W08,HAS_ACQUISITION,Acquisition,acq:MRI:20240205_122416_AIPT_multiModelLung20240205_1_89:8
Acquisition,acq:MRI:20240205_122416_AIPT_multiModelLung20240205_1_89:13,ON_INSTRUMENT,Instrument,instrument:MRI
Acquisition,acq:MRI:20240205_122416_AIPT_multiModelLung20240205_1_89:13,STORED_IN,Folder,atwai:/data0/core/atwai/huangw/2024/20240205_122416_AIPT_multiModelLung20240205_1_89
Acquisition,acq:MRI:20240205_122416_AIPT_multiModelLung20240205_1_89:10,ON_INSTRUMENT,Instrument,instrument:MRI
Acquisition,acq:MRI:20240205_122416_AIPT_multiModelLung20240205_1_89:10,STORED_IN,Folder,atwai:/data0/core/atwai/huangw/2024/20240205_122416_AIPT_multiModelLung20240205_1_89
ImagingSession,LWM-MRI-M14-W08,HAS_ACQUISITION,Acquisition,acq:MRI:20240205_122416_AIPT_multiModelLung20240205_1_89:10
Acquisition,acq:MRI:20240205_122416_AIPT_multiModelLung20240205_1_89:11,ON_INSTRUMENT,Instrument,instrument:MRI
Acquisition,acq:MRI:20240205_122416_AIPT_multiModelLung20240205_1_89:11,STORED_IN,Folder,atwai:/data0/core/atwai/huangw/2024/20240205_122416_AIPT_multiModelLung20240205_1_89
ImagingSession,LWM-MRI-M14-W08,HAS_ACQUISITION,Acquisition,acq:MRI:20240205_122416_AIPT_multiModelLung20240205_1_89:11
Acquisition,acq:MRI:20240205_122416_AIPT_multiModelLung20240205_1_89:14,ON_INSTRUMENT,Instrument,instrument:MRI
Acquisition,acq:MRI:20240205_122416_AIPT_multiModelLung20240205_1_89:14,STORED_IN,Folder,atwai:/data0/core/atwai/huangw/2024/20240205_122416_AIPT_multiModelLung20240205_1_89
ImagingSession,LWM-MRI-M11-W08,HAS_ACQUISITION,Acquisition,acq:MRI:20240205_122416_AIPT_multiModelLung20240205_1_89:14
Acquisition,acq:MRI:20240205_122416_AIPT_multiModelLung20240205_1_89:15,ON_INSTRUMENT,Instrument,instrument:MRI
Acquisition,acq:MRI:20240205_122416_AIPT_multiModelLung20240205_1_89:15,STORED_IN,Folder,atwai:/data0/core/atwai/huangw/2024/20240205_122416_AIPT_multiModelLung20240205_1_89
ImagingSession,LWM-MRI-M11-W08,HAS_ACQUISITION,Acquisition,acq:MRI:20240205_122416_AIPT_multiModelLung20240205_1_89:15
Acquisition,acq:MRI:20240205_122416_AIPT_multiModelLung20240205_1_89:16,ON_INSTRUMENT,Instrument,instrument:MRI
Acquisition,acq:MRI:20240205_122416_AIPT_multiModelLung20240205_1_89:16,STORED_IN,Folder,atwai:/data0/core/atwai/huangw/2024/20240205_122416_AIPT_multiModelLung20240205_1_89
ImagingSession,LWM-MRI-M17-W08,HAS_ACQUISITION,Acquisition,acq:MRI:20240205_122416_AIPT_multiModelLung20240205_1_89:16
Acquisition,acq:MRI:20240205_122416_AIPT_multiModelLung20240205_1_89:17,ON_INSTRUMENT,Instrument,instrument:MRI
Acquisition,acq:MRI:20240205_122416_AIPT_multiModelLung20240205_1_89:17,STORED_IN,Folder,atwai:/data0/core/atwai/huangw/2024/20240205_122416_AIPT_multiModelLung20240205_1_89
ImagingSession,LWM-MRI-M17-W08,HAS_ACQUISITION,Acquisition,acq:MRI:20240205_122416_AIPT_multiModelLung20240205_1_89:17
Acquisition,acq:MRI:20240205_122416_AIPT_multiModelLung20240205_1_89:18,ON_INSTRUMENT,Instrument,instrument:MRI
Acquisition,acq:MRI:20240205_122416_AIPT_multiModelLung20240205_1_89:18,STORED_IN,Folder,atwai:/data0/core/atwai/huangw/2024/20240205_122416_AIPT_multiModelLung20240205_1_89
ImagingSession,LWM-MRI-M15-W08,HAS_ACQUISITION,Acquisition,acq:MRI:20240205_122416_AIPT_multiModelLung20240205_1_89:18
Acquisition,acq:MRI:20240205_122416_AIPT_multiModelLung20240205_1_89:19,ON_INSTRUMENT,Instrument,instrument:MRI
Acquisition,acq:MRI:20240205_122416_AIPT_multiModelLung20240205_1_89:19,STORED_IN,Folder,atwai:/data0/core/atwai/huangw/2024/20240205_122416_AIPT_multiModelLung20240205_1_89
ImagingSession,LWM-MRI-M15-W08,HAS_ACQUISITION,Acquisition,acq:MRI:20240205_122416_AIPT_multiModelLung20240205_1_89:19
Acquisition,acq:MRI:20240205_122416_AIPT_multiModelLung20240205_1_89:20,ON_INSTRUMENT,Instrument,instrument:MRI
Acquisition,acq:MRI:20240205_122416_AIPT_multiModelLung20240205_1_89:20,STORED_IN,Folder,atwai:/data0/core/atwai/huangw/2024/20240205_122416_AIPT_multiModelLung20240205_1_89
ImagingSession,LWM-MRI-M18-W08,HAS_ACQUISITION,Acquisition,acq:MRI:20240205_122416_AIPT_multiModelLung20240205_1_89:20
Acquisition,acq:MRI:20240205_122416_AIPT_multiModelLung20240205_1_89:21,ON_INSTRUMENT,Instrument,instrument:MRI
Acquisition,acq:MRI:20240205_122416_AIPT_multiModelLung20240205_1_89:21,STORED_IN,Folder,atwai:/data0/core/atwai/huangw/2024/20240205_122416_AIPT_multiModelLung20240205_1_89
ImagingSession,LWM-MRI-M18-W08,HAS_ACQUISITION,Acquisition,acq:MRI:20240205_122416_AIPT_multiModelLung20240205_1_89:21
Acquisition,acq:MRI:20240205_122416_AIPT_multiModelLung20240205_1_89:22,ON_INSTRUMENT,Instrument,instrument:MRI
Acquisition,acq:MRI:20240205_122416_AIPT_multiModelLung20240205_1_89:22,STORED_IN,Folder,atwai:/data0/core/atwai/huangw/2024/20240205_122416_AIPT_multiModelLung20240205_1_89
ImagingSession,LWM-MRI-M19-W08,HAS_ACQUISITION,Acquisition,acq:MRI:20240205_122416_AIPT_multiModelLung20240205_1_89:22
Acquisition,acq:MRI:20240205_122416_AIPT_multiModelLung20240205_1_89:23,ON_INSTRUMENT,Instrument,instrument:MRI
Acquisition,acq:MRI:20240205_122416_AIPT_multiModelLung20240205_1_89:23,STORED_IN,Folder,atwai:/data0/core/atwai/huangw/2024/20240205_122416_AIPT_multiModelLung20240205_1_89
ImagingSession,LWM-MRI-M19-W08,HAS_ACQUISITION,Acquisition,acq:MRI:20240205_122416_AIPT_multiModelLung20240205_1_89:23
Acquisition,acq:MRI:20240205_122416_AIPT_multiModelLung20240205_1_89:24,ON_INSTRUMENT,Instrument,instrument:MRI
Acquisition,acq:MRI:20240205_122416_AIPT_multiModelLung20240205_1_89:24,STORED_IN,Folder,atwai:/data0/core/atwai/huangw/2024/20240205_122416_AIPT_multiModelLung20240205_1_89
ImagingSession,LWM-MRI-M67-W08,HAS_ACQUISITION,Acquisition,acq:MRI:20240205_122416_AIPT_multiModelLung20240205_1_89:24
Acquisition,acq:MRI:20240205_122416_AIPT_multiModelLung20240205_1_89:25,ON_INSTRUMENT,Instrument,instrument:MRI
Acquisition,acq:MRI:20240205_122416_AIPT_multiModelLung20240205_1_89:25,STORED_IN,Folder,atwai:/data0/core/atwai/huangw/2024/20240205_122416_AIPT_multiModelLung20240205_1_89
ImagingSession,LWM-MRI-M67-W08,HAS_ACQUISITION,Acquisition,acq:MRI:20240205_122416_AIPT_multiModelLung20240205_1_89:25
Acquisition,acq:MRI:20240205_122416_AIPT_multiModelLung20240205_1_89:26,ON_INSTRUMENT,Instrument,instrument:MRI
Acquisition,acq:MRI:20240205_122416_AIPT_multiModelLung20240205_1_89:26,STORED_IN,Folder,atwai:/data0/core/atwai/huangw/2024/20240205_122416_AIPT_multiModelLung20240205_1_89
ImagingSession,LWM-MRI-M75-W08,HAS_ACQUISITION,Acquisition,acq:MRI:20240205_122416_AIPT_multiModelLung20240205_1_89:26
Acquisition,acq:MRI:20240205_122416_AIPT_multiModelLung20240205_1_89:27,ON_INSTRUMENT,Instrument,instrument:MRI
Acquisition,acq:MRI:20240205_122416_AIPT_multiModelLung20240205_1_89:27,STORED_IN,Folder,atwai:/data0/core/atwai/huangw/2024/20240205_122416_AIPT_multiModelLung20240205_1_89
ImagingSession,LWM-MRI-M75-W08,HAS_ACQUISITION,Acquisition,acq:MRI:20240205_122416_AIPT_multiModelLung20240205_1_89:27
Acquisition,acq:MRI:20240205_122416_AIPT_multiModelLung20240205_1_89:28,ON_INSTRUMENT,Instrument,instrument:MRI
Acquisition,acq:MRI:20240205_122416_AIPT_multiModelLung20240205_1_89:28,STORED_IN,Folder,atwai:/data0/core/atwai/huangw/2024/20240205_122416_AIPT_multiModelLung20240205_1_89
ImagingSession,LWM-MRI-M68-W08,HAS_ACQUISITION,Acquisition,acq:MRI:20240205_122416_AIPT_multiModelLung20240205_1_89:28
Acquisition,acq:MRI:20240205_122416_AIPT_multiModelLung20240205_1_89:29,ON_INSTRUMENT,Instrument,instrument:MRI
Acquisition,acq:MRI:20240205_122416_AIPT_multiModelLung20240205_1_89:29,STORED_IN,Folder,atwai:/data0/core/atwai/huangw/2024/20240205_122416_AIPT_multiModelLung20240205_1_89
ImagingSession,LWM-MRI-M68-W08,HAS_ACQUISITION,Acquisition,acq:MRI:20240205_122416_AIPT_multiModelLung20240205_1_89:29
Acquisition,acq:MRI:20240205_122416_AIPT_multiModelLung20240205_1_89:30,ON_INSTRUMENT,Instrument,instrument:MRI
Acquisition,acq:MRI:20240205_122416_AIPT_multiModelLung20240205_1_89:30,STORED_IN,Folder,atwai:/data0/core/atwai/huangw/2024/20240205_122416_AIPT_multiModelLung20240205_1_89
ImagingSession,LWM-MRI-M69-W08,HAS_ACQUISITION,Acquisition,acq:MRI:20240205_122416_AIPT_multiModelLung20240205_1_89:30
Acquisition,acq:MRI:20240205_122416_AIPT_multiModelLung20240205_1_89:31,ON_INSTRUMENT,Instrument,instrument:MRI
Acquisition,acq:MRI:20240205_122416_AIPT_multiModelLung20240205_1_89:31,STORED_IN,Folder,atwai:/data0/core/atwai/huangw/2024/20240205_122416_AIPT_multiModelLung20240205_1_89
ImagingSession,LWM-MRI-M69-W08,HAS_ACQUISITION,Acquisition,acq:MRI:20240205_122416_AIPT_multiModelLung20240205_1_89:31
Acquisition,acq:MRI:20240212_140325_AIPT_multimodelLung20240212_1_90:1,ON_INSTRUMENT,Instrument,instrument:MRI
Acquisition,acq:MRI:20240212_140325_AIPT_multimodelLung20240212_1_90:1,STORED_IN,Folder,atwai:/data0/core/atwai/huangw/2024/20240212_140325_AIPT_multimodelLung20240212_1_90
ImagingSession,LWM-MRI-M13-W09,HAS_ACQUISITION,Acquisition,acq:MRI:20240212_140325_AIPT_multimodelLung20240212_1_90:1
Acquisition,acq:MRI:20240212_140325_AIPT_multimodelLung20240212_1_90:3,ON_INSTRUMENT,Instrument,instrument:MRI
Acquisition,acq:MRI:20240212_140325_AIPT_multimodelLung20240212_1_90:3,STORED_IN,Folder,atwai:/data0/core/atwai/huangw/2024/20240212_140325_AIPT_multimodelLung20240212_1_90
ImagingSession,LWM-MRI-M13-W09,HAS_ACQUISITION,Acquisition,acq:MRI:20240212_140325_AIPT_multimodelLung20240212_1_90:3
Acquisition,acq:MRI:20240212_140325_AIPT_multimodelLung20240212_1_90:2,ON_INSTRUMENT,Instrument,instrument:MRI
Acquisition,acq:MRI:20240212_140325_AIPT_multimodelLung20240212_1_90:2,STORED_IN,Folder,atwai:/data0/core/atwai/huangw/2024/20240212_140325_AIPT_multimodelLung20240212_1_90
ImagingSession,LWM-MRI-M13-W09,HAS_ACQUISITION,Acquisition,acq:MRI:20240212_140325_AIPT_multimodelLung20240212_1_90:2
Acquisition,acq:MRI:20240212_140325_AIPT_multimodelLung20240212_1_90:4,ON_INSTRUMENT,Instrument,instrument:MRI
Acquisition,acq:MRI:20240212_140325_AIPT_multimodelLung20240212_1_90:4,STORED_IN,Folder,atwai:/data0/core/atwai/huangw/2024/20240212_140325_AIPT_multimodelLung20240212_1_90
ImagingSession,LWM-MRI-M67-W09,HAS_ACQUISITION,Acquisition,acq:MRI:20240212_140325_AIPT_multimodelLung20240212_1_90:4
Acquisition,acq:MRI:20240212_140325_AIPT_multimodelLung20240212_1_90:5,ON_INSTRUMENT,Instrument,instrument:MRI
Acquisition,acq:MRI:20240212_140325_AIPT_multimodelLung20240212_1_90:5,STORED_IN,Folder,atwai:/data0/core/atwai/huangw/2024/20240212_140325_AIPT_multimodelLung20240212_1_90
ImagingSession,LWM-MRI-M67-W09,HAS_ACQUISITION,Acquisition,acq:MRI:20240212_140325_AIPT_multimodelLung20240212_1_90:5
Acquisition,acq:MRI:20240212_140325_AIPT_multimodelLung20240212_1_90:6,ON_INSTRUMENT,Instrument,instrument:MRI
Acquisition,acq:MRI:20240212_140325_AIPT_multimodelLung20240212_1_90:6,STORED_IN,Folder,atwai:/data0/core/atwai/huangw/2024/20240212_140325_AIPT_multimodelLung20240212_1_90
ImagingSession,LWM-MRI-M75-W09,HAS_ACQUISITION,Acquisition,acq:MRI:20240212_140325_AIPT_multimodelLung20240212_1_90:6
Acquisition,acq:MRI:20240212_140325_AIPT_multimodelLung20240212_1_90:7,ON_INSTRUMENT,Instrument,instrument:MRI
Acquisition,acq:MRI:20240212_140325_AIPT_multimodelLung20240212_1_90:7,STORED_IN,Folder,atwai:/data0/core/atwai/huangw/2024/20240212_140325_AIPT_multimodelLung20240212_1_90
ImagingSession,LWM-MRI-M75-W09,HAS_ACQUISITION,Acquisition,acq:MRI:20240212_140325_AIPT_multimodelLung20240212_1_90:7
Acquisition,acq:MRI:20240212_140325_AIPT_multimodelLung20240212_1_90:8,ON_INSTRUMENT,Instrument,instrument:MRI
Acquisition,acq:MRI:20240212_140325_AIPT_multimodelLung20240212_1_90:8,STORED_IN,Folder,atwai:/data0/core/atwai/huangw/2024/20240212_140325_AIPT_multimodelLung20240212_1_90
ImagingSession,LWM-MRI-M12-W09,HAS_ACQUISITION,Acquisition,acq:MRI:20240212_140325_AIPT_multimodelLung20240212_1_90:8
Acquisition,acq:MRI:20240212_140325_AIPT_multimodelLung20240212_1_90:9,ON_INSTRUMENT,Instrument,instrument:MRI
Acquisition,acq:MRI:20240212_140325_AIPT_multimodelLung20240212_1_90:9,STORED_IN,Folder,atwai:/data0/core/atwai/huangw/2024/20240212_140325_AIPT_multimodelLung20240212_1_90
ImagingSession,LWM-MRI-M12-W09,HAS_ACQUISITION,Acquisition,acq:MRI:20240212_140325_AIPT_multimodelLung20240212_1_90:9
Acquisition,acq:MRI:20240212_140325_AIPT_multimodelLung20240212_1_90:10,ON_INSTRUMENT,Instrument,instrument:MRI
Acquisition,acq:MRI:20240212_140325_AIPT_multimodelLung20240212_1_90:10,STORED_IN,Folder,atwai:/data0/core/atwai/huangw/2024/20240212_140325_AIPT_multimodelLung20240212_1_90
ImagingSession,LWM-MRI-M11-W09,HAS_ACQUISITION,Acquisition,acq:MRI:20240212_140325_AIPT_multimodelLung20240212_1_90:10
Acquisition,acq:MRI:20240212_140325_AIPT_multimodelLung20240212_1_90:11,ON_INSTRUMENT,Instrument,instrument:MRI
Acquisition,acq:MRI:20240212_140325_AIPT_multimodelLung20240212_1_90:11,STORED_IN,Folder,atwai:/data0/core/atwai/huangw/2024/20240212_140325_AIPT_multimodelLung20240212_1_90
ImagingSession,LWM-MRI-M11-W09,HAS_ACQUISITION,Acquisition,acq:MRI:20240212_140325_AIPT_multimodelLung20240212_1_90:11
Acquisition,acq:MRI:20240212_140325_AIPT_multimodelLung20240212_1_90:14,ON_INSTRUMENT,Instrument,instrument:MRI
Acquisition,acq:MRI:20240212_140325_AIPT_multimodelLung20240212_1_90:14,STORED_IN,Folder,atwai:/data0/core/atwai/huangw/2024/20240212_140325_AIPT_multimodelLung20240212_1_90
ImagingSession,LWM-MRI-M11-W09,HAS_ACQUISITION,Acquisition,acq:MRI:20240212_140325_AIPT_multimodelLung20240212_1_90:14
Acquisition,acq:MRI:20240212_140325_AIPT_multimodelLung20240212_1_90:12,ON_INSTRUMENT,Instrument,instrument:MRI
Acquisition,acq:MRI:20240212_140325_AIPT_multimodelLung20240212_1_90:12,STORED_IN,Folder,atwai:/data0/core/atwai/huangw/2024/20240212_140325_AIPT_multimodelLung20240212_1_90
ImagingSession,LWM-MRI-M10-W09,HAS_ACQUISITION,Acquisition,acq:MRI:20240212_140325_AIPT_multimodelLung20240212_1_90:12
Acquisition,acq:MRI:20240212_140325_AIPT_multimodelLung20240212_1_90:13,ON_INSTRUMENT,Instrument,instrument:MRI
Acquisition,acq:MRI:20240212_140325_AIPT_multimodelLung20240212_1_90:13,STORED_IN,Folder,atwai:/data0/core/atwai/huangw/2024/20240212_140325_AIPT_multimodelLung20240212_1_90
ImagingSession,LWM-MRI-M10-W09,HAS_ACQUISITION,Acquisition,acq:MRI:20240212_140325_AIPT_multimodelLung20240212_1_90:13
Acquisition,acq:MRI:20240212_140325_AIPT_multimodelLung20240212_1_90:15,ON_INSTRUMENT,Instrument,instrument:MRI
Acquisition,acq:MRI:20240212_140325_AIPT_multimodelLung20240212_1_90:15,STORED_IN,Folder,atwai:/data0/core/atwai/huangw/2024/20240212_140325_AIPT_multimodelLung20240212_1_90
ImagingSession,LWM-MRI-M14-W09,HAS_ACQUISITION,Acquisition,acq:MRI:20240212_140325_AIPT_multimodelLung20240212_1_90:15
Acquisition,acq:MRI:20240212_140325_AIPT_multimodelLung20240212_1_90:16,ON_INSTRUMENT,Instrument,instrument:MRI
Acquisition,acq:MRI:20240212_140325_AIPT_multimodelLung20240212_1_90:16,STORED_IN,Folder,atwai:/data0/core/atwai/huangw/2024/20240212_140325_AIPT_multimodelLung20240212_1_90
ImagingSession,LWM-MRI-M14-W09,HAS_ACQUISITION,Acquisition,acq:MRI:20240212_140325_AIPT_multimodelLung20240212_1_90:16
Acquisition,acq:MRI:20240212_140325_AIPT_multimodelLung20240212_1_90:17,ON_INSTRUMENT,Instrument,instrument:MRI
Acquisition,acq:MRI:20240212_140325_AIPT_multimodelLung20240212_1_90:17,STORED_IN,Folder,atwai:/data0/core/atwai/huangw/2024/20240212_140325_AIPT_multimodelLung20240212_1_90
ImagingSession,LWM-MRI-M18-W09,HAS_ACQUISITION,Acquisition,acq:MRI:20240212_140325_AIPT_multimodelLung20240212_1_90:17
Acquisition,acq:MRI:20240212_140325_AIPT_multimodelLung20240212_1_90:18,ON_INSTRUMENT,Instrument,instrument:MRI
Acquisition,acq:MRI:20240212_140325_AIPT_multimodelLung20240212_1_90:18,STORED_IN,Folder,atwai:/data0/core/atwai/huangw/2024/20240212_140325_AIPT_multimodelLung20240212_1_90
ImagingSession,LWM-MRI-M18-W09,HAS_ACQUISITION,Acquisition,acq:MRI:20240212_140325_AIPT_multimodelLung20240212_1_90:18
Acquisition,acq:MRI:20240212_140325_AIPT_multimodelLung20240212_1_90:19,ON_INSTRUMENT,Instrument,instrument:MRI
Acquisition,acq:MRI:20240212_140325_AIPT_multimodelLung20240212_1_90:19,STORED_IN,Folder,atwai:/data0/core/atwai/huangw/2024/20240212_140325_AIPT_multimodelLung20240212_1_90
ImagingSession,LWM-MRI-M19-W09,HAS_ACQUISITION,Acquisition,acq:MRI:20240212_140325_AIPT_multimodelLung20240212_1_90:19
Acquisition,acq:MRI:20240212_140325_AIPT_multimodelLung20240212_1_90:20,ON_INSTRUMENT,Instrument,instrument:MRI
Acquisition,acq:MRI:20240212_140325_AIPT_multimodelLung20240212_1_90:20,STORED_IN,Folder,atwai:/data0/core/atwai/huangw/2024/20240212_140325_AIPT_multimodelLung20240212_1_90
ImagingSession,LWM-MRI-M19-W09,HAS_ACQUISITION,Acquisition,acq:MRI:20240212_140325_AIPT_multimodelLung20240212_1_90:20
Acquisition,acq:MRI:20240212_140325_AIPT_multimodelLung20240212_1_90:21,ON_INSTRUMENT,Instrument,instrument:MRI
Acquisition,acq:MRI:20240212_140325_AIPT_multimodelLung20240212_1_90:21,STORED_IN,Folder,atwai:/data0/core/atwai/huangw/2024/20240212_140325_AIPT_multimodelLung20240212_1_90
ImagingSession,LWM-MRI-M17-W09,HAS_ACQUISITION,Acquisition,acq:MRI:20240212_140325_AIPT_multimodelLung20240212_1_90:21
Acquisition,acq:MRI:20240212_140325_AIPT_multimodelLung20240212_1_90:22,ON_INSTRUMENT,Instrument,instrument:MRI
Acquisition,acq:MRI:20240212_140325_AIPT_multimodelLung20240212_1_90:22,STORED_IN,Folder,atwai:/data0/core/atwai/huangw/2024/20240212_140325_AIPT_multimodelLung20240212_1_90
ImagingSession,LWM-MRI-M17-W09,HAS_ACQUISITION,Acquisition,acq:MRI:20240212_140325_AIPT_multimodelLung20240212_1_90:22
Acquisition,acq:MRI:20240212_140325_AIPT_multimodelLung20240212_1_90:23,ON_INSTRUMENT,Instrument,instrument:MRI
Acquisition,acq:MRI:20240212_140325_AIPT_multimodelLung20240212_1_90:23,STORED_IN,Folder,atwai:/data0/core/atwai/huangw/2024/20240212_140325_AIPT_multimodelLung20240212_1_90
ImagingSession,LWM-MRI-M15-W09,HAS_ACQUISITION,Acquisition,acq:MRI:20240212_140325_AIPT_multimodelLung20240212_1_90:23
Acquisition,acq:MRI:20240212_140325_AIPT_multimodelLung20240212_1_90:24,ON_INSTRUMENT,Instrument,instrument:MRI
Acquisition,acq:MRI:20240212_140325_AIPT_multimodelLung20240212_1_90:24,STORED_IN,Folder,atwai:/data0/core/atwai/huangw/2024/20240212_140325_AIPT_multimodelLung20240212_1_90
ImagingSession,LWM-MRI-M15-W09,HAS_ACQUISITION,Acquisition,acq:MRI:20240212_140325_AIPT_multimodelLung20240212_1_90:24
Acquisition,acq:MRI:20240212_140325_AIPT_multimodelLung20240212_1_90:25,ON_INSTRUMENT,Instrument,instrument:MRI
Acquisition,acq:MRI:20240212_140325_AIPT_multimodelLung20240212_1_90:25,STORED_IN,Folder,atwai:/data0/core/atwai/huangw/2024/20240212_140325_AIPT_multimodelLung20240212_1_90
ImagingSession,LWM-MRI-M68-W09,HAS_ACQUISITION,Acquisition,acq:MRI:20240212_140325_AIPT_multimodelLung20240212_1_90:25
Acquisition,acq:MRI:20240212_140325_AIPT_multimodelLung20240212_1_90:26,ON_INSTRUMENT,Instrument,instrument:MRI
Acquisition,acq:MRI:20240212_140325_AIPT_multimodelLung20240212_1_90:26,STORED_IN,Folder,atwai:/data0/core/atwai/huangw/2024/20240212_140325_AIPT_multimodelLung20240212_1_90
ImagingSession,LWM-MRI-M68-W09,HAS_ACQUISITION,Acquisition,acq:MRI:20240212_140325_AIPT_multimodelLung20240212_1_90:26
Acquisition,acq:MRI:20240212_140325_AIPT_multimodelLung20240212_1_90:27,ON_INSTRUMENT,Instrument,instrument:MRI
Acquisition,acq:MRI:20240212_140325_AIPT_multimodelLung20240212_1_90:27,STORED_IN,Folder,atwai:/data0/core/atwai/huangw/2024/20240212_140325_AIPT_multimodelLung20240212_1_90
ImagingSession,LWM-MRI-M69-W09,HAS_ACQUISITION,Acquisition,acq:MRI:20240212_140325_AIPT_multimodelLung20240212_1_90:27
Acquisition,acq:MRI:20240212_140325_AIPT_multimodelLung20240212_1_90:28,ON_INSTRUMENT,Instrument,instrument:MRI
Acquisition,acq:MRI:20240212_140325_AIPT_multimodelLung20240212_1_90:28,STORED_IN,Folder,atwai:/data0/core/atwai/huangw/2024/20240212_140325_AIPT_multimodelLung20240212_1_90
ImagingSession,LWM-MRI-M69-W09,HAS_ACQUISITION,Acquisition,acq:MRI:20240212_140325_AIPT_multimodelLung20240212_1_90:28
Acquisition,acq:MRI:20240212_140325_AIPT_multimodelLung20240212_1_90:29,ON_INSTRUMENT,Instrument,instrument:MRI
Acquisition,acq:MRI:20240212_140325_AIPT_multimodelLung20240212_1_90:29,STORED_IN,Folder,atwai:/data0/core/atwai/huangw/2024/20240212_140325_AIPT_multimodelLung20240212_1_90
ImagingSession,LWM-MRI-M13-W09,HAS_ACQUISITION,Acquisition,acq:MRI:20240212_140325_AIPT_multimodelLung20240212_1_90:29
Acquisition,acq:MRI:20240212_140325_AIPT_multimodelLung20240212_1_90:30,ON_INSTRUMENT,Instrument,instrument:MRI
Acquisition,acq:MRI:20240212_140325_AIPT_multimodelLung20240212_1_90:30,STORED_IN,Folder,atwai:/data0/core/atwai/huangw/2024/20240212_140325_AIPT_multimodelLung20240212_1_90
ImagingSession,LWM-MRI-M13-W09,HAS_ACQUISITION,Acquisition,acq:MRI:20240212_140325_AIPT_multimodelLung20240212_1_90:30
Acquisition,acq:MRI:20240216_114211_AIPT_multimodelLung20240216_1_91:1,ON_INSTRUMENT,Instrument,instrument:MRI
Acquisition,acq:MRI:20240216_114211_AIPT_multimodelLung20240216_1_91:1,STORED_IN,Folder,atwai:/data0/core/atwai/huangw/2024/20240216_114211_AIPT_multimodelLung20240216_1_91
ImagingSession,LWM-MRI-M13-W10,HAS_ACQUISITION,Acquisition,acq:MRI:20240216_114211_AIPT_multimodelLung20240216_1_91:1
Acquisition,acq:MRI:20240216_114211_AIPT_multimodelLung20240216_1_91:2,ON_INSTRUMENT,Instrument,instrument:MRI
Acquisition,acq:MRI:20240216_114211_AIPT_multimodelLung20240216_1_91:2,STORED_IN,Folder,atwai:/data0/core/atwai/huangw/2024/20240216_114211_AIPT_multimodelLung20240216_1_91
ImagingSession,LWM-MRI-M13-W10,HAS_ACQUISITION,Acquisition,acq:MRI:20240216_114211_AIPT_multimodelLung20240216_1_91:2
Acquisition,acq:MRI:20240216_114211_AIPT_multimodelLung20240216_1_91:3,ON_INSTRUMENT,Instrument,instrument:MRI
Acquisition,acq:MRI:20240216_114211_AIPT_multimodelLung20240216_1_91:3,STORED_IN,Folder,atwai:/data0/core/atwai/huangw/2024/20240216_114211_AIPT_multimodelLung20240216_1_91
ImagingSession,LWM-MRI-M13-W10,HAS_ACQUISITION,Acquisition,acq:MRI:20240216_114211_AIPT_multimodelLung20240216_1_91:3
Acquisition,acq:MRI:20240216_114211_AIPT_multimodelLung20240216_1_91:4,ON_INSTRUMENT,Instrument,instrument:MRI
Acquisition,acq:MRI:20240216_114211_AIPT_multimodelLung20240216_1_91:4,STORED_IN,Folder,atwai:/data0/core/atwai/huangw/2024/20240216_114211_AIPT_multimodelLung20240216_1_91
ImagingSession,LWM-MRI-M13-W10,HAS_ACQUISITION,Acquisition,acq:MRI:20240216_114211_AIPT_multimodelLung20240216_1_91:4
Acquisition,acq:MRI:20240216_114211_AIPT_multimodelLung20240216_1_91:6,ON_INSTRUMENT,Instrument,instrument:MRI
Acquisition,acq:MRI:20240216_114211_AIPT_multimodelLung20240216_1_91:6,STORED_IN,Folder,atwai:/data0/core/atwai/huangw/2024/20240216_114211_AIPT_multimodelLung20240216_1_91
Acquisition,acq:MRI:20240216_114211_AIPT_multimodelLung20240216_1_91:7,ON_INSTRUMENT,Instrument,instrument:MRI
Acquisition,acq:MRI:20240216_114211_AIPT_multimodelLung20240216_1_91:7,STORED_IN,Folder,atwai:/data0/core/atwai/huangw/2024/20240216_114211_AIPT_multimodelLung20240216_1_91
Acquisition,acq:MRI:20240216_114211_AIPT_multimodelLung20240216_1_91:8,ON_INSTRUMENT,Instrument,instrument:MRI
Acquisition,acq:MRI:20240216_114211_AIPT_multimodelLung20240216_1_91:8,STORED_IN,Folder,atwai:/data0/core/atwai/huangw/2024/20240216_114211_AIPT_multimodelLung20240216_1_91
ImagingSession,LWM-MRI-M13-W10,HAS_ACQUISITION,Acquisition,acq:MRI:20240216_114211_AIPT_multimodelLung20240216_1_91:8
Acquisition,acq:MRI:20240226_111137_AIPT_multimodelLung20240226_1_92:1,ON_INSTRUMENT,Instrument,instrument:MRI
Acquisition,acq:MRI:20240226_111137_AIPT_multimodelLung20240226_1_92:1,STORED_IN,Folder,atwai:/data0/core/atwai/huangw/2024/20240226_111137_AIPT_multimodelLung20240226_1_92
ImagingSession,LWM-MRI-M13-W11,HAS_ACQUISITION,Acquisition,acq:MRI:20240226_111137_AIPT_multimodelLung20240226_1_92:1
Acquisition,acq:MRI:20240226_111137_AIPT_multimodelLung20240226_1_92:2,ON_INSTRUMENT,Instrument,instrument:MRI
Acquisition,acq:MRI:20240226_111137_AIPT_multimodelLung20240226_1_92:2,STORED_IN,Folder,atwai:/data0/core/atwai/huangw/2024/20240226_111137_AIPT_multimodelLung20240226_1_92
ImagingSession,LWM-MRI-M13-W11,HAS_ACQUISITION,Acquisition,acq:MRI:20240226_111137_AIPT_multimodelLung20240226_1_92:2
Acquisition,acq:MRI:20240226_111137_AIPT_multimodelLung20240226_1_92:5,ON_INSTRUMENT,Instrument,instrument:MRI
Acquisition,acq:MRI:20240226_111137_AIPT_multimodelLung20240226_1_92:5,STORED_IN,Folder,atwai:/data0/core/atwai/huangw/2024/20240226_111137_AIPT_multimodelLung20240226_1_92
ImagingSession,LWM-MRI-M14-W11,HAS_ACQUISITION,Acquisition,acq:MRI:20240226_111137_AIPT_multimodelLung20240226_1_92:5
Acquisition,acq:MRI:20240226_111137_AIPT_multimodelLung20240226_1_92:6,ON_INSTRUMENT,Instrument,instrument:MRI
Acquisition,acq:MRI:20240226_111137_AIPT_multimodelLung20240226_1_92:6,STORED_IN,Folder,atwai:/data0/core/atwai/huangw/2024/20240226_111137_AIPT_multimodelLung20240226_1_92
ImagingSession,LWM-MRI-M14-W11,HAS_ACQUISITION,Acquisition,acq:MRI:20240226_111137_AIPT_multimodelLung20240226_1_92:6
Acquisition,acq:MRI:20240226_111137_AIPT_multimodelLung20240226_1_92:10,ON_INSTRUMENT,Instrument,instrument:MRI
Acquisition,acq:MRI:20240226_111137_AIPT_multimodelLung20240226_1_92:10,STORED_IN,Folder,atwai:/data0/core/atwai/huangw/2024/20240226_111137_AIPT_multimodelLung20240226_1_92
ImagingSession,LWM-MRI-M14-W11,HAS_ACQUISITION,Acquisition,acq:MRI:20240226_111137_AIPT_multimodelLung20240226_1_92:10
Acquisition,acq:MRI:20240226_111137_AIPT_multimodelLung20240226_1_92:7,ON_INSTRUMENT,Instrument,instrument:MRI
Acquisition,acq:MRI:20240226_111137_AIPT_multimodelLung20240226_1_92:7,STORED_IN,Folder,atwai:/data0/core/atwai/huangw/2024/20240226_111137_AIPT_multimodelLung20240226_1_92
ImagingSession,LWM-MRI-M11-W11,HAS_ACQUISITION,Acquisition,acq:MRI:20240226_111137_AIPT_multimodelLung20240226_1_92:7
Acquisition,acq:MRI:20240226_111137_AIPT_multimodelLung20240226_1_92:8,ON_INSTRUMENT,Instrument,instrument:MRI
Acquisition,acq:MRI:20240226_111137_AIPT_multimodelLung20240226_1_92:8,STORED_IN,Folder,atwai:/data0/core/atwai/huangw/2024/20240226_111137_AIPT_multimodelLung20240226_1_92
ImagingSession,LWM-MRI-M11-W11,HAS_ACQUISITION,Acquisition,acq:MRI:20240226_111137_AIPT_multimodelLung20240226_1_92:8
Acquisition,acq:MRI:20240226_111137_AIPT_multimodelLung20240226_1_92:11,ON_INSTRUMENT,Instrument,instrument:MRI
Acquisition,acq:MRI:20240226_111137_AIPT_multimodelLung20240226_1_92:11,STORED_IN,Folder,atwai:/data0/core/atwai/huangw/2024/20240226_111137_AIPT_multimodelLung20240226_1_92
ImagingSession,LWM-MRI-M12-W11,HAS_ACQUISITION,Acquisition,acq:MRI:20240226_111137_AIPT_multimodelLung20240226_1_92:11
Acquisition,acq:MRI:20240226_111137_AIPT_multimodelLung20240226_1_92:12,ON_INSTRUMENT,Instrument,instrument:MRI
Acquisition,acq:MRI:20240226_111137_AIPT_multimodelLung20240226_1_92:12,STORED_IN,Folder,atwai:/data0/core/atwai/huangw/2024/20240226_111137_AIPT_multimodelLung20240226_1_92
ImagingSession,LWM-MRI-M12-W11,HAS_ACQUISITION,Acquisition,acq:MRI:20240226_111137_AIPT_multimodelLung20240226_1_92:12
Acquisition,acq:MRI:20240226_111137_AIPT_multimodelLung20240226_1_92:13,ON_INSTRUMENT,Instrument,instrument:MRI
Acquisition,acq:MRI:20240226_111137_AIPT_multimodelLung20240226_1_92:13,STORED_IN,Folder,atwai:/data0/core/atwai/huangw/2024/20240226_111137_AIPT_multimodelLung20240226_1_92
ImagingSession,LWM-MRI-M10-W11,HAS_ACQUISITION,Acquisition,acq:MRI:20240226_111137_AIPT_multimodelLung20240226_1_92:13
Acquisition,acq:MRI:20240226_111137_AIPT_multimodelLung20240226_1_92:14,ON_INSTRUMENT,Instrument,instrument:MRI
Acquisition,acq:MRI:20240226_111137_AIPT_multimodelLung20240226_1_92:14,STORED_IN,Folder,atwai:/data0/core/atwai/huangw/2024/20240226_111137_AIPT_multimodelLung20240226_1_92
ImagingSession,LWM-MRI-M10-W11,HAS_ACQUISITION,Acquisition,acq:MRI:20240226_111137_AIPT_multimodelLung20240226_1_92:14
Acquisition,acq:MRI:20240226_111137_AIPT_multimodelLung20240226_1_92:15,ON_INSTRUMENT,Instrument,instrument:MRI
Acquisition,acq:MRI:20240226_111137_AIPT_multimodelLung20240226_1_92:15,STORED_IN,Folder,atwai:/data0/core/atwai/huangw/2024/20240226_111137_AIPT_multimodelLung20240226_1_92
ImagingSession,LWM-MRI-M18-W11,HAS_ACQUISITION,Acquisition,acq:MRI:20240226_111137_AIPT_multimodelLung20240226_1_92:15
Acquisition,acq:MRI:20240226_111137_AIPT_multimodelLung20240226_1_92:16,ON_INSTRUMENT,Instrument,instrument:MRI
Acquisition,acq:MRI:20240226_111137_AIPT_multimodelLung20240226_1_92:16,STORED_IN,Folder,atwai:/data0/core/atwai/huangw/2024/20240226_111137_AIPT_multimodelLung20240226_1_92
ImagingSession,LWM-MRI-M18-W11,HAS_ACQUISITION,Acquisition,acq:MRI:20240226_111137_AIPT_multimodelLung20240226_1_92:16
Acquisition,acq:MRI:20240226_111137_AIPT_multimodelLung20240226_1_92:17,ON_INSTRUMENT,Instrument,instrument:MRI
Acquisition,acq:MRI:20240226_111137_AIPT_multimodelLung20240226_1_92:17,STORED_IN,Folder,atwai:/data0/core/atwai/huangw/2024/20240226_111137_AIPT_multimodelLung20240226_1_92
ImagingSession,LWM-MRI-M19-W11,HAS_ACQUISITION,Acquisition,acq:MRI:20240226_111137_AIPT_multimodelLung20240226_1_92:17
Acquisition,acq:MRI:20240226_111137_AIPT_multimodelLung20240226_1_92:18,ON_INSTRUMENT,Instrument,instrument:MRI
Acquisition,acq:MRI:20240226_111137_AIPT_multimodelLung20240226_1_92:18,STORED_IN,Folder,atwai:/data0/core/atwai/huangw/2024/20240226_111137_AIPT_multimodelLung20240226_1_92
ImagingSession,LWM-MRI-M19-W11,HAS_ACQUISITION,Acquisition,acq:MRI:20240226_111137_AIPT_multimodelLung20240226_1_92:18
Acquisition,acq:MRI:20240226_111137_AIPT_multimodelLung20240226_1_92:19,ON_INSTRUMENT,Instrument,instrument:MRI
Acquisition,acq:MRI:20240226_111137_AIPT_multimodelLung20240226_1_92:19,STORED_IN,Folder,atwai:/data0/core/atwai/huangw/2024/20240226_111137_AIPT_multimodelLung20240226_1_92
ImagingSession,LWM-MRI-M17-W11,HAS_ACQUISITION,Acquisition,acq:MRI:20240226_111137_AIPT_multimodelLung20240226_1_92:19
Acquisition,acq:MRI:20240226_111137_AIPT_multimodelLung20240226_1_92:20,ON_INSTRUMENT,Instrument,instrument:MRI
Acquisition,acq:MRI:20240226_111137_AIPT_multimodelLung20240226_1_92:20,STORED_IN,Folder,atwai:/data0/core/atwai/huangw/2024/20240226_111137_AIPT_multimodelLung20240226_1_92
ImagingSession,LWM-MRI-M17-W11,HAS_ACQUISITION,Acquisition,acq:MRI:20240226_111137_AIPT_multimodelLung20240226_1_92:20
Acquisition,acq:MRI:20240226_111137_AIPT_multimodelLung20240226_1_92:21,ON_INSTRUMENT,Instrument,instrument:MRI
Acquisition,acq:MRI:20240226_111137_AIPT_multimodelLung20240226_1_92:21,STORED_IN,Folder,atwai:/data0/core/atwai/huangw/2024/20240226_111137_AIPT_multimodelLung20240226_1_92
ImagingSession,LWM-MRI-M15-W11,HAS_ACQUISITION,Acquisition,acq:MRI:20240226_111137_AIPT_multimodelLung20240226_1_92:21
Acquisition,acq:MRI:20240226_111137_AIPT_multimodelLung20240226_1_92:22,ON_INSTRUMENT,Instrument,instrument:MRI
Acquisition,acq:MRI:20240226_111137_AIPT_multimodelLung20240226_1_92:22,STORED_IN,Folder,atwai:/data0/core/atwai/huangw/2024/20240226_111137_AIPT_multimodelLung20240226_1_92
ImagingSession,LWM-MRI-M15-W11,HAS_ACQUISITION,Acquisition,acq:MRI:20240226_111137_AIPT_multimodelLung20240226_1_92:22
Acquisition,acq:MRI:20240226_111137_AIPT_multimodelLung20240226_1_92:23,ON_INSTRUMENT,Instrument,instrument:MRI
Acquisition,acq:MRI:20240226_111137_AIPT_multimodelLung20240226_1_92:23,STORED_IN,Folder,atwai:/data0/core/atwai/huangw/2024/20240226_111137_AIPT_multimodelLung20240226_1_92
ImagingSession,LWM-MRI-M68-W11,HAS_ACQUISITION,Acquisition,acq:MRI:20240226_111137_AIPT_multimodelLung20240226_1_92:23
Acquisition,acq:MRI:20240226_111137_AIPT_multimodelLung20240226_1_92:24,ON_INSTRUMENT,Instrument,instrument:MRI
Acquisition,acq:MRI:20240226_111137_AIPT_multimodelLung20240226_1_92:24,STORED_IN,Folder,atwai:/data0/core/atwai/huangw/2024/20240226_111137_AIPT_multimodelLung20240226_1_92
ImagingSession,LWM-MRI-M68-W11,HAS_ACQUISITION,Acquisition,acq:MRI:20240226_111137_AIPT_multimodelLung20240226_1_92:24
Acquisition,acq:MRI:20240226_111137_AIPT_multimodelLung20240226_1_92:25,ON_INSTRUMENT,Instrument,instrument:MRI
Acquisition,acq:MRI:20240226_111137_AIPT_multimodelLung20240226_1_92:25,STORED_IN,Folder,atwai:/data0/core/atwai/huangw/2024/20240226_111137_AIPT_multimodelLung20240226_1_92
ImagingSession,LWM-MRI-M69-W11,HAS_ACQUISITION,Acquisition,acq:MRI:20240226_111137_AIPT_multimodelLung20240226_1_92:25
Acquisition,acq:MRI:20240226_111137_AIPT_multimodelLung20240226_1_92:26,ON_INSTRUMENT,Instrument,instrument:MRI
Acquisition,acq:MRI:20240226_111137_AIPT_multimodelLung20240226_1_92:26,STORED_IN,Folder,atwai:/data0/core/atwai/huangw/2024/20240226_111137_AIPT_multimodelLung20240226_1_92
ImagingSession,LWM-MRI-M69-W11,HAS_ACQUISITION,Acquisition,acq:MRI:20240226_111137_AIPT_multimodelLung20240226_1_92:26
Acquisition,acq:MRI:20240226_111137_AIPT_multimodelLung20240226_1_92:27,ON_INSTRUMENT,Instrument,instrument:MRI
Acquisition,acq:MRI:20240226_111137_AIPT_multimodelLung20240226_1_92:27,STORED_IN,Folder,atwai:/data0/core/atwai/huangw/2024/20240226_111137_AIPT_multimodelLung20240226_1_92
ImagingSession,LWM-MRI-M67-W11,HAS_ACQUISITION,Acquisition,acq:MRI:20240226_111137_AIPT_multimodelLung20240226_1_92:27
Acquisition,acq:MRI:20240226_111137_AIPT_multimodelLung20240226_1_92:28,ON_INSTRUMENT,Instrument,instrument:MRI
Acquisition,acq:MRI:20240226_111137_AIPT_multimodelLung20240226_1_92:28,STORED_IN,Folder,atwai:/data0/core/atwai/huangw/2024/20240226_111137_AIPT_multimodelLung20240226_1_92
ImagingSession,LWM-MRI-M67-W11,HAS_ACQUISITION,Acquisition,acq:MRI:20240226_111137_AIPT_multimodelLung20240226_1_92:28
Acquisition,acq:MRI:20240226_111137_AIPT_multimodelLung20240226_1_92:29,ON_INSTRUMENT,Instrument,instrument:MRI
Acquisition,acq:MRI:20240226_111137_AIPT_multimodelLung20240226_1_92:29,STORED_IN,Folder,atwai:/data0/core/atwai/huangw/2024/20240226_111137_AIPT_multimodelLung20240226_1_92
ImagingSession,LWM-MRI-M75-W11,HAS_ACQUISITION,Acquisition,acq:MRI:20240226_111137_AIPT_multimodelLung20240226_1_92:29
Acquisition,acq:MRI:20240226_111137_AIPT_multimodelLung20240226_1_92:30,ON_INSTRUMENT,Instrument,instrument:MRI
Acquisition,acq:MRI:20240226_111137_AIPT_multimodelLung20240226_1_92:30,STORED_IN,Folder,atwai:/data0/core/atwai/huangw/2024/20240226_111137_AIPT_multimodelLung20240226_1_92
ImagingSession,LWM-MRI-M75-W11,HAS_ACQUISITION,Acquisition,acq:MRI:20240226_111137_AIPT_multimodelLung20240226_1_92:30
Acquisition,acq:MRI:20240304_151201_AIPT_multimodelLung20240304_1_95:1,ON_INSTRUMENT,Instrument,instrument:MRI
Acquisition,acq:MRI:20240304_151201_AIPT_multimodelLung20240304_1_95:1,STORED_IN,Folder,atwai:/data0/core/atwai/huangw/2024/20240304_151201_AIPT_multimodelLung20240304_1_95
ImagingSession,LWM-MRI-M13-W12,HAS_ACQUISITION,Acquisition,acq:MRI:20240304_151201_AIPT_multimodelLung20240304_1_95:1
Acquisition,acq:MRI:20240304_151201_AIPT_multimodelLung20240304_1_95:3,ON_INSTRUMENT,Instrument,instrument:MRI
Acquisition,acq:MRI:20240304_151201_AIPT_multimodelLung20240304_1_95:3,STORED_IN,Folder,atwai:/data0/core/atwai/huangw/2024/20240304_151201_AIPT_multimodelLung20240304_1_95
ImagingSession,LWM-MRI-M13-W12,HAS_ACQUISITION,Acquisition,acq:MRI:20240304_151201_AIPT_multimodelLung20240304_1_95:3
Acquisition,acq:MRI:20240304_151201_AIPT_multimodelLung20240304_1_95:2,ON_INSTRUMENT,Instrument,instrument:MRI
Acquisition,acq:MRI:20240304_151201_AIPT_multimodelLung20240304_1_95:2,STORED_IN,Folder,atwai:/data0/core/atwai/huangw/2024/20240304_151201_AIPT_multimodelLung20240304_1_95
ImagingSession,LWM-MRI-M13-W12,HAS_ACQUISITION,Acquisition,acq:MRI:20240304_151201_AIPT_multimodelLung20240304_1_95:2
Acquisition,acq:MRI:20240304_151201_AIPT_multimodelLung20240304_1_95:4,ON_INSTRUMENT,Instrument,instrument:MRI
Acquisition,acq:MRI:20240304_151201_AIPT_multimodelLung20240304_1_95:4,STORED_IN,Folder,atwai:/data0/core/atwai/huangw/2024/20240304_151201_AIPT_multimodelLung20240304_1_95
ImagingSession,LWM-MRI-M13-W12,HAS_ACQUISITION,Acquisition,acq:MRI:20240304_151201_AIPT_multimodelLung20240304_1_95:4
Acquisition,acq:MRI:20240304_151201_AIPT_multimodelLung20240304_1_95:7,ON_INSTRUMENT,Instrument,instrument:MRI
Acquisition,acq:MRI:20240304_151201_AIPT_multimodelLung20240304_1_95:7,STORED_IN,Folder,atwai:/data0/core/atwai/huangw/2024/20240304_151201_AIPT_multimodelLung20240304_1_95
ImagingSession,LWM-MRI-M13-W12,HAS_ACQUISITION,Acquisition,acq:MRI:20240304_151201_AIPT_multimodelLung20240304_1_95:7
Acquisition,acq:MRI:20240304_151201_AIPT_multimodelLung20240304_1_95:5,ON_INSTRUMENT,Instrument,instrument:MRI
Acquisition,acq:MRI:20240304_151201_AIPT_multimodelLung20240304_1_95:5,STORED_IN,Folder,atwai:/data0/core/atwai/huangw/2024/20240304_151201_AIPT_multimodelLung20240304_1_95
ImagingSession,LWM-MRI-M10-W12,HAS_ACQUISITION,Acquisition,acq:MRI:20240304_151201_AIPT_multimodelLung20240304_1_95:5
Acquisition,acq:MRI:20240304_151201_AIPT_multimodelLung20240304_1_95:6,ON_INSTRUMENT,Instrument,instrument:MRI
Acquisition,acq:MRI:20240304_151201_AIPT_multimodelLung20240304_1_95:6,STORED_IN,Folder,atwai:/data0/core/atwai/huangw/2024/20240304_151201_AIPT_multimodelLung20240304_1_95
ImagingSession,LWM-MRI-M10-W12,HAS_ACQUISITION,Acquisition,acq:MRI:20240304_151201_AIPT_multimodelLung20240304_1_95:6
Acquisition,acq:MRI:20240304_151201_AIPT_multimodelLung20240304_1_95:10,ON_INSTRUMENT,Instrument,instrument:MRI
Acquisition,acq:MRI:20240304_151201_AIPT_multimodelLung20240304_1_95:10,STORED_IN,Folder,atwai:/data0/core/atwai/huangw/2024/20240304_151201_AIPT_multimodelLung20240304_1_95
ImagingSession,LWM-MRI-M11-W12,HAS_ACQUISITION,Acquisition,acq:MRI:20240304_151201_AIPT_multimodelLung20240304_1_95:10
Acquisition,acq:MRI:20240304_151201_AIPT_multimodelLung20240304_1_95:11,ON_INSTRUMENT,Instrument,instrument:MRI
Acquisition,acq:MRI:20240304_151201_AIPT_multimodelLung20240304_1_95:11,STORED_IN,Folder,atwai:/data0/core/atwai/huangw/2024/20240304_151201_AIPT_multimodelLung20240304_1_95
ImagingSession,LWM-MRI-M11-W12,HAS_ACQUISITION,Acquisition,acq:MRI:20240304_151201_AIPT_multimodelLung20240304_1_95:11
Acquisition,acq:MRI:20240304_151201_AIPT_multimodelLung20240304_1_95:12,ON_INSTRUMENT,Instrument,instrument:MRI
Acquisition,acq:MRI:20240304_151201_AIPT_multimodelLung20240304_1_95:12,STORED_IN,Folder,atwai:/data0/core/atwai/huangw/2024/20240304_151201_AIPT_multimodelLung20240304_1_95
ImagingSession,LWM-MRI-M12-W12,HAS_ACQUISITION,Acquisition,acq:MRI:20240304_151201_AIPT_multimodelLung20240304_1_95:12
Acquisition,acq:MRI:20240304_151201_AIPT_multimodelLung20240304_1_95:13,ON_INSTRUMENT,Instrument,instrument:MRI
Acquisition,acq:MRI:20240304_151201_AIPT_multimodelLung20240304_1_95:13,STORED_IN,Folder,atwai:/data0/core/atwai/huangw/2024/20240304_151201_AIPT_multimodelLung20240304_1_95
ImagingSession,LWM-MRI-M12-W12,HAS_ACQUISITION,Acquisition,acq:MRI:20240304_151201_AIPT_multimodelLung20240304_1_95:13
Acquisition,acq:MRI:20240304_151201_AIPT_multimodelLung20240304_1_95:17,ON_INSTRUMENT,Instrument,instrument:MRI
Acquisition,acq:MRI:20240304_151201_AIPT_multimodelLung20240304_1_95:17,STORED_IN,Folder,atwai:/data0/core/atwai/huangw/2024/20240304_151201_AIPT_multimodelLung20240304_1_95
ImagingSession,LWM-MRI-M12-W12,HAS_ACQUISITION,Acquisition,acq:MRI:20240304_151201_AIPT_multimodelLung20240304_1_95:17
Acquisition,acq:MRI:20240304_151201_AIPT_multimodelLung20240304_1_95:14,ON_INSTRUMENT,Instrument,instrument:MRI
Acquisition,acq:MRI:20240304_151201_AIPT_multimodelLung20240304_1_95:14,STORED_IN,Folder,atwai:/data0/core/atwai/huangw/2024/20240304_151201_AIPT_multimodelLung20240304_1_95
ImagingSession,LWM-MRI-M14-W12,HAS_ACQUISITION,Acquisition,acq:MRI:20240304_151201_AIPT_multimodelLung20240304_1_95:14
Acquisition,acq:MRI:20240304_151201_AIPT_multimodelLung20240304_1_95:16,ON_INSTRUMENT,Instrument,instrument:MRI
Acquisition,acq:MRI:20240304_151201_AIPT_multimodelLung20240304_1_95:16,STORED_IN,Folder,atwai:/data0/core/atwai/huangw/2024/20240304_151201_AIPT_multimodelLung20240304_1_95
ImagingSession,LWM-MRI-M14-W12,HAS_ACQUISITION,Acquisition,acq:MRI:20240304_151201_AIPT_multimodelLung20240304_1_95:16
Acquisition,acq:MRI:20240304_151201_AIPT_multimodelLung20240304_1_95:18,ON_INSTRUMENT,Instrument,instrument:MRI
Acquisition,acq:MRI:20240304_151201_AIPT_multimodelLung20240304_1_95:18,STORED_IN,Folder,atwai:/data0/core/atwai/huangw/2024/20240304_151201_AIPT_multimodelLung20240304_1_95
ImagingSession,LWM-MRI-M15-W12,HAS_ACQUISITION,Acquisition,acq:MRI:20240304_151201_AIPT_multimodelLung20240304_1_95:18
Acquisition,acq:MRI:20240304_151201_AIPT_multimodelLung20240304_1_95:20,ON_INSTRUMENT,Instrument,instrument:MRI
Acquisition,acq:MRI:20240304_151201_AIPT_multimodelLung20240304_1_95:20,STORED_IN,Folder,atwai:/data0/core/atwai/huangw/2024/20240304_151201_AIPT_multimodelLung20240304_1_95
ImagingSession,LWM-MRI-M15-W12,HAS_ACQUISITION,Acquisition,acq:MRI:20240304_151201_AIPT_multimodelLung20240304_1_95:20
Acquisition,acq:MRI:20240304_151201_AIPT_multimodelLung20240304_1_95:23,ON_INSTRUMENT,Instrument,instrument:MRI
Acquisition,acq:MRI:20240304_151201_AIPT_multimodelLung20240304_1_95:23,STORED_IN,Folder,atwai:/data0/core/atwai/huangw/2024/20240304_151201_AIPT_multimodelLung20240304_1_95
ImagingSession,LWM-MRI-M15-W12,HAS_ACQUISITION,Acquisition,acq:MRI:20240304_151201_AIPT_multimodelLung20240304_1_95:23
Acquisition,acq:MRI:20240304_151201_AIPT_multimodelLung20240304_1_95:21,ON_INSTRUMENT,Instrument,instrument:MRI
Acquisition,acq:MRI:20240304_151201_AIPT_multimodelLung20240304_1_95:21,STORED_IN,Folder,atwai:/data0/core/atwai/huangw/2024/20240304_151201_AIPT_multimodelLung20240304_1_95
ImagingSession,LWM-MRI-M17-W12,HAS_ACQUISITION,Acquisition,acq:MRI:20240304_151201_AIPT_multimodelLung20240304_1_95:21
Acquisition,acq:MRI:20240304_151201_AIPT_multimodelLung20240304_1_95:24,ON_INSTRUMENT,Instrument,instrument:MRI
Acquisition,acq:MRI:20240304_151201_AIPT_multimodelLung20240304_1_95:24,STORED_IN,Folder,atwai:/data0/core/atwai/huangw/2024/20240304_151201_AIPT_multimodelLung20240304_1_95
ImagingSession,LWM-MRI-M17-W12,HAS_ACQUISITION,Acquisition,acq:MRI:20240304_151201_AIPT_multimodelLung20240304_1_95:24
Acquisition,acq:MRI:20240304_151201_AIPT_multimodelLung20240304_1_95:25,ON_INSTRUMENT,Instrument,instrument:MRI
Acquisition,acq:MRI:20240304_151201_AIPT_multimodelLung20240304_1_95:25,STORED_IN,Folder,atwai:/data0/core/atwai/huangw/2024/20240304_151201_AIPT_multimodelLung20240304_1_95
ImagingSession,LWM-MRI-M18-W12,HAS_ACQUISITION,Acquisition,acq:MRI:20240304_151201_AIPT_multimodelLung20240304_1_95:25
Acquisition,acq:MRI:20240304_151201_AIPT_multimodelLung20240304_1_95:26,ON_INSTRUMENT,Instrument,instrument:MRI
Acquisition,acq:MRI:20240304_151201_AIPT_multimodelLung20240304_1_95:26,STORED_IN,Folder,atwai:/data0/core/atwai/huangw/2024/20240304_151201_AIPT_multimodelLung20240304_1_95
ImagingSession,LWM-MRI-M18-W12,HAS_ACQUISITION,Acquisition,acq:MRI:20240304_151201_AIPT_multimodelLung20240304_1_95:26
Acquisition,acq:MRI:20240304_151201_AIPT_multimodelLung20240304_1_95:27,ON_INSTRUMENT,Instrument,instrument:MRI
Acquisition,acq:MRI:20240304_151201_AIPT_multimodelLung20240304_1_95:27,STORED_IN,Folder,atwai:/data0/core/atwai/huangw/2024/20240304_151201_AIPT_multimodelLung20240304_1_95
ImagingSession,LWM-MRI-M19-W12,HAS_ACQUISITION,Acquisition,acq:MRI:20240304_151201_AIPT_multimodelLung20240304_1_95:27
Acquisition,acq:MRI:20240304_151201_AIPT_multimodelLung20240304_1_95:28,ON_INSTRUMENT,Instrument,instrument:MRI
Acquisition,acq:MRI:20240304_151201_AIPT_multimodelLung20240304_1_95:28,STORED_IN,Folder,atwai:/data0/core/atwai/huangw/2024/20240304_151201_AIPT_multimodelLung20240304_1_95
ImagingSession,LWM-MRI-M19-W12,HAS_ACQUISITION,Acquisition,acq:MRI:20240304_151201_AIPT_multimodelLung20240304_1_95:28
Acquisition,acq:MRI:20240304_151201_AIPT_multimodelLung20240304_1_95:29,ON_INSTRUMENT,Instrument,instrument:MRI
Acquisition,acq:MRI:20240304_151201_AIPT_multimodelLung20240304_1_95:29,STORED_IN,Folder,atwai:/data0/core/atwai/huangw/2024/20240304_151201_AIPT_multimodelLung20240304_1_95
ImagingSession,LWM-MRI-M67-W12,HAS_ACQUISITION,Acquisition,acq:MRI:20240304_151201_AIPT_multimodelLung20240304_1_95:29
Acquisition,acq:MRI:20240304_151201_AIPT_multimodelLung20240304_1_95:30,ON_INSTRUMENT,Instrument,instrument:MRI
Acquisition,acq:MRI:20240304_151201_AIPT_multimodelLung20240304_1_95:30,STORED_IN,Folder,atwai:/data0/core/atwai/huangw/2024/20240304_151201_AIPT_multimodelLung20240304_1_95
ImagingSession,LWM-MRI-M67-W12,HAS_ACQUISITION,Acquisition,acq:MRI:20240304_151201_AIPT_multimodelLung20240304_1_95:30
Acquisition,acq:MRI:20240304_151201_AIPT_multimodelLung20240304_1_95:31,ON_INSTRUMENT,Instrument,instrument:MRI
Acquisition,acq:MRI:20240304_151201_AIPT_multimodelLung20240304_1_95:31,STORED_IN,Folder,atwai:/data0/core/atwai/huangw/2024/20240304_151201_AIPT_multimodelLung20240304_1_95
ImagingSession,LWM-MRI-M68-W12,HAS_ACQUISITION,Acquisition,acq:MRI:20240304_151201_AIPT_multimodelLung20240304_1_95:31
Acquisition,acq:MRI:20240304_151201_AIPT_multimodelLung20240304_1_95:32,ON_INSTRUMENT,Instrument,instrument:MRI
Acquisition,acq:MRI:20240304_151201_AIPT_multimodelLung20240304_1_95:32,STORED_IN,Folder,atwai:/data0/core/atwai/huangw/2024/20240304_151201_AIPT_multimodelLung20240304_1_95
ImagingSession,LWM-MRI-M68-W12,HAS_ACQUISITION,Acquisition,acq:MRI:20240304_151201_AIPT_multimodelLung20240304_1_95:32
Acquisition,acq:MRI:20240304_151201_AIPT_multimodelLung20240304_1_95:33,ON_INSTRUMENT,Instrument,instrument:MRI
Acquisition,acq:MRI:20240304_151201_AIPT_multimodelLung20240304_1_95:33,STORED_IN,Folder,atwai:/data0/core/atwai/huangw/2024/20240304_151201_AIPT_multimodelLung20240304_1_95
ImagingSession,LWM-MRI-M69-W12,HAS_ACQUISITION,Acquisition,acq:MRI:20240304_151201_AIPT_multimodelLung20240304_1_95:33
Acquisition,acq:MRI:20240304_151201_AIPT_multimodelLung20240304_1_95:34,ON_INSTRUMENT,Instrument,instrument:MRI
Acquisition,acq:MRI:20240304_151201_AIPT_multimodelLung20240304_1_95:34,STORED_IN,Folder,atwai:/data0/core/atwai/huangw/2024/20240304_151201_AIPT_multimodelLung20240304_1_95
ImagingSession,LWM-MRI-M69-W12,HAS_ACQUISITION,Acquisition,acq:MRI:20240304_151201_AIPT_multimodelLung20240304_1_95:34
Acquisition,acq:MRI:20240304_151201_AIPT_multimodelLung20240304_1_95:35,ON_INSTRUMENT,Instrument,instrument:MRI
Acquisition,acq:MRI:20240304_151201_AIPT_multimodelLung20240304_1_95:35,STORED_IN,Folder,atwai:/data0/core/atwai/huangw/2024/20240304_151201_AIPT_multimodelLung20240304_1_95
ImagingSession,LWM-MRI-M17-W12,HAS_ACQUISITION,Acquisition,acq:MRI:20240304_151201_AIPT_multimodelLung20240304_1_95:35
Acquisition,acq:MRI:20240311_142100_AIPT_20240311multimodalLung_1_99:5,ON_INSTRUMENT,Instrument,instrument:MRI
Acquisition,acq:MRI:20240311_142100_AIPT_20240311multimodalLung_1_99:5,STORED_IN,Folder,atwai:/data0/core/atwai/huangw/2024/20240311_142100_AIPT_20240311multimodalLung_1_99
ImagingSession,LWM-MRI-M13-W13,HAS_ACQUISITION,Acquisition,acq:MRI:20240311_142100_AIPT_20240311multimodalLung_1_99:5
Acquisition,acq:MRI:20240311_142100_AIPT_20240311multimodalLung_1_99:8,ON_INSTRUMENT,Instrument,instrument:MRI
Acquisition,acq:MRI:20240311_142100_AIPT_20240311multimodalLung_1_99:8,STORED_IN,Folder,atwai:/data0/core/atwai/huangw/2024/20240311_142100_AIPT_20240311multimodalLung_1_99
ImagingSession,LWM-MRI-M13-W13,HAS_ACQUISITION,Acquisition,acq:MRI:20240311_142100_AIPT_20240311multimodalLung_1_99:8
Acquisition,acq:MRI:20240311_142100_AIPT_20240311multimodalLung_1_99:3,ON_INSTRUMENT,Instrument,instrument:MRI
Acquisition,acq:MRI:20240311_142100_AIPT_20240311multimodalLung_1_99:3,STORED_IN,Folder,atwai:/data0/core/atwai/huangw/2024/20240311_142100_AIPT_20240311multimodalLung_1_99
ImagingSession,LWM-MRI-M10-W13,HAS_ACQUISITION,Acquisition,acq:MRI:20240311_142100_AIPT_20240311multimodalLung_1_99:3
Acquisition,acq:MRI:20240311_142100_AIPT_20240311multimodalLung_1_99:4,ON_INSTRUMENT,Instrument,instrument:MRI
Acquisition,acq:MRI:20240311_142100_AIPT_20240311multimodalLung_1_99:4,STORED_IN,Folder,atwai:/data0/core/atwai/huangw/2024/20240311_142100_AIPT_20240311multimodalLung_1_99
ImagingSession,LWM-MRI-M10-W13,HAS_ACQUISITION,Acquisition,acq:MRI:20240311_142100_AIPT_20240311multimodalLung_1_99:4
Acquisition,acq:MRI:20240311_142100_AIPT_20240311multimodalLung_1_99:9,ON_INSTRUMENT,Instrument,instrument:MRI
Acquisition,acq:MRI:20240311_142100_AIPT_20240311multimodalLung_1_99:9,STORED_IN,Folder,atwai:/data0/core/atwai/huangw/2024/20240311_142100_AIPT_20240311multimodalLung_1_99
ImagingSession,LWM-MRI-M11-W13,HAS_ACQUISITION,Acquisition,acq:MRI:20240311_142100_AIPT_20240311multimodalLung_1_99:9
Acquisition,acq:MRI:20240311_142100_AIPT_20240311multimodalLung_1_99:12,ON_INSTRUMENT,Instrument,instrument:MRI
Acquisition,acq:MRI:20240311_142100_AIPT_20240311multimodalLung_1_99:12,STORED_IN,Folder,atwai:/data0/core/atwai/huangw/2024/20240311_142100_AIPT_20240311multimodalLung_1_99
ImagingSession,LWM-MRI-M11-W13,HAS_ACQUISITION,Acquisition,acq:MRI:20240311_142100_AIPT_20240311multimodalLung_1_99:12
Acquisition,acq:MRI:20240311_142100_AIPT_20240311multimodalLung_1_99:11,ON_INSTRUMENT,Instrument,instrument:MRI
Acquisition,acq:MRI:20240311_142100_AIPT_20240311multimodalLung_1_99:11,STORED_IN,Folder,atwai:/data0/core/atwai/huangw/2024/20240311_142100_AIPT_20240311multimodalLung_1_99
ImagingSession,LWM-MRI-M12-W13,HAS_ACQUISITION,Acquisition,acq:MRI:20240311_142100_AIPT_20240311multimodalLung_1_99:11
Acquisition,acq:MRI:20240311_142100_AIPT_20240311multimodalLung_1_99:13,ON_INSTRUMENT,Instrument,instrument:MRI
Acquisition,acq:MRI:20240311_142100_AIPT_20240311multimodalLung_1_99:13,STORED_IN,Folder,atwai:/data0/core/atwai/huangw/2024/20240311_142100_AIPT_20240311multimodalLung_1_99
ImagingSession,LWM-MRI-M12-W13,HAS_ACQUISITION,Acquisition,acq:MRI:20240311_142100_AIPT_20240311multimodalLung_1_99:13
Acquisition,acq:MRI:20240311_142100_AIPT_20240311multimodalLung_1_99:15,ON_INSTRUMENT,Instrument,instrument:MRI
Acquisition,acq:MRI:20240311_142100_AIPT_20240311multimodalLung_1_99:15,STORED_IN,Folder,atwai:/data0/core/atwai/huangw/2024/20240311_142100_AIPT_20240311multimodalLung_1_99
ImagingSession,LWM-MRI-M14-W13,HAS_ACQUISITION,Acquisition,acq:MRI:20240311_142100_AIPT_20240311multimodalLung_1_99:15
Acquisition,acq:MRI:20240311_142100_AIPT_20240311multimodalLung_1_99:16,ON_INSTRUMENT,Instrument,instrument:MRI
Acquisition,acq:MRI:20240311_142100_AIPT_20240311multimodalLung_1_99:16,STORED_IN,Folder,atwai:/data0/core/atwai/huangw/2024/20240311_142100_AIPT_20240311multimodalLung_1_99
ImagingSession,LWM-MRI-M14-W13,HAS_ACQUISITION,Acquisition,acq:MRI:20240311_142100_AIPT_20240311multimodalLung_1_99:16
Acquisition,acq:MRI:20240311_142100_AIPT_20240311multimodalLung_1_99:17,ON_INSTRUMENT,Instrument,instrument:MRI
Acquisition,acq:MRI:20240311_142100_AIPT_20240311multimodalLung_1_99:17,STORED_IN,Folder,atwai:/data0/core/atwai/huangw/2024/20240311_142100_AIPT_20240311multimodalLung_1_99
ImagingSession,LWM-MRI-M15-W13,HAS_ACQUISITION,Acquisition,acq:MRI:20240311_142100_AIPT_20240311multimodalLung_1_99:17
Acquisition,acq:MRI:20240311_142100_AIPT_20240311multimodalLung_1_99:18,ON_INSTRUMENT,Instrument,instrument:MRI
Acquisition,acq:MRI:20240311_142100_AIPT_20240311multimodalLung_1_99:18,STORED_IN,Folder,atwai:/data0/core/atwai/huangw/2024/20240311_142100_AIPT_20240311multimodalLung_1_99
ImagingSession,LWM-MRI-M15-W13,HAS_ACQUISITION,Acquisition,acq:MRI:20240311_142100_AIPT_20240311multimodalLung_1_99:18
Acquisition,acq:MRI:20240311_142100_AIPT_20240311multimodalLung_1_99:19,ON_INSTRUMENT,Instrument,instrument:MRI
Acquisition,acq:MRI:20240311_142100_AIPT_20240311multimodalLung_1_99:19,STORED_IN,Folder,atwai:/data0/core/atwai/huangw/2024/20240311_142100_AIPT_20240311multimodalLung_1_99
ImagingSession,LWM-MRI-M17-W13,HAS_ACQUISITION,Acquisition,acq:MRI:20240311_142100_AIPT_20240311multimodalLung_1_99:19
Acquisition,acq:MRI:20240311_142100_AIPT_20240311multimodalLung_1_99:20,ON_INSTRUMENT,Instrument,instrument:MRI
Acquisition,acq:MRI:20240311_142100_AIPT_20240311multimodalLung_1_99:20,STORED_IN,Folder,atwai:/data0/core/atwai/huangw/2024/20240311_142100_AIPT_20240311multimodalLung_1_99
ImagingSession,LWM-MRI-M17-W13,HAS_ACQUISITION,Acquisition,acq:MRI:20240311_142100_AIPT_20240311multimodalLung_1_99:20
Acquisition,acq:MRI:20240311_142100_AIPT_20240311multimodalLung_1_99:21,ON_INSTRUMENT,Instrument,instrument:MRI
Acquisition,acq:MRI:20240311_142100_AIPT_20240311multimodalLung_1_99:21,STORED_IN,Folder,atwai:/data0/core/atwai/huangw/2024/20240311_142100_AIPT_20240311multimodalLung_1_99
ImagingSession,LWM-MRI-M18-W13,HAS_ACQUISITION,Acquisition,acq:MRI:20240311_142100_AIPT_20240311multimodalLung_1_99:21
Acquisition,acq:MRI:20240311_142100_AIPT_20240311multimodalLung_1_99:22,ON_INSTRUMENT,Instrument,instrument:MRI
Acquisition,acq:MRI:20240311_142100_AIPT_20240311multimodalLung_1_99:22,STORED_IN,Folder,atwai:/data0/core/atwai/huangw/2024/20240311_142100_AIPT_20240311multimodalLung_1_99
ImagingSession,LWM-MRI-M18-W13,HAS_ACQUISITION,Acquisition,acq:MRI:20240311_142100_AIPT_20240311multimodalLung_1_99:22
Acquisition,acq:MRI:20240311_142100_AIPT_20240311multimodalLung_1_99:23,ON_INSTRUMENT,Instrument,instrument:MRI
Acquisition,acq:MRI:20240311_142100_AIPT_20240311multimodalLung_1_99:23,STORED_IN,Folder,atwai:/data0/core/atwai/huangw/2024/20240311_142100_AIPT_20240311multimodalLung_1_99
ImagingSession,LWM-MRI-M19-W13,HAS_ACQUISITION,Acquisition,acq:MRI:20240311_142100_AIPT_20240311multimodalLung_1_99:23
Acquisition,acq:MRI:20240311_142100_AIPT_20240311multimodalLung_1_99:24,ON_INSTRUMENT,Instrument,instrument:MRI
Acquisition,acq:MRI:20240311_142100_AIPT_20240311multimodalLung_1_99:24,STORED_IN,Folder,atwai:/data0/core/atwai/huangw/2024/20240311_142100_AIPT_20240311multimodalLung_1_99
ImagingSession,LWM-MRI-M19-W13,HAS_ACQUISITION,Acquisition,acq:MRI:20240311_142100_AIPT_20240311multimodalLung_1_99:24
Acquisition,acq:MRI:20240311_142100_AIPT_20240311multimodalLung_1_99:25,ON_INSTRUMENT,Instrument,instrument:MRI
Acquisition,acq:MRI:20240311_142100_AIPT_20240311multimodalLung_1_99:25,STORED_IN,Folder,atwai:/data0/core/atwai/huangw/2024/20240311_142100_AIPT_20240311multimodalLung_1_99
ImagingSession,LWM-MRI-M67-W13,HAS_ACQUISITION,Acquisition,acq:MRI:20240311_142100_AIPT_20240311multimodalLung_1_99:25
Acquisition,acq:MRI:20240311_142100_AIPT_20240311multimodalLung_1_99:26,ON_INSTRUMENT,Instrument,instrument:MRI
Acquisition,acq:MRI:20240311_142100_AIPT_20240311multimodalLung_1_99:26,STORED_IN,Folder,atwai:/data0/core/atwai/huangw/2024/20240311_142100_AIPT_20240311multimodalLung_1_99
ImagingSession,LWM-MRI-M67-W13,HAS_ACQUISITION,Acquisition,acq:MRI:20240311_142100_AIPT_20240311multimodalLung_1_99:26
Acquisition,acq:MRI:20240311_142100_AIPT_20240311multimodalLung_1_99:27,ON_INSTRUMENT,Instrument,instrument:MRI
Acquisition,acq:MRI:20240311_142100_AIPT_20240311multimodalLung_1_99:27,STORED_IN,Folder,atwai:/data0/core/atwai/huangw/2024/20240311_142100_AIPT_20240311multimodalLung_1_99
ImagingSession,LWM-MRI-M68-W13,HAS_ACQUISITION,Acquisition,acq:MRI:20240311_142100_AIPT_20240311multimodalLung_1_99:27
Acquisition,acq:MRI:20240311_142100_AIPT_20240311multimodalLung_1_99:28,ON_INSTRUMENT,Instrument,instrument:MRI
Acquisition,acq:MRI:20240311_142100_AIPT_20240311multimodalLung_1_99:28,STORED_IN,Folder,atwai:/data0/core/atwai/huangw/2024/20240311_142100_AIPT_20240311multimodalLung_1_99
ImagingSession,LWM-MRI-M68-W13,HAS_ACQUISITION,Acquisition,acq:MRI:20240311_142100_AIPT_20240311multimodalLung_1_99:28
Acquisition,acq:MRI:20240311_142100_AIPT_20240311multimodalLung_1_99:29,ON_INSTRUMENT,Instrument,instrument:MRI
Acquisition,acq:MRI:20240311_142100_AIPT_20240311multimodalLung_1_99:29,STORED_IN,Folder,atwai:/data0/core/atwai/huangw/2024/20240311_142100_AIPT_20240311multimodalLung_1_99
ImagingSession,LWM-MRI-M69-W13,HAS_ACQUISITION,Acquisition,acq:MRI:20240311_142100_AIPT_20240311multimodalLung_1_99:29
Acquisition,acq:MRI:20240311_142100_AIPT_20240311multimodalLung_1_99:30,ON_INSTRUMENT,Instrument,instrument:MRI
Acquisition,acq:MRI:20240311_142100_AIPT_20240311multimodalLung_1_99:30,STORED_IN,Folder,atwai:/data0/core/atwai/huangw/2024/20240311_142100_AIPT_20240311multimodalLung_1_99
ImagingSession,LWM-MRI-M69-W13,HAS_ACQUISITION,Acquisition,acq:MRI:20240311_142100_AIPT_20240311multimodalLung_1_99:30
Acquisition,acq:MRI:20240318_140839_AIPT_MultimodalLung20240318_1_101:1,ON_INSTRUMENT,Instrument,instrument:MRI
Acquisition,acq:MRI:20240318_140839_AIPT_MultimodalLung20240318_1_101:1,STORED_IN,Folder,atwai:/data0/core/atwai/huangw/2024/20240318_140839_AIPT_MultimodalLung20240318_1_101
ImagingSession,LWM-MRI-M13-W14,HAS_ACQUISITION,Acquisition,acq:MRI:20240318_140839_AIPT_MultimodalLung20240318_1_101:1
Acquisition,acq:MRI:20240318_140839_AIPT_MultimodalLung20240318_1_101:3,ON_INSTRUMENT,Instrument,instrument:MRI
Acquisition,acq:MRI:20240318_140839_AIPT_MultimodalLung20240318_1_101:3,STORED_IN,Folder,atwai:/data0/core/atwai/huangw/2024/20240318_140839_AIPT_MultimodalLung20240318_1_101
ImagingSession,LWM-MRI-M13-W14,HAS_ACQUISITION,Acquisition,acq:MRI:20240318_140839_AIPT_MultimodalLung20240318_1_101:3
Acquisition,acq:MRI:20240318_140839_AIPT_MultimodalLung20240318_1_101:4,ON_INSTRUMENT,Instrument,instrument:MRI
Acquisition,acq:MRI:20240318_140839_AIPT_MultimodalLung20240318_1_101:4,STORED_IN,Folder,atwai:/data0/core/atwai/huangw/2024/20240318_140839_AIPT_MultimodalLung20240318_1_101
ImagingSession,LWM-MRI-M13-W14,HAS_ACQUISITION,Acquisition,acq:MRI:20240318_140839_AIPT_MultimodalLung20240318_1_101:4
Acquisition,acq:MRI:20240318_140839_AIPT_MultimodalLung20240318_1_101:2,ON_INSTRUMENT,Instrument,instrument:MRI
Acquisition,acq:MRI:20240318_140839_AIPT_MultimodalLung20240318_1_101:2,STORED_IN,Folder,atwai:/data0/core/atwai/huangw/2024/20240318_140839_AIPT_MultimodalLung20240318_1_101
ImagingSession,LWM-MRI-M13-W14,HAS_ACQUISITION,Acquisition,acq:MRI:20240318_140839_AIPT_MultimodalLung20240318_1_101:2
Acquisition,acq:MRI:20240318_140839_AIPT_MultimodalLung20240318_1_101:5,ON_INSTRUMENT,Instrument,instrument:MRI
Acquisition,acq:MRI:20240318_140839_AIPT_MultimodalLung20240318_1_101:5,STORED_IN,Folder,atwai:/data0/core/atwai/huangw/2024/20240318_140839_AIPT_MultimodalLung20240318_1_101
ImagingSession,LWM-MRI-M10-W14,HAS_ACQUISITION,Acquisition,acq:MRI:20240318_140839_AIPT_MultimodalLung20240318_1_101:5
Acquisition,acq:MRI:20240318_140839_AIPT_MultimodalLung20240318_1_101:6,ON_INSTRUMENT,Instrument,instrument:MRI
Acquisition,acq:MRI:20240318_140839_AIPT_MultimodalLung20240318_1_101:6,STORED_IN,Folder,atwai:/data0/core/atwai/huangw/2024/20240318_140839_AIPT_MultimodalLung20240318_1_101
ImagingSession,LWM-MRI-M10-W14,HAS_ACQUISITION,Acquisition,acq:MRI:20240318_140839_AIPT_MultimodalLung20240318_1_101:6
Acquisition,acq:MRI:20240318_140839_AIPT_MultimodalLung20240318_1_101:7,ON_INSTRUMENT,Instrument,instrument:MRI
Acquisition,acq:MRI:20240318_140839_AIPT_MultimodalLung20240318_1_101:7,STORED_IN,Folder,atwai:/data0/core/atwai/huangw/2024/20240318_140839_AIPT_MultimodalLung20240318_1_101
ImagingSession,LWM-MRI-M11-W14,HAS_ACQUISITION,Acquisition,acq:MRI:20240318_140839_AIPT_MultimodalLung20240318_1_101:7
Acquisition,acq:MRI:20240318_140839_AIPT_MultimodalLung20240318_1_101:8,ON_INSTRUMENT,Instrument,instrument:MRI
Acquisition,acq:MRI:20240318_140839_AIPT_MultimodalLung20240318_1_101:8,STORED_IN,Folder,atwai:/data0/core/atwai/huangw/2024/20240318_140839_AIPT_MultimodalLung20240318_1_101
ImagingSession,LWM-MRI-M11-W14,HAS_ACQUISITION,Acquisition,acq:MRI:20240318_140839_AIPT_MultimodalLung20240318_1_101:8
Acquisition,acq:MRI:20240318_140839_AIPT_MultimodalLung20240318_1_101:9,ON_INSTRUMENT,Instrument,instrument:MRI
Acquisition,acq:MRI:20240318_140839_AIPT_MultimodalLung20240318_1_101:9,STORED_IN,Folder,atwai:/data0/core/atwai/huangw/2024/20240318_140839_AIPT_MultimodalLung20240318_1_101
ImagingSession,LWM-MRI-M12-W14,HAS_ACQUISITION,Acquisition,acq:MRI:20240318_140839_AIPT_MultimodalLung20240318_1_101:9
Acquisition,acq:MRI:20240318_140839_AIPT_MultimodalLung20240318_1_101:10,ON_INSTRUMENT,Instrument,instrument:MRI
Acquisition,acq:MRI:20240318_140839_AIPT_MultimodalLung20240318_1_101:10,STORED_IN,Folder,atwai:/data0/core/atwai/huangw/2024/20240318_140839_AIPT_MultimodalLung20240318_1_101
ImagingSession,LWM-MRI-M12-W14,HAS_ACQUISITION,Acquisition,acq:MRI:20240318_140839_AIPT_MultimodalLung20240318_1_101:10
Acquisition,acq:MRI:20240318_140839_AIPT_MultimodalLung20240318_1_101:11,ON_INSTRUMENT,Instrument,instrument:MRI
Acquisition,acq:MRI:20240318_140839_AIPT_MultimodalLung20240318_1_101:11,STORED_IN,Folder,atwai:/data0/core/atwai/huangw/2024/20240318_140839_AIPT_MultimodalLung20240318_1_101
ImagingSession,LWM-MRI-M14-W14,HAS_ACQUISITION,Acquisition,acq:MRI:20240318_140839_AIPT_MultimodalLung20240318_1_101:11
Acquisition,acq:MRI:20240318_140839_AIPT_MultimodalLung20240318_1_101:12,ON_INSTRUMENT,Instrument,instrument:MRI
Acquisition,acq:MRI:20240318_140839_AIPT_MultimodalLung20240318_1_101:12,STORED_IN,Folder,atwai:/data0/core/atwai/huangw/2024/20240318_140839_AIPT_MultimodalLung20240318_1_101
ImagingSession,LWM-MRI-M14-W14,HAS_ACQUISITION,Acquisition,acq:MRI:20240318_140839_AIPT_MultimodalLung20240318_1_101:12
Acquisition,acq:MRI:20240318_140839_AIPT_MultimodalLung20240318_1_101:13,ON_INSTRUMENT,Instrument,instrument:MRI
Acquisition,acq:MRI:20240318_140839_AIPT_MultimodalLung20240318_1_101:13,STORED_IN,Folder,atwai:/data0/core/atwai/huangw/2024/20240318_140839_AIPT_MultimodalLung20240318_1_101
ImagingSession,LWM-MRI-M15-W14,HAS_ACQUISITION,Acquisition,acq:MRI:20240318_140839_AIPT_MultimodalLung20240318_1_101:13
Acquisition,acq:MRI:20240318_140839_AIPT_MultimodalLung20240318_1_101:14,ON_INSTRUMENT,Instrument,instrument:MRI
Acquisition,acq:MRI:20240318_140839_AIPT_MultimodalLung20240318_1_101:14,STORED_IN,Folder,atwai:/data0/core/atwai/huangw/2024/20240318_140839_AIPT_MultimodalLung20240318_1_101
ImagingSession,LWM-MRI-M15-W14,HAS_ACQUISITION,Acquisition,acq:MRI:20240318_140839_AIPT_MultimodalLung20240318_1_101:14
Acquisition,acq:MRI:20240318_140839_AIPT_MultimodalLung20240318_1_101:15,ON_INSTRUMENT,Instrument,instrument:MRI
Acquisition,acq:MRI:20240318_140839_AIPT_MultimodalLung20240318_1_101:15,STORED_IN,Folder,atwai:/data0/core/atwai/huangw/2024/20240318_140839_AIPT_MultimodalLung20240318_1_101
ImagingSession,LWM-MRI-M17-W14,HAS_ACQUISITION,Acquisition,acq:MRI:20240318_140839_AIPT_MultimodalLung20240318_1_101:15
Acquisition,acq:MRI:20240318_140839_AIPT_MultimodalLung20240318_1_101:16,ON_INSTRUMENT,Instrument,instrument:MRI
Acquisition,acq:MRI:20240318_140839_AIPT_MultimodalLung20240318_1_101:16,STORED_IN,Folder,atwai:/data0/core/atwai/huangw/2024/20240318_140839_AIPT_MultimodalLung20240318_1_101
ImagingSession,LWM-MRI-M17-W14,HAS_ACQUISITION,Acquisition,acq:MRI:20240318_140839_AIPT_MultimodalLung20240318_1_101:16
Acquisition,acq:MRI:20240318_140839_AIPT_MultimodalLung20240318_1_101:20,ON_INSTRUMENT,Instrument,instrument:MRI
Acquisition,acq:MRI:20240318_140839_AIPT_MultimodalLung20240318_1_101:20,STORED_IN,Folder,atwai:/data0/core/atwai/huangw/2024/20240318_140839_AIPT_MultimodalLung20240318_1_101
ImagingSession,LWM-MRI-M17-W14,HAS_ACQUISITION,Acquisition,acq:MRI:20240318_140839_AIPT_MultimodalLung20240318_1_101:20
Acquisition,acq:MRI:20240318_140839_AIPT_MultimodalLung20240318_1_101:17,ON_INSTRUMENT,Instrument,instrument:MRI
Acquisition,acq:MRI:20240318_140839_AIPT_MultimodalLung20240318_1_101:17,STORED_IN,Folder,atwai:/data0/core/atwai/huangw/2024/20240318_140839_AIPT_MultimodalLung20240318_1_101
ImagingSession,LWM-MRI-M18-W14,HAS_ACQUISITION,Acquisition,acq:MRI:20240318_140839_AIPT_MultimodalLung20240318_1_101:17
Acquisition,acq:MRI:20240318_140839_AIPT_MultimodalLung20240318_1_101:18,ON_INSTRUMENT,Instrument,instrument:MRI
Acquisition,acq:MRI:20240318_140839_AIPT_MultimodalLung20240318_1_101:18,STORED_IN,Folder,atwai:/data0/core/atwai/huangw/2024/20240318_140839_AIPT_MultimodalLung20240318_1_101
ImagingSession,LWM-MRI-M18-W14,HAS_ACQUISITION,Acquisition,acq:MRI:20240318_140839_AIPT_MultimodalLung20240318_1_101:18
Acquisition,acq:MRI:20240318_140839_AIPT_MultimodalLung20240318_1_101:22,ON_INSTRUMENT,Instrument,instrument:MRI
Acquisition,acq:MRI:20240318_140839_AIPT_MultimodalLung20240318_1_101:22,STORED_IN,Folder,atwai:/data0/core/atwai/huangw/2024/20240318_140839_AIPT_MultimodalLung20240318_1_101
ImagingSession,LWM-MRI-M19-W14,HAS_ACQUISITION,Acquisition,acq:MRI:20240318_140839_AIPT_MultimodalLung20240318_1_101:22
Acquisition,acq:MRI:20240318_140839_AIPT_MultimodalLung20240318_1_101:23,ON_INSTRUMENT,Instrument,instrument:MRI
Acquisition,acq:MRI:20240318_140839_AIPT_MultimodalLung20240318_1_101:23,STORED_IN,Folder,atwai:/data0/core/atwai/huangw/2024/20240318_140839_AIPT_MultimodalLung20240318_1_101
ImagingSession,LWM-MRI-M19-W14,HAS_ACQUISITION,Acquisition,acq:MRI:20240318_140839_AIPT_MultimodalLung20240318_1_101:23
Acquisition,acq:MRI:20240318_140839_AIPT_MultimodalLung20240318_1_101:24,ON_INSTRUMENT,Instrument,instrument:MRI
Acquisition,acq:MRI:20240318_140839_AIPT_MultimodalLung20240318_1_101:24,STORED_IN,Folder,atwai:/data0/core/atwai/huangw/2024/20240318_140839_AIPT_MultimodalLung20240318_1_101
ImagingSession,LWM-MRI-M67-W14,HAS_ACQUISITION,Acquisition,acq:MRI:20240318_140839_AIPT_MultimodalLung20240318_1_101:24
Acquisition,acq:MRI:20240318_140839_AIPT_MultimodalLung20240318_1_101:25,ON_INSTRUMENT,Instrument,instrument:MRI
Acquisition,acq:MRI:20240318_140839_AIPT_MultimodalLung20240318_1_101:25,STORED_IN,Folder,atwai:/data0/core/atwai/huangw/2024/20240318_140839_AIPT_MultimodalLung20240318_1_101
ImagingSession,LWM-MRI-M67-W14,HAS_ACQUISITION,Acquisition,acq:MRI:20240318_140839_AIPT_MultimodalLung20240318_1_101:25
Acquisition,acq:MRI:20240318_140839_AIPT_MultimodalLung20240318_1_101:26,ON_INSTRUMENT,Instrument,instrument:MRI
Acquisition,acq:MRI:20240318_140839_AIPT_MultimodalLung20240318_1_101:26,STORED_IN,Folder,atwai:/data0/core/atwai/huangw/2024/20240318_140839_AIPT_MultimodalLung20240318_1_101
ImagingSession,LWM-MRI-M68-W14,HAS_ACQUISITION,Acquisition,acq:MRI:20240318_140839_AIPT_MultimodalLung20240318_1_101:26
Acquisition,acq:MRI:20240318_140839_AIPT_MultimodalLung20240318_1_101:27,ON_INSTRUMENT,Instrument,instrument:MRI
Acquisition,acq:MRI:20240318_140839_AIPT_MultimodalLung20240318_1_101:27,STORED_IN,Folder,atwai:/data0/core/atwai/huangw/2024/20240318_140839_AIPT_MultimodalLung20240318_1_101
ImagingSession,LWM-MRI-M68-W14,HAS_ACQUISITION,Acquisition,acq:MRI:20240318_140839_AIPT_MultimodalLung20240318_1_101:27
Acquisition,acq:MRI:20240318_140839_AIPT_MultimodalLung20240318_1_101:28,ON_INSTRUMENT,Instrument,instrument:MRI
Acquisition,acq:MRI:20240318_140839_AIPT_MultimodalLung20240318_1_101:28,STORED_IN,Folder,atwai:/data0/core/atwai/huangw/2024/20240318_140839_AIPT_MultimodalLung20240318_1_101
ImagingSession,LWM-MRI-M69-W14,HAS_ACQUISITION,Acquisition,acq:MRI:20240318_140839_AIPT_MultimodalLung20240318_1_101:28
Acquisition,acq:MRI:20240318_140839_AIPT_MultimodalLung20240318_1_101:29,ON_INSTRUMENT,Instrument,instrument:MRI
Acquisition,acq:MRI:20240318_140839_AIPT_MultimodalLung20240318_1_101:29,STORED_IN,Folder,atwai:/data0/core/atwai/huangw/2024/20240318_140839_AIPT_MultimodalLung20240318_1_101
ImagingSession,LWM-MRI-M69-W14,HAS_ACQUISITION,Acquisition,acq:MRI:20240318_140839_AIPT_MultimodalLung20240318_1_101:29
Acquisition,acq:IVIS:SME20240122152900,ON_INSTRUMENT,Instrument,instrument:IVIS
Acquisition,acq:IVIS:SME20240122152900,STORED_IN,Folder,Dropbox:MultiModal/LungTumor/IVIS/baseline 01222024/Living Image files/SME20240122152900
Acquisition,acq:IVIS:SME20240122154353,ON_INSTRUMENT,Instrument,instrument:IVIS
Acquisition,acq:IVIS:SME20240122154353,STORED_IN,Folder,Dropbox:MultiModal/LungTumor/IVIS/baseline 01222024/Living Image files/SME20240122154353
Acquisition,acq:IVIS:SME20240122160513,ON_INSTRUMENT,Instrument,instrument:IVIS
Acquisition,acq:IVIS:SME20240122160513,STORED_IN,Folder,Dropbox:MultiModal/LungTumor/IVIS/baseline 01222024/Living Image files/SME20240122160513
Acquisition,acq:IVIS:SME20240129161434,ON_INSTRUMENT,Instrument,instrument:IVIS
Acquisition,acq:IVIS:SME20240129161434,STORED_IN,Folder,Dropbox:MultiModal/LungTumor/IVIS/week7_IVIS/SME20240129161434
Acquisition,acq:IVIS:SME20240129161804,ON_INSTRUMENT,Instrument,instrument:IVIS
Acquisition,acq:IVIS:SME20240129161804,STORED_IN,Folder,Dropbox:MultiModal/LungTumor/IVIS/week7_IVIS/SME20240129161804
Acquisition,acq:IVIS:SME20240129162016_001,ON_INSTRUMENT,Instrument,instrument:IVIS
Acquisition,acq:IVIS:SME20240129162016_001,STORED_IN,Folder,Dropbox:MultiModal/LungTumor/IVIS/week7_IVIS/SME20240129162016_SEQ
Acquisition,acq:IVIS:SME20240129162016_002,ON_INSTRUMENT,Instrument,instrument:IVIS
Acquisition,acq:IVIS:SME20240129162016_002,STORED_IN,Folder,Dropbox:MultiModal/LungTumor/IVIS/week7_IVIS/SME20240129162016_SEQ
Acquisition,acq:IVIS:SME20240129164009_001,ON_INSTRUMENT,Instrument,instrument:IVIS
Acquisition,acq:IVIS:SME20240129164009_001,STORED_IN,Folder,Dropbox:MultiModal/LungTumor/IVIS/week7_IVIS/SME20240129164009_SEQ
Acquisition,acq:IVIS:SME20240129164009_002,ON_INSTRUMENT,Instrument,instrument:IVIS
Acquisition,acq:IVIS:SME20240129164009_002,STORED_IN,Folder,Dropbox:MultiModal/LungTumor/IVIS/week7_IVIS/SME20240129164009_SEQ
Acquisition,acq:IVIS:SME20240129164009_003,ON_INSTRUMENT,Instrument,instrument:IVIS
Acquisition,acq:IVIS:SME20240129164009_003,STORED_IN,Folder,Dropbox:MultiModal/LungTumor/IVIS/week7_IVIS/SME20240129164009_SEQ
Acquisition,acq:IVIS:SME20240205183359_001,ON_INSTRUMENT,Instrument,instrument:IVIS
Acquisition,acq:IVIS:SME20240205183359_001,STORED_IN,Folder,Dropbox:MultiModal/LungTumor/IVIS/week8 IVIS/SME20240205183359_SEQ
Acquisition,acq:IVIS:SME20240205183359_002,ON_INSTRUMENT,Instrument,instrument:IVIS
Acquisition,acq:IVIS:SME20240205183359_002,STORED_IN,Folder,Dropbox:MultiModal/LungTumor/IVIS/week8 IVIS/SME20240205183359_SEQ
Acquisition,acq:IVIS:SME20240205183359_003,ON_INSTRUMENT,Instrument,instrument:IVIS
Acquisition,acq:IVIS:SME20240205183359_003,STORED_IN,Folder,Dropbox:MultiModal/LungTumor/IVIS/week8 IVIS/SME20240205183359_SEQ
Acquisition,acq:IVIS:SME20240205184459_001,ON_INSTRUMENT,Instrument,instrument:IVIS
Acquisition,acq:IVIS:SME20240205184459_001,STORED_IN,Folder,Dropbox:MultiModal/LungTumor/IVIS/week8 IVIS/SME20240205184459_SEQ
Acquisition,acq:IVIS:SME20240205184459_002,ON_INSTRUMENT,Instrument,instrument:IVIS
Acquisition,acq:IVIS:SME20240205184459_002,STORED_IN,Folder,Dropbox:MultiModal/LungTumor/IVIS/week8 IVIS/SME20240205184459_SEQ
Acquisition,acq:IVIS:SME20240205184459_003,ON_INSTRUMENT,Instrument,instrument:IVIS
Acquisition,acq:IVIS:SME20240205184459_003,STORED_IN,Folder,Dropbox:MultiModal/LungTumor/IVIS/week8 IVIS/SME20240205184459_SEQ
Acquisition,acq:IVIS:SME20240205190848_001,ON_INSTRUMENT,Instrument,instrument:IVIS
Acquisition,acq:IVIS:SME20240205190848_001,STORED_IN,Folder,Dropbox:MultiModal/LungTumor/IVIS/week8 IVIS/SME20240205190848_SEQ
Acquisition,acq:IVIS:SME20240205190848_002,ON_INSTRUMENT,Instrument,instrument:IVIS
Acquisition,acq:IVIS:SME20240205190848_002,STORED_IN,Folder,Dropbox:MultiModal/LungTumor/IVIS/week8 IVIS/SME20240205190848_SEQ
Acquisition,acq:IVIS:SME20240205190848_003,ON_INSTRUMENT,Instrument,instrument:IVIS
Acquisition,acq:IVIS:SME20240205190848_003,STORED_IN,Folder,Dropbox:MultiModal/LungTumor/IVIS/week8 IVIS/SME20240205190848_SEQ
Acquisition,acq:IVIS:SME20240213140737,ON_INSTRUMENT,Instrument,instrument:IVIS
Acquisition,acq:IVIS:SME20240213140737,STORED_IN,Folder,Dropbox:MultiModal/LungTumor/IVIS/week9_IVIS/SME20240213140737
Acquisition,acq:IVIS:SME20240213140737A,ON_INSTRUMENT,Instrument,instrument:IVIS
Acquisition,acq:IVIS:SME20240213140737A,STORED_IN,Folder,Dropbox:MultiModal/LungTumor/IVIS/week9_IVIS/SME20240213141835_SEQ
Acquisition,acq:IVIS:SME20240213140943,ON_INSTRUMENT,Instrument,instrument:IVIS
Acquisition,acq:IVIS:SME20240213140943,STORED_IN,Folder,Dropbox:MultiModal/LungTumor/IVIS/week9_IVIS/SME20240213140943
Acquisition,acq:IVIS:SME20240213140943A,ON_INSTRUMENT,Instrument,instrument:IVIS
Acquisition,acq:IVIS:SME20240213140943A,STORED_IN,Folder,Dropbox:MultiModal/LungTumor/IVIS/week9_IVIS/SME20240213141835_SEQ
Acquisition,acq:IVIS:SME20240213141152,ON_INSTRUMENT,Instrument,instrument:IVIS
Acquisition,acq:IVIS:SME20240213141152,STORED_IN,Folder,Dropbox:MultiModal/LungTumor/IVIS/week9_IVIS/SME20240213141152
Acquisition,acq:IVIS:SME20240213141152A,ON_INSTRUMENT,Instrument,instrument:IVIS
Acquisition,acq:IVIS:SME20240213141152A,STORED_IN,Folder,Dropbox:MultiModal/LungTumor/IVIS/week9_IVIS/SME20240213141835_SEQ
Acquisition,acq:IVIS:SME20240213141800,ON_INSTRUMENT,Instrument,instrument:IVIS
Acquisition,acq:IVIS:SME20240213141800,STORED_IN,Folder,Dropbox:MultiModal/LungTumor/IVIS/week9_IVIS/SME20240213141800
Acquisition,acq:IVIS:SME20240213141800A,ON_INSTRUMENT,Instrument,instrument:IVIS
Acquisition,acq:IVIS:SME20240213141800A,STORED_IN,Folder,Dropbox:MultiModal/LungTumor/IVIS/week9_IVIS/SME20240213142643_SEQ
Acquisition,acq:IVIS:SME20240213142014,ON_INSTRUMENT,Instrument,instrument:IVIS
Acquisition,acq:IVIS:SME20240213142014,STORED_IN,Folder,Dropbox:MultiModal/LungTumor/IVIS/week9_IVIS/SME20240213142014
Acquisition,acq:IVIS:SME20240213142014A,ON_INSTRUMENT,Instrument,instrument:IVIS
Acquisition,acq:IVIS:SME20240213142014A,STORED_IN,Folder,Dropbox:MultiModal/LungTumor/IVIS/week9_IVIS/SME20240213142643_SEQ
Acquisition,acq:IVIS:SME20240213142223,ON_INSTRUMENT,Instrument,instrument:IVIS
Acquisition,acq:IVIS:SME20240213142223,STORED_IN,Folder,Dropbox:MultiModal/LungTumor/IVIS/week9_IVIS/SME20240213142223
Acquisition,acq:IVIS:SME20240213142223A,ON_INSTRUMENT,Instrument,instrument:IVIS
Acquisition,acq:IVIS:SME20240213142223A,STORED_IN,Folder,Dropbox:MultiModal/LungTumor/IVIS/week9_IVIS/SME20240213142643_SEQ
Acquisition,acq:IVIS:SME20240213143938,ON_INSTRUMENT,Instrument,instrument:IVIS
Acquisition,acq:IVIS:SME20240213143938,STORED_IN,Folder,Dropbox:MultiModal/LungTumor/IVIS/week9_IVIS/SME20240213143938
Acquisition,acq:IVIS:SME20240213143938A,ON_INSTRUMENT,Instrument,instrument:IVIS
Acquisition,acq:IVIS:SME20240213143938A,STORED_IN,Folder,Dropbox:MultiModal/LungTumor/IVIS/week9_IVIS/SME20240213144653_SEQ
Acquisition,acq:IVIS:SME20240213144148,ON_INSTRUMENT,Instrument,instrument:IVIS
Acquisition,acq:IVIS:SME20240213144148,STORED_IN,Folder,Dropbox:MultiModal/LungTumor/IVIS/week9_IVIS/SME20240213144148
Acquisition,acq:IVIS:SME20240213144148A,ON_INSTRUMENT,Instrument,instrument:IVIS
Acquisition,acq:IVIS:SME20240213144148A,STORED_IN,Folder,Dropbox:MultiModal/LungTumor/IVIS/week9_IVIS/SME20240213144653_SEQ
Acquisition,acq:IVIS:SME20240213144403,ON_INSTRUMENT,Instrument,instrument:IVIS
Acquisition,acq:IVIS:SME20240213144403,STORED_IN,Folder,Dropbox:MultiModal/LungTumor/IVIS/week9_IVIS/SME20240213144403
Acquisition,acq:IVIS:SME20240213144403A,ON_INSTRUMENT,Instrument,instrument:IVIS
Acquisition,acq:IVIS:SME20240213144403A,STORED_IN,Folder,Dropbox:MultiModal/LungTumor/IVIS/week9_IVIS/SME20240213144653_SEQ
Acquisition,acq:IVIS:SME20240220182846,ON_INSTRUMENT,Instrument,instrument:IVIS
Acquisition,acq:IVIS:SME20240220182846,STORED_IN,Folder,Dropbox:MultiModal/LungTumor/IVIS/week10_IVIS/SME20240220182846
Acquisition,acq:IVIS:SME20240220182846A,ON_INSTRUMENT,Instrument,instrument:IVIS
Acquisition,acq:IVIS:SME20240220182846A,STORED_IN,Folder,Dropbox:MultiModal/LungTumor/IVIS/week10_IVIS/SME20240220190630_SEQ
Acquisition,acq:IVIS:SME20240220183104,ON_INSTRUMENT,Instrument,instrument:IVIS
Acquisition,acq:IVIS:SME20240220183104,STORED_IN,Folder,Dropbox:MultiModal/LungTumor/IVIS/week10_IVIS/SME20240220183104
Acquisition,acq:IVIS:SME20240220183104A,ON_INSTRUMENT,Instrument,instrument:IVIS
Acquisition,acq:IVIS:SME20240220183104A,STORED_IN,Folder,Dropbox:MultiModal/LungTumor/IVIS/week10_IVIS/SME20240220190630_SEQ
Acquisition,acq:IVIS:SME20240220183316,ON_INSTRUMENT,Instrument,instrument:IVIS
Acquisition,acq:IVIS:SME20240220183316,STORED_IN,Folder,Dropbox:MultiModal/LungTumor/IVIS/week10_IVIS/SME20240220183316
Acquisition,acq:IVIS:SME20240220183623,ON_INSTRUMENT,Instrument,instrument:IVIS
Acquisition,acq:IVIS:SME20240220183623,STORED_IN,Folder,Dropbox:MultiModal/LungTumor/IVIS/week10_IVIS/SME20240220183623
Acquisition,acq:IVIS:SME20240220183623A,ON_INSTRUMENT,Instrument,instrument:IVIS
Acquisition,acq:IVIS:SME20240220183623A,STORED_IN,Folder,Dropbox:MultiModal/LungTumor/IVIS/week10_IVIS/SME20240220190630_SEQ
Acquisition,acq:IVIS:SME20240220183836,ON_INSTRUMENT,Instrument,instrument:IVIS
Acquisition,acq:IVIS:SME20240220183836,STORED_IN,Folder,Dropbox:MultiModal/LungTumor/IVIS/week10_IVIS/SME20240220183836
Acquisition,acq:IVIS:SME20240220183836A,ON_INSTRUMENT,Instrument,instrument:IVIS
Acquisition,acq:IVIS:SME20240220183836A,STORED_IN,Folder,Dropbox:MultiModal/LungTumor/IVIS/week10_IVIS/SME20240220190630_SEQ
Acquisition,acq:IVIS:SME20240220184044,ON_INSTRUMENT,Instrument,instrument:IVIS
Acquisition,acq:IVIS:SME20240220184044,STORED_IN,Folder,Dropbox:MultiModal/LungTumor/IVIS/week10_IVIS/SME20240220184044
Acquisition,acq:IVIS:SME20240220185148,ON_INSTRUMENT,Instrument,instrument:IVIS
Acquisition,acq:IVIS:SME20240220185148,STORED_IN,Folder,Dropbox:MultiModal/LungTumor/IVIS/week10_IVIS/SME20240220185148
Acquisition,acq:IVIS:SME20240220185148A,ON_INSTRUMENT,Instrument,instrument:IVIS
Acquisition,acq:IVIS:SME20240220185148A,STORED_IN,Folder,Dropbox:MultiModal/LungTumor/IVIS/week10_IVIS/SME20240220190630_SEQ
Acquisition,acq:IVIS:SME20240220185355,ON_INSTRUMENT,Instrument,instrument:IVIS
Acquisition,acq:IVIS:SME20240220185355,STORED_IN,Folder,Dropbox:MultiModal/LungTumor/IVIS/week10_IVIS/SME20240220185355
Acquisition,acq:IVIS:SME20240220185355A,ON_INSTRUMENT,Instrument,instrument:IVIS
Acquisition,acq:IVIS:SME20240220185355A,STORED_IN,Folder,Dropbox:MultiModal/LungTumor/IVIS/week10_IVIS/SME20240220190630_SEQ
Acquisition,acq:IVIS:SME20240220185618,ON_INSTRUMENT,Instrument,instrument:IVIS
Acquisition,acq:IVIS:SME20240220185618,STORED_IN,Folder,Dropbox:MultiModal/LungTumor/IVIS/week10_IVIS/SME20240220185618
Acquisition,acq:IVIS:SME20240229110412_001,ON_INSTRUMENT,Instrument,instrument:IVIS
Acquisition,acq:IVIS:SME20240229110412_001,STORED_IN,Folder,Dropbox:MultiModal/LungTumor/IVIS/week11_IVIS/SME20240229110412_SEQ
Acquisition,acq:IVIS:SME20240229110412_002,ON_INSTRUMENT,Instrument,instrument:IVIS
Acquisition,acq:IVIS:SME20240229110412_002,STORED_IN,Folder,Dropbox:MultiModal/LungTumor/IVIS/week11_IVIS/SME20240229110412_SEQ
Acquisition,acq:IVIS:SME20240229110954_001,ON_INSTRUMENT,Instrument,instrument:IVIS
Acquisition,acq:IVIS:SME20240229110954_001,STORED_IN,Folder,Dropbox:MultiModal/LungTumor/IVIS/week11_IVIS/SME20240229110954_SEQ
Acquisition,acq:IVIS:SME20240229111259,ON_INSTRUMENT,Instrument,instrument:IVIS
Acquisition,acq:IVIS:SME20240229111259,STORED_IN,Folder,Dropbox:MultiModal/LungTumor/IVIS/week11_IVIS/SME20240229111259
Acquisition,acq:IVIS:SME20240229111517,ON_INSTRUMENT,Instrument,instrument:IVIS
Acquisition,acq:IVIS:SME20240229111517,STORED_IN,Folder,Dropbox:MultiModal/LungTumor/IVIS/week11_IVIS/SME20240229111517
Acquisition,acq:IVIS:SME20240229111747A,ON_INSTRUMENT,Instrument,instrument:IVIS
Acquisition,acq:IVIS:SME20240229111747A,STORED_IN,Folder,Dropbox:MultiModal/LungTumor/IVIS/week11_IVIS/SME20240229111747
Acquisition,acq:IVIS:SME20240229112108,ON_INSTRUMENT,Instrument,instrument:IVIS
Acquisition,acq:IVIS:SME20240229112108,STORED_IN,Folder,Dropbox:MultiModal/LungTumor/IVIS/week11_IVIS/SME20240229112108
Acquisition,acq:IVIS:SME20240229112326,ON_INSTRUMENT,Instrument,instrument:IVIS
Acquisition,acq:IVIS:SME20240229112326,STORED_IN,Folder,Dropbox:MultiModal/LungTumor/IVIS/week11_IVIS/SME20240229112326
Acquisition,acq:IVIS:SME20240229112708,ON_INSTRUMENT,Instrument,instrument:IVIS
Acquisition,acq:IVIS:SME20240229112708,STORED_IN,Folder,Dropbox:MultiModal/LungTumor/IVIS/week11_IVIS/SME20240229112708
Acquisition,acq:IVIS:SME20240229121754,ON_INSTRUMENT,Instrument,instrument:IVIS
Acquisition,acq:IVIS:SME20240229121754,STORED_IN,Folder,Dropbox:MultiModal/LungTumor/IVIS/week11_IVIS/SME20240229121754
Acquisition,acq:IVIS:SME20240229122344,ON_INSTRUMENT,Instrument,instrument:IVIS
Acquisition,acq:IVIS:SME20240229122344,STORED_IN,Folder,Dropbox:MultiModal/LungTumor/IVIS/week11_IVIS/SME20240229122344
Acquisition,acq:IVIS:SME20240229122553,ON_INSTRUMENT,Instrument,instrument:IVIS
Acquisition,acq:IVIS:SME20240229122553,STORED_IN,Folder,Dropbox:MultiModal/LungTumor/IVIS/week11_IVIS/SME20240229122553
Acquisition,acq:IVIS:SME20240229122808,ON_INSTRUMENT,Instrument,instrument:IVIS
Acquisition,acq:IVIS:SME20240229122808,STORED_IN,Folder,Dropbox:MultiModal/LungTumor/IVIS/week11_IVIS/SME20240229122808
Acquisition,acq:IVIS:SME20240301102731,ON_INSTRUMENT,Instrument,instrument:IVIS
Acquisition,acq:IVIS:SME20240301102731,STORED_IN,Folder,Dropbox:MultiModal/LungTumor/IVIS/week11_IVIS/SME20240301102731
Acquisition,acq:IVIS:SME20240301102930,ON_INSTRUMENT,Instrument,instrument:IVIS
Acquisition,acq:IVIS:SME20240301102930,STORED_IN,Folder,Dropbox:MultiModal/LungTumor/IVIS/week11_IVIS/SME20240301102930
Acquisition,acq:IVIS:SME20240301103118,ON_INSTRUMENT,Instrument,instrument:IVIS
Acquisition,acq:IVIS:SME20240301103118,STORED_IN,Folder,Dropbox:MultiModal/LungTumor/IVIS/week11_IVIS/SME20240301103118
Acquisition,acq:IVIS:SME20240301103316,ON_INSTRUMENT,Instrument,instrument:IVIS
Acquisition,acq:IVIS:SME20240301103316,STORED_IN,Folder,Dropbox:MultiModal/LungTumor/IVIS/week11_IVIS/SME20240301103316
Acquisition,acq:IVIS:SME20240301103517,ON_INSTRUMENT,Instrument,instrument:IVIS
Acquisition,acq:IVIS:SME20240301103517,STORED_IN,Folder,Dropbox:MultiModal/LungTumor/IVIS/week11_IVIS/SME20240301103517
Acquisition,acq:IVIS:SME20240305145610,ON_INSTRUMENT,Instrument,instrument:IVIS
Acquisition,acq:IVIS:SME20240305145610,STORED_IN,Folder,Dropbox:MultiModal/LungTumor/IVIS/week 12_IVIS/SME20240305145610
Acquisition,acq:IVIS:SME20240305145759,ON_INSTRUMENT,Instrument,instrument:IVIS
Acquisition,acq:IVIS:SME20240305145759,STORED_IN,Folder,Dropbox:MultiModal/LungTumor/IVIS/week 12_IVIS/SME20240305145759
Acquisition,acq:IVIS:SME20240305150013,ON_INSTRUMENT,Instrument,instrument:IVIS
Acquisition,acq:IVIS:SME20240305150013,STORED_IN,Folder,Dropbox:MultiModal/LungTumor/IVIS/week 12_IVIS/SME20240305150013
Acquisition,acq:IVIS:SME20240305150744,ON_INSTRUMENT,Instrument,instrument:IVIS
Acquisition,acq:IVIS:SME20240305150744,STORED_IN,Folder,Dropbox:MultiModal/LungTumor/IVIS/week 12_IVIS/SME20240305150744
Acquisition,acq:IVIS:SME20240305151020,ON_INSTRUMENT,Instrument,instrument:IVIS
Acquisition,acq:IVIS:SME20240305151020,STORED_IN,Folder,Dropbox:MultiModal/LungTumor/IVIS/week 12_IVIS/SME20240305151020
Acquisition,acq:IVIS:SME20240305151345,ON_INSTRUMENT,Instrument,instrument:IVIS
Acquisition,acq:IVIS:SME20240305151345,STORED_IN,Folder,Dropbox:MultiModal/LungTumor/IVIS/week 12_IVIS/SME20240305151345
Acquisition,acq:IVIS:SME20240305151814,ON_INSTRUMENT,Instrument,instrument:IVIS
Acquisition,acq:IVIS:SME20240305151814,STORED_IN,Folder,Dropbox:MultiModal/LungTumor/IVIS/week 12_IVIS/SME20240305151814
Acquisition,acq:IVIS:SME20240305153142,ON_INSTRUMENT,Instrument,instrument:IVIS
Acquisition,acq:IVIS:SME20240305153142,STORED_IN,Folder,Dropbox:MultiModal/LungTumor/IVIS/week 12_IVIS/SME20240305153142
Acquisition,acq:IVIS:SME20240305153421,ON_INSTRUMENT,Instrument,instrument:IVIS
Acquisition,acq:IVIS:SME20240305153421,STORED_IN,Folder,Dropbox:MultiModal/LungTumor/IVIS/week 12_IVIS/SME20240305153421
Acquisition,acq:IVIS:SME20240305153652,ON_INSTRUMENT,Instrument,instrument:IVIS
Acquisition,acq:IVIS:SME20240305153652,STORED_IN,Folder,Dropbox:MultiModal/LungTumor/IVIS/week 12_IVIS/SME20240305153652
Acquisition,acq:IVIS:SME20240319141706,ON_INSTRUMENT,Instrument,instrument:IVIS
Acquisition,acq:IVIS:SME20240319141706,STORED_IN,Folder,Dropbox:MultiModal/LungTumor/IVIS/week14_IVIS/SME20240319141706
Acquisition,acq:IVIS:SME20240319141829,ON_INSTRUMENT,Instrument,instrument:IVIS
Acquisition,acq:IVIS:SME20240319141829,STORED_IN,Folder,Dropbox:MultiModal/LungTumor/IVIS/week14_IVIS/SME20240319141829
Acquisition,acq:IVIS:SME20240319142653,ON_INSTRUMENT,Instrument,instrument:IVIS
Acquisition,acq:IVIS:SME20240319142653,STORED_IN,Folder,Dropbox:MultiModal/LungTumor/IVIS/week14_IVIS/SME20240319142653
Acquisition,acq:IVIS:SME20240319142734,ON_INSTRUMENT,Instrument,instrument:IVIS
Acquisition,acq:IVIS:SME20240319142734,STORED_IN,Folder,Dropbox:MultiModal/LungTumor/IVIS/week14_IVIS/SME20240319142734
Acquisition,acq:IVIS:SME20240319145246,ON_INSTRUMENT,Instrument,instrument:IVIS
Acquisition,acq:IVIS:SME20240319145246,STORED_IN,Folder,Dropbox:MultiModal/LungTumor/IVIS/week14_IVIS/SME20240319145246
Acquisition,acq:IVIS:SME20240319145403,ON_INSTRUMENT,Instrument,instrument:IVIS
Acquisition,acq:IVIS:SME20240319145403,STORED_IN,Folder,Dropbox:MultiModal/LungTumor/IVIS/week14_IVIS/SME20240319145403
Acquisition,acq:IVIS:SME20240319145831,ON_INSTRUMENT,Instrument,instrument:IVIS
Acquisition,acq:IVIS:SME20240319145831,STORED_IN,Folder,Dropbox:MultiModal/LungTumor/IVIS/week14_IVIS/SME20240319145831
Acquisition,acq:IVIS:SME20240319150046,ON_INSTRUMENT,Instrument,instrument:IVIS
Acquisition,acq:IVIS:SME20240319150046,STORED_IN,Folder,Dropbox:MultiModal/LungTumor/IVIS/week14_IVIS/SME20240319150046
Acquisition,acq:IVIS:SME20240319150545,ON_INSTRUMENT,Instrument,instrument:IVIS
Acquisition,acq:IVIS:SME20240319150545,STORED_IN,Folder,Dropbox:MultiModal/LungTumor/IVIS/week14_IVIS/SME20240319150545
Modality,microCT,USES_INSTRUMENT,Instrument,instrument:microCT
Modality,MRI,USES_INSTRUMENT,Instrument,instrument:MRI
Modality,IVIS,USES_INSTRUMENT,Instrument,instrument:IVIS
Instrument,instrument:microCT,WRITES_TO,Host,host:microct-pc
Instrument,instrument:MRI,WRITES_TO,Host,host:bmc-lab6
