id,kind,location,path,name,bytes,files,role,modality,week,subject,note,nested,host,scan_start,scan_duration_s,recon_time,source_kv,source_ua,filter,exposure_ms,rotation_step_deg,frame_averaging,camera_binning,projections,voxel_um,dose_mouse_mgy,recon_program,recon_slices,recon_width_px,recon_height_px,smoothing,ring_artifact_correction,beam_hardening_pct,scanner_data_dir,log,minutes,scan,scan_name,protocol,method,tr_ms,te_ms,averages,matrix,fov_mm,in_plane_mm,slice_mm,slices,orientation,acq_time_s_computed,scan_end,rare_factor,click,acquired,exposure_s,binning,f_number,fov_cm,emission_filter,excitation_filter,ccd_temp_c,model,serial,software,setup_min,mice_per_acq,min_per_acq,time_source,rate_per_hour,camera
Dropbox:MultiModal/LungTumor,Folder,Dropbox,MultiModal/LungTumor,LungTumor,,,root,,,,,False,dropbox,,,,,,,,,,,,,,,,,,,,,,,,,,,,,,,,,,,,,,,,,,,,,,,,,,,,,,,,,
atwai:/data0/core/atwai/Anderson_Scott/Multimodal/MultiModal Lung tumor test,Folder,atwai,/data0/core/atwai/Anderson_Scott/Multimodal/MultiModal Lung tumor test,MultiModal Lung tumor test,,,root,,,,,False,bmc-lab6,,,,,,,,,,,,,,,,,,,,,,,,,,,,,,,,,,,,,,,,,,,,,,,,,,,,,,,,,
atwai:/data0/core/atwai/Milton_CornwallBrady/Protocol Development in vivo/MultiModal Lung tumor test,Folder,atwai,/data0/core/atwai/Milton_CornwallBrady/Protocol Development in vivo/MultiModal Lung tumor test,MultiModal Lung tumor test,,,root,,,,,False,bmc-lab6,,,,,,,,,,,,,,,,,,,,,,,,,,,,,,,,,,,,,,,,,,,,,,,,,,,,,,,,,
atwai:/data0/core/atwai/archive/microct/longitudinal mouse lung tumors,Folder,atwai,/data0/core/atwai/archive/microct/longitudinal mouse lung tumors,longitudinal mouse lung tumors,,,root,,,,,False,bmc-lab6,,,,,,,,,,,,,,,,,,,,,,,,,,,,,,,,,,,,,,,,,,,,,,,,,,,,,,,,,
atwai:/data0/core/atwai/huangw/2024,Folder,atwai,/data0/core/atwai/huangw/2024,2024,,,root,,,,,False,bmc-lab6,,,,,,,,,,,,,,,,,,,,,,,,,,,,,,,,,,,,,,,,,,,,,,,,,,,,,,,,,
atwai:/data0/core/atwai/Anderson_Scott/Multimodal/MultiModal Lung tumor test/raw data/wk10_10_Rec,Folder,atwai,/data0/core/atwai/Anderson_Scott/Multimodal/MultiModal Lung tumor test/raw data/wk10_10_Rec,wk10_10_Rec,651684568.0,702.0,raw,microCT,10.0,M10,SkyScan reconstruction (canonical copy),False,bmc-lab6,,,,,,,,,,,,,,,,,,,,,,,,,,,,,,,,,,,,,,,,,,,,,,,,,,,,,,,,,
atwai:/data0/core/atwai/Anderson_Scott/Multimodal/MultiModal Lung tumor test/raw data/wk10_11_Rec,Folder,atwai,/data0/core/atwai/Anderson_Scott/Multimodal/MultiModal Lung tumor test/raw data/wk10_11_Rec,wk10_11_Rec,632160323.0,681.0,raw,microCT,10.0,M11,SkyScan reconstruction (canonical copy),False,bmc-lab6,,,,,,,,,,,,,,,,,,,,,,,,,,,,,,,,,,,,,,,,,,,,,,,,,,,,,,,,,
atwai:/data0/core/atwai/Anderson_Scott/Multimodal/MultiModal Lung tumor test/raw data/wk10_12_Rec,Folder,atwai,/data0/core/atwai/Anderson_Scott/Multimodal/MultiModal Lung tumor test/raw data/wk10_12_Rec,wk10_12_Rec,585674023.0,631.0,raw,microCT,10.0,M12,SkyScan reconstruction (canonical copy),False,bmc-lab6,,,,,,,,,,,,,,,,,,,,,,,,,,,,,,,,,,,,,,,,,,,,,,,,,,,,,,,,,
atwai:/data0/core/atwai/Anderson_Scott/Multimodal/MultiModal Lung tumor test/raw data/wk10_13_Rec,Folder,atwai,/data0/core/atwai/Anderson_Scott/Multimodal/MultiModal Lung tumor test/raw data/wk10_13_Rec,wk10_13_Rec,625652240.0,674.0,raw,microCT,10.0,M13,SkyScan reconstruction (canonical copy),False,bmc-lab6,,,,,,,,,,,,,,,,,,,,,,,,,,,,,,,,,,,,,,,,,,,,,,,,,,,,,,,,,
atwai:/data0/core/atwai/Anderson_Scott/Multimodal/MultiModal Lung tumor test/raw data/wk10_14_Rec,Folder,atwai,/data0/core/atwai/Anderson_Scott/Multimodal/MultiModal Lung tumor test/raw data/wk10_14_Rec,wk10_14_Rec,517804025.0,558.0,raw,microCT,10.0,M14,SkyScan reconstruction (canonical copy),False,bmc-lab6,,,,,,,,,,,,,,,,,,,,,,,,,,,,,,,,,,,,,,,,,,,,,,,,,,,,,,,,,
atwai:/data0/core/atwai/Anderson_Scott/Multimodal/MultiModal Lung tumor test/raw data/wk10_15_Rec,Folder,atwai,/data0/core/atwai/Anderson_Scott/Multimodal/MultiModal Lung tumor test/raw data/wk10_15_Rec,wk10_15_Rec,535468818.0,577.0,raw,microCT,10.0,M15,SkyScan reconstruction (canonical copy),False,bmc-lab6,,,,,,,,,,,,,,,,,,,,,,,,,,,,,,,,,,,,,,,,,,,,,,,,,,,,,,,,,
atwai:/data0/core/atwai/Anderson_Scott/Multimodal/MultiModal Lung tumor test/raw data/wk10_17_Rec,Folder,atwai,/data0/core/atwai/Anderson_Scott/Multimodal/MultiModal Lung tumor test/raw data/wk10_17_Rec,wk10_17_Rec,513155394.0,553.0,raw,microCT,10.0,M17,SkyScan reconstruction (canonical copy),False,bmc-lab6,,,,,,,,,,,,,,,,,,,,,,,,,,,,,,,,,,,,,,,,,,,,,,,,,,,,,,,,,
atwai:/data0/core/atwai/Anderson_Scott/Multimodal/MultiModal Lung tumor test/raw data/wk10_18_Rec,Folder,atwai,/data0/core/atwai/Anderson_Scott/Multimodal/MultiModal Lung tumor test/raw data/wk10_18_Rec,wk10_18_Rec,515014846.0,555.0,raw,microCT,10.0,M18,SkyScan reconstruction (canonical copy),False,bmc-lab6,,,,,,,,,,,,,,,,,,,,,,,,,,,,,,,,,,,,,,,,,,,,,,,,,,,,,,,,,
atwai:/data0/core/atwai/Anderson_Scott/Multimodal/MultiModal Lung tumor test/raw data/wk10_19_Rec,Folder,atwai,/data0/core/atwai/Anderson_Scott/Multimodal/MultiModal Lung tumor test/raw data/wk10_19_Rec,wk10_19_Rec,566149778.0,610.0,raw,microCT,10.0,M19,SkyScan reconstruction (canonical copy),False,bmc-lab6,,,,,,,,,,,,,,,,,,,,,,,,,,,,,,,,,,,,,,,,,,,,,,,,,,,,,,,,,
atwai:/data0/core/atwai/Anderson_Scott/Multimodal/MultiModal Lung tumor test/raw data/wk10_67_Rec,Folder,atwai,/data0/core/atwai/Anderson_Scott/Multimodal/MultiModal Lung tumor test/raw data/wk10_67_Rec,wk10_67_Rec,595901009.0,642.0,raw,microCT,10.0,M67,SkyScan reconstruction (canonical copy),False,bmc-lab6,,,,,,,,,,,,,,,,,,,,,,,,,,,,,,,,,,,,,,,,,,,,,,,,,,,,,,,,,
atwai:/data0/core/atwai/Anderson_Scott/Multimodal/MultiModal Lung tumor test/raw data/wk10_68_Rec,Folder,atwai,/data0/core/atwai/Anderson_Scott/Multimodal/MultiModal Lung tumor test/raw data/wk10_68_Rec,wk10_68_Rec,564290324.0,608.0,raw,microCT,10.0,M68,SkyScan reconstruction (canonical copy),False,bmc-lab6,,,,,,,,,,,,,,,,,,,,,,,,,,,,,,,,,,,,,,,,,,,,,,,,,,,,,,,,,
atwai:/data0/core/atwai/Anderson_Scott/Multimodal/MultiModal Lung tumor test/raw data/wk10_69_Rec,Folder,atwai,/data0/core/atwai/Anderson_Scott/Multimodal/MultiModal Lung tumor test/raw data/wk10_69_Rec,wk10_69_Rec,536398544.0,578.0,raw,microCT,10.0,M69,SkyScan reconstruction (canonical copy),False,bmc-lab6,,,,,,,,,,,,,,,,,,,,,,,,,,,,,,,,,,,,,,,,,,,,,,,,,,,,,,,,,
atwai:/data0/core/atwai/Anderson_Scott/Multimodal/MultiModal Lung tumor test/raw data/wk10_75_Rec,Folder,atwai,/data0/core/atwai/Anderson_Scott/Multimodal/MultiModal Lung tumor test/raw data/wk10_75_Rec,wk10_75_Rec,556852516.0,600.0,raw,microCT,10.0,M75,SkyScan reconstruction (canonical copy),False,bmc-lab6,,,,,,,,,,,,,,,,,,,,,,,,,,,,,,,,,,,,,,,,,,,,,,,,,,,,,,,,,
atwai:/data0/core/atwai/Anderson_Scott/Multimodal/MultiModal Lung tumor test/raw data/wk11_10_Rec,Folder,atwai,/data0/core/atwai/Anderson_Scott/Multimodal/MultiModal Lung tumor test/raw data/wk11_10_Rec,wk11_10_Rec,537519266.0,617.0,raw,microCT,11.0,M10,SkyScan reconstruction (canonical copy),False,bmc-lab6,,,,,,,,,,,,,,,,,,,,,,,,,,,,,,,,,,,,,,,,,,,,,,,,,,,,,,,,,
atwai:/data0/core/atwai/Anderson_Scott/Multimodal/MultiModal Lung tumor test/raw data/wk11_11_Rec,Folder,atwai,/data0/core/atwai/Anderson_Scott/Multimodal/MultiModal Lung tumor test/raw data/wk11_11_Rec,wk11_11_Rec,567177807.0,651.0,raw,microCT,11.0,M11,SkyScan reconstruction (canonical copy),False,bmc-lab6,,,,,,,,,,,,,,,,,,,,,,,,,,,,,,,,,,,,,,,,,,,,,,,,,,,,,,,,,
atwai:/data0/core/atwai/Anderson_Scott/Multimodal/MultiModal Lung tumor test/raw data/wk11_12_Rec,Folder,atwai,/data0/core/atwai/Anderson_Scott/Multimodal/MultiModal Lung tumor test/raw data/wk11_12_Rec,wk11_12_Rec,530540785.0,609.0,raw,microCT,11.0,M12,SkyScan reconstruction (canonical copy),False,bmc-lab6,,,,,,,,,,,,,,,,,,,,,,,,,,,,,,,,,,,,,,,,,,,,,,,,,,,,,,,,,
atwai:/data0/core/atwai/Anderson_Scott/Multimodal/MultiModal Lung tumor test/raw data/wk11_13_Rec,Folder,atwai,/data0/core/atwai/Anderson_Scott/Multimodal/MultiModal Lung tumor test/raw data/wk11_13_Rec,wk11_13_Rec,553220845.0,635.0,raw,microCT,11.0,M13,SkyScan reconstruction (canonical copy),False,bmc-lab6,,,,,,,,,,,,,,,,,,,,,,,,,,,,,,,,,,,,,,,,,,,,,,,,,,,,,,,,,
atwai:/data0/core/atwai/Anderson_Scott/Multimodal/MultiModal Lung tumor test/raw data/wk11_14_Rec,Folder,atwai,/data0/core/atwai/Anderson_Scott/Multimodal/MultiModal Lung tumor test/raw data/wk11_14_Rec,wk11_14_Rec,527051546.0,605.0,raw,microCT,11.0,M14,SkyScan reconstruction (canonical copy),False,bmc-lab6,,,,,,,,,,,,,,,,,,,,,,,,,,,,,,,,,,,,,,,,,,,,,,,,,,,,,,,,,
atwai:/data0/core/atwai/Anderson_Scott/Multimodal/MultiModal Lung tumor test/raw data/wk11_15_Rec,Folder,atwai,/data0/core/atwai/Anderson_Scott/Multimodal/MultiModal Lung tumor test/raw data/wk11_15_Rec,wk11_15_Rec,502111127.0,576.0,raw,microCT,11.0,M15,SkyScan reconstruction (canonical copy),False,bmc-lab6,,,,,,,,,,,,,,,,,,,,,,,,,,,,,,,,,,,,,,,,,,,,,,,,,,,,,,,,,
atwai:/data0/core/atwai/Anderson_Scott/Multimodal/MultiModal Lung tumor test/raw data/wk11_17_Rec,Folder,atwai,/data0/core/atwai/Anderson_Scott/Multimodal/MultiModal Lung tumor test/raw data/wk11_17_Rec,wk11_17_Rec,507344987.0,582.0,raw,microCT,11.0,M17,SkyScan reconstruction (canonical copy),False,bmc-lab6,,,,,,,,,,,,,,,,,,,,,,,,,,,,,,,,,,,,,,,,,,,,,,,,,,,,,,,,,
atwai:/data0/core/atwai/Anderson_Scott/Multimodal/MultiModal Lung tumor test/raw data/wk11_18_Rec,Folder,atwai,/data0/core/atwai/Anderson_Scott/Multimodal/MultiModal Lung tumor test/raw data/wk11_18_Rec,wk11_18_Rec,525306925.0,603.0,raw,microCT,11.0,M18,SkyScan reconstruction (canonical copy),False,bmc-lab6,,,,,,,,,,,,,,,,,,,,,,,,,,,,,,,,,,,,,,,,,,,,,,,,,,,,,,,,,
atwai:/data0/core/atwai/Anderson_Scott/Multimodal/MultiModal Lung tumor test/raw data/wk11_19_Rec,Folder,atwai,/data0/core/atwai/Anderson_Scott/Multimodal/MultiModal Lung tumor test/raw data/wk11_19_Rec,wk11_19_Rec,507860726.0,583.0,raw,microCT,11.0,M19,SkyScan reconstruction (canonical copy),False,bmc-lab6,,,,,,,,,,,,,,,,,,,,,,,,,,,,,,,,,,,,,,,,,,,,,,,,,,,,,,,,,
atwai:/data0/core/atwai/Anderson_Scott/Multimodal/MultiModal Lung tumor test/raw data/wk11_67_Rec,Folder,atwai,/data0/core/atwai/Anderson_Scott/Multimodal/MultiModal Lung tumor test/raw data/wk11_67_Rec,wk11_67_Rec,525663497.0,603.0,raw,microCT,11.0,M67,SkyScan reconstruction (canonical copy),False,bmc-lab6,,,,,,,,,,,,,,,,,,,,,,,,,,,,,,,,,,,,,,,,,,,,,,,,,,,,,,,,,
atwai:/data0/core/atwai/Anderson_Scott/Multimodal/MultiModal Lung tumor test/raw data/wk11_68_Rec,Folder,atwai,/data0/core/atwai/Anderson_Scott/Multimodal/MultiModal Lung tumor test/raw data/wk11_68_Rec,wk11_68_Rec,559327015.0,642.0,raw,microCT,11.0,M68,SkyScan reconstruction (canonical copy),False,bmc-lab6,,,,,,,,,,,,,,,,,,,,,,,,,,,,,,,,,,,,,,,,,,,,,,,,,,,,,,,,,
atwai:/data0/core/atwai/Anderson_Scott/Multimodal/MultiModal Lung tumor test/raw data/wk11_69_Rec,Folder,atwai,/data0/core/atwai/Anderson_Scott/Multimodal/MultiModal Lung tumor test/raw data/wk11_69_Rec,wk11_69_Rec,564045138.0,647.0,raw,microCT,11.0,M69,SkyScan reconstruction (canonical copy),False,bmc-lab6,,,,,,,,,,,,,,,,,,,,,,,,,,,,,,,,,,,,,,,,,,,,,,,,,,,,,,,,,
atwai:/data0/core/atwai/Anderson_Scott/Multimodal/MultiModal Lung tumor test/raw data/wk11_75_Rec,Folder,atwai,/data0/core/atwai/Anderson_Scott/Multimodal/MultiModal Lung tumor test/raw data/wk11_75_Rec,wk11_75_Rec,525663497.0,603.0,raw,microCT,11.0,M75,SkyScan reconstruction (canonical copy),False,bmc-lab6,,,,,,,,,,,,,,,,,,,,,,,,,,,,,,,,,,,,,,,,,,,,,,,,,,,,,,,,,
atwai:/data0/core/atwai/Anderson_Scott/Multimodal/MultiModal Lung tumor test/raw data/wk13_10_Rec,Folder,atwai,/data0/core/atwai/Anderson_Scott/Multimodal/MultiModal Lung tumor test/raw data/wk13_10_Rec,wk13_10_Rec,684962525.0,696.0,raw,microCT,13.0,M10,SkyScan reconstruction (canonical copy),False,bmc-lab6,,,,,,,,,,,,,,,,,,,,,,,,,,,,,,,,,,,,,,,,,,,,,,,,,,,,,,,,,
atwai:/data0/core/atwai/Anderson_Scott/Multimodal/MultiModal Lung tumor test/raw data/wk13_11_Rec,Folder,atwai,/data0/core/atwai/Anderson_Scott/Multimodal/MultiModal Lung tumor test/raw data/wk13_11_Rec,wk13_11_Rec,686934440.0,698.0,raw,microCT,13.0,M11,SkyScan reconstruction (canonical copy),False,bmc-lab6,,,,,,,,,,,,,,,,,,,,,,,,,,,,,,,,,,,,,,,,,,,,,,,,,,,,,,,,,
atwai:/data0/core/atwai/Anderson_Scott/Multimodal/MultiModal Lung tumor test/raw data/wk13_12_Rec,Folder,atwai,/data0/core/atwai/Anderson_Scott/Multimodal/MultiModal Lung tumor test/raw data/wk13_12_Rec,wk13_12_Rec,682990608.0,694.0,raw,microCT,13.0,M12,SkyScan reconstruction (canonical copy),False,bmc-lab6,,,,,,,,,,,,,,,,,,,,,,,,,,,,,,,,,,,,,,,,,,,,,,,,,,,,,,,,,
atwai:/data0/core/atwai/Anderson_Scott/Multimodal/MultiModal Lung tumor test/raw data/wk13_13_Rec,Folder,atwai,/data0/core/atwai/Anderson_Scott/Multimodal/MultiModal Lung tumor test/raw data/wk13_13_Rec,wk13_13_Rec,606085884.0,616.0,raw,microCT,13.0,M13,SkyScan reconstruction (canonical copy),False,bmc-lab6,,,,,,,,,,,,,,,,,,,,,,,,,,,,,,,,,,,,,,,,,,,,,,,,,,,,,,,,,
atwai:/data0/core/atwai/Anderson_Scott/Multimodal/MultiModal Lung tumor test/raw data/wk13_14_Rec,Folder,atwai,/data0/core/atwai/Anderson_Scott/Multimodal/MultiModal Lung tumor test/raw data/wk13_14_Rec,wk13_14_Rec,671159112.0,682.0,raw,microCT,13.0,M14,SkyScan reconstruction (canonical copy),False,bmc-lab6,,,,,,,,,,,,,,,,,,,,,,,,,,,,,,,,,,,,,,,,,,,,,,,,,,,,,,,,,
atwai:/data0/core/atwai/Anderson_Scott/Multimodal/MultiModal Lung tumor test/raw data/wk13_15_Rec,Folder,atwai,/data0/core/atwai/Anderson_Scott/Multimodal/MultiModal Lung tumor test/raw data/wk13_15_Rec,wk13_15_Rec,697779978.0,709.0,raw,microCT,13.0,M15,SkyScan reconstruction (canonical copy),False,bmc-lab6,,,,,,,,,,,,,,,,,,,,,,,,,,,,,,,,,,,,,,,,,,,,,,,,,,,,,,,,,
atwai:/data0/core/atwai/Anderson_Scott/Multimodal/MultiModal Lung tumor test/raw data/wk13_17_Rec,Folder,atwai,/data0/core/atwai/Anderson_Scott/Multimodal/MultiModal Lung tumor test/raw data/wk13_17_Rec,wk13_17_Rec,639608457.0,650.0,raw,microCT,13.0,M17,SkyScan reconstruction (canonical copy),False,bmc-lab6,,,,,,,,,,,,,,,,,,,,,,,,,,,,,,,,,,,,,,,,,,,,,,,,,,,,,,,,,
atwai:/data0/core/atwai/Anderson_Scott/Multimodal/MultiModal Lung tumor test/raw data/wk13_18_Rec,Folder,atwai,/data0/core/atwai/Anderson_Scott/Multimodal/MultiModal Lung tumor test/raw data/wk13_18_Rec,wk13_18_Rec,698765936.0,710.0,raw,microCT,13.0,M18,SkyScan reconstruction (canonical copy),False,bmc-lab6,,,,,,,,,,,,,,,,,,,,,,,,,,,,,,,,,,,,,,,,,,,,,,,,,,,,,,,,,
atwai:/data0/core/atwai/Anderson_Scott/Multimodal/MultiModal Lung tumor test/raw data/wk13_19_Rec,Folder,atwai,/data0/core/atwai/Anderson_Scott/Multimodal/MultiModal Lung tumor test/raw data/wk13_19_Rec,wk13_19_Rec,600170136.0,610.0,raw,microCT,13.0,M19,SkyScan reconstruction (canonical copy),False,bmc-lab6,,,,,,,,,,,,,,,,,,,,,,,,,,,,,,,,,,,,,,,,,,,,,,,,,,,,,,,,,
atwai:/data0/core/atwai/Anderson_Scott/Multimodal/MultiModal Lung tumor test/raw data/wk13_67_Rec,Folder,atwai,/data0/core/atwai/Anderson_Scott/Multimodal/MultiModal Lung tumor test/raw data/wk13_67_Rec,wk13_67_Rec,628762919.0,639.0,raw,microCT,13.0,M67,SkyScan reconstruction (canonical copy),False,bmc-lab6,,,,,,,,,,,,,,,,,,,,,,,,,,,,,,,,,,,,,,,,,,,,,,,,,,,,,,,,,
atwai:/data0/core/atwai/Anderson_Scott/Multimodal/MultiModal Lung tumor test/raw data/wk13_68_Rec,Folder,atwai,/data0/core/atwai/Anderson_Scott/Multimodal/MultiModal Lung tumor test/raw data/wk13_68_Rec,wk13_68_Rec,618903338.0,629.0,raw,microCT,13.0,M68,SkyScan reconstruction (canonical copy),False,bmc-lab6,,,,,,,,,,,,,,,,,,,,,,,,,,,,,,,,,,,,,,,,,,,,,,,,,,,,,,,,,
atwai:/data0/core/atwai/Anderson_Scott/Multimodal/MultiModal Lung tumor test/raw data/wk13_69_Rec,Folder,atwai,/data0/core/atwai/Anderson_Scott/Multimodal/MultiModal Lung tumor test/raw data/wk13_69_Rec,wk13_69_Rec,597212262.0,607.0,raw,microCT,13.0,M69,SkyScan reconstruction (canonical copy),False,bmc-lab6,,,,,,,,,,,,,,,,,,,,,,,,,,,,,,,,,,,,,,,,,,,,,,,,,,,,,,,,,
atwai:/data0/core/atwai/Anderson_Scott/Multimodal/MultiModal Lung tumor test/raw data/wk14_10_Rec,Folder,atwai,/data0/core/atwai/Anderson_Scott/Multimodal/MultiModal Lung tumor test/raw data/wk14_10_Rec,wk14_10_Rec,433633757.0,672.0,raw,microCT,14.0,M10,SkyScan reconstruction (canonical copy),False,bmc-lab6,,,,,,,,,,,,,,,,,,,,,,,,,,,,,,,,,,,,,,,,,,,,,,,,,,,,,,,,,
atwai:/data0/core/atwai/Anderson_Scott/Multimodal/MultiModal Lung tumor test/raw data/wk14_11_Rec,Folder,atwai,/data0/core/atwai/Anderson_Scott/Multimodal/MultiModal Lung tumor test/raw data/wk14_11_Rec,wk14_11_Rec,433633757.0,672.0,raw,microCT,14.0,M11,SkyScan reconstruction (canonical copy),False,bmc-lab6,,,,,,,,,,,,,,,,,,,,,,,,,,,,,,,,,,,,,,,,,,,,,,,,,,,,,,,,,
atwai:/data0/core/atwai/Anderson_Scott/Multimodal/MultiModal Lung tumor test/raw data/wk14_12_Rec,Folder,atwai,/data0/core/atwai/Anderson_Scott/Multimodal/MultiModal Lung tumor test/raw data/wk14_12_Rec,wk14_12_Rec,433633758.0,672.0,raw,microCT,14.0,M12,SkyScan reconstruction (canonical copy),False,bmc-lab6,,,,,,,,,,,,,,,,,,,,,,,,,,,,,,,,,,,,,,,,,,,,,,,,,,,,,,,,,
atwai:/data0/core/atwai/Anderson_Scott/Multimodal/MultiModal Lung tumor test/raw data/wk14_13_Rec,Folder,atwai,/data0/core/atwai/Anderson_Scott/Multimodal/MultiModal Lung tumor test/raw data/wk14_13_Rec,wk14_13_Rec,433633757.0,672.0,raw,microCT,14.0,M13,SkyScan reconstruction (canonical copy),False,bmc-lab6,,,,,,,,,,,,,,,,,,,,,,,,,,,,,,,,,,,,,,,,,,,,,,,,,,,,,,,,,
atwai:/data0/core/atwai/Anderson_Scott/Multimodal/MultiModal Lung tumor test/raw data/wk14_14_Rec,Folder,atwai,/data0/core/atwai/Anderson_Scott/Multimodal/MultiModal Lung tumor test/raw data/wk14_14_Rec,wk14_14_Rec,433633758.0,672.0,raw,microCT,14.0,M14,SkyScan reconstruction (canonical copy),False,bmc-lab6,,,,,,,,,,,,,,,,,,,,,,,,,,,,,,,,,,,,,,,,,,,,,,,,,,,,,,,,,
atwai:/data0/core/atwai/Anderson_Scott/Multimodal/MultiModal Lung tumor test/raw data/wk14_15_Rec,Folder,atwai,/data0/core/atwai/Anderson_Scott/Multimodal/MultiModal Lung tumor test/raw data/wk14_15_Rec,wk14_15_Rec,433633757.0,672.0,raw,microCT,14.0,M15,SkyScan reconstruction (canonical copy),False,bmc-lab6,,,,,,,,,,,,,,,,,,,,,,,,,,,,,,,,,,,,,,,,,,,,,,,,,,,,,,,,,
atwai:/data0/core/atwai/Anderson_Scott/Multimodal/MultiModal Lung tumor test/raw data/wk14_17_Rec,Folder,atwai,/data0/core/atwai/Anderson_Scott/Multimodal/MultiModal Lung tumor test/raw data/wk14_17_Rec,wk14_17_Rec,433633757.0,672.0,raw,microCT,14.0,M17,SkyScan reconstruction (canonical copy),False,bmc-lab6,,,,,,,,,,,,,,,,,,,,,,,,,,,,,,,,,,,,,,,,,,,,,,,,,,,,,,,,,
atwai:/data0/core/atwai/Anderson_Scott/Multimodal/MultiModal Lung tumor test/raw data/wk14_18_Rec,Folder,atwai,/data0/core/atwai/Anderson_Scott/Multimodal/MultiModal Lung tumor test/raw data/wk14_18_Rec,wk14_18_Rec,433633757.0,672.0,raw,microCT,14.0,M18,SkyScan reconstruction (canonical copy),False,bmc-lab6,,,,,,,,,,,,,,,,,,,,,,,,,,,,,,,,,,,,,,,,,,,,,,,,,,,,,,,,,
atwai:/data0/core/atwai/Anderson_Scott/Multimodal/MultiModal Lung tumor test/raw data/wk14_19_Rec,Folder,atwai,/data0/core/atwai/Anderson_Scott/Multimodal/MultiModal Lung tumor test/raw data/wk14_19_Rec,wk14_19_Rec,433633757.0,672.0,raw,microCT,14.0,M19,SkyScan reconstruction (canonical copy),False,bmc-lab6,,,,,,,,,,,,,,,,,,,,,,,,,,,,,,,,,,,,,,,,,,,,,,,,,,,,,,,,,
atwai:/data0/core/atwai/Anderson_Scott/Multimodal/MultiModal Lung tumor test/raw data/wk14_67_Rec,Folder,atwai,/data0/core/atwai/Anderson_Scott/Multimodal/MultiModal Lung tumor test/raw data/wk14_67_Rec,wk14_67_Rec,433633758.0,672.0,raw,microCT,14.0,M67,SkyScan reconstruction (canonical copy),False,bmc-lab6,,,,,,,,,,,,,,,,,,,,,,,,,,,,,,,,,,,,,,,,,,,,,,,,,,,,,,,,,
atwai:/data0/core/atwai/Anderson_Scott/Multimodal/MultiModal Lung tumor test/raw data/wk14_68_Rec,Folder,atwai,/data0/core/atwai/Anderson_Scott/Multimodal/MultiModal Lung tumor test/raw data/wk14_68_Rec,wk14_68_Rec,433633757.0,672.0,raw,microCT,14.0,M68,SkyScan reconstruction (canonical copy),False,bmc-lab6,,,,,,,,,,,,,,,,,,,,,,,,,,,,,,,,,,,,,,,,,,,,,,,,,,,,,,,,,
atwai:/data0/core/atwai/Anderson_Scott/Multimodal/MultiModal Lung tumor test/raw data/wk14_69_Rec,Folder,atwai,/data0/core/atwai/Anderson_Scott/Multimodal/MultiModal Lung tumor test/raw data/wk14_69_Rec,wk14_69_Rec,433633757.0,672.0,raw,microCT,14.0,M69,SkyScan reconstruction (canonical copy),False,bmc-lab6,,,,,,,,,,,,,,,,,,,,,,,,,,,,,,,,,,,,,,,,,,,,,,,,,,,,,,,,,
atwai:/data0/core/atwai/Anderson_Scott/Multimodal/MultiModal Lung tumor test/raw data/wk6-10_Rec,Folder,atwai,/data0/core/atwai/Anderson_Scott/Multimodal/MultiModal Lung tumor test/raw data/wk6-10_Rec,wk6-10_Rec,489742831.0,498.0,raw,microCT,6.0,M10,SkyScan reconstruction (canonical copy),False,bmc-lab6,,,,,,,,,,,,,,,,,,,,,,,,,,,,,,,,,,,,,,,,,,,,,,,,,,,,,,,,,
atwai:/data0/core/atwai/Anderson_Scott/Multimodal/MultiModal Lung tumor test/raw data/wk6-11_Rec,Folder,atwai,/data0/core/atwai/Anderson_Scott/Multimodal/MultiModal Lung tumor test/raw data/wk6-11_Rec,wk6-11_Rec,561847038.0,571.0,raw,microCT,6.0,M11,SkyScan reconstruction (canonical copy),False,bmc-lab6,,,,,,,,,,,,,,,,,,,,,,,,,,,,,,,,,,,,,,,,,,,,,,,,,,,,,,,,,
atwai:/data0/core/atwai/Anderson_Scott/Multimodal/MultiModal Lung tumor test/raw data/wk6-12_Rec,Folder,atwai,/data0/core/atwai/Anderson_Scott/Multimodal/MultiModal Lung tumor test/raw data/wk6-12_Rec,wk6-12_Rec,545942437.0,555.0,raw,microCT,6.0,M12,SkyScan reconstruction (canonical copy),False,bmc-lab6,,,,,,,,,,,,,,,,,,,,,,,,,,,,,,,,,,,,,,,,,,,,,,,,,,,,,,,,,
atwai:/data0/core/atwai/Anderson_Scott/Multimodal/MultiModal Lung tumor test/raw data/wk6-13_Rec,Folder,atwai,/data0/core/atwai/Anderson_Scott/Multimodal/MultiModal Lung tumor test/raw data/wk6-13_Rec,wk6-13_Rec,549886268.0,559.0,raw,microCT,6.0,M13,SkyScan reconstruction (canonical copy),False,bmc-lab6,,,,,,,,,,,,,,,,,,,,,,,,,,,,,,,,,,,,,,,,,,,,,,,,,,,,,,,,,
atwai:/data0/core/atwai/Anderson_Scott/Multimodal/MultiModal Lung tumor test/raw data/wk6-14_Rec,Folder,atwai,/data0/core/atwai/Anderson_Scott/Multimodal/MultiModal Lung tumor test/raw data/wk6-14_Rec,wk6-14_Rec,574535219.0,584.0,raw,microCT,6.0,M14,SkyScan reconstruction (canonical copy),False,bmc-lab6,,,,,,,,,,,,,,,,,,,,,,,,,,,,,,,,,,,,,,,,,,,,,,,,,,,,,,,,,
atwai:/data0/core/atwai/Anderson_Scott/Multimodal/MultiModal Lung tumor test/raw data/wk6-15_Rec,Folder,atwai,/data0/core/atwai/Anderson_Scott/Multimodal/MultiModal Lung tumor test/raw data/wk6-15_Rec,wk6-15_Rec,502689558.0,511.0,raw,microCT,6.0,M15,SkyScan reconstruction (canonical copy),False,bmc-lab6,,,,,,,,,,,,,,,,,,,,,,,,,,,,,,,,,,,,,,,,,,,,,,,,,,,,,,,,,
atwai:/data0/core/atwai/Anderson_Scott/Multimodal/MultiModal Lung tumor test/raw data/wk6-17_Rec,Folder,atwai,/data0/core/atwai/Anderson_Scott/Multimodal/MultiModal Lung tumor test/raw data/wk6-17_Rec,wk6-17_Rec,502689558.0,511.0,raw,microCT,6.0,M17,SkyScan reconstruction (canonical copy),False,bmc-lab6,,,,,,,,,,,,,,,,,,,,,,,,,,,,,,,,,,,,,,,,,,,,,,,,,,,,,,,,,
atwai:/data0/core/atwai/Anderson_Scott/Multimodal/MultiModal Lung tumor test/raw data/wk6-18_Rec,Folder,atwai,/data0/core/atwai/Anderson_Scott/Multimodal/MultiModal Lung tumor test/raw data/wk6-18_Rec,wk6-18_Rec,586495988.0,596.0,raw,microCT,6.0,M18,SkyScan reconstruction (canonical copy),False,bmc-lab6,,,,,,,,,,,,,,,,,,,,,,,,,,,,,,,,,,,,,,,,,,,,,,,,,,,,,,,,,
atwai:/data0/core/atwai/Anderson_Scott/Multimodal/MultiModal Lung tumor test/raw data/wk6-19_Rec,Folder,atwai,/data0/core/atwai/Anderson_Scott/Multimodal/MultiModal Lung tumor test/raw data/wk6-19_Rec,wk6-19_Rec,500588368.0,509.0,raw,microCT,6.0,M19,SkyScan reconstruction (canonical copy),False,bmc-lab6,,,,,,,,,,,,,,,,,,,,,,,,,,,,,,,,,,,,,,,,,,,,,,,,,,,,,,,,,
atwai:/data0/core/atwai/Anderson_Scott/Multimodal/MultiModal Lung tumor test/raw data/wk6-67_Rec,Folder,atwai,/data0/core/atwai/Anderson_Scott/Multimodal/MultiModal Lung tumor test/raw data/wk6-67_Rec,wk6-67_Rec,534240215.0,543.0,raw,microCT,6.0,M67,SkyScan reconstruction (canonical copy),False,bmc-lab6,,,,,,,,,,,,,,,,,,,,,,,,,,,,,,,,,,,,,,,,,,,,,,,,,,,,,,,,,
atwai:/data0/core/atwai/Anderson_Scott/Multimodal/MultiModal Lung tumor test/raw data/wk6-68_Rec,Folder,atwai,/data0/core/atwai/Anderson_Scott/Multimodal/MultiModal Lung tumor test/raw data/wk6-68_Rec,wk6-68_Rec,519321570.0,528.0,raw,microCT,6.0,M68,SkyScan reconstruction (canonical copy),False,bmc-lab6,,,,,,,,,,,,,,,,,,,,,,,,,,,,,,,,,,,,,,,,,,,,,,,,,,,,,,,,,
atwai:/data0/core/atwai/Anderson_Scott/Multimodal/MultiModal Lung tumor test/raw data/wk6-69_Rec,Folder,atwai,/data0/core/atwai/Anderson_Scott/Multimodal/MultiModal Lung tumor test/raw data/wk6-69_Rec,wk6-69_Rec,502689559.0,511.0,raw,microCT,6.0,M69,SkyScan reconstruction (canonical copy),False,bmc-lab6,,,,,,,,,,,,,,,,,,,,,,,,,,,,,,,,,,,,,,,,,,,,,,,,,,,,,,,,,
atwai:/data0/core/atwai/Anderson_Scott/Multimodal/MultiModal Lung tumor test/raw data/wk6-75_Rec,Folder,atwai,/data0/core/atwai/Anderson_Scott/Multimodal/MultiModal Lung tumor test/raw data/wk6-75_Rec,wk6-75_Rec,500588372.0,509.0,raw,microCT,6.0,M75,SkyScan reconstruction (canonical copy),False,bmc-lab6,,,,,,,,,,,,,,,,,,,,,,,,,,,,,,,,,,,,,,,,,,,,,,,,,,,,,,,,,
atwai:/data0/core/atwai/Anderson_Scott/Multimodal/MultiModal Lung tumor test/raw data/wk7-10_Rec,Folder,atwai,/data0/core/atwai/Anderson_Scott/Multimodal/MultiModal Lung tumor test/raw data/wk7-10_Rec,wk7-10_Rec,505537209.0,564.0,raw,microCT,7.0,M10,SkyScan reconstruction (canonical copy),False,bmc-lab6,,,,,,,,,,,,,,,,,,,,,,,,,,,,,,,,,,,,,,,,,,,,,,,,,,,,,,,,,
atwai:/data0/core/atwai/Anderson_Scott/Multimodal/MultiModal Lung tumor test/raw data/wk7-11_Rec,Folder,atwai,/data0/core/atwai/Anderson_Scott/Multimodal/MultiModal Lung tumor test/raw data/wk7-11_Rec,wk7-11_Rec,461571768.0,515.0,raw,microCT,7.0,M11,SkyScan reconstruction (canonical copy),False,bmc-lab6,,,,,,,,,,,,,,,,,,,,,,,,,,,,,,,,,,,,,,,,,,,,,,,,,,,,,,,,,
atwai:/data0/core/atwai/Anderson_Scott/Multimodal/MultiModal Lung tumor test/raw data/wk7-12_Rec,Folder,atwai,/data0/core/atwai/Anderson_Scott/Multimodal/MultiModal Lung tumor test/raw data/wk7-12_Rec,wk7-12_Rec,471441562.0,526.0,raw,microCT,7.0,M12,SkyScan reconstruction (canonical copy),False,bmc-lab6,,,,,,,,,,,,,,,,,,,,,,,,,,,,,,,,,,,,,,,,,,,,,,,,,,,,,,,,,
atwai:/data0/core/atwai/Anderson_Scott/Multimodal/MultiModal Lung tumor test/raw data/wk7-13_Rec,Folder,atwai,/data0/core/atwai/Anderson_Scott/Multimodal/MultiModal Lung tumor test/raw data/wk7-13_Rec,wk7-13_Rec,493713161.0,572.0,raw,microCT,7.0,M13,SkyScan reconstruction (canonical copy),False,bmc-lab6,,,,,,,,,,,,,,,,,,,,,,,,,,,,,,,,,,,,,,,,,,,,,,,,,,,,,,,,,
atwai:/data0/core/atwai/Anderson_Scott/Multimodal/MultiModal Lung tumor test/raw data/wk7-14_Rec,Folder,atwai,/data0/core/atwai/Anderson_Scott/Multimodal/MultiModal Lung tumor test/raw data/wk7-14_Rec,wk7-14_Rec,542324624.0,605.0,raw,microCT,7.0,M14,SkyScan reconstruction (canonical copy),False,bmc-lab6,,,,,,,,,,,,,,,,,,,,,,,,,,,,,,,,,,,,,,,,,,,,,,,,,,,,,,,,,
atwai:/data0/core/atwai/Anderson_Scott/Multimodal/MultiModal Lung tumor test/raw data/wk7-15_Rec,Folder,atwai,/data0/core/atwai/Anderson_Scott/Multimodal/MultiModal Lung tumor test/raw data/wk7-15_Rec,wk7-15_Rec,551887726.0,616.0,raw,microCT,7.0,M15,SkyScan reconstruction (canonical copy),False,bmc-lab6,,,,,,,,,,,,,,,,,,,,,,,,,,,,,,,,,,,,,,,,,,,,,,,,,,,,,,,,,
atwai:/data0/core/atwai/Anderson_Scott/Multimodal/MultiModal Lung tumor test/raw data/wk7-17_Rec,Folder,atwai,/data0/core/atwai/Anderson_Scott/Multimodal/MultiModal Lung tumor test/raw data/wk7-17_Rec,wk7-17_Rec,485797612.0,542.0,raw,microCT,7.0,M17,SkyScan reconstruction (canonical copy),False,bmc-lab6,,,,,,,,,,,,,,,,,,,,,,,,,,,,,,,,,,,,,,,,,,,,,,,,,,,,,,,,,
atwai:/data0/core/atwai/Anderson_Scott/Multimodal/MultiModal Lung tumor test/raw data/wk7-18_Rec,Folder,atwai,/data0/core/atwai/Anderson_Scott/Multimodal/MultiModal Lung tumor test/raw data/wk7-18_Rec,wk7-18_Rec,484593677.0,541.0,raw,microCT,7.0,M18,SkyScan reconstruction (canonical copy),False,bmc-lab6,,,,,,,,,,,,,,,,,,,,,,,,,,,,,,,,,,,,,,,,,,,,,,,,,,,,,,,,,
atwai:/data0/core/atwai/Anderson_Scott/Multimodal/MultiModal Lung tumor test/raw data/wk7-19_Rec,Folder,atwai,/data0/core/atwai/Anderson_Scott/Multimodal/MultiModal Lung tumor test/raw data/wk7-19_Rec,wk7-19_Rec,542915194.0,606.0,raw,microCT,7.0,M19,SkyScan reconstruction (canonical copy),False,bmc-lab6,,,,,,,,,,,,,,,,,,,,,,,,,,,,,,,,,,,,,,,,,,,,,,,,,,,,,,,,,
atwai:/data0/core/atwai/Anderson_Scott/Multimodal/MultiModal Lung tumor test/raw data/wk7-67_Rec,Folder,atwai,/data0/core/atwai/Anderson_Scott/Multimodal/MultiModal Lung tumor test/raw data/wk7-67_Rec,wk7-67_Rec,555893946.0,644.0,raw,microCT,7.0,M67,SkyScan reconstruction (canonical copy),False,bmc-lab6,,,,,,,,,,,,,,,,,,,,,,,,,,,,,,,,,,,,,,,,,,,,,,,,,,,,,,,,,
atwai:/data0/core/atwai/Anderson_Scott/Multimodal/MultiModal Lung tumor test/raw data/wk7-68_Rec,Folder,atwai,/data0/core/atwai/Anderson_Scott/Multimodal/MultiModal Lung tumor test/raw data/wk7-68_Rec,wk7-68_Rec,478167965.0,554.0,raw,microCT,7.0,M68,SkyScan reconstruction (canonical copy),False,bmc-lab6,,,,,,,,,,,,,,,,,,,,,,,,,,,,,,,,,,,,,,,,,,,,,,,,,,,,,,,,,
atwai:/data0/core/atwai/Anderson_Scott/Multimodal/MultiModal Lung tumor test/raw data/wk7-69_Rec,Folder,atwai,/data0/core/atwai/Anderson_Scott/Multimodal/MultiModal Lung tumor test/raw data/wk7-69_Rec,wk7-69_Rec,572302764.0,663.0,raw,microCT,7.0,M69,SkyScan reconstruction (canonical copy),False,bmc-lab6,,,,,,,,,,,,,,,,,,,,,,,,,,,,,,,,,,,,,,,,,,,,,,,,,,,,,,,,,
atwai:/data0/core/atwai/Anderson_Scott/Multimodal/MultiModal Lung tumor test/raw data/wk7-75_Rec,Folder,atwai,/data0/core/atwai/Anderson_Scott/Multimodal/MultiModal Lung tumor test/raw data/wk7-75_Rec,wk7-75_Rec,526174051.0,587.0,raw,microCT,7.0,M75,SkyScan reconstruction (canonical copy),False,bmc-lab6,,,,,,,,,,,,,,,,,,,,,,,,,,,,,,,,,,,,,,,,,,,,,,,,,,,,,,,,,
atwai:/data0/core/atwai/Anderson_Scott/Multimodal/MultiModal Lung tumor test/raw data/wk8_10_Rec,Folder,atwai,/data0/core/atwai/Anderson_Scott/Multimodal/MultiModal Lung tumor test/raw data/wk8_10_Rec,wk8_10_Rec,572474429.0,629.0,raw,microCT,8.0,M10,SkyScan reconstruction (canonical copy),False,bmc-lab6,,,,,,,,,,,,,,,,,,,,,,,,,,,,,,,,,,,,,,,,,,,,,,,,,,,,,,,,,
atwai:/data0/core/atwai/Anderson_Scott/Multimodal/MultiModal Lung tumor test/raw data/wk8_11_Rec,Folder,atwai,/data0/core/atwai/Anderson_Scott/Multimodal/MultiModal Lung tumor test/raw data/wk8_11_Rec,wk8_11_Rec,523983053.0,577.0,raw,microCT,8.0,M11,SkyScan reconstruction (canonical copy),False,bmc-lab6,,,,,,,,,,,,,,,,,,,,,,,,,,,,,,,,,,,,,,,,,,,,,,,,,,,,,,,,,
atwai:/data0/core/atwai/Anderson_Scott/Multimodal/MultiModal Lung tumor test/raw data/wk8_12_Rec,Folder,atwai,/data0/core/atwai/Anderson_Scott/Multimodal/MultiModal Lung tumor test/raw data/wk8_12_Rec,wk8_12_Rec,559741145.0,616.0,raw,microCT,8.0,M12,SkyScan reconstruction (canonical copy),False,bmc-lab6,,,,,,,,,,,,,,,,,,,,,,,,,,,,,,,,,,,,,,,,,,,,,,,,,,,,,,,,,
atwai:/data0/core/atwai/Anderson_Scott/Multimodal/MultiModal Lung tumor test/raw data/wk8_13_Rec,Folder,atwai,/data0/core/atwai/Anderson_Scott/Multimodal/MultiModal Lung tumor test/raw data/wk8_13_Rec,wk8_13_Rec,635869510.0,700.0,raw,microCT,8.0,M13,SkyScan reconstruction (canonical copy),False,bmc-lab6,,,,,,,,,,,,,,,,,,,,,,,,,,,,,,,,,,,,,,,,,,,,,,,,,,,,,,,,,
atwai:/data0/core/atwai/Anderson_Scott/Multimodal/MultiModal Lung tumor test/raw data/wk8_14_Rec,Folder,atwai,/data0/core/atwai/Anderson_Scott/Multimodal/MultiModal Lung tumor test/raw data/wk8_14_Rec,wk8_14_Rec,554283269.0,610.0,raw,microCT,8.0,M14,SkyScan reconstruction (canonical copy),False,bmc-lab6,,,,,,,,,,,,,,,,,,,,,,,,,,,,,,,,,,,,,,,,,,,,,,,,,,,,,,,,,
atwai:/data0/core/atwai/Anderson_Scott/Multimodal/MultiModal Lung tumor test/raw data/wk8_15_Rec,Folder,atwai,/data0/core/atwai/Anderson_Scott/Multimodal/MultiModal Lung tumor test/raw data/wk8_15_Rec,wk8_15_Rec,515168490.0,567.0,raw,microCT,8.0,M15,SkyScan reconstruction (canonical copy),False,bmc-lab6,,,,,,,,,,,,,,,,,,,,,,,,,,,,,,,,,,,,,,,,,,,,,,,,,,,,,,,,,
atwai:/data0/core/atwai/Anderson_Scott/Multimodal/MultiModal Lung tumor test/raw data/wk8_17_Rec,Folder,atwai,/data0/core/atwai/Anderson_Scott/Multimodal/MultiModal Lung tumor test/raw data/wk8_17_Rec,wk8_17_Rec,475144066.0,523.0,raw,microCT,8.0,M17,SkyScan reconstruction (canonical copy),False,bmc-lab6,,,,,,,,,,,,,,,,,,,,,,,,,,,,,,,,,,,,,,,,,,,,,,,,,,,,,,,,,
atwai:/data0/core/atwai/Anderson_Scott/Multimodal/MultiModal Lung tumor test/raw data/wk8_18_Rec,Folder,atwai,/data0/core/atwai/Anderson_Scott/Multimodal/MultiModal Lung tumor test/raw data/wk8_18_Rec,wk8_18_Rec,532451764.0,586.0,raw,microCT,8.0,M18,SkyScan reconstruction (canonical copy),False,bmc-lab6,,,,,,,,,,,,,,,,,,,,,,,,,,,,,,,,,,,,,,,,,,,,,,,,,,,,,,,,,
atwai:/data0/core/atwai/Anderson_Scott/Multimodal/MultiModal Lung tumor test/raw data/wk8_19_Rec,Folder,atwai,/data0/core/atwai/Anderson_Scott/Multimodal/MultiModal Lung tumor test/raw data/wk8_19_Rec,wk8_19_Rec,518807075.0,571.0,raw,microCT,8.0,M19,SkyScan reconstruction (canonical copy),False,bmc-lab6,,,,,,,,,,,,,,,,,,,,,,,,,,,,,,,,,,,,,,,,,,,,,,,,,,,,,,,,,
atwai:/data0/core/atwai/Anderson_Scott/Multimodal/MultiModal Lung tumor test/raw data/wk8_67_Rec,Folder,atwai,/data0/core/atwai/Anderson_Scott/Multimodal/MultiModal Lung tumor test/raw data/wk8_67_Rec,wk8_67_Rec,517897429.0,570.0,raw,microCT,8.0,M67,SkyScan reconstruction (canonical copy),False,bmc-lab6,,,,,,,,,,,,,,,,,,,,,,,,,,,,,,,,,,,,,,,,,,,,,,,,,,,,,,,,,
atwai:/data0/core/atwai/Anderson_Scott/Multimodal/MultiModal Lung tumor test/raw data/wk8_68_Rec,Folder,atwai,/data0/core/atwai/Anderson_Scott/Multimodal/MultiModal Lung tumor test/raw data/wk8_68_Rec,wk8_68_Rec,601584861.0,662.0,raw,microCT,8.0,M68,SkyScan reconstruction (canonical copy),False,bmc-lab6,,,,,,,,,,,,,,,,,,,,,,,,,,,,,,,,,,,,,,,,,,,,,,,,,,,,,,,,,
atwai:/data0/core/atwai/Anderson_Scott/Multimodal/MultiModal Lung tumor test/raw data/wk8_69_Rec,Folder,atwai,/data0/core/atwai/Anderson_Scott/Multimodal/MultiModal Lung tumor test/raw data/wk8_69_Rec,wk8_69_Rec,590669108.0,650.0,raw,microCT,8.0,M69,SkyScan reconstruction (canonical copy),False,bmc-lab6,,,,,,,,,,,,,,,,,,,,,,,,,,,,,,,,,,,,,,,,,,,,,,,,,,,,,,,,,
atwai:/data0/core/atwai/Anderson_Scott/Multimodal/MultiModal Lung tumor test/raw data/wk8_75_Rec,Folder,atwai,/data0/core/atwai/Anderson_Scott/Multimodal/MultiModal Lung tumor test/raw data/wk8_75_Rec,wk8_75_Rec,561560436.0,618.0,raw,microCT,8.0,M75,SkyScan reconstruction (canonical copy),False,bmc-lab6,,,,,,,,,,,,,,,,,,,,,,,,,,,,,,,,,,,,,,,,,,,,,,,,,,,,,,,,,
atwai:/data0/core/atwai/Anderson_Scott/Multimodal/MultiModal Lung tumor test/raw data/wk9_10_Rec,Folder,atwai,/data0/core/atwai/Anderson_Scott/Multimodal/MultiModal Lung tumor test/raw data/wk9_10_Rec,wk9_10_Rec,625863421.0,689.0,raw,microCT,9.0,M10,SkyScan reconstruction (canonical copy),False,bmc-lab6,,,,,,,,,,,,,,,,,,,,,,,,,,,,,,,,,,,,,,,,,,,,,,,,,,,,,,,,,
atwai:/data0/core/atwai/Anderson_Scott/Multimodal/MultiModal Lung tumor test/raw data/wk9_11_Rec,Folder,atwai,/data0/core/atwai/Anderson_Scott/Multimodal/MultiModal Lung tumor test/raw data/wk9_11_Rec,wk9_11_Rec,623134483.0,686.0,raw,microCT,9.0,M11,SkyScan reconstruction (canonical copy),False,bmc-lab6,,,,,,,,,,,,,,,,,,,,,,,,,,,,,,,,,,,,,,,,,,,,,,,,,,,,,,,,,
atwai:/data0/core/atwai/Anderson_Scott/Multimodal/MultiModal Lung tumor test/raw data/wk9_12_Rec,Folder,atwai,/data0/core/atwai/Anderson_Scott/Multimodal/MultiModal Lung tumor test/raw data/wk9_12_Rec,wk9_12_Rec,583110064.0,642.0,raw,microCT,9.0,M12,SkyScan reconstruction (canonical copy),False,bmc-lab6,,,,,,,,,,,,,,,,,,,,,,,,,,,,,,,,,,,,,,,,,,,,,,,,,,,,,,,,,
atwai:/data0/core/atwai/Anderson_Scott/Multimodal/MultiModal Lung tumor test/raw data/wk9_13_Rec,Folder,atwai,/data0/core/atwai/Anderson_Scott/Multimodal/MultiModal Lung tumor test/raw data/wk9_13_Rec,wk9_13_Rec,613128378.0,675.0,raw,microCT,9.0,M13,SkyScan reconstruction (canonical copy),False,bmc-lab6,,,,,,,,,,,,,,,,,,,,,,,,,,,,,,,,,,,,,,,,,,,,,,,,,,,,,,,,,
atwai:/data0/core/atwai/Anderson_Scott/Multimodal/MultiModal Lung tumor test/raw data/wk9_14_Rec,Folder,atwai,/data0/core/atwai/Anderson_Scott/Multimodal/MultiModal Lung tumor test/raw data/wk9_14_Rec,wk9_14_Rec,556730326.0,613.0,raw,microCT,9.0,M14,SkyScan reconstruction (canonical copy),False,bmc-lab6,,,,,,,,,,,,,,,,,,,,,,,,,,,,,,,,,,,,,,,,,,,,,,,,,,,,,,,,,
atwai:/data0/core/atwai/Anderson_Scott/Multimodal/MultiModal Lung tumor test/raw data/wk9_15_Rec,Folder,atwai,/data0/core/atwai/Anderson_Scott/Multimodal/MultiModal Lung tumor test/raw data/wk9_15_Rec,wk9_15_Rec,587658290.0,647.0,raw,microCT,9.0,M15,SkyScan reconstruction (canonical copy),False,bmc-lab6,,,,,,,,,,,,,,,,,,,,,,,,,,,,,,,,,,,,,,,,,,,,,,,,,,,,,,,,,
atwai:/data0/core/atwai/Anderson_Scott/Multimodal/MultiModal Lung tumor test/raw data/wk9_17_Rec,Folder,atwai,/data0/core/atwai/Anderson_Scott/Multimodal/MultiModal Lung tumor test/raw data/wk9_17_Rec,wk9_17_Rec,577652183.0,636.0,raw,microCT,9.0,M17,SkyScan reconstruction (canonical copy),False,bmc-lab6,,,,,,,,,,,,,,,,,,,,,,,,,,,,,,,,,,,,,,,,,,,,,,,,,,,,,,,,,
atwai:/data0/core/atwai/Anderson_Scott/Multimodal/MultiModal Lung tumor test/raw data/wk9_18_Rec,Folder,atwai,/data0/core/atwai/Anderson_Scott/Multimodal/MultiModal Lung tumor test/raw data/wk9_18_Rec,wk9_18_Rec,591296873.0,651.0,raw,microCT,9.0,M18,SkyScan reconstruction (canonical copy),False,bmc-lab6,,,,,,,,,,,,,,,,,,,,,,,,,,,,,,,,,,,,,,,,,,,,,,,,,,,,,,,,,
atwai:/data0/core/atwai/Anderson_Scott/Multimodal/MultiModal Lung tumor test/raw data/wk9_19_Rec,Folder,atwai,/data0/core/atwai/Anderson_Scott/Multimodal/MultiModal Lung tumor test/raw data/wk9_19_Rec,wk9_19_Rec,658610678.0,725.0,raw,microCT,9.0,M19,SkyScan reconstruction (canonical copy),False,bmc-lab6,,,,,,,,,,,,,,,,,,,,,,,,,,,,,,,,,,,,,,,,,,,,,,,,,,,,,,,,,
atwai:/data0/core/atwai/Anderson_Scott/Multimodal/MultiModal Lung tumor test/raw data/wk9_67_Rec,Folder,atwai,/data0/core/atwai/Anderson_Scott/Multimodal/MultiModal Lung tumor test/raw data/wk9_67_Rec,wk9_67_Rec,613128377.0,675.0,raw,microCT,9.0,M67,SkyScan reconstruction (canonical copy),False,bmc-lab6,,,,,,,,,,,,,,,,,,,,,,,,,,,,,,,,,,,,,,,,,,,,,,,,,,,,,,,,,
atwai:/data0/core/atwai/Anderson_Scott/Multimodal/MultiModal Lung tumor test/raw data/wk9_68_Rec,Folder,atwai,/data0/core/atwai/Anderson_Scott/Multimodal/MultiModal Lung tumor test/raw data/wk9_68_Rec,wk9_68_Rec,566736432.0,624.0,raw,microCT,9.0,M68,SkyScan reconstruction (canonical copy),False,bmc-lab6,,,,,,,,,,,,,,,,,,,,,,,,,,,,,,,,,,,,,,,,,,,,,,,,,,,,,,,,,
atwai:/data0/core/atwai/Anderson_Scott/Multimodal/MultiModal Lung tumor test/raw data/wk9_69_Rec,Folder,atwai,/data0/core/atwai/Anderson_Scott/Multimodal/MultiModal Lung tumor test/raw data/wk9_69_Rec,wk9_69_Rec,611309085.0,673.0,raw,microCT,9.0,M69,SkyScan reconstruction (canonical copy),False,bmc-lab6,,,,,,,,,,,,,,,,,,,,,,,,,,,,,,,,,,,,,,,,,,,,,,,,,,,,,,,,,
atwai:/data0/core/atwai/Anderson_Scott/Multimodal/MultiModal Lung tumor test/raw data/wk9_75_Rec,Folder,atwai,/data0/core/atwai/Anderson_Scott/Multimodal/MultiModal Lung tumor test/raw data/wk9_75_Rec,wk9_75_Rec,615857319.0,678.0,raw,microCT,9.0,M75,SkyScan reconstruction (canonical copy),False,bmc-lab6,,,,,,,,,,,,,,,,,,,,,,,,,,,,,,,,,,,,,,,,,,,,,,,,,,,,,,,,,
atwai:/data0/core/atwai/Milton_CornwallBrady/Protocol Development in vivo/MultiModal Lung tumor test/wk10_10_Rec,Folder,atwai,/data0/core/atwai/Milton_CornwallBrady/Protocol Development in vivo/MultiModal Lung tumor test/wk10_10_Rec,wk10_10_Rec,651684568.0,702.0,copy,microCT,10.0,M10,copy of the reconstruction,False,bmc-lab6,,,,,,,,,,,,,,,,,,,,,,,,,,,,,,,,,,,,,,,,,,,,,,,,,,,,,,,,,
atwai:/data0/core/atwai/Milton_CornwallBrady/Protocol Development in vivo/MultiModal Lung tumor test/wk10_11_Rec,Folder,atwai,/data0/core/atwai/Milton_CornwallBrady/Protocol Development in vivo/MultiModal Lung tumor test/wk10_11_Rec,wk10_11_Rec,632160323.0,681.0,copy,microCT,10.0,M11,copy of the reconstruction,False,bmc-lab6,,,,,,,,,,,,,,,,,,,,,,,,,,,,,,,,,,,,,,,,,,,,,,,,,,,,,,,,,
atwai:/data0/core/atwai/Milton_CornwallBrady/Protocol Development in vivo/MultiModal Lung tumor test/wk10_12_Rec,Folder,atwai,/data0/core/atwai/Milton_CornwallBrady/Protocol Development in vivo/MultiModal Lung tumor test/wk10_12_Rec,wk10_12_Rec,585674023.0,631.0,copy,microCT,10.0,M12,copy of the reconstruction,False,bmc-lab6,,,,,,,,,,,,,,,,,,,,,,,,,,,,,,,,,,,,,,,,,,,,,,,,,,,,,,,,,
atwai:/data0/core/atwai/Milton_CornwallBrady/Protocol Development in vivo/MultiModal Lung tumor test/wk10_13_Rec,Folder,atwai,/data0/core/atwai/Milton_CornwallBrady/Protocol Development in vivo/MultiModal Lung tumor test/wk10_13_Rec,wk10_13_Rec,625652240.0,674.0,copy,microCT,10.0,M13,copy of the reconstruction,False,bmc-lab6,,,,,,,,,,,,,,,,,,,,,,,,,,,,,,,,,,,,,,,,,,,,,,,,,,,,,,,,,
atwai:/data0/core/atwai/Milton_CornwallBrady/Protocol Development in vivo/MultiModal Lung tumor test/wk10_14_Rec,Folder,atwai,/data0/core/atwai/Milton_CornwallBrady/Protocol Development in vivo/MultiModal Lung tumor test/wk10_14_Rec,wk10_14_Rec,517804025.0,558.0,copy,microCT,10.0,M14,copy of the reconstruction,False,bmc-lab6,,,,,,,,,,,,,,,,,,,,,,,,,,,,,,,,,,,,,,,,,,,,,,,,,,,,,,,,,
atwai:/data0/core/atwai/Milton_CornwallBrady/Protocol Development in vivo/MultiModal Lung tumor test/wk10_15_Rec,Folder,atwai,/data0/core/atwai/Milton_CornwallBrady/Protocol Development in vivo/MultiModal Lung tumor test/wk10_15_Rec,wk10_15_Rec,535468818.0,577.0,copy,microCT,10.0,M15,copy of the reconstruction,False,bmc-lab6,,,,,,,,,,,,,,,,,,,,,,,,,,,,,,,,,,,,,,,,,,,,,,,,,,,,,,,,,
atwai:/data0/core/atwai/Milton_CornwallBrady/Protocol Development in vivo/MultiModal Lung tumor test/wk10_17_Rec,Folder,atwai,/data0/core/atwai/Milton_CornwallBrady/Protocol Development in vivo/MultiModal Lung tumor test/wk10_17_Rec,wk10_17_Rec,513155394.0,553.0,copy,microCT,10.0,M17,copy of the reconstruction,False,bmc-lab6,,,,,,,,,,,,,,,,,,,,,,,,,,,,,,,,,,,,,,,,,,,,,,,,,,,,,,,,,
atwai:/data0/core/atwai/Milton_CornwallBrady/Protocol Development in vivo/MultiModal Lung tumor test/wk10_18_Rec,Folder,atwai,/data0/core/atwai/Milton_CornwallBrady/Protocol Development in vivo/MultiModal Lung tumor test/wk10_18_Rec,wk10_18_Rec,515014846.0,555.0,copy,microCT,10.0,M18,copy of the reconstruction,False,bmc-lab6,,,,,,,,,,,,,,,,,,,,,,,,,,,,,,,,,,,,,,,,,,,,,,,,,,,,,,,,,
atwai:/data0/core/atwai/Milton_CornwallBrady/Protocol Development in vivo/MultiModal Lung tumor test/wk10_19_Rec,Folder,atwai,/data0/core/atwai/Milton_CornwallBrady/Protocol Development in vivo/MultiModal Lung tumor test/wk10_19_Rec,wk10_19_Rec,566149778.0,610.0,copy,microCT,10.0,M19,copy of the reconstruction,False,bmc-lab6,,,,,,,,,,,,,,,,,,,,,,,,,,,,,,,,,,,,,,,,,,,,,,,,,,,,,,,,,
atwai:/data0/core/atwai/Milton_CornwallBrady/Protocol Development in vivo/MultiModal Lung tumor test/wk10_67_Rec,Folder,atwai,/data0/core/atwai/Milton_CornwallBrady/Protocol Development in vivo/MultiModal Lung tumor test/wk10_67_Rec,wk10_67_Rec,595901009.0,642.0,copy,microCT,10.0,M67,copy of the reconstruction,False,bmc-lab6,,,,,,,,,,,,,,,,,,,,,,,,,,,,,,,,,,,,,,,,,,,,,,,,,,,,,,,,,
atwai:/data0/core/atwai/Milton_CornwallBrady/Protocol Development in vivo/MultiModal Lung tumor test/wk10_68_Rec,Folder,atwai,/data0/core/atwai/Milton_CornwallBrady/Protocol Development in vivo/MultiModal Lung tumor test/wk10_68_Rec,wk10_68_Rec,564290324.0,608.0,copy,microCT,10.0,M68,copy of the reconstruction,False,bmc-lab6,,,,,,,,,,,,,,,,,,,,,,,,,,,,,,,,,,,,,,,,,,,,,,,,,,,,,,,,,
atwai:/data0/core/atwai/Milton_CornwallBrady/Protocol Development in vivo/MultiModal Lung tumor test/wk10_69_Rec,Folder,atwai,/data0/core/atwai/Milton_CornwallBrady/Protocol Development in vivo/MultiModal Lung tumor test/wk10_69_Rec,wk10_69_Rec,536398544.0,578.0,copy,microCT,10.0,M69,copy of the reconstruction,False,bmc-lab6,,,,,,,,,,,,,,,,,,,,,,,,,,,,,,,,,,,,,,,,,,,,,,,,,,,,,,,,,
atwai:/data0/core/atwai/Milton_CornwallBrady/Protocol Development in vivo/MultiModal Lung tumor test/wk10_75_Rec,Folder,atwai,/data0/core/atwai/Milton_CornwallBrady/Protocol Development in vivo/MultiModal Lung tumor test/wk10_75_Rec,wk10_75_Rec,556852516.0,600.0,copy,microCT,10.0,M75,copy of the reconstruction,False,bmc-lab6,,,,,,,,,,,,,,,,,,,,,,,,,,,,,,,,,,,,,,,,,,,,,,,,,,,,,,,,,
atwai:/data0/core/atwai/Milton_CornwallBrady/Protocol Development in vivo/MultiModal Lung tumor test/wk11_10_Rec,Folder,atwai,/data0/core/atwai/Milton_CornwallBrady/Protocol Development in vivo/MultiModal Lung tumor test/wk11_10_Rec,wk11_10_Rec,537519266.0,617.0,copy,microCT,11.0,M10,copy of the reconstruction,False,bmc-lab6,,,,,,,,,,,,,,,,,,,,,,,,,,,,,,,,,,,,,,,,,,,,,,,,,,,,,,,,,
atwai:/data0/core/atwai/Milton_CornwallBrady/Protocol Development in vivo/MultiModal Lung tumor test/wk11_11_Rec,Folder,atwai,/data0/core/atwai/Milton_CornwallBrady/Protocol Development in vivo/MultiModal Lung tumor test/wk11_11_Rec,wk11_11_Rec,567177807.0,651.0,copy,microCT,11.0,M11,copy of the reconstruction,False,bmc-lab6,,,,,,,,,,,,,,,,,,,,,,,,,,,,,,,,,,,,,,,,,,,,,,,,,,,,,,,,,
atwai:/data0/core/atwai/Milton_CornwallBrady/Protocol Development in vivo/MultiModal Lung tumor test/wk11_12_Rec,Folder,atwai,/data0/core/atwai/Milton_CornwallBrady/Protocol Development in vivo/MultiModal Lung tumor test/wk11_12_Rec,wk11_12_Rec,530540785.0,609.0,copy,microCT,11.0,M12,copy of the reconstruction,False,bmc-lab6,,,,,,,,,,,,,,,,,,,,,,,,,,,,,,,,,,,,,,,,,,,,,,,,,,,,,,,,,
atwai:/data0/core/atwai/Milton_CornwallBrady/Protocol Development in vivo/MultiModal Lung tumor test/wk11_13_Rec,Folder,atwai,/data0/core/atwai/Milton_CornwallBrady/Protocol Development in vivo/MultiModal Lung tumor test/wk11_13_Rec,wk11_13_Rec,553220845.0,635.0,copy,microCT,11.0,M13,copy of the reconstruction,False,bmc-lab6,,,,,,,,,,,,,,,,,,,,,,,,,,,,,,,,,,,,,,,,,,,,,,,,,,,,,,,,,
atwai:/data0/core/atwai/Milton_CornwallBrady/Protocol Development in vivo/MultiModal Lung tumor test/wk11_14_Rec,Folder,atwai,/data0/core/atwai/Milton_CornwallBrady/Protocol Development in vivo/MultiModal Lung tumor test/wk11_14_Rec,wk11_14_Rec,527051546.0,605.0,copy,microCT,11.0,M14,copy of the reconstruction,False,bmc-lab6,,,,,,,,,,,,,,,,,,,,,,,,,,,,,,,,,,,,,,,,,,,,,,,,,,,,,,,,,
atwai:/data0/core/atwai/Milton_CornwallBrady/Protocol Development in vivo/MultiModal Lung tumor test/wk11_15_Rec,Folder,atwai,/data0/core/atwai/Milton_CornwallBrady/Protocol Development in vivo/MultiModal Lung tumor test/wk11_15_Rec,wk11_15_Rec,502111127.0,576.0,copy,microCT,11.0,M15,copy of the reconstruction,False,bmc-lab6,,,,,,,,,,,,,,,,,,,,,,,,,,,,,,,,,,,,,,,,,,,,,,,,,,,,,,,,,
atwai:/data0/core/atwai/Milton_CornwallBrady/Protocol Development in vivo/MultiModal Lung tumor test/wk11_17_Rec,Folder,atwai,/data0/core/atwai/Milton_CornwallBrady/Protocol Development in vivo/MultiModal Lung tumor test/wk11_17_Rec,wk11_17_Rec,507344987.0,582.0,copy,microCT,11.0,M17,copy of the reconstruction,False,bmc-lab6,,,,,,,,,,,,,,,,,,,,,,,,,,,,,,,,,,,,,,,,,,,,,,,,,,,,,,,,,
atwai:/data0/core/atwai/Milton_CornwallBrady/Protocol Development in vivo/MultiModal Lung tumor test/wk11_18_Rec,Folder,atwai,/data0/core/atwai/Milton_CornwallBrady/Protocol Development in vivo/MultiModal Lung tumor test/wk11_18_Rec,wk11_18_Rec,525306925.0,603.0,copy,microCT,11.0,M18,copy of the reconstruction,False,bmc-lab6,,,,,,,,,,,,,,,,,,,,,,,,,,,,,,,,,,,,,,,,,,,,,,,,,,,,,,,,,
atwai:/data0/core/atwai/Milton_CornwallBrady/Protocol Development in vivo/MultiModal Lung tumor test/wk11_19_Rec,Folder,atwai,/data0/core/atwai/Milton_CornwallBrady/Protocol Development in vivo/MultiModal Lung tumor test/wk11_19_Rec,wk11_19_Rec,507860726.0,583.0,copy,microCT,11.0,M19,copy of the reconstruction,False,bmc-lab6,,,,,,,,,,,,,,,,,,,,,,,,,,,,,,,,,,,,,,,,,,,,,,,,,,,,,,,,,
atwai:/data0/core/atwai/Milton_CornwallBrady/Protocol Development in vivo/MultiModal Lung tumor test/wk11_67_Rec,Folder,atwai,/data0/core/atwai/Milton_CornwallBrady/Protocol Development in vivo/MultiModal Lung tumor test/wk11_67_Rec,wk11_67_Rec,525663497.0,603.0,copy,microCT,11.0,M67,copy of the reconstruction,False,bmc-lab6,,,,,,,,,,,,,,,,,,,,,,,,,,,,,,,,,,,,,,,,,,,,,,,,,,,,,,,,,
atwai:/data0/core/atwai/Milton_CornwallBrady/Protocol Development in vivo/MultiModal Lung tumor test/wk11_68_Rec,Folder,atwai,/data0/core/atwai/Milton_CornwallBrady/Protocol Development in vivo/MultiModal Lung tumor test/wk11_68_Rec,wk11_68_Rec,559327015.0,642.0,copy,microCT,11.0,M68,copy of the reconstruction,False,bmc-lab6,,,,,,,,,,,,,,,,,,,,,,,,,,,,,,,,,,,,,,,,,,,,,,,,,,,,,,,,,
atwai:/data0/core/atwai/Milton_CornwallBrady/Protocol Development in vivo/MultiModal Lung tumor test/wk11_69_Rec,Folder,atwai,/data0/core/atwai/Milton_CornwallBrady/Protocol Development in vivo/MultiModal Lung tumor test/wk11_69_Rec,wk11_69_Rec,564045138.0,647.0,copy,microCT,11.0,M69,copy of the reconstruction,False,bmc-lab6,,,,,,,,,,,,,,,,,,,,,,,,,,,,,,,,,,,,,,,,,,,,,,,,,,,,,,,,,
atwai:/data0/core/atwai/Milton_CornwallBrady/Protocol Development in vivo/MultiModal Lung tumor test/wk11_75_Rec,Folder,atwai,/data0/core/atwai/Milton_CornwallBrady/Protocol Development in vivo/MultiModal Lung tumor test/wk11_75_Rec,wk11_75_Rec,525663497.0,603.0,copy,microCT,11.0,M75,copy of the reconstruction,False,bmc-lab6,,,,,,,,,,,,,,,,,,,,,,,,,,,,,,,,,,,,,,,,,,,,,,,,,,,,,,,,,
atwai:/data0/core/atwai/Milton_CornwallBrady/Protocol Development in vivo/MultiModal Lung tumor test/wk13_10_Rec,Folder,atwai,/data0/core/atwai/Milton_CornwallBrady/Protocol Development in vivo/MultiModal Lung tumor test/wk13_10_Rec,wk13_10_Rec,684962525.0,696.0,copy,microCT,13.0,M10,copy of the reconstruction,False,bmc-lab6,,,,,,,,,,,,,,,,,,,,,,,,,,,,,,,,,,,,,,,,,,,,,,,,,,,,,,,,,
atwai:/data0/core/atwai/Milton_CornwallBrady/Protocol Development in vivo/MultiModal Lung tumor test/wk13_11_Rec,Folder,atwai,/data0/core/atwai/Milton_CornwallBrady/Protocol Development in vivo/MultiModal Lung tumor test/wk13_11_Rec,wk13_11_Rec,686934440.0,698.0,copy,microCT,13.0,M11,copy of the reconstruction,False,bmc-lab6,,,,,,,,,,,,,,,,,,,,,,,,,,,,,,,,,,,,,,,,,,,,,,,,,,,,,,,,,
atwai:/data0/core/atwai/Milton_CornwallBrady/Protocol Development in vivo/MultiModal Lung tumor test/wk13_12_Rec,Folder,atwai,/data0/core/atwai/Milton_CornwallBrady/Protocol Development in vivo/MultiModal Lung tumor test/wk13_12_Rec,wk13_12_Rec,682990608.0,694.0,copy,microCT,13.0,M12,copy of the reconstruction,False,bmc-lab6,,,,,,,,,,,,,,,,,,,,,,,,,,,,,,,,,,,,,,,,,,,,,,,,,,,,,,,,,
atwai:/data0/core/atwai/Milton_CornwallBrady/Protocol Development in vivo/MultiModal Lung tumor test/wk13_13_Rec,Folder,atwai,/data0/core/atwai/Milton_CornwallBrady/Protocol Development in vivo/MultiModal Lung tumor test/wk13_13_Rec,wk13_13_Rec,606085884.0,616.0,copy,microCT,13.0,M13,copy of the reconstruction,False,bmc-lab6,,,,,,,,,,,,,,,,,,,,,,,,,,,,,,,,,,,,,,,,,,,,,,,,,,,,,,,,,
atwai:/data0/core/atwai/Milton_CornwallBrady/Protocol Development in vivo/MultiModal Lung tumor test/wk13_14_Rec,Folder,atwai,/data0/core/atwai/Milton_CornwallBrady/Protocol Development in vivo/MultiModal Lung tumor test/wk13_14_Rec,wk13_14_Rec,671159112.0,682.0,copy,microCT,13.0,M14,copy of the reconstruction,False,bmc-lab6,,,,,,,,,,,,,,,,,,,,,,,,,,,,,,,,,,,,,,,,,,,,,,,,,,,,,,,,,
atwai:/data0/core/atwai/Milton_CornwallBrady/Protocol Development in vivo/MultiModal Lung tumor test/wk13_15_Rec,Folder,atwai,/data0/core/atwai/Milton_CornwallBrady/Protocol Development in vivo/MultiModal Lung tumor test/wk13_15_Rec,wk13_15_Rec,697779978.0,709.0,copy,microCT,13.0,M15,copy of the reconstruction,False,bmc-lab6,,,,,,,,,,,,,,,,,,,,,,,,,,,,,,,,,,,,,,,,,,,,,,,,,,,,,,,,,
atwai:/data0/core/atwai/Milton_CornwallBrady/Protocol Development in vivo/MultiModal Lung tumor test/wk13_17_Rec,Folder,atwai,/data0/core/atwai/Milton_CornwallBrady/Protocol Development in vivo/MultiModal Lung tumor test/wk13_17_Rec,wk13_17_Rec,639608457.0,650.0,copy,microCT,13.0,M17,copy of the reconstruction,False,bmc-lab6,,,,,,,,,,,,,,,,,,,,,,,,,,,,,,,,,,,,,,,,,,,,,,,,,,,,,,,,,
atwai:/data0/core/atwai/Milton_CornwallBrady/Protocol Development in vivo/MultiModal Lung tumor test/wk13_18_Rec,Folder,atwai,/data0/core/atwai/Milton_CornwallBrady/Protocol Development in vivo/MultiModal Lung tumor test/wk13_18_Rec,wk13_18_Rec,698765936.0,710.0,copy,microCT,13.0,M18,copy of the reconstruction,False,bmc-lab6,,,,,,,,,,,,,,,,,,,,,,,,,,,,,,,,,,,,,,,,,,,,,,,,,,,,,,,,,
atwai:/data0/core/atwai/Milton_CornwallBrady/Protocol Development in vivo/MultiModal Lung tumor test/wk13_19_Rec,Folder,atwai,/data0/core/atwai/Milton_CornwallBrady/Protocol Development in vivo/MultiModal Lung tumor test/wk13_19_Rec,wk13_19_Rec,600170136.0,610.0,copy,microCT,13.0,M19,copy of the reconstruction,False,bmc-lab6,,,,,,,,,,,,,,,,,,,,,,,,,,,,,,,,,,,,,,,,,,,,,,,,,,,,,,,,,
atwai:/data0/core/atwai/Milton_CornwallBrady/Protocol Development in vivo/MultiModal Lung tumor test/wk13_67_Rec,Folder,atwai,/data0/core/atwai/Milton_CornwallBrady/Protocol Development in vivo/MultiModal Lung tumor test/wk13_67_Rec,wk13_67_Rec,628762919.0,639.0,copy,microCT,13.0,M67,copy of the reconstruction,False,bmc-lab6,,,,,,,,,,,,,,,,,,,,,,,,,,,,,,,,,,,,,,,,,,,,,,,,,,,,,,,,,
atwai:/data0/core/atwai/Milton_CornwallBrady/Protocol Development in vivo/MultiModal Lung tumor test/wk13_68_Rec,Folder,atwai,/data0/core/atwai/Milton_CornwallBrady/Protocol Development in vivo/MultiModal Lung tumor test/wk13_68_Rec,wk13_68_Rec,618903338.0,629.0,copy,microCT,13.0,M68,copy of the reconstruction,False,bmc-lab6,,,,,,,,,,,,,,,,,,,,,,,,,,,,,,,,,,,,,,,,,,,,,,,,,,,,,,,,,
atwai:/data0/core/atwai/Milton_CornwallBrady/Protocol Development in vivo/MultiModal Lung tumor test/wk13_69_Rec,Folder,atwai,/data0/core/atwai/Milton_CornwallBrady/Protocol Development in vivo/MultiModal Lung tumor test/wk13_69_Rec,wk13_69_Rec,597212262.0,607.0,copy,microCT,13.0,M69,copy of the reconstruction,False,bmc-lab6,,,,,,,,,,,,,,,,,,,,,,,,,,,,,,,,,,,,,,,,,,,,,,,,,,,,,,,,,
atwai:/data0/core/atwai/Milton_CornwallBrady/Protocol Development in vivo/MultiModal Lung tumor test/wk14_10_Rec,Folder,atwai,/data0/core/atwai/Milton_CornwallBrady/Protocol Development in vivo/MultiModal Lung tumor test/wk14_10_Rec,wk14_10_Rec,433633757.0,672.0,copy,microCT,14.0,M10,copy of the reconstruction,False,bmc-lab6,,,,,,,,,,,,,,,,,,,,,,,,,,,,,,,,,,,,,,,,,,,,,,,,,,,,,,,,,
atwai:/data0/core/atwai/Milton_CornwallBrady/Protocol Development in vivo/MultiModal Lung tumor test/wk14_11_Rec,Folder,atwai,/data0/core/atwai/Milton_CornwallBrady/Protocol Development in vivo/MultiModal Lung tumor test/wk14_11_Rec,wk14_11_Rec,433633757.0,672.0,copy,microCT,14.0,M11,copy of the reconstruction,False,bmc-lab6,,,,,,,,,,,,,,,,,,,,,,,,,,,,,,,,,,,,,,,,,,,,,,,,,,,,,,,,,
atwai:/data0/core/atwai/Milton_CornwallBrady/Protocol Development in vivo/MultiModal Lung tumor test/wk14_12_Rec,Folder,atwai,/data0/core/atwai/Milton_CornwallBrady/Protocol Development in vivo/MultiModal Lung tumor test/wk14_12_Rec,wk14_12_Rec,433633758.0,672.0,copy,microCT,14.0,M12,copy of the reconstruction,False,bmc-lab6,,,,,,,,,,,,,,,,,,,,,,,,,,,,,,,,,,,,,,,,,,,,,,,,,,,,,,,,,
atwai:/data0/core/atwai/Milton_CornwallBrady/Protocol Development in vivo/MultiModal Lung tumor test/wk14_13_Rec,Folder,atwai,/data0/core/atwai/Milton_CornwallBrady/Protocol Development in vivo/MultiModal Lung tumor test/wk14_13_Rec,wk14_13_Rec,433633757.0,672.0,copy,microCT,14.0,M13,copy of the reconstruction,False,bmc-lab6,,,,,,,,,,,,,,,,,,,,,,,,,,,,,,,,,,,,,,,,,,,,,,,,,,,,,,,,,
atwai:/data0/core/atwai/Milton_CornwallBrady/Protocol Development in vivo/MultiModal Lung tumor test/wk14_14_Rec,Folder,atwai,/data0/core/atwai/Milton_CornwallBrady/Protocol Development in vivo/MultiModal Lung tumor test/wk14_14_Rec,wk14_14_Rec,433633758.0,672.0,copy,microCT,14.0,M14,copy of the reconstruction,False,bmc-lab6,,,,,,,,,,,,,,,,,,,,,,,,,,,,,,,,,,,,,,,,,,,,,,,,,,,,,,,,,
atwai:/data0/core/atwai/Milton_CornwallBrady/Protocol Development in vivo/MultiModal Lung tumor test/wk14_15_Rec,Folder,atwai,/data0/core/atwai/Milton_CornwallBrady/Protocol Development in vivo/MultiModal Lung tumor test/wk14_15_Rec,wk14_15_Rec,433633757.0,672.0,copy,microCT,14.0,M15,copy of the reconstruction,False,bmc-lab6,,,,,,,,,,,,,,,,,,,,,,,,,,,,,,,,,,,,,,,,,,,,,,,,,,,,,,,,,
atwai:/data0/core/atwai/Milton_CornwallBrady/Protocol Development in vivo/MultiModal Lung tumor test/wk14_17_Rec,Folder,atwai,/data0/core/atwai/Milton_CornwallBrady/Protocol Development in vivo/MultiModal Lung tumor test/wk14_17_Rec,wk14_17_Rec,433633757.0,672.0,copy,microCT,14.0,M17,copy of the reconstruction,False,bmc-lab6,,,,,,,,,,,,,,,,,,,,,,,,,,,,,,,,,,,,,,,,,,,,,,,,,,,,,,,,,
atwai:/data0/core/atwai/Milton_CornwallBrady/Protocol Development in vivo/MultiModal Lung tumor test/wk14_18_Rec,Folder,atwai,/data0/core/atwai/Milton_CornwallBrady/Protocol Development in vivo/MultiModal Lung tumor test/wk14_18_Rec,wk14_18_Rec,433633757.0,672.0,copy,microCT,14.0,M18,copy of the reconstruction,False,bmc-lab6,,,,,,,,,,,,,,,,,,,,,,,,,,,,,,,,,,,,,,,,,,,,,,,,,,,,,,,,,
atwai:/data0/core/atwai/Milton_CornwallBrady/Protocol Development in vivo/MultiModal Lung tumor test/wk14_19_Rec,Folder,atwai,/data0/core/atwai/Milton_CornwallBrady/Protocol Development in vivo/MultiModal Lung tumor test/wk14_19_Rec,wk14_19_Rec,433633757.0,672.0,copy,microCT,14.0,M19,copy of the reconstruction,False,bmc-lab6,,,,,,,,,,,,,,,,,,,,,,,,,,,,,,,,,,,,,,,,,,,,,,,,,,,,,,,,,
atwai:/data0/core/atwai/Milton_CornwallBrady/Protocol Development in vivo/MultiModal Lung tumor test/wk14_67_Rec,Folder,atwai,/data0/core/atwai/Milton_CornwallBrady/Protocol Development in vivo/MultiModal Lung tumor test/wk14_67_Rec,wk14_67_Rec,433633758.0,672.0,copy,microCT,14.0,M67,copy of the reconstruction,False,bmc-lab6,,,,,,,,,,,,,,,,,,,,,,,,,,,,,,,,,,,,,,,,,,,,,,,,,,,,,,,,,
atwai:/data0/core/atwai/Milton_CornwallBrady/Protocol Development in vivo/MultiModal Lung tumor test/wk14_68_Rec,Folder,atwai,/data0/core/atwai/Milton_CornwallBrady/Protocol Development in vivo/MultiModal Lung tumor test/wk14_68_Rec,wk14_68_Rec,433633757.0,672.0,copy,microCT,14.0,M68,copy of the reconstruction,False,bmc-lab6,,,,,,,,,,,,,,,,,,,,,,,,,,,,,,,,,,,,,,,,,,,,,,,,,,,,,,,,,
atwai:/data0/core/atwai/Milton_CornwallBrady/Protocol Development in vivo/MultiModal Lung tumor test/wk14_69_Rec,Folder,atwai,/data0/core/atwai/Milton_CornwallBrady/Protocol Development in vivo/MultiModal Lung tumor test/wk14_69_Rec,wk14_69_Rec,433633757.0,672.0,copy,microCT,14.0,M69,copy of the reconstruction,False,bmc-lab6,,,,,,,,,,,,,,,,,,,,,,,,,,,,,,,,,,,,,,,,,,,,,,,,,,,,,,,,,
atwai:/data0/core/atwai/Milton_CornwallBrady/Protocol Development in vivo/MultiModal Lung tumor test/wk6-10_Rec,Folder,atwai,/data0/core/atwai/Milton_CornwallBrady/Protocol Development in vivo/MultiModal Lung tumor test/wk6-10_Rec,wk6-10_Rec,489742831.0,498.0,copy,microCT,6.0,M10,copy of the reconstruction,False,bmc-lab6,,,,,,,,,,,,,,,,,,,,,,,,,,,,,,,,,,,,,,,,,,,,,,,,,,,,,,,,,
atwai:/data0/core/atwai/Milton_CornwallBrady/Protocol Development in vivo/MultiModal Lung tumor test/wk6-11_Rec,Folder,atwai,/data0/core/atwai/Milton_CornwallBrady/Protocol Development in vivo/MultiModal Lung tumor test/wk6-11_Rec,wk6-11_Rec,561847038.0,571.0,copy,microCT,6.0,M11,copy of the reconstruction,False,bmc-lab6,,,,,,,,,,,,,,,,,,,,,,,,,,,,,,,,,,,,,,,,,,,,,,,,,,,,,,,,,
atwai:/data0/core/atwai/Milton_CornwallBrady/Protocol Development in vivo/MultiModal Lung tumor test/wk6-12_Rec,Folder,atwai,/data0/core/atwai/Milton_CornwallBrady/Protocol Development in vivo/MultiModal Lung tumor test/wk6-12_Rec,wk6-12_Rec,545942437.0,555.0,copy,microCT,6.0,M12,copy of the reconstruction,False,bmc-lab6,,,,,,,,,,,,,,,,,,,,,,,,,,,,,,,,,,,,,,,,,,,,,,,,,,,,,,,,,
atwai:/data0/core/atwai/Milton_CornwallBrady/Protocol Development in vivo/MultiModal Lung tumor test/wk6-13_Rec,Folder,atwai,/data0/core/atwai/Milton_CornwallBrady/Protocol Development in vivo/MultiModal Lung tumor test/wk6-13_Rec,wk6-13_Rec,549886268.0,559.0,copy,microCT,6.0,M13,copy of the reconstruction,False,bmc-lab6,,,,,,,,,,,,,,,,,,,,,,,,,,,,,,,,,,,,,,,,,,,,,,,,,,,,,,,,,
atwai:/data0/core/atwai/Milton_CornwallBrady/Protocol Development in vivo/MultiModal Lung tumor test/wk6-14_Rec,Folder,atwai,/data0/core/atwai/Milton_CornwallBrady/Protocol Development in vivo/MultiModal Lung tumor test/wk6-14_Rec,wk6-14_Rec,574535219.0,584.0,copy,microCT,6.0,M14,copy of the reconstruction,False,bmc-lab6,,,,,,,,,,,,,,,,,,,,,,,,,,,,,,,,,,,,,,,,,,,,,,,,,,,,,,,,,
atwai:/data0/core/atwai/Milton_CornwallBrady/Protocol Development in vivo/MultiModal Lung tumor test/wk6-15_Rec,Folder,atwai,/data0/core/atwai/Milton_CornwallBrady/Protocol Development in vivo/MultiModal Lung tumor test/wk6-15_Rec,wk6-15_Rec,502689558.0,511.0,copy,microCT,6.0,M15,copy of the reconstruction,False,bmc-lab6,,,,,,,,,,,,,,,,,,,,,,,,,,,,,,,,,,,,,,,,,,,,,,,,,,,,,,,,,
atwai:/data0/core/atwai/Milton_CornwallBrady/Protocol Development in vivo/MultiModal Lung tumor test/wk6-17_Rec,Folder,atwai,/data0/core/atwai/Milton_CornwallBrady/Protocol Development in vivo/MultiModal Lung tumor test/wk6-17_Rec,wk6-17_Rec,502689558.0,511.0,copy,microCT,6.0,M17,copy of the reconstruction,False,bmc-lab6,,,,,,,,,,,,,,,,,,,,,,,,,,,,,,,,,,,,,,,,,,,,,,,,,,,,,,,,,
atwai:/data0/core/atwai/Milton_CornwallBrady/Protocol Development in vivo/MultiModal Lung tumor test/wk6-18_Rec,Folder,atwai,/data0/core/atwai/Milton_CornwallBrady/Protocol Development in vivo/MultiModal Lung tumor test/wk6-18_Rec,wk6-18_Rec,586495988.0,596.0,copy,microCT,6.0,M18,copy of the reconstruction,False,bmc-lab6,,,,,,,,,,,,,,,,,,,,,,,,,,,,,,,,,,,,,,,,,,,,,,,,,,,,,,,,,
atwai:/data0/core/atwai/Milton_CornwallBrady/Protocol Development in vivo/MultiModal Lung tumor test/wk6-19_Rec,Folder,atwai,/data0/core/atwai/Milton_CornwallBrady/Protocol Development in vivo/MultiModal Lung tumor test/wk6-19_Rec,wk6-19_Rec,500588368.0,509.0,copy,microCT,6.0,M19,copy of the reconstruction,False,bmc-lab6,,,,,,,,,,,,,,,,,,,,,,,,,,,,,,,,,,,,,,,,,,,,,,,,,,,,,,,,,
atwai:/data0/core/atwai/Milton_CornwallBrady/Protocol Development in vivo/MultiModal Lung tumor test/wk6-67_Rec,Folder,atwai,/data0/core/atwai/Milton_CornwallBrady/Protocol Development in vivo/MultiModal Lung tumor test/wk6-67_Rec,wk6-67_Rec,534240215.0,543.0,copy,microCT,6.0,M67,copy of the reconstruction,False,bmc-lab6,,,,,,,,,,,,,,,,,,,,,,,,,,,,,,,,,,,,,,,,,,,,,,,,,,,,,,,,,
atwai:/data0/core/atwai/Milton_CornwallBrady/Protocol Development in vivo/MultiModal Lung tumor test/wk6-68_Rec,Folder,atwai,/data0/core/atwai/Milton_CornwallBrady/Protocol Development in vivo/MultiModal Lung tumor test/wk6-68_Rec,wk6-68_Rec,519321570.0,528.0,copy,microCT,6.0,M68,copy of the reconstruction,False,bmc-lab6,,,,,,,,,,,,,,,,,,,,,,,,,,,,,,,,,,,,,,,,,,,,,,,,,,,,,,,,,
atwai:/data0/core/atwai/Milton_CornwallBrady/Protocol Development in vivo/MultiModal Lung tumor test/wk6-69_Rec,Folder,atwai,/data0/core/atwai/Milton_CornwallBrady/Protocol Development in vivo/MultiModal Lung tumor test/wk6-69_Rec,wk6-69_Rec,502689559.0,511.0,copy,microCT,6.0,M69,copy of the reconstruction,False,bmc-lab6,,,,,,,,,,,,,,,,,,,,,,,,,,,,,,,,,,,,,,,,,,,,,,,,,,,,,,,,,
atwai:/data0/core/atwai/Milton_CornwallBrady/Protocol Development in vivo/MultiModal Lung tumor test/wk6-75_Rec,Folder,atwai,/data0/core/atwai/Milton_CornwallBrady/Protocol Development in vivo/MultiModal Lung tumor test/wk6-75_Rec,wk6-75_Rec,500588372.0,509.0,copy,microCT,6.0,M75,copy of the reconstruction,False,bmc-lab6,,,,,,,,,,,,,,,,,,,,,,,,,,,,,,,,,,,,,,,,,,,,,,,,,,,,,,,,,
atwai:/data0/core/atwai/Milton_CornwallBrady/Protocol Development in vivo/MultiModal Lung tumor test/wk7-10_Rec,Folder,atwai,/data0/core/atwai/Milton_CornwallBrady/Protocol Development in vivo/MultiModal Lung tumor test/wk7-10_Rec,wk7-10_Rec,505537209.0,564.0,copy,microCT,7.0,M10,copy of the reconstruction,False,bmc-lab6,,,,,,,,,,,,,,,,,,,,,,,,,,,,,,,,,,,,,,,,,,,,,,,,,,,,,,,,,
atwai:/data0/core/atwai/Milton_CornwallBrady/Protocol Development in vivo/MultiModal Lung tumor test/wk7-11_Rec,Folder,atwai,/data0/core/atwai/Milton_CornwallBrady/Protocol Development in vivo/MultiModal Lung tumor test/wk7-11_Rec,wk7-11_Rec,461571768.0,515.0,copy,microCT,7.0,M11,copy of the reconstruction,False,bmc-lab6,,,,,,,,,,,,,,,,,,,,,,,,,,,,,,,,,,,,,,,,,,,,,,,,,,,,,,,,,
atwai:/data0/core/atwai/Milton_CornwallBrady/Protocol Development in vivo/MultiModal Lung tumor test/wk7-12_Rec,Folder,atwai,/data0/core/atwai/Milton_CornwallBrady/Protocol Development in vivo/MultiModal Lung tumor test/wk7-12_Rec,wk7-12_Rec,471441562.0,526.0,copy,microCT,7.0,M12,copy of the reconstruction,False,bmc-lab6,,,,,,,,,,,,,,,,,,,,,,,,,,,,,,,,,,,,,,,,,,,,,,,,,,,,,,,,,
atwai:/data0/core/atwai/Milton_CornwallBrady/Protocol Development in vivo/MultiModal Lung tumor test/wk7-13_Rec,Folder,atwai,/data0/core/atwai/Milton_CornwallBrady/Protocol Development in vivo/MultiModal Lung tumor test/wk7-13_Rec,wk7-13_Rec,493713161.0,572.0,copy,microCT,7.0,M13,copy of the reconstruction,False,bmc-lab6,,,,,,,,,,,,,,,,,,,,,,,,,,,,,,,,,,,,,,,,,,,,,,,,,,,,,,,,,
atwai:/data0/core/atwai/Milton_CornwallBrady/Protocol Development in vivo/MultiModal Lung tumor test/wk7-14_Rec,Folder,atwai,/data0/core/atwai/Milton_CornwallBrady/Protocol Development in vivo/MultiModal Lung tumor test/wk7-14_Rec,wk7-14_Rec,542324624.0,605.0,copy,microCT,7.0,M14,copy of the reconstruction,False,bmc-lab6,,,,,,,,,,,,,,,,,,,,,,,,,,,,,,,,,,,,,,,,,,,,,,,,,,,,,,,,,
atwai:/data0/core/atwai/Milton_CornwallBrady/Protocol Development in vivo/MultiModal Lung tumor test/wk7-15_Rec,Folder,atwai,/data0/core/atwai/Milton_CornwallBrady/Protocol Development in vivo/MultiModal Lung tumor test/wk7-15_Rec,wk7-15_Rec,551887726.0,616.0,copy,microCT,7.0,M15,copy of the reconstruction,False,bmc-lab6,,,,,,,,,,,,,,,,,,,,,,,,,,,,,,,,,,,,,,,,,,,,,,,,,,,,,,,,,
atwai:/data0/core/atwai/Milton_CornwallBrady/Protocol Development in vivo/MultiModal Lung tumor test/wk7-17_Rec,Folder,atwai,/data0/core/atwai/Milton_CornwallBrady/Protocol Development in vivo/MultiModal Lung tumor test/wk7-17_Rec,wk7-17_Rec,485797612.0,542.0,copy,microCT,7.0,M17,copy of the reconstruction,False,bmc-lab6,,,,,,,,,,,,,,,,,,,,,,,,,,,,,,,,,,,,,,,,,,,,,,,,,,,,,,,,,
atwai:/data0/core/atwai/Milton_CornwallBrady/Protocol Development in vivo/MultiModal Lung tumor test/wk7-18_Rec,Folder,atwai,/data0/core/atwai/Milton_CornwallBrady/Protocol Development in vivo/MultiModal Lung tumor test/wk7-18_Rec,wk7-18_Rec,484593677.0,541.0,copy,microCT,7.0,M18,copy of the reconstruction,False,bmc-lab6,,,,,,,,,,,,,,,,,,,,,,,,,,,,,,,,,,,,,,,,,,,,,,,,,,,,,,,,,
atwai:/data0/core/atwai/Milton_CornwallBrady/Protocol Development in vivo/MultiModal Lung tumor test/wk7-19_Rec,Folder,atwai,/data0/core/atwai/Milton_CornwallBrady/Protocol Development in vivo/MultiModal Lung tumor test/wk7-19_Rec,wk7-19_Rec,542915194.0,606.0,copy,microCT,7.0,M19,copy of the reconstruction,False,bmc-lab6,,,,,,,,,,,,,,,,,,,,,,,,,,,,,,,,,,,,,,,,,,,,,,,,,,,,,,,,,
atwai:/data0/core/atwai/Milton_CornwallBrady/Protocol Development in vivo/MultiModal Lung tumor test/wk7-67_Rec,Folder,atwai,/data0/core/atwai/Milton_CornwallBrady/Protocol Development in vivo/MultiModal Lung tumor test/wk7-67_Rec,wk7-67_Rec,555893946.0,644.0,copy,microCT,7.0,M67,copy of the reconstruction,False,bmc-lab6,,,,,,,,,,,,,,,,,,,,,,,,,,,,,,,,,,,,,,,,,,,,,,,,,,,,,,,,,
atwai:/data0/core/atwai/Milton_CornwallBrady/Protocol Development in vivo/MultiModal Lung tumor test/wk7-68_Rec,Folder,atwai,/data0/core/atwai/Milton_CornwallBrady/Protocol Development in vivo/MultiModal Lung tumor test/wk7-68_Rec,wk7-68_Rec,478167965.0,554.0,copy,microCT,7.0,M68,copy of the reconstruction,False,bmc-lab6,,,,,,,,,,,,,,,,,,,,,,,,,,,,,,,,,,,,,,,,,,,,,,,,,,,,,,,,,
atwai:/data0/core/atwai/Milton_CornwallBrady/Protocol Development in vivo/MultiModal Lung tumor test/wk7-69_Rec,Folder,atwai,/data0/core/atwai/Milton_CornwallBrady/Protocol Development in vivo/MultiModal Lung tumor test/wk7-69_Rec,wk7-69_Rec,572302764.0,663.0,copy,microCT,7.0,M69,copy of the reconstruction,False,bmc-lab6,,,,,,,,,,,,,,,,,,,,,,,,,,,,,,,,,,,,,,,,,,,,,,,,,,,,,,,,,
atwai:/data0/core/atwai/Milton_CornwallBrady/Protocol Development in vivo/MultiModal Lung tumor test/wk7-75_Rec,Folder,atwai,/data0/core/atwai/Milton_CornwallBrady/Protocol Development in vivo/MultiModal Lung tumor test/wk7-75_Rec,wk7-75_Rec,526174051.0,587.0,copy,microCT,7.0,M75,copy of the reconstruction,False,bmc-lab6,,,,,,,,,,,,,,,,,,,,,,,,,,,,,,,,,,,,,,,,,,,,,,,,,,,,,,,,,
atwai:/data0/core/atwai/Milton_CornwallBrady/Protocol Development in vivo/MultiModal Lung tumor test/wk8_10_Rec,Folder,atwai,/data0/core/atwai/Milton_CornwallBrady/Protocol Development in vivo/MultiModal Lung tumor test/wk8_10_Rec,wk8_10_Rec,572474429.0,629.0,copy,microCT,8.0,M10,copy of the reconstruction,False,bmc-lab6,,,,,,,,,,,,,,,,,,,,,,,,,,,,,,,,,,,,,,,,,,,,,,,,,,,,,,,,,
atwai:/data0/core/atwai/Milton_CornwallBrady/Protocol Development in vivo/MultiModal Lung tumor test/wk8_11_Rec,Folder,atwai,/data0/core/atwai/Milton_CornwallBrady/Protocol Development in vivo/MultiModal Lung tumor test/wk8_11_Rec,wk8_11_Rec,523983053.0,577.0,copy,microCT,8.0,M11,copy of the reconstruction,False,bmc-lab6,,,,,,,,,,,,,,,,,,,,,,,,,,,,,,,,,,,,,,,,,,,,,,,,,,,,,,,,,
atwai:/data0/core/atwai/Milton_CornwallBrady/Protocol Development in vivo/MultiModal Lung tumor test/wk8_12_Rec,Folder,atwai,/data0/core/atwai/Milton_CornwallBrady/Protocol Development in vivo/MultiModal Lung tumor test/wk8_12_Rec,wk8_12_Rec,559741145.0,616.0,copy,microCT,8.0,M12,copy of the reconstruction,False,bmc-lab6,,,,,,,,,,,,,,,,,,,,,,,,,,,,,,,,,,,,,,,,,,,,,,,,,,,,,,,,,
atwai:/data0/core/atwai/Milton_CornwallBrady/Protocol Development in vivo/MultiModal Lung tumor test/wk8_13_Rec,Folder,atwai,/data0/core/atwai/Milton_CornwallBrady/Protocol Development in vivo/MultiModal Lung tumor test/wk8_13_Rec,wk8_13_Rec,635869510.0,700.0,copy,microCT,8.0,M13,copy of the reconstruction,False,bmc-lab6,,,,,,,,,,,,,,,,,,,,,,,,,,,,,,,,,,,,,,,,,,,,,,,,,,,,,,,,,
atwai:/data0/core/atwai/Milton_CornwallBrady/Protocol Development in vivo/MultiModal Lung tumor test/wk8_14_Rec,Folder,atwai,/data0/core/atwai/Milton_CornwallBrady/Protocol Development in vivo/MultiModal Lung tumor test/wk8_14_Rec,wk8_14_Rec,554283269.0,610.0,copy,microCT,8.0,M14,copy of the reconstruction,False,bmc-lab6,,,,,,,,,,,,,,,,,,,,,,,,,,,,,,,,,,,,,,,,,,,,,,,,,,,,,,,,,
atwai:/data0/core/atwai/Milton_CornwallBrady/Protocol Development in vivo/MultiModal Lung tumor test/wk8_15_Rec,Folder,atwai,/data0/core/atwai/Milton_CornwallBrady/Protocol Development in vivo/MultiModal Lung tumor test/wk8_15_Rec,wk8_15_Rec,515168490.0,567.0,copy,microCT,8.0,M15,copy of the reconstruction,False,bmc-lab6,,,,,,,,,,,,,,,,,,,,,,,,,,,,,,,,,,,,,,,,,,,,,,,,,,,,,,,,,
atwai:/data0/core/atwai/Milton_CornwallBrady/Protocol Development in vivo/MultiModal Lung tumor test/wk8_17_Rec,Folder,atwai,/data0/core/atwai/Milton_CornwallBrady/Protocol Development in vivo/MultiModal Lung tumor test/wk8_17_Rec,wk8_17_Rec,475144066.0,523.0,copy,microCT,8.0,M17,copy of the reconstruction,False,bmc-lab6,,,,,,,,,,,,,,,,,,,,,,,,,,,,,,,,,,,,,,,,,,,,,,,,,,,,,,,,,
atwai:/data0/core/atwai/Milton_CornwallBrady/Protocol Development in vivo/MultiModal Lung tumor test/wk8_18_Rec,Folder,atwai,/data0/core/atwai/Milton_CornwallBrady/Protocol Development in vivo/MultiModal Lung tumor test/wk8_18_Rec,wk8_18_Rec,532451764.0,586.0,copy,microCT,8.0,M18,copy of the reconstruction,False,bmc-lab6,,,,,,,,,,,,,,,,,,,,,,,,,,,,,,,,,,,,,,,,,,,,,,,,,,,,,,,,,
atwai:/data0/core/atwai/Milton_CornwallBrady/Protocol Development in vivo/MultiModal Lung tumor test/wk8_19_Rec,Folder,atwai,/data0/core/atwai/Milton_CornwallBrady/Protocol Development in vivo/MultiModal Lung tumor test/wk8_19_Rec,wk8_19_Rec,518807075.0,571.0,copy,microCT,8.0,M19,copy of the reconstruction,False,bmc-lab6,,,,,,,,,,,,,,,,,,,,,,,,,,,,,,,,,,,,,,,,,,,,,,,,,,,,,,,,,
atwai:/data0/core/atwai/Milton_CornwallBrady/Protocol Development in vivo/MultiModal Lung tumor test/wk8_67_Rec,Folder,atwai,/data0/core/atwai/Milton_CornwallBrady/Protocol Development in vivo/MultiModal Lung tumor test/wk8_67_Rec,wk8_67_Rec,517897429.0,570.0,copy,microCT,8.0,M67,copy of the reconstruction,False,bmc-lab6,,,,,,,,,,,,,,,,,,,,,,,,,,,,,,,,,,,,,,,,,,,,,,,,,,,,,,,,,
atwai:/data0/core/atwai/Milton_CornwallBrady/Protocol Development in vivo/MultiModal Lung tumor test/wk8_68_Rec,Folder,atwai,/data0/core/atwai/Milton_CornwallBrady/Protocol Development in vivo/MultiModal Lung tumor test/wk8_68_Rec,wk8_68_Rec,601584861.0,662.0,copy,microCT,8.0,M68,copy of the reconstruction,False,bmc-lab6,,,,,,,,,,,,,,,,,,,,,,,,,,,,,,,,,,,,,,,,,,,,,,,,,,,,,,,,,
atwai:/data0/core/atwai/Milton_CornwallBrady/Protocol Development in vivo/MultiModal Lung tumor test/wk8_69_Rec,Folder,atwai,/data0/core/atwai/Milton_CornwallBrady/Protocol Development in vivo/MultiModal Lung tumor test/wk8_69_Rec,wk8_69_Rec,590669108.0,650.0,copy,microCT,8.0,M69,copy of the reconstruction,False,bmc-lab6,,,,,,,,,,,,,,,,,,,,,,,,,,,,,,,,,,,,,,,,,,,,,,,,,,,,,,,,,
atwai:/data0/core/atwai/Milton_CornwallBrady/Protocol Development in vivo/MultiModal Lung tumor test/wk8_75_Rec,Folder,atwai,/data0/core/atwai/Milton_CornwallBrady/Protocol Development in vivo/MultiModal Lung tumor test/wk8_75_Rec,wk8_75_Rec,561560436.0,618.0,copy,microCT,8.0,M75,copy of the reconstruction,False,bmc-lab6,,,,,,,,,,,,,,,,,,,,,,,,,,,,,,,,,,,,,,,,,,,,,,,,,,,,,,,,,
atwai:/data0/core/atwai/Milton_CornwallBrady/Protocol Development in vivo/MultiModal Lung tumor test/wk9_10_Rec,Folder,atwai,/data0/core/atwai/Milton_CornwallBrady/Protocol Development in vivo/MultiModal Lung tumor test/wk9_10_Rec,wk9_10_Rec,625863421.0,689.0,copy,microCT,9.0,M10,copy of the reconstruction,False,bmc-lab6,,,,,,,,,,,,,,,,,,,,,,,,,,,,,,,,,,,,,,,,,,,,,,,,,,,,,,,,,
atwai:/data0/core/atwai/Milton_CornwallBrady/Protocol Development in vivo/MultiModal Lung tumor test/wk9_11_Rec,Folder,atwai,/data0/core/atwai/Milton_CornwallBrady/Protocol Development in vivo/MultiModal Lung tumor test/wk9_11_Rec,wk9_11_Rec,623134483.0,686.0,copy,microCT,9.0,M11,copy of the reconstruction,False,bmc-lab6,,,,,,,,,,,,,,,,,,,,,,,,,,,,,,,,,,,,,,,,,,,,,,,,,,,,,,,,,
atwai:/data0/core/atwai/Milton_CornwallBrady/Protocol Development in vivo/MultiModal Lung tumor test/wk9_12_Rec,Folder,atwai,/data0/core/atwai/Milton_CornwallBrady/Protocol Development in vivo/MultiModal Lung tumor test/wk9_12_Rec,wk9_12_Rec,583110064.0,642.0,copy,microCT,9.0,M12,copy of the reconstruction,False,bmc-lab6,,,,,,,,,,,,,,,,,,,,,,,,,,,,,,,,,,,,,,,,,,,,,,,,,,,,,,,,,
atwai:/data0/core/atwai/Milton_CornwallBrady/Protocol Development in vivo/MultiModal Lung tumor test/wk9_13_Rec,Folder,atwai,/data0/core/atwai/Milton_CornwallBrady/Protocol Development in vivo/MultiModal Lung tumor test/wk9_13_Rec,wk9_13_Rec,613128378.0,675.0,copy,microCT,9.0,M13,copy of the reconstruction,False,bmc-lab6,,,,,,,,,,,,,,,,,,,,,,,,,,,,,,,,,,,,,,,,,,,,,,,,,,,,,,,,,
atwai:/data0/core/atwai/Milton_CornwallBrady/Protocol Development in vivo/MultiModal Lung tumor test/wk9_14_Rec,Folder,atwai,/data0/core/atwai/Milton_CornwallBrady/Protocol Development in vivo/MultiModal Lung tumor test/wk9_14_Rec,wk9_14_Rec,556730326.0,613.0,copy,microCT,9.0,M14,copy of the reconstruction,False,bmc-lab6,,,,,,,,,,,,,,,,,,,,,,,,,,,,,,,,,,,,,,,,,,,,,,,,,,,,,,,,,
atwai:/data0/core/atwai/Milton_CornwallBrady/Protocol Development in vivo/MultiModal Lung tumor test/wk9_15_Rec,Folder,atwai,/data0/core/atwai/Milton_CornwallBrady/Protocol Development in vivo/MultiModal Lung tumor test/wk9_15_Rec,wk9_15_Rec,587658290.0,647.0,copy,microCT,9.0,M15,copy of the reconstruction,False,bmc-lab6,,,,,,,,,,,,,,,,,,,,,,,,,,,,,,,,,,,,,,,,,,,,,,,,,,,,,,,,,
atwai:/data0/core/atwai/Milton_CornwallBrady/Protocol Development in vivo/MultiModal Lung tumor test/wk9_17_Rec,Folder,atwai,/data0/core/atwai/Milton_CornwallBrady/Protocol Development in vivo/MultiModal Lung tumor test/wk9_17_Rec,wk9_17_Rec,577652183.0,636.0,copy,microCT,9.0,M17,copy of the reconstruction,False,bmc-lab6,,,,,,,,,,,,,,,,,,,,,,,,,,,,,,,,,,,,,,,,,,,,,,,,,,,,,,,,,
atwai:/data0/core/atwai/Milton_CornwallBrady/Protocol Development in vivo/MultiModal Lung tumor test/wk9_18_Rec,Folder,atwai,/data0/core/atwai/Milton_CornwallBrady/Protocol Development in vivo/MultiModal Lung tumor test/wk9_18_Rec,wk9_18_Rec,591296873.0,651.0,copy,microCT,9.0,M18,copy of the reconstruction,False,bmc-lab6,,,,,,,,,,,,,,,,,,,,,,,,,,,,,,,,,,,,,,,,,,,,,,,,,,,,,,,,,
atwai:/data0/core/atwai/Milton_CornwallBrady/Protocol Development in vivo/MultiModal Lung tumor test/wk9_19_Rec,Folder,atwai,/data0/core/atwai/Milton_CornwallBrady/Protocol Development in vivo/MultiModal Lung tumor test/wk9_19_Rec,wk9_19_Rec,658610678.0,725.0,copy,microCT,9.0,M19,copy of the reconstruction,False,bmc-lab6,,,,,,,,,,,,,,,,,,,,,,,,,,,,,,,,,,,,,,,,,,,,,,,,,,,,,,,,,
atwai:/data0/core/atwai/Milton_CornwallBrady/Protocol Development in vivo/MultiModal Lung tumor test/wk9_67_Rec,Folder,atwai,/data0/core/atwai/Milton_CornwallBrady/Protocol Development in vivo/MultiModal Lung tumor test/wk9_67_Rec,wk9_67_Rec,613128377.0,675.0,copy,microCT,9.0,M67,copy of the reconstruction,False,bmc-lab6,,,,,,,,,,,,,,,,,,,,,,,,,,,,,,,,,,,,,,,,,,,,,,,,,,,,,,,,,
atwai:/data0/core/atwai/Milton_CornwallBrady/Protocol Development in vivo/MultiModal Lung tumor test/wk9_68_Rec,Folder,atwai,/data0/core/atwai/Milton_CornwallBrady/Protocol Development in vivo/MultiModal Lung tumor test/wk9_68_Rec,wk9_68_Rec,566736432.0,624.0,copy,microCT,9.0,M68,copy of the reconstruction,False,bmc-lab6,,,,,,,,,,,,,,,,,,,,,,,,,,,,,,,,,,,,,,,,,,,,,,,,,,,,,,,,,
atwai:/data0/core/atwai/Milton_CornwallBrady/Protocol Development in vivo/MultiModal Lung tumor test/wk9_69_Rec,Folder,atwai,/data0/core/atwai/Milton_CornwallBrady/Protocol Development in vivo/MultiModal Lung tumor test/wk9_69_Rec,wk9_69_Rec,611309085.0,673.0,copy,microCT,9.0,M69,copy of the reconstruction,False,bmc-lab6,,,,,,,,,,,,,,,,,,,,,,,,,,,,,,,,,,,,,,,,,,,,,,,,,,,,,,,,,
atwai:/data0/core/atwai/Milton_CornwallBrady/Protocol Development in vivo/MultiModal Lung tumor test/wk9_75_Rec,Folder,atwai,/data0/core/atwai/Milton_CornwallBrady/Protocol Development in vivo/MultiModal Lung tumor test/wk9_75_Rec,wk9_75_Rec,615857319.0,678.0,copy,microCT,9.0,M75,copy of the reconstruction,False,bmc-lab6,,,,,,,,,,,,,,,,,,,,,,,,,,,,,,,,,,,,,,,,,,,,,,,,,,,,,,,,,
atwai:/data0/core/atwai/archive/microct/longitudinal mouse lung tumors/wk10_10_Rec,Folder,atwai,/data0/core/atwai/archive/microct/longitudinal mouse lung tumors/wk10_10_Rec,wk10_10_Rec,651684568.0,702.0,copy,microCT,10.0,M10,copy of the reconstruction,False,bmc-lab6,,,,,,,,,,,,,,,,,,,,,,,,,,,,,,,,,,,,,,,,,,,,,,,,,,,,,,,,,
atwai:/data0/core/atwai/archive/microct/longitudinal mouse lung tumors/wk10_11_Rec,Folder,atwai,/data0/core/atwai/archive/microct/longitudinal mouse lung tumors/wk10_11_Rec,wk10_11_Rec,632160323.0,681.0,copy,microCT,10.0,M11,copy of the reconstruction,False,bmc-lab6,,,,,,,,,,,,,,,,,,,,,,,,,,,,,,,,,,,,,,,,,,,,,,,,,,,,,,,,,
atwai:/data0/core/atwai/archive/microct/longitudinal mouse lung tumors/wk10_12_Rec,Folder,atwai,/data0/core/atwai/archive/microct/longitudinal mouse lung tumors/wk10_12_Rec,wk10_12_Rec,585674023.0,631.0,copy,microCT,10.0,M12,copy of the reconstruction,False,bmc-lab6,,,,,,,,,,,,,,,,,,,,,,,,,,,,,,,,,,,,,,,,,,,,,,,,,,,,,,,,,
atwai:/data0/core/atwai/archive/microct/longitudinal mouse lung tumors/wk10_13_Rec,Folder,atwai,/data0/core/atwai/archive/microct/longitudinal mouse lung tumors/wk10_13_Rec,wk10_13_Rec,625652240.0,674.0,copy,microCT,10.0,M13,copy of the reconstruction,False,bmc-lab6,,,,,,,,,,,,,,,,,,,,,,,,,,,,,,,,,,,,,,,,,,,,,,,,,,,,,,,,,
atwai:/data0/core/atwai/archive/microct/longitudinal mouse lung tumors/wk10_14_Rec,Folder,atwai,/data0/core/atwai/archive/microct/longitudinal mouse lung tumors/wk10_14_Rec,wk10_14_Rec,517804025.0,558.0,copy,microCT,10.0,M14,copy of the reconstruction,False,bmc-lab6,,,,,,,,,,,,,,,,,,,,,,,,,,,,,,,,,,,,,,,,,,,,,,,,,,,,,,,,,
atwai:/data0/core/atwai/archive/microct/longitudinal mouse lung tumors/wk10_15_Rec,Folder,atwai,/data0/core/atwai/archive/microct/longitudinal mouse lung tumors/wk10_15_Rec,wk10_15_Rec,535468818.0,577.0,copy,microCT,10.0,M15,copy of the reconstruction,False,bmc-lab6,,,,,,,,,,,,,,,,,,,,,,,,,,,,,,,,,,,,,,,,,,,,,,,,,,,,,,,,,
atwai:/data0/core/atwai/archive/microct/longitudinal mouse lung tumors/wk10_17_Rec,Folder,atwai,/data0/core/atwai/archive/microct/longitudinal mouse lung tumors/wk10_17_Rec,wk10_17_Rec,513155394.0,553.0,copy,microCT,10.0,M17,copy of the reconstruction,False,bmc-lab6,,,,,,,,,,,,,,,,,,,,,,,,,,,,,,,,,,,,,,,,,,,,,,,,,,,,,,,,,
atwai:/data0/core/atwai/archive/microct/longitudinal mouse lung tumors/wk10_18_Rec,Folder,atwai,/data0/core/atwai/archive/microct/longitudinal mouse lung tumors/wk10_18_Rec,wk10_18_Rec,515014846.0,555.0,copy,microCT,10.0,M18,copy of the reconstruction,False,bmc-lab6,,,,,,,,,,,,,,,,,,,,,,,,,,,,,,,,,,,,,,,,,,,,,,,,,,,,,,,,,
atwai:/data0/core/atwai/archive/microct/longitudinal mouse lung tumors/wk10_19_Rec,Folder,atwai,/data0/core/atwai/archive/microct/longitudinal mouse lung tumors/wk10_19_Rec,wk10_19_Rec,566149778.0,610.0,copy,microCT,10.0,M19,copy of the reconstruction,False,bmc-lab6,,,,,,,,,,,,,,,,,,,,,,,,,,,,,,,,,,,,,,,,,,,,,,,,,,,,,,,,,
atwai:/data0/core/atwai/archive/microct/longitudinal mouse lung tumors/wk10_67_Rec,Folder,atwai,/data0/core/atwai/archive/microct/longitudinal mouse lung tumors/wk10_67_Rec,wk10_67_Rec,595901009.0,642.0,copy,microCT,10.0,M67,copy of the reconstruction,False,bmc-lab6,,,,,,,,,,,,,,,,,,,,,,,,,,,,,,,,,,,,,,,,,,,,,,,,,,,,,,,,,
atwai:/data0/core/atwai/archive/microct/longitudinal mouse lung tumors/wk10_68_Rec,Folder,atwai,/data0/core/atwai/archive/microct/longitudinal mouse lung tumors/wk10_68_Rec,wk10_68_Rec,564290324.0,608.0,copy,microCT,10.0,M68,copy of the reconstruction,False,bmc-lab6,,,,,,,,,,,,,,,,,,,,,,,,,,,,,,,,,,,,,,,,,,,,,,,,,,,,,,,,,
atwai:/data0/core/atwai/archive/microct/longitudinal mouse lung tumors/wk10_69_Rec,Folder,atwai,/data0/core/atwai/archive/microct/longitudinal mouse lung tumors/wk10_69_Rec,wk10_69_Rec,536398544.0,578.0,copy,microCT,10.0,M69,copy of the reconstruction,False,bmc-lab6,,,,,,,,,,,,,,,,,,,,,,,,,,,,,,,,,,,,,,,,,,,,,,,,,,,,,,,,,
atwai:/data0/core/atwai/archive/microct/longitudinal mouse lung tumors/wk10_75_Rec,Folder,atwai,/data0/core/atwai/archive/microct/longitudinal mouse lung tumors/wk10_75_Rec,wk10_75_Rec,556852516.0,600.0,copy,microCT,10.0,M75,copy of the reconstruction,False,bmc-lab6,,,,,,,,,,,,,,,,,,,,,,,,,,,,,,,,,,,,,,,,,,,,,,,,,,,,,,,,,
atwai:/data0/core/atwai/archive/microct/longitudinal mouse lung tumors/wk11_10_Rec,Folder,atwai,/data0/core/atwai/archive/microct/longitudinal mouse lung tumors/wk11_10_Rec,wk11_10_Rec,537519266.0,617.0,copy,microCT,11.0,M10,copy of the reconstruction,False,bmc-lab6,,,,,,,,,,,,,,,,,,,,,,,,,,,,,,,,,,,,,,,,,,,,,,,,,,,,,,,,,
atwai:/data0/core/atwai/archive/microct/longitudinal mouse lung tumors/wk11_11_Rec,Folder,atwai,/data0/core/atwai/archive/microct/longitudinal mouse lung tumors/wk11_11_Rec,wk11_11_Rec,567177807.0,651.0,copy,microCT,11.0,M11,copy of the reconstruction,False,bmc-lab6,,,,,,,,,,,,,,,,,,,,,,,,,,,,,,,,,,,,,,,,,,,,,,,,,,,,,,,,,
atwai:/data0/core/atwai/archive/microct/longitudinal mouse lung tumors/wk11_12_Rec,Folder,atwai,/data0/core/atwai/archive/microct/longitudinal mouse lung tumors/wk11_12_Rec,wk11_12_Rec,530540785.0,609.0,copy,microCT,11.0,M12,copy of the reconstruction,False,bmc-lab6,,,,,,,,,,,,,,,,,,,,,,,,,,,,,,,,,,,,,,,,,,,,,,,,,,,,,,,,,
atwai:/data0/core/atwai/archive/microct/longitudinal mouse lung tumors/wk11_13_Rec,Folder,atwai,/data0/core/atwai/archive/microct/longitudinal mouse lung tumors/wk11_13_Rec,wk11_13_Rec,553220845.0,635.0,copy,microCT,11.0,M13,copy of the reconstruction,False,bmc-lab6,,,,,,,,,,,,,,,,,,,,,,,,,,,,,,,,,,,,,,,,,,,,,,,,,,,,,,,,,
atwai:/data0/core/atwai/archive/microct/longitudinal mouse lung tumors/wk11_14_Rec,Folder,atwai,/data0/core/atwai/archive/microct/longitudinal mouse lung tumors/wk11_14_Rec,wk11_14_Rec,527051546.0,605.0,copy,microCT,11.0,M14,copy of the reconstruction,False,bmc-lab6,,,,,,,,,,,,,,,,,,,,,,,,,,,,,,,,,,,,,,,,,,,,,,,,,,,,,,,,,
atwai:/data0/core/atwai/archive/microct/longitudinal mouse lung tumors/wk11_15_Rec,Folder,atwai,/data0/core/atwai/archive/microct/longitudinal mouse lung tumors/wk11_15_Rec,wk11_15_Rec,502111127.0,576.0,copy,microCT,11.0,M15,copy of the reconstruction,False,bmc-lab6,,,,,,,,,,,,,,,,,,,,,,,,,,,,,,,,,,,,,,,,,,,,,,,,,,,,,,,,,
atwai:/data0/core/atwai/archive/microct/longitudinal mouse lung tumors/wk11_17_Rec,Folder,atwai,/data0/core/atwai/archive/microct/longitudinal mouse lung tumors/wk11_17_Rec,wk11_17_Rec,507344987.0,582.0,copy,microCT,11.0,M17,copy of the reconstruction,False,bmc-lab6,,,,,,,,,,,,,,,,,,,,,,,,,,,,,,,,,,,,,,,,,,,,,,,,,,,,,,,,,
atwai:/data0/core/atwai/archive/microct/longitudinal mouse lung tumors/wk11_18_Rec,Folder,atwai,/data0/core/atwai/archive/microct/longitudinal mouse lung tumors/wk11_18_Rec,wk11_18_Rec,525306925.0,603.0,copy,microCT,11.0,M18,copy of the reconstruction,False,bmc-lab6,,,,,,,,,,,,,,,,,,,,,,,,,,,,,,,,,,,,,,,,,,,,,,,,,,,,,,,,,
atwai:/data0/core/atwai/archive/microct/longitudinal mouse lung tumors/wk11_19_Rec,Folder,atwai,/data0/core/atwai/archive/microct/longitudinal mouse lung tumors/wk11_19_Rec,wk11_19_Rec,507860726.0,583.0,copy,microCT,11.0,M19,copy of the reconstruction,False,bmc-lab6,,,,,,,,,,,,,,,,,,,,,,,,,,,,,,,,,,,,,,,,,,,,,,,,,,,,,,,,,
atwai:/data0/core/atwai/archive/microct/longitudinal mouse lung tumors/wk11_67_Rec,Folder,atwai,/data0/core/atwai/archive/microct/longitudinal mouse lung tumors/wk11_67_Rec,wk11_67_Rec,525663497.0,603.0,copy,microCT,11.0,M67,copy of the reconstruction,False,bmc-lab6,,,,,,,,,,,,,,,,,,,,,,,,,,,,,,,,,,,,,,,,,,,,,,,,,,,,,,,,,
atwai:/data0/core/atwai/archive/microct/longitudinal mouse lung tumors/wk11_68_Rec,Folder,atwai,/data0/core/atwai/archive/microct/longitudinal mouse lung tumors/wk11_68_Rec,wk11_68_Rec,559327015.0,642.0,copy,microCT,11.0,M68,copy of the reconstruction,False,bmc-lab6,,,,,,,,,,,,,,,,,,,,,,,,,,,,,,,,,,,,,,,,,,,,,,,,,,,,,,,,,
atwai:/data0/core/atwai/archive/microct/longitudinal mouse lung tumors/wk11_69_Rec,Folder,atwai,/data0/core/atwai/archive/microct/longitudinal mouse lung tumors/wk11_69_Rec,wk11_69_Rec,564045138.0,647.0,copy,microCT,11.0,M69,copy of the reconstruction,False,bmc-lab6,,,,,,,,,,,,,,,,,,,,,,,,,,,,,,,,,,,,,,,,,,,,,,,,,,,,,,,,,
atwai:/data0/core/atwai/archive/microct/longitudinal mouse lung tumors/wk11_75_Rec,Folder,atwai,/data0/core/atwai/archive/microct/longitudinal mouse lung tumors/wk11_75_Rec,wk11_75_Rec,525663497.0,603.0,copy,microCT,11.0,M75,copy of the reconstruction,False,bmc-lab6,,,,,,,,,,,,,,,,,,,,,,,,,,,,,,,,,,,,,,,,,,,,,,,,,,,,,,,,,
atwai:/data0/core/atwai/archive/microct/longitudinal mouse lung tumors/wk13_10_Rec,Folder,atwai,/data0/core/atwai/archive/microct/longitudinal mouse lung tumors/wk13_10_Rec,wk13_10_Rec,684962525.0,696.0,copy,microCT,13.0,M10,copy of the reconstruction,False,bmc-lab6,,,,,,,,,,,,,,,,,,,,,,,,,,,,,,,,,,,,,,,,,,,,,,,,,,,,,,,,,
atwai:/data0/core/atwai/archive/microct/longitudinal mouse lung tumors/wk13_11_Rec,Folder,atwai,/data0/core/atwai/archive/microct/longitudinal mouse lung tumors/wk13_11_Rec,wk13_11_Rec,686934440.0,698.0,copy,microCT,13.0,M11,copy of the reconstruction,False,bmc-lab6,,,,,,,,,,,,,,,,,,,,,,,,,,,,,,,,,,,,,,,,,,,,,,,,,,,,,,,,,
atwai:/data0/core/atwai/archive/microct/longitudinal mouse lung tumors/wk13_12_Rec,Folder,atwai,/data0/core/atwai/archive/microct/longitudinal mouse lung tumors/wk13_12_Rec,wk13_12_Rec,682990608.0,694.0,copy,microCT,13.0,M12,copy of the reconstruction,False,bmc-lab6,,,,,,,,,,,,,,,,,,,,,,,,,,,,,,,,,,,,,,,,,,,,,,,,,,,,,,,,,
atwai:/data0/core/atwai/archive/microct/longitudinal mouse lung tumors/wk13_13_Rec,Folder,atwai,/data0/core/atwai/archive/microct/longitudinal mouse lung tumors/wk13_13_Rec,wk13_13_Rec,606085884.0,616.0,copy,microCT,13.0,M13,copy of the reconstruction,False,bmc-lab6,,,,,,,,,,,,,,,,,,,,,,,,,,,,,,,,,,,,,,,,,,,,,,,,,,,,,,,,,
atwai:/data0/core/atwai/archive/microct/longitudinal mouse lung tumors/wk13_14_Rec,Folder,atwai,/data0/core/atwai/archive/microct/longitudinal mouse lung tumors/wk13_14_Rec,wk13_14_Rec,671159112.0,682.0,copy,microCT,13.0,M14,copy of the reconstruction,False,bmc-lab6,,,,,,,,,,,,,,,,,,,,,,,,,,,,,,,,,,,,,,,,,,,,,,,,,,,,,,,,,
atwai:/data0/core/atwai/archive/microct/longitudinal mouse lung tumors/wk13_15_Rec,Folder,atwai,/data0/core/atwai/archive/microct/longitudinal mouse lung tumors/wk13_15_Rec,wk13_15_Rec,697779978.0,709.0,copy,microCT,13.0,M15,copy of the reconstruction,False,bmc-lab6,,,,,,,,,,,,,,,,,,,,,,,,,,,,,,,,,,,,,,,,,,,,,,,,,,,,,,,,,
atwai:/data0/core/atwai/archive/microct/longitudinal mouse lung tumors/wk13_17_Rec,Folder,atwai,/data0/core/atwai/archive/microct/longitudinal mouse lung tumors/wk13_17_Rec,wk13_17_Rec,639608457.0,650.0,copy,microCT,13.0,M17,copy of the reconstruction,False,bmc-lab6,,,,,,,,,,,,,,,,,,,,,,,,,,,,,,,,,,,,,,,,,,,,,,,,,,,,,,,,,
atwai:/data0/core/atwai/archive/microct/longitudinal mouse lung tumors/wk13_18_Rec,Folder,atwai,/data0/core/atwai/archive/microct/longitudinal mouse lung tumors/wk13_18_Rec,wk13_18_Rec,698765936.0,710.0,copy,microCT,13.0,M18,copy of the reconstruction,False,bmc-lab6,,,,,,,,,,,,,,,,,,,,,,,,,,,,,,,,,,,,,,,,,,,,,,,,,,,,,,,,,
atwai:/data0/core/atwai/archive/microct/longitudinal mouse lung tumors/wk13_19_Rec,Folder,atwai,/data0/core/atwai/archive/microct/longitudinal mouse lung tumors/wk13_19_Rec,wk13_19_Rec,600170136.0,610.0,copy,microCT,13.0,M19,copy of the reconstruction,False,bmc-lab6,,,,,,,,,,,,,,,,,,,,,,,,,,,,,,,,,,,,,,,,,,,,,,,,,,,,,,,,,
atwai:/data0/core/atwai/archive/microct/longitudinal mouse lung tumors/wk13_67_Rec,Folder,atwai,/data0/core/atwai/archive/microct/longitudinal mouse lung tumors/wk13_67_Rec,wk13_67_Rec,628762919.0,639.0,copy,microCT,13.0,M67,copy of the reconstruction,False,bmc-lab6,,,,,,,,,,,,,,,,,,,,,,,,,,,,,,,,,,,,,,,,,,,,,,,,,,,,,,,,,
atwai:/data0/core/atwai/archive/microct/longitudinal mouse lung tumors/wk13_68_Rec,Folder,atwai,/data0/core/atwai/archive/microct/longitudinal mouse lung tumors/wk13_68_Rec,wk13_68_Rec,618903338.0,629.0,copy,microCT,13.0,M68,copy of the reconstruction,False,bmc-lab6,,,,,,,,,,,,,,,,,,,,,,,,,,,,,,,,,,,,,,,,,,,,,,,,,,,,,,,,,
atwai:/data0/core/atwai/archive/microct/longitudinal mouse lung tumors/wk13_69_Rec,Folder,atwai,/data0/core/atwai/archive/microct/longitudinal mouse lung tumors/wk13_69_Rec,wk13_69_Rec,597212262.0,607.0,copy,microCT,13.0,M69,copy of the reconstruction,False,bmc-lab6,,,,,,,,,,,,,,,,,,,,,,,,,,,,,,,,,,,,,,,,,,,,,,,,,,,,,,,,,
atwai:/data0/core/atwai/archive/microct/longitudinal mouse lung tumors/wk14_10_Rec,Folder,atwai,/data0/core/atwai/archive/microct/longitudinal mouse lung tumors/wk14_10_Rec,wk14_10_Rec,433633757.0,672.0,copy,microCT,14.0,M10,copy of the reconstruction,False,bmc-lab6,,,,,,,,,,,,,,,,,,,,,,,,,,,,,,,,,,,,,,,,,,,,,,,,,,,,,,,,,
atwai:/data0/core/atwai/archive/microct/longitudinal mouse lung tumors/wk14_11_Rec,Folder,atwai,/data0/core/atwai/archive/microct/longitudinal mouse lung tumors/wk14_11_Rec,wk14_11_Rec,433633757.0,672.0,copy,microCT,14.0,M11,copy of the reconstruction,False,bmc-lab6,,,,,,,,,,,,,,,,,,,,,,,,,,,,,,,,,,,,,,,,,,,,,,,,,,,,,,,,,
atwai:/data0/core/atwai/archive/microct/longitudinal mouse lung tumors/wk14_12_Rec,Folder,atwai,/data0/core/atwai/archive/microct/longitudinal mouse lung tumors/wk14_12_Rec,wk14_12_Rec,433633758.0,672.0,copy,microCT,14.0,M12,copy of the reconstruction,False,bmc-lab6,,,,,,,,,,,,,,,,,,,,,,,,,,,,,,,,,,,,,,,,,,,,,,,,,,,,,,,,,
atwai:/data0/core/atwai/archive/microct/longitudinal mouse lung tumors/wk14_13_Rec,Folder,atwai,/data0/core/atwai/archive/microct/longitudinal mouse lung tumors/wk14_13_Rec,wk14_13_Rec,433633757.0,672.0,copy,microCT,14.0,M13,copy of the reconstruction,False,bmc-lab6,,,,,,,,,,,,,,,,,,,,,,,,,,,,,,,,,,,,,,,,,,,,,,,,,,,,,,,,,
atwai:/data0/core/atwai/archive/microct/longitudinal mouse lung tumors/wk14_14_Rec,Folder,atwai,/data0/core/atwai/archive/microct/longitudinal mouse lung tumors/wk14_14_Rec,wk14_14_Rec,433633758.0,672.0,copy,microCT,14.0,M14,copy of the reconstruction,False,bmc-lab6,,,,,,,,,,,,,,,,,,,,,,,,,,,,,,,,,,,,,,,,,,,,,,,,,,,,,,,,,
atwai:/data0/core/atwai/archive/microct/longitudinal mouse lung tumors/wk14_15_Rec,Folder,atwai,/data0/core/atwai/archive/microct/longitudinal mouse lung tumors/wk14_15_Rec,wk14_15_Rec,433633757.0,672.0,copy,microCT,14.0,M15,copy of the reconstruction,False,bmc-lab6,,,,,,,,,,,,,,,,,,,,,,,,,,,,,,,,,,,,,,,,,,,,,,,,,,,,,,,,,
atwai:/data0/core/atwai/archive/microct/longitudinal mouse lung tumors/wk14_17_Rec,Folder,atwai,/data0/core/atwai/archive/microct/longitudinal mouse lung tumors/wk14_17_Rec,wk14_17_Rec,433633757.0,672.0,copy,microCT,14.0,M17,copy of the reconstruction,False,bmc-lab6,,,,,,,,,,,,,,,,,,,,,,,,,,,,,,,,,,,,,,,,,,,,,,,,,,,,,,,,,
atwai:/data0/core/atwai/archive/microct/longitudinal mouse lung tumors/wk14_18_Rec,Folder,atwai,/data0/core/atwai/archive/microct/longitudinal mouse lung tumors/wk14_18_Rec,wk14_18_Rec,433633757.0,672.0,copy,microCT,14.0,M18,copy of the reconstruction,False,bmc-lab6,,,,,,,,,,,,,,,,,,,,,,,,,,,,,,,,,,,,,,,,,,,,,,,,,,,,,,,,,
atwai:/data0/core/atwai/archive/microct/longitudinal mouse lung tumors/wk14_19_Rec,Folder,atwai,/data0/core/atwai/archive/microct/longitudinal mouse lung tumors/wk14_19_Rec,wk14_19_Rec,433633757.0,672.0,copy,microCT,14.0,M19,copy of the reconstruction,False,bmc-lab6,,,,,,,,,,,,,,,,,,,,,,,,,,,,,,,,,,,,,,,,,,,,,,,,,,,,,,,,,
atwai:/data0/core/atwai/archive/microct/longitudinal mouse lung tumors/wk14_67_Rec,Folder,atwai,/data0/core/atwai/archive/microct/longitudinal mouse lung tumors/wk14_67_Rec,wk14_67_Rec,433633758.0,672.0,copy,microCT,14.0,M67,copy of the reconstruction,False,bmc-lab6,,,,,,,,,,,,,,,,,,,,,,,,,,,,,,,,,,,,,,,,,,,,,,,,,,,,,,,,,
atwai:/data0/core/atwai/archive/microct/longitudinal mouse lung tumors/wk14_68_Rec,Folder,atwai,/data0/core/atwai/archive/microct/longitudinal mouse lung tumors/wk14_68_Rec,wk14_68_Rec,433633757.0,672.0,copy,microCT,14.0,M68,copy of the reconstruction,False,bmc-lab6,,,,,,,,,,,,,,,,,,,,,,,,,,,,,,,,,,,,,,,,,,,,,,,,,,,,,,,,,
atwai:/data0/core/atwai/archive/microct/longitudinal mouse lung tumors/wk14_69_Rec,Folder,atwai,/data0/core/atwai/archive/microct/longitudinal mouse lung tumors/wk14_69_Rec,wk14_69_Rec,433633757.0,672.0,copy,microCT,14.0,M69,copy of the reconstruction,False,bmc-lab6,,,,,,,,,,,,,,,,,,,,,,,,,,,,,,,,,,,,,,,,,,,,,,,,,,,,,,,,,
atwai:/data0/core/atwai/archive/microct/longitudinal mouse lung tumors/wk6-10_Rec,Folder,atwai,/data0/core/atwai/archive/microct/longitudinal mouse lung tumors/wk6-10_Rec,wk6-10_Rec,489742831.0,498.0,copy,microCT,6.0,M10,copy of the reconstruction,False,bmc-lab6,,,,,,,,,,,,,,,,,,,,,,,,,,,,,,,,,,,,,,,,,,,,,,,,,,,,,,,,,
atwai:/data0/core/atwai/archive/microct/longitudinal mouse lung tumors/wk6-11_Rec,Folder,atwai,/data0/core/atwai/archive/microct/longitudinal mouse lung tumors/wk6-11_Rec,wk6-11_Rec,561847038.0,571.0,copy,microCT,6.0,M11,copy of the reconstruction,False,bmc-lab6,,,,,,,,,,,,,,,,,,,,,,,,,,,,,,,,,,,,,,,,,,,,,,,,,,,,,,,,,
atwai:/data0/core/atwai/archive/microct/longitudinal mouse lung tumors/wk6-12_Rec,Folder,atwai,/data0/core/atwai/archive/microct/longitudinal mouse lung tumors/wk6-12_Rec,wk6-12_Rec,545942437.0,555.0,copy,microCT,6.0,M12,copy of the reconstruction,False,bmc-lab6,,,,,,,,,,,,,,,,,,,,,,,,,,,,,,,,,,,,,,,,,,,,,,,,,,,,,,,,,
atwai:/data0/core/atwai/archive/microct/longitudinal mouse lung tumors/wk6-13_Rec,Folder,atwai,/data0/core/atwai/archive/microct/longitudinal mouse lung tumors/wk6-13_Rec,wk6-13_Rec,549886268.0,559.0,copy,microCT,6.0,M13,copy of the reconstruction,False,bmc-lab6,,,,,,,,,,,,,,,,,,,,,,,,,,,,,,,,,,,,,,,,,,,,,,,,,,,,,,,,,
atwai:/data0/core/atwai/archive/microct/longitudinal mouse lung tumors/wk6-14_Rec,Folder,atwai,/data0/core/atwai/archive/microct/longitudinal mouse lung tumors/wk6-14_Rec,wk6-14_Rec,574535219.0,584.0,copy,microCT,6.0,M14,copy of the reconstruction,False,bmc-lab6,,,,,,,,,,,,,,,,,,,,,,,,,,,,,,,,,,,,,,,,,,,,,,,,,,,,,,,,,
atwai:/data0/core/atwai/archive/microct/longitudinal mouse lung tumors/wk6-15_Rec,Folder,atwai,/data0/core/atwai/archive/microct/longitudinal mouse lung tumors/wk6-15_Rec,wk6-15_Rec,502689558.0,511.0,copy,microCT,6.0,M15,copy of the reconstruction,False,bmc-lab6,,,,,,,,,,,,,,,,,,,,,,,,,,,,,,,,,,,,,,,,,,,,,,,,,,,,,,,,,
atwai:/data0/core/atwai/archive/microct/longitudinal mouse lung tumors/wk6-17_Rec,Folder,atwai,/data0/core/atwai/archive/microct/longitudinal mouse lung tumors/wk6-17_Rec,wk6-17_Rec,502689558.0,511.0,copy,microCT,6.0,M17,copy of the reconstruction,False,bmc-lab6,,,,,,,,,,,,,,,,,,,,,,,,,,,,,,,,,,,,,,,,,,,,,,,,,,,,,,,,,
atwai:/data0/core/atwai/archive/microct/longitudinal mouse lung tumors/wk6-18_Rec,Folder,atwai,/data0/core/atwai/archive/microct/longitudinal mouse lung tumors/wk6-18_Rec,wk6-18_Rec,586495988.0,596.0,copy,microCT,6.0,M18,copy of the reconstruction,False,bmc-lab6,,,,,,,,,,,,,,,,,,,,,,,,,,,,,,,,,,,,,,,,,,,,,,,,,,,,,,,,,
atwai:/data0/core/atwai/archive/microct/longitudinal mouse lung tumors/wk6-19_Rec,Folder,atwai,/data0/core/atwai/archive/microct/longitudinal mouse lung tumors/wk6-19_Rec,wk6-19_Rec,500588368.0,509.0,copy,microCT,6.0,M19,copy of the reconstruction,False,bmc-lab6,,,,,,,,,,,,,,,,,,,,,,,,,,,,,,,,,,,,,,,,,,,,,,,,,,,,,,,,,
atwai:/data0/core/atwai/archive/microct/longitudinal mouse lung tumors/wk6-67_Rec,Folder,atwai,/data0/core/atwai/archive/microct/longitudinal mouse lung tumors/wk6-67_Rec,wk6-67_Rec,534240215.0,543.0,copy,microCT,6.0,M67,copy of the reconstruction,False,bmc-lab6,,,,,,,,,,,,,,,,,,,,,,,,,,,,,,,,,,,,,,,,,,,,,,,,,,,,,,,,,
atwai:/data0/core/atwai/archive/microct/longitudinal mouse lung tumors/wk6-68_Rec,Folder,atwai,/data0/core/atwai/archive/microct/longitudinal mouse lung tumors/wk6-68_Rec,wk6-68_Rec,519321570.0,528.0,copy,microCT,6.0,M68,copy of the reconstruction,False,bmc-lab6,,,,,,,,,,,,,,,,,,,,,,,,,,,,,,,,,,,,,,,,,,,,,,,,,,,,,,,,,
atwai:/data0/core/atwai/archive/microct/longitudinal mouse lung tumors/wk6-69_Rec,Folder,atwai,/data0/core/atwai/archive/microct/longitudinal mouse lung tumors/wk6-69_Rec,wk6-69_Rec,502689559.0,511.0,copy,microCT,6.0,M69,copy of the reconstruction,False,bmc-lab6,,,,,,,,,,,,,,,,,,,,,,,,,,,,,,,,,,,,,,,,,,,,,,,,,,,,,,,,,
atwai:/data0/core/atwai/archive/microct/longitudinal mouse lung tumors/wk6-75_Rec,Folder,atwai,/data0/core/atwai/archive/microct/longitudinal mouse lung tumors/wk6-75_Rec,wk6-75_Rec,500588372.0,509.0,copy,microCT,6.0,M75,copy of the reconstruction,False,bmc-lab6,,,,,,,,,,,,,,,,,,,,,,,,,,,,,,,,,,,,,,,,,,,,,,,,,,,,,,,,,
atwai:/data0/core/atwai/archive/microct/longitudinal mouse lung tumors/wk7-10_Rec,Folder,atwai,/data0/core/atwai/archive/microct/longitudinal mouse lung tumors/wk7-10_Rec,wk7-10_Rec,505537209.0,564.0,copy,microCT,7.0,M10,copy of the reconstruction,False,bmc-lab6,,,,,,,,,,,,,,,,,,,,,,,,,,,,,,,,,,,,,,,,,,,,,,,,,,,,,,,,,
atwai:/data0/core/atwai/archive/microct/longitudinal mouse lung tumors/wk7-11_Rec,Folder,atwai,/data0/core/atwai/archive/microct/longitudinal mouse lung tumors/wk7-11_Rec,wk7-11_Rec,461571768.0,515.0,copy,microCT,7.0,M11,copy of the reconstruction,False,bmc-lab6,,,,,,,,,,,,,,,,,,,,,,,,,,,,,,,,,,,,,,,,,,,,,,,,,,,,,,,,,
atwai:/data0/core/atwai/archive/microct/longitudinal mouse lung tumors/wk7-12_Rec,Folder,atwai,/data0/core/atwai/archive/microct/longitudinal mouse lung tumors/wk7-12_Rec,wk7-12_Rec,471441562.0,526.0,copy,microCT,7.0,M12,copy of the reconstruction,False,bmc-lab6,,,,,,,,,,,,,,,,,,,,,,,,,,,,,,,,,,,,,,,,,,,,,,,,,,,,,,,,,
atwai:/data0/core/atwai/archive/microct/longitudinal mouse lung tumors/wk7-13_Rec,Folder,atwai,/data0/core/atwai/archive/microct/longitudinal mouse lung tumors/wk7-13_Rec,wk7-13_Rec,493713161.0,572.0,copy,microCT,7.0,M13,copy of the reconstruction,False,bmc-lab6,,,,,,,,,,,,,,,,,,,,,,,,,,,,,,,,,,,,,,,,,,,,,,,,,,,,,,,,,
atwai:/data0/core/atwai/archive/microct/longitudinal mouse lung tumors/wk7-14_Rec,Folder,atwai,/data0/core/atwai/archive/microct/longitudinal mouse lung tumors/wk7-14_Rec,wk7-14_Rec,542324624.0,605.0,copy,microCT,7.0,M14,copy of the reconstruction,False,bmc-lab6,,,,,,,,,,,,,,,,,,,,,,,,,,,,,,,,,,,,,,,,,,,,,,,,,,,,,,,,,
atwai:/data0/core/atwai/archive/microct/longitudinal mouse lung tumors/wk7-15_Rec,Folder,atwai,/data0/core/atwai/archive/microct/longitudinal mouse lung tumors/wk7-15_Rec,wk7-15_Rec,551887726.0,616.0,copy,microCT,7.0,M15,copy of the reconstruction,False,bmc-lab6,,,,,,,,,,,,,,,,,,,,,,,,,,,,,,,,,,,,,,,,,,,,,,,,,,,,,,,,,
atwai:/data0/core/atwai/archive/microct/longitudinal mouse lung tumors/wk7-17_Rec,Folder,atwai,/data0/core/atwai/archive/microct/longitudinal mouse lung tumors/wk7-17_Rec,wk7-17_Rec,485797612.0,542.0,copy,microCT,7.0,M17,copy of the reconstruction,False,bmc-lab6,,,,,,,,,,,,,,,,,,,,,,,,,,,,,,,,,,,,,,,,,,,,,,,,,,,,,,,,,
atwai:/data0/core/atwai/archive/microct/longitudinal mouse lung tumors/wk7-18_Rec,Folder,atwai,/data0/core/atwai/archive/microct/longitudinal mouse lung tumors/wk7-18_Rec,wk7-18_Rec,484593677.0,541.0,copy,microCT,7.0,M18,copy of the reconstruction,False,bmc-lab6,,,,,,,,,,,,,,,,,,,,,,,,,,,,,,,,,,,,,,,,,,,,,,,,,,,,,,,,,
atwai:/data0/core/atwai/archive/microct/longitudinal mouse lung tumors/wk7-19_Rec,Folder,atwai,/data0/core/atwai/archive/microct/longitudinal mouse lung tumors/wk7-19_Rec,wk7-19_Rec,542915194.0,606.0,copy,microCT,7.0,M19,copy of the reconstruction,False,bmc-lab6,,,,,,,,,,,,,,,,,,,,,,,,,,,,,,,,,,,,,,,,,,,,,,,,,,,,,,,,,
atwai:/data0/core/atwai/archive/microct/longitudinal mouse lung tumors/wk7-67_Rec,Folder,atwai,/data0/core/atwai/archive/microct/longitudinal mouse lung tumors/wk7-67_Rec,wk7-67_Rec,555893946.0,644.0,copy,microCT,7.0,M67,copy of the reconstruction,False,bmc-lab6,,,,,,,,,,,,,,,,,,,,,,,,,,,,,,,,,,,,,,,,,,,,,,,,,,,,,,,,,
atwai:/data0/core/atwai/archive/microct/longitudinal mouse lung tumors/wk7-68_Rec,Folder,atwai,/data0/core/atwai/archive/microct/longitudinal mouse lung tumors/wk7-68_Rec,wk7-68_Rec,478167965.0,554.0,copy,microCT,7.0,M68,copy of the reconstruction,False,bmc-lab6,,,,,,,,,,,,,,,,,,,,,,,,,,,,,,,,,,,,,,,,,,,,,,,,,,,,,,,,,
atwai:/data0/core/atwai/archive/microct/longitudinal mouse lung tumors/wk7-69_Rec,Folder,atwai,/data0/core/atwai/archive/microct/longitudinal mouse lung tumors/wk7-69_Rec,wk7-69_Rec,572302764.0,663.0,copy,microCT,7.0,M69,copy of the reconstruction,False,bmc-lab6,,,,,,,,,,,,,,,,,,,,,,,,,,,,,,,,,,,,,,,,,,,,,,,,,,,,,,,,,
atwai:/data0/core/atwai/archive/microct/longitudinal mouse lung tumors/wk7-75_Rec,Folder,atwai,/data0/core/atwai/archive/microct/longitudinal mouse lung tumors/wk7-75_Rec,wk7-75_Rec,526174051.0,587.0,copy,microCT,7.0,M75,copy of the reconstruction,False,bmc-lab6,,,,,,,,,,,,,,,,,,,,,,,,,,,,,,,,,,,,,,,,,,,,,,,,,,,,,,,,,
atwai:/data0/core/atwai/archive/microct/longitudinal mouse lung tumors/wk8_10_Rec,Folder,atwai,/data0/core/atwai/archive/microct/longitudinal mouse lung tumors/wk8_10_Rec,wk8_10_Rec,572474429.0,629.0,copy,microCT,8.0,M10,copy of the reconstruction,False,bmc-lab6,,,,,,,,,,,,,,,,,,,,,,,,,,,,,,,,,,,,,,,,,,,,,,,,,,,,,,,,,
atwai:/data0/core/atwai/archive/microct/longitudinal mouse lung tumors/wk8_11_Rec,Folder,atwai,/data0/core/atwai/archive/microct/longitudinal mouse lung tumors/wk8_11_Rec,wk8_11_Rec,523983053.0,577.0,copy,microCT,8.0,M11,copy of the reconstruction,False,bmc-lab6,,,,,,,,,,,,,,,,,,,,,,,,,,,,,,,,,,,,,,,,,,,,,,,,,,,,,,,,,
atwai:/data0/core/atwai/archive/microct/longitudinal mouse lung tumors/wk8_12_Rec,Folder,atwai,/data0/core/atwai/archive/microct/longitudinal mouse lung tumors/wk8_12_Rec,wk8_12_Rec,559741145.0,616.0,copy,microCT,8.0,M12,copy of the reconstruction,False,bmc-lab6,,,,,,,,,,,,,,,,,,,,,,,,,,,,,,,,,,,,,,,,,,,,,,,,,,,,,,,,,
atwai:/data0/core/atwai/archive/microct/longitudinal mouse lung tumors/wk8_13_Rec,Folder,atwai,/data0/core/atwai/archive/microct/longitudinal mouse lung tumors/wk8_13_Rec,wk8_13_Rec,635869510.0,700.0,copy,microCT,8.0,M13,copy of the reconstruction,False,bmc-lab6,,,,,,,,,,,,,,,,,,,,,,,,,,,,,,,,,,,,,,,,,,,,,,,,,,,,,,,,,
atwai:/data0/core/atwai/archive/microct/longitudinal mouse lung tumors/wk8_14_Rec,Folder,atwai,/data0/core/atwai/archive/microct/longitudinal mouse lung tumors/wk8_14_Rec,wk8_14_Rec,554283269.0,610.0,copy,microCT,8.0,M14,copy of the reconstruction,False,bmc-lab6,,,,,,,,,,,,,,,,,,,,,,,,,,,,,,,,,,,,,,,,,,,,,,,,,,,,,,,,,
atwai:/data0/core/atwai/archive/microct/longitudinal mouse lung tumors/wk8_15_Rec,Folder,atwai,/data0/core/atwai/archive/microct/longitudinal mouse lung tumors/wk8_15_Rec,wk8_15_Rec,515168490.0,567.0,copy,microCT,8.0,M15,copy of the reconstruction,False,bmc-lab6,,,,,,,,,,,,,,,,,,,,,,,,,,,,,,,,,,,,,,,,,,,,,,,,,,,,,,,,,
atwai:/data0/core/atwai/archive/microct/longitudinal mouse lung tumors/wk8_17_Rec,Folder,atwai,/data0/core/atwai/archive/microct/longitudinal mouse lung tumors/wk8_17_Rec,wk8_17_Rec,475144066.0,523.0,copy,microCT,8.0,M17,copy of the reconstruction,False,bmc-lab6,,,,,,,,,,,,,,,,,,,,,,,,,,,,,,,,,,,,,,,,,,,,,,,,,,,,,,,,,
atwai:/data0/core/atwai/archive/microct/longitudinal mouse lung tumors/wk8_18_Rec,Folder,atwai,/data0/core/atwai/archive/microct/longitudinal mouse lung tumors/wk8_18_Rec,wk8_18_Rec,532451764.0,586.0,copy,microCT,8.0,M18,copy of the reconstruction,False,bmc-lab6,,,,,,,,,,,,,,,,,,,,,,,,,,,,,,,,,,,,,,,,,,,,,,,,,,,,,,,,,
atwai:/data0/core/atwai/archive/microct/longitudinal mouse lung tumors/wk8_19_Rec,Folder,atwai,/data0/core/atwai/archive/microct/longitudinal mouse lung tumors/wk8_19_Rec,wk8_19_Rec,518807075.0,571.0,copy,microCT,8.0,M19,copy of the reconstruction,False,bmc-lab6,,,,,,,,,,,,,,,,,,,,,,,,,,,,,,,,,,,,,,,,,,,,,,,,,,,,,,,,,
atwai:/data0/core/atwai/archive/microct/longitudinal mouse lung tumors/wk8_67_Rec,Folder,atwai,/data0/core/atwai/archive/microct/longitudinal mouse lung tumors/wk8_67_Rec,wk8_67_Rec,517897429.0,570.0,copy,microCT,8.0,M67,copy of the reconstruction,False,bmc-lab6,,,,,,,,,,,,,,,,,,,,,,,,,,,,,,,,,,,,,,,,,,,,,,,,,,,,,,,,,
atwai:/data0/core/atwai/archive/microct/longitudinal mouse lung tumors/wk8_68_Rec,Folder,atwai,/data0/core/atwai/archive/microct/longitudinal mouse lung tumors/wk8_68_Rec,wk8_68_Rec,601584861.0,662.0,copy,microCT,8.0,M68,copy of the reconstruction,False,bmc-lab6,,,,,,,,,,,,,,,,,,,,,,,,,,,,,,,,,,,,,,,,,,,,,,,,,,,,,,,,,
atwai:/data0/core/atwai/archive/microct/longitudinal mouse lung tumors/wk8_69_Rec,Folder,atwai,/data0/core/atwai/archive/microct/longitudinal mouse lung tumors/wk8_69_Rec,wk8_69_Rec,590669108.0,650.0,copy,microCT,8.0,M69,copy of the reconstruction,False,bmc-lab6,,,,,,,,,,,,,,,,,,,,,,,,,,,,,,,,,,,,,,,,,,,,,,,,,,,,,,,,,
atwai:/data0/core/atwai/archive/microct/longitudinal mouse lung tumors/wk8_75_Rec,Folder,atwai,/data0/core/atwai/archive/microct/longitudinal mouse lung tumors/wk8_75_Rec,wk8_75_Rec,561560436.0,618.0,copy,microCT,8.0,M75,copy of the reconstruction,False,bmc-lab6,,,,,,,,,,,,,,,,,,,,,,,,,,,,,,,,,,,,,,,,,,,,,,,,,,,,,,,,,
atwai:/data0/core/atwai/archive/microct/longitudinal mouse lung tumors/wk9_10_Rec,Folder,atwai,/data0/core/atwai/archive/microct/longitudinal mouse lung tumors/wk9_10_Rec,wk9_10_Rec,625863421.0,689.0,copy,microCT,9.0,M10,copy of the reconstruction,False,bmc-lab6,,,,,,,,,,,,,,,,,,,,,,,,,,,,,,,,,,,,,,,,,,,,,,,,,,,,,,,,,
atwai:/data0/core/atwai/archive/microct/longitudinal mouse lung tumors/wk9_11_Rec,Folder,atwai,/data0/core/atwai/archive/microct/longitudinal mouse lung tumors/wk9_11_Rec,wk9_11_Rec,623134483.0,686.0,copy,microCT,9.0,M11,copy of the reconstruction,False,bmc-lab6,,,,,,,,,,,,,,,,,,,,,,,,,,,,,,,,,,,,,,,,,,,,,,,,,,,,,,,,,
atwai:/data0/core/atwai/archive/microct/longitudinal mouse lung tumors/wk9_12_Rec,Folder,atwai,/data0/core/atwai/archive/microct/longitudinal mouse lung tumors/wk9_12_Rec,wk9_12_Rec,583110064.0,642.0,copy,microCT,9.0,M12,copy of the reconstruction,False,bmc-lab6,,,,,,,,,,,,,,,,,,,,,,,,,,,,,,,,,,,,,,,,,,,,,,,,,,,,,,,,,
atwai:/data0/core/atwai/archive/microct/longitudinal mouse lung tumors/wk9_13_Rec,Folder,atwai,/data0/core/atwai/archive/microct/longitudinal mouse lung tumors/wk9_13_Rec,wk9_13_Rec,613128378.0,675.0,copy,microCT,9.0,M13,copy of the reconstruction,False,bmc-lab6,,,,,,,,,,,,,,,,,,,,,,,,,,,,,,,,,,,,,,,,,,,,,,,,,,,,,,,,,
atwai:/data0/core/atwai/archive/microct/longitudinal mouse lung tumors/wk9_14_Rec,Folder,atwai,/data0/core/atwai/archive/microct/longitudinal mouse lung tumors/wk9_14_Rec,wk9_14_Rec,556730326.0,613.0,copy,microCT,9.0,M14,copy of the reconstruction,False,bmc-lab6,,,,,,,,,,,,,,,,,,,,,,,,,,,,,,,,,,,,,,,,,,,,,,,,,,,,,,,,,
atwai:/data0/core/atwai/archive/microct/longitudinal mouse lung tumors/wk9_15_Rec,Folder,atwai,/data0/core/atwai/archive/microct/longitudinal mouse lung tumors/wk9_15_Rec,wk9_15_Rec,587658290.0,647.0,copy,microCT,9.0,M15,copy of the reconstruction,False,bmc-lab6,,,,,,,,,,,,,,,,,,,,,,,,,,,,,,,,,,,,,,,,,,,,,,,,,,,,,,,,,
atwai:/data0/core/atwai/archive/microct/longitudinal mouse lung tumors/wk9_17_Rec,Folder,atwai,/data0/core/atwai/archive/microct/longitudinal mouse lung tumors/wk9_17_Rec,wk9_17_Rec,577652183.0,636.0,copy,microCT,9.0,M17,copy of the reconstruction,False,bmc-lab6,,,,,,,,,,,,,,,,,,,,,,,,,,,,,,,,,,,,,,,,,,,,,,,,,,,,,,,,,
atwai:/data0/core/atwai/archive/microct/longitudinal mouse lung tumors/wk9_18_Rec,Folder,atwai,/data0/core/atwai/archive/microct/longitudinal mouse lung tumors/wk9_18_Rec,wk9_18_Rec,591296873.0,651.0,copy,microCT,9.0,M18,copy of the reconstruction,False,bmc-lab6,,,,,,,,,,,,,,,,,,,,,,,,,,,,,,,,,,,,,,,,,,,,,,,,,,,,,,,,,
atwai:/data0/core/atwai/archive/microct/longitudinal mouse lung tumors/wk9_19_Rec,Folder,atwai,/data0/core/atwai/archive/microct/longitudinal mouse lung tumors/wk9_19_Rec,wk9_19_Rec,658610678.0,725.0,copy,microCT,9.0,M19,copy of the reconstruction,False,bmc-lab6,,,,,,,,,,,,,,,,,,,,,,,,,,,,,,,,,,,,,,,,,,,,,,,,,,,,,,,,,
atwai:/data0/core/atwai/archive/microct/longitudinal mouse lung tumors/wk9_67_Rec,Folder,atwai,/data0/core/atwai/archive/microct/longitudinal mouse lung tumors/wk9_67_Rec,wk9_67_Rec,613128377.0,675.0,copy,microCT,9.0,M67,copy of the reconstruction,False,bmc-lab6,,,,,,,,,,,,,,,,,,,,,,,,,,,,,,,,,,,,,,,,,,,,,,,,,,,,,,,,,
atwai:/data0/core/atwai/archive/microct/longitudinal mouse lung tumors/wk9_68_Rec,Folder,atwai,/data0/core/atwai/archive/microct/longitudinal mouse lung tumors/wk9_68_Rec,wk9_68_Rec,566736432.0,624.0,copy,microCT,9.0,M68,copy of the reconstruction,False,bmc-lab6,,,,,,,,,,,,,,,,,,,,,,,,,,,,,,,,,,,,,,,,,,,,,,,,,,,,,,,,,
atwai:/data0/core/atwai/archive/microct/longitudinal mouse lung tumors/wk9_69_Rec,Folder,atwai,/data0/core/atwai/archive/microct/longitudinal mouse lung tumors/wk9_69_Rec,wk9_69_Rec,611309085.0,673.0,copy,microCT,9.0,M69,copy of the reconstruction,False,bmc-lab6,,,,,,,,,,,,,,,,,,,,,,,,,,,,,,,,,,,,,,,,,,,,,,,,,,,,,,,,,
atwai:/data0/core/atwai/archive/microct/longitudinal mouse lung tumors/wk9_75_Rec,Folder,atwai,/data0/core/atwai/archive/microct/longitudinal mouse lung tumors/wk9_75_Rec,wk9_75_Rec,615857319.0,678.0,copy,microCT,9.0,M75,copy of the reconstruction,False,bmc-lab6,,,,,,,,,,,,,,,,,,,,,,,,,,,,,,,,,,,,,,,,,,,,,,,,,,,,,,,,,
atwai:/data0/core/atwai/archive/microct/longitudinal mouse lung tumors/wk10_10_Rec-Nifti,Folder,atwai,/data0/core/atwai/archive/microct/longitudinal mouse lung tumors/wk10_10_Rec-Nifti,wk10_10_Rec-Nifti,121846009.0,13.0,derived,microCT,10.0,M10,NIfTI conversion with img/ and prediction/ (segmentation model output),False,bmc-lab6,,,,,,,,,,,,,,,,,,,,,,,,,,,,,,,,,,,,,,,,,,,,,,,,,,,,,,,,,
atwai:/data0/core/atwai/archive/microct/longitudinal mouse lung tumors/wk10_11_Rec-Nifti,Folder,atwai,/data0/core/atwai/archive/microct/longitudinal mouse lung tumors/wk10_11_Rec-Nifti,wk10_11_Rec-Nifti,118476201.0,13.0,derived,microCT,10.0,M11,NIfTI conversion with img/ and prediction/ (segmentation model output),False,bmc-lab6,,,,,,,,,,,,,,,,,,,,,,,,,,,,,,,,,,,,,,,,,,,,,,,,,,,,,,,,,
atwai:/data0/core/atwai/archive/microct/longitudinal mouse lung tumors/wk10_12_Rec-Nifti,Folder,atwai,/data0/core/atwai/archive/microct/longitudinal mouse lung tumors/wk10_12_Rec-Nifti,wk10_12_Rec-Nifti,107607163.0,12.0,derived,microCT,10.0,M12,NIfTI conversion with img/ and prediction/ (segmentation model output),False,bmc-lab6,,,,,,,,,,,,,,,,,,,,,,,,,,,,,,,,,,,,,,,,,,,,,,,,,,,,,,,,,
atwai:/data0/core/atwai/archive/microct/longitudinal mouse lung tumors/wk10_13_Rec-Nifti,Folder,atwai,/data0/core/atwai/archive/microct/longitudinal mouse lung tumors/wk10_13_Rec-Nifti,wk10_13_Rec-Nifti,114580016.0,12.0,derived,microCT,10.0,M13,NIfTI conversion with img/ and prediction/ (segmentation model output),False,bmc-lab6,,,,,,,,,,,,,,,,,,,,,,,,,,,,,,,,,,,,,,,,,,,,,,,,,,,,,,,,,
atwai:/data0/core/atwai/archive/microct/longitudinal mouse lung tumors/wk10_14_Rec-Nifti,Folder,atwai,/data0/core/atwai/archive/microct/longitudinal mouse lung tumors/wk10_14_Rec-Nifti,wk10_14_Rec-Nifti,95302448.0,12.0,derived,microCT,10.0,M14,NIfTI conversion with img/ and prediction/ (segmentation model output),False,bmc-lab6,,,,,,,,,,,,,,,,,,,,,,,,,,,,,,,,,,,,,,,,,,,,,,,,,,,,,,,,,
atwai:/data0/core/atwai/archive/microct/longitudinal mouse lung tumors/wk10_15_Rec-Nifti,Folder,atwai,/data0/core/atwai/archive/microct/longitudinal mouse lung tumors/wk10_15_Rec-Nifti,wk10_15_Rec-Nifti,98039903.0,12.0,derived,microCT,10.0,M15,NIfTI conversion with img/ and prediction/ (segmentation model output),False,bmc-lab6,,,,,,,,,,,,,,,,,,,,,,,,,,,,,,,,,,,,,,,,,,,,,,,,,,,,,,,,,
atwai:/data0/core/atwai/archive/microct/longitudinal mouse lung tumors/wk10_17_Rec-Nifti,Folder,atwai,/data0/core/atwai/archive/microct/longitudinal mouse lung tumors/wk10_17_Rec-Nifti,wk10_17_Rec-Nifti,94586845.0,12.0,derived,microCT,10.0,M17,NIfTI conversion with img/ and prediction/ (segmentation model output),False,bmc-lab6,,,,,,,,,,,,,,,,,,,,,,,,,,,,,,,,,,,,,,,,,,,,,,,,,,,,,,,,,
atwai:/data0/core/atwai/archive/microct/longitudinal mouse lung tumors/wk10_18_Rec-Nifti,Folder,atwai,/data0/core/atwai/archive/microct/longitudinal mouse lung tumors/wk10_18_Rec-Nifti,wk10_18_Rec-Nifti,94509082.0,12.0,derived,microCT,10.0,M18,NIfTI conversion with img/ and prediction/ (segmentation model output),False,bmc-lab6,,,,,,,,,,,,,,,,,,,,,,,,,,,,,,,,,,,,,,,,,,,,,,,,,,,,,,,,,
atwai:/data0/core/atwai/archive/microct/longitudinal mouse lung tumors/wk10_19_Rec-Nifti,Folder,atwai,/data0/core/atwai/archive/microct/longitudinal mouse lung tumors/wk10_19_Rec-Nifti,wk10_19_Rec-Nifti,103618100.0,18.0,derived,microCT,10.0,M19,NIfTI conversion with img/ and prediction/ (segmentation model output),False,bmc-lab6,,,,,,,,,,,,,,,,,,,,,,,,,,,,,,,,,,,,,,,,,,,,,,,,,,,,,,,,,
atwai:/data0/core/atwai/archive/microct/longitudinal mouse lung tumors/wk10_67_Rec-Nifti,Folder,atwai,/data0/core/atwai/archive/microct/longitudinal mouse lung tumors/wk10_67_Rec-Nifti,wk10_67_Rec-Nifti,109363621.0,12.0,derived,microCT,10.0,M67,NIfTI conversion with img/ and prediction/ (segmentation model output),False,bmc-lab6,,,,,,,,,,,,,,,,,,,,,,,,,,,,,,,,,,,,,,,,,,,,,,,,,,,,,,,,,
atwai:/data0/core/atwai/archive/microct/longitudinal mouse lung tumors/wk10_68_Rec-Nifti,Folder,atwai,/data0/core/atwai/archive/microct/longitudinal mouse lung tumors/wk10_68_Rec-Nifti,wk10_68_Rec-Nifti,103098454.0,12.0,derived,microCT,10.0,M68,NIfTI conversion with img/ and prediction/ (segmentation model output),False,bmc-lab6,,,,,,,,,,,,,,,,,,,,,,,,,,,,,,,,,,,,,,,,,,,,,,,,,,,,,,,,,
atwai:/data0/core/atwai/archive/microct/longitudinal mouse lung tumors/wk10_69_Rec-Nifti,Folder,atwai,/data0/core/atwai/archive/microct/longitudinal mouse lung tumors/wk10_69_Rec-Nifti,wk10_69_Rec-Nifti,98825985.0,12.0,derived,microCT,10.0,M69,NIfTI conversion with img/ and prediction/ (segmentation model output),False,bmc-lab6,,,,,,,,,,,,,,,,,,,,,,,,,,,,,,,,,,,,,,,,,,,,,,,,,,,,,,,,,
atwai:/data0/core/atwai/archive/microct/longitudinal mouse lung tumors/wk10_75_Rec-Nifti,Folder,atwai,/data0/core/atwai/archive/microct/longitudinal mouse lung tumors/wk10_75_Rec-Nifti,wk10_75_Rec-Nifti,101972763.0,12.0,derived,microCT,10.0,M75,NIfTI conversion with img/ and prediction/ (segmentation model output),False,bmc-lab6,,,,,,,,,,,,,,,,,,,,,,,,,,,,,,,,,,,,,,,,,,,,,,,,,,,,,,,,,
atwai:/data0/core/atwai/archive/microct/longitudinal mouse lung tumors/wk11_10_Rec-Nifti,Folder,atwai,/data0/core/atwai/archive/microct/longitudinal mouse lung tumors/wk11_10_Rec-Nifti,wk11_10_Rec-Nifti,123000682.0,12.0,derived,microCT,11.0,M10,NIfTI conversion with img/ and prediction/ (segmentation model output),False,bmc-lab6,,,,,,,,,,,,,,,,,,,,,,,,,,,,,,,,,,,,,,,,,,,,,,,,,,,,,,,,,
atwai:/data0/core/atwai/archive/microct/longitudinal mouse lung tumors/wk11_11_Rec-Nifti,Folder,atwai,/data0/core/atwai/archive/microct/longitudinal mouse lung tumors/wk11_11_Rec-Nifti,wk11_11_Rec-Nifti,129500472.0,12.0,derived,microCT,11.0,M11,NIfTI conversion with img/ and prediction/ (segmentation model output),False,bmc-lab6,,,,,,,,,,,,,,,,,,,,,,,,,,,,,,,,,,,,,,,,,,,,,,,,,,,,,,,,,
atwai:/data0/core/atwai/archive/microct/longitudinal mouse lung tumors/wk11_12_Rec-Nifti,Folder,atwai,/data0/core/atwai/archive/microct/longitudinal mouse lung tumors/wk11_12_Rec-Nifti,wk11_12_Rec-Nifti,121165215.0,12.0,derived,microCT,11.0,M12,NIfTI conversion with img/ and prediction/ (segmentation model output),False,bmc-lab6,,,,,,,,,,,,,,,,,,,,,,,,,,,,,,,,,,,,,,,,,,,,,,,,,,,,,,,,,
atwai:/data0/core/atwai/archive/microct/longitudinal mouse lung tumors/wk11_13_Rec-Nifti,Folder,atwai,/data0/core/atwai/archive/microct/longitudinal mouse lung tumors/wk11_13_Rec-Nifti,wk11_13_Rec-Nifti,126391142.0,12.0,derived,microCT,11.0,M13,NIfTI conversion with img/ and prediction/ (segmentation model output),False,bmc-lab6,,,,,,,,,,,,,,,,,,,,,,,,,,,,,,,,,,,,,,,,,,,,,,,,,,,,,,,,,
atwai:/data0/core/atwai/archive/microct/longitudinal mouse lung tumors/wk11_14_Rec-Nifti,Folder,atwai,/data0/core/atwai/archive/microct/longitudinal mouse lung tumors/wk11_14_Rec-Nifti,wk11_14_Rec-Nifti,120405767.0,12.0,derived,microCT,11.0,M14,NIfTI conversion with img/ and prediction/ (segmentation model output),False,bmc-lab6,,,,,,,,,,,,,,,,,,,,,,,,,,,,,,,,,,,,,,,,,,,,,,,,,,,,,,,,,
atwai:/data0/core/atwai/archive/microct/longitudinal mouse lung tumors/wk11_15_Rec-Nifti,Folder,atwai,/data0/core/atwai/archive/microct/longitudinal mouse lung tumors/wk11_15_Rec-Nifti,wk11_15_Rec-Nifti,114226558.0,11.0,derived,microCT,11.0,M15,NIfTI conversion with img/ and prediction/ (segmentation model output),False,bmc-lab6,,,,,,,,,,,,,,,,,,,,,,,,,,,,,,,,,,,,,,,,,,,,,,,,,,,,,,,,,
atwai:/data0/core/atwai/archive/microct/longitudinal mouse lung tumors/wk11_17_Rec-Nifti,Folder,atwai,/data0/core/atwai/archive/microct/longitudinal mouse lung tumors/wk11_17_Rec-Nifti,wk11_17_Rec-Nifti,115705390.0,11.0,derived,microCT,11.0,M17,NIfTI conversion with img/ and prediction/ (segmentation model output),False,bmc-lab6,,,,,,,,,,,,,,,,,,,,,,,,,,,,,,,,,,,,,,,,,,,,,,,,,,,,,,,,,
atwai:/data0/core/atwai/archive/microct/longitudinal mouse lung tumors/wk11_18_Rec-Nifti,Folder,atwai,/data0/core/atwai/archive/microct/longitudinal mouse lung tumors/wk11_18_Rec-Nifti,wk11_18_Rec-Nifti,119774407.0,12.0,derived,microCT,11.0,M18,NIfTI conversion with img/ and prediction/ (segmentation model output),False,bmc-lab6,,,,,,,,,,,,,,,,,,,,,,,,,,,,,,,,,,,,,,,,,,,,,,,,,,,,,,,,,
atwai:/data0/core/atwai/archive/microct/longitudinal mouse lung tumors/wk11_19_Rec-Nifti,Folder,atwai,/data0/core/atwai/archive/microct/longitudinal mouse lung tumors/wk11_19_Rec-Nifti,wk11_19_Rec-Nifti,116111670.0,12.0,derived,microCT,11.0,M19,NIfTI conversion with img/ and prediction/ (segmentation model output),False,bmc-lab6,,,,,,,,,,,,,,,,,,,,,,,,,,,,,,,,,,,,,,,,,,,,,,,,,,,,,,,,,
atwai:/data0/core/atwai/archive/microct/longitudinal mouse lung tumors/wk11_67_Rec-Nifti,Folder,atwai,/data0/core/atwai/archive/microct/longitudinal mouse lung tumors/wk11_67_Rec-Nifti,wk11_67_Rec-Nifti,119958557.0,11.0,derived,microCT,11.0,M67,NIfTI conversion with img/ and prediction/ (segmentation model output),False,bmc-lab6,,,,,,,,,,,,,,,,,,,,,,,,,,,,,,,,,,,,,,,,,,,,,,,,,,,,,,,,,
atwai:/data0/core/atwai/archive/microct/longitudinal mouse lung tumors/wk11_68_Rec-Nifti,Folder,atwai,/data0/core/atwai/archive/microct/longitudinal mouse lung tumors/wk11_68_Rec-Nifti,wk11_68_Rec-Nifti,127075794.0,12.0,derived,microCT,11.0,M68,NIfTI conversion with img/ and prediction/ (segmentation model output),False,bmc-lab6,,,,,,,,,,,,,,,,,,,,,,,,,,,,,,,,,,,,,,,,,,,,,,,,,,,,,,,,,
atwai:/data0/core/atwai/archive/microct/longitudinal mouse lung tumors/wk11_69_Rec-Nifti,Folder,atwai,/data0/core/atwai/archive/microct/longitudinal mouse lung tumors/wk11_69_Rec-Nifti,wk11_69_Rec-Nifti,127929301.0,11.0,derived,microCT,11.0,M69,NIfTI conversion with img/ and prediction/ (segmentation model output),False,bmc-lab6,,,,,,,,,,,,,,,,,,,,,,,,,,,,,,,,,,,,,,,,,,,,,,,,,,,,,,,,,
atwai:/data0/core/atwai/archive/microct/longitudinal mouse lung tumors/wk11_75_Rec-Nifti,Folder,atwai,/data0/core/atwai/archive/microct/longitudinal mouse lung tumors/wk11_75_Rec-Nifti,wk11_75_Rec-Nifti,119574561.0,11.0,derived,microCT,11.0,M75,NIfTI conversion with img/ and prediction/ (segmentation model output),False,bmc-lab6,,,,,,,,,,,,,,,,,,,,,,,,,,,,,,,,,,,,,,,,,,,,,,,,,,,,,,,,,
atwai:/data0/core/atwai/archive/microct/longitudinal mouse lung tumors/wk13_10_Rec-Nifti,Folder,atwai,/data0/core/atwai/archive/microct/longitudinal mouse lung tumors/wk13_10_Rec-Nifti,wk13_10_Rec-Nifti,119187075.0,12.0,derived,microCT,13.0,M10,NIfTI conversion with img/ and prediction/ (segmentation model output),False,bmc-lab6,,,,,,,,,,,,,,,,,,,,,,,,,,,,,,,,,,,,,,,,,,,,,,,,,,,,,,,,,
atwai:/data0/core/atwai/archive/microct/longitudinal mouse lung tumors/wk13_11_Rec-Nifti,Folder,atwai,/data0/core/atwai/archive/microct/longitudinal mouse lung tumors/wk13_11_Rec-Nifti,wk13_11_Rec-Nifti,119647663.0,12.0,derived,microCT,13.0,M11,NIfTI conversion with img/ and prediction/ (segmentation model output),False,bmc-lab6,,,,,,,,,,,,,,,,,,,,,,,,,,,,,,,,,,,,,,,,,,,,,,,,,,,,,,,,,
atwai:/data0/core/atwai/archive/microct/longitudinal mouse lung tumors/wk13_12_Rec-Nifti,Folder,atwai,/data0/core/atwai/archive/microct/longitudinal mouse lung tumors/wk13_12_Rec-Nifti,wk13_12_Rec-Nifti,118601997.0,12.0,derived,microCT,13.0,M12,NIfTI conversion with img/ and prediction/ (segmentation model output),False,bmc-lab6,,,,,,,,,,,,,,,,,,,,,,,,,,,,,,,,,,,,,,,,,,,,,,,,,,,,,,,,,
atwai:/data0/core/atwai/archive/microct/longitudinal mouse lung tumors/wk13_13_Rec-Nifti,Folder,atwai,/data0/core/atwai/archive/microct/longitudinal mouse lung tumors/wk13_13_Rec-Nifti,wk13_13_Rec-Nifti,105510591.0,12.0,derived,microCT,13.0,M13,NIfTI conversion with img/ and prediction/ (segmentation model output),False,bmc-lab6,,,,,,,,,,,,,,,,,,,,,,,,,,,,,,,,,,,,,,,,,,,,,,,,,,,,,,,,,
atwai:/data0/core/atwai/archive/microct/longitudinal mouse lung tumors/wk13_14_Rec-Nifti,Folder,atwai,/data0/core/atwai/archive/microct/longitudinal mouse lung tumors/wk13_14_Rec-Nifti,wk13_14_Rec-Nifti,116866858.0,12.0,derived,microCT,13.0,M14,NIfTI conversion with img/ and prediction/ (segmentation model output),False,bmc-lab6,,,,,,,,,,,,,,,,,,,,,,,,,,,,,,,,,,,,,,,,,,,,,,,,,,,,,,,,,
atwai:/data0/core/atwai/archive/microct/longitudinal mouse lung tumors/wk13_15_Rec-Nifti,Folder,atwai,/data0/core/atwai/archive/microct/longitudinal mouse lung tumors/wk13_15_Rec-Nifti,wk13_15_Rec-Nifti,120515867.0,12.0,derived,microCT,13.0,M15,NIfTI conversion with img/ and prediction/ (segmentation model output),False,bmc-lab6,,,,,,,,,,,,,,,,,,,,,,,,,,,,,,,,,,,,,,,,,,,,,,,,,,,,,,,,,
atwai:/data0/core/atwai/archive/microct/longitudinal mouse lung tumors/wk13_17_Rec-Nifti,Folder,atwai,/data0/core/atwai/archive/microct/longitudinal mouse lung tumors/wk13_17_Rec-Nifti,wk13_17_Rec-Nifti,111304192.0,12.0,derived,microCT,13.0,M17,NIfTI conversion with img/ and prediction/ (segmentation model output),False,bmc-lab6,,,,,,,,,,,,,,,,,,,,,,,,,,,,,,,,,,,,,,,,,,,,,,,,,,,,,,,,,
atwai:/data0/core/atwai/archive/microct/longitudinal mouse lung tumors/wk13_18_Rec-Nifti,Folder,atwai,/data0/core/atwai/archive/microct/longitudinal mouse lung tumors/wk13_18_Rec-Nifti,wk13_18_Rec-Nifti,120918433.0,12.0,derived,microCT,13.0,M18,NIfTI conversion with img/ and prediction/ (segmentation model output),False,bmc-lab6,,,,,,,,,,,,,,,,,,,,,,,,,,,,,,,,,,,,,,,,,,,,,,,,,,,,,,,,,
atwai:/data0/core/atwai/archive/microct/longitudinal mouse lung tumors/wk13_19_Rec-Nifti,Folder,atwai,/data0/core/atwai/archive/microct/longitudinal mouse lung tumors/wk13_19_Rec-Nifti,wk13_19_Rec-Nifti,104216904.0,12.0,derived,microCT,13.0,M19,NIfTI conversion with img/ and prediction/ (segmentation model output),False,bmc-lab6,,,,,,,,,,,,,,,,,,,,,,,,,,,,,,,,,,,,,,,,,,,,,,,,,,,,,,,,,
atwai:/data0/core/atwai/archive/microct/longitudinal mouse lung tumors/wk13_67_Rec-Nifti,Folder,atwai,/data0/core/atwai/archive/microct/longitudinal mouse lung tumors/wk13_67_Rec-Nifti,wk13_67_Rec-Nifti,109837539.0,12.0,derived,microCT,13.0,M67,NIfTI conversion with img/ and prediction/ (segmentation model output),False,bmc-lab6,,,,,,,,,,,,,,,,,,,,,,,,,,,,,,,,,,,,,,,,,,,,,,,,,,,,,,,,,
atwai:/data0/core/atwai/archive/microct/longitudinal mouse lung tumors/wk13_68_Rec-Nifti,Folder,atwai,/data0/core/atwai/archive/microct/longitudinal mouse lung tumors/wk13_68_Rec-Nifti,wk13_68_Rec-Nifti,107627278.0,12.0,derived,microCT,13.0,M68,NIfTI conversion with img/ and prediction/ (segmentation model output),False,bmc-lab6,,,,,,,,,,,,,,,,,,,,,,,,,,,,,,,,,,,,,,,,,,,,,,,,,,,,,,,,,
atwai:/data0/core/atwai/archive/microct/longitudinal mouse lung tumors/wk13_69_Rec-Nifti,Folder,atwai,/data0/core/atwai/archive/microct/longitudinal mouse lung tumors/wk13_69_Rec-Nifti,wk13_69_Rec-Nifti,104009299.0,12.0,derived,microCT,13.0,M69,NIfTI conversion with img/ and prediction/ (segmentation model output),False,bmc-lab6,,,,,,,,,,,,,,,,,,,,,,,,,,,,,,,,,,,,,,,,,,,,,,,,,,,,,,,,,
atwai:/data0/core/atwai/archive/microct/longitudinal mouse lung tumors/wk14_10_Rec-Nifti,Folder,atwai,/data0/core/atwai/archive/microct/longitudinal mouse lung tumors/wk14_10_Rec-Nifti,wk14_10_Rec-Nifti,97065092.0,12.0,derived,microCT,14.0,M10,NIfTI conversion with img/ and prediction/ (segmentation model output),False,bmc-lab6,,,,,,,,,,,,,,,,,,,,,,,,,,,,,,,,,,,,,,,,,,,,,,,,,,,,,,,,,
atwai:/data0/core/atwai/archive/microct/longitudinal mouse lung tumors/wk14_11_Rec-Nifti,Folder,atwai,/data0/core/atwai/archive/microct/longitudinal mouse lung tumors/wk14_11_Rec-Nifti,wk14_11_Rec-Nifti,97085840.0,12.0,derived,microCT,14.0,M11,NIfTI conversion with img/ and prediction/ (segmentation model output),False,bmc-lab6,,,,,,,,,,,,,,,,,,,,,,,,,,,,,,,,,,,,,,,,,,,,,,,,,,,,,,,,,
atwai:/data0/core/atwai/archive/microct/longitudinal mouse lung tumors/wk14_12_Rec-Nifti,Folder,atwai,/data0/core/atwai/archive/microct/longitudinal mouse lung tumors/wk14_12_Rec-Nifti,wk14_12_Rec-Nifti,97045455.0,12.0,derived,microCT,14.0,M12,NIfTI conversion with img/ and prediction/ (segmentation model output),False,bmc-lab6,,,,,,,,,,,,,,,,,,,,,,,,,,,,,,,,,,,,,,,,,,,,,,,,,,,,,,,,,
atwai:/data0/core/atwai/archive/microct/longitudinal mouse lung tumors/wk14_13_Rec-Nifti,Folder,atwai,/data0/core/atwai/archive/microct/longitudinal mouse lung tumors/wk14_13_Rec-Nifti,wk14_13_Rec-Nifti,96915359.0,12.0,derived,microCT,14.0,M13,NIfTI conversion with img/ and prediction/ (segmentation model output),False,bmc-lab6,,,,,,,,,,,,,,,,,,,,,,,,,,,,,,,,,,,,,,,,,,,,,,,,,,,,,,,,,
atwai:/data0/core/atwai/archive/microct/longitudinal mouse lung tumors/wk14_14_Rec-Nifti,Folder,atwai,/data0/core/atwai/archive/microct/longitudinal mouse lung tumors/wk14_14_Rec-Nifti,wk14_14_Rec-Nifti,97102154.0,12.0,derived,microCT,14.0,M14,NIfTI conversion with img/ and prediction/ (segmentation model output),False,bmc-lab6,,,,,,,,,,,,,,,,,,,,,,,,,,,,,,,,,,,,,,,,,,,,,,,,,,,,,,,,,
atwai:/data0/core/atwai/archive/microct/longitudinal mouse lung tumors/wk14_15_Rec-Nifti,Folder,atwai,/data0/core/atwai/archive/microct/longitudinal mouse lung tumors/wk14_15_Rec-Nifti,wk14_15_Rec-Nifti,97011625.0,12.0,derived,microCT,14.0,M15,NIfTI conversion with img/ and prediction/ (segmentation model output),False,bmc-lab6,,,,,,,,,,,,,,,,,,,,,,,,,,,,,,,,,,,,,,,,,,,,,,,,,,,,,,,,,
atwai:/data0/core/atwai/archive/microct/longitudinal mouse lung tumors/wk14_17_Rec-Nifti,Folder,atwai,/data0/core/atwai/archive/microct/longitudinal mouse lung tumors/wk14_17_Rec-Nifti,wk14_17_Rec-Nifti,96330399.0,12.0,derived,microCT,14.0,M17,NIfTI conversion with img/ and prediction/ (segmentation model output),False,bmc-lab6,,,,,,,,,,,,,,,,,,,,,,,,,,,,,,,,,,,,,,,,,,,,,,,,,,,,,,,,,
atwai:/data0/core/atwai/archive/microct/longitudinal mouse lung tumors/wk14_18_Rec-Nifti,Folder,atwai,/data0/core/atwai/archive/microct/longitudinal mouse lung tumors/wk14_18_Rec-Nifti,wk14_18_Rec-Nifti,96796742.0,12.0,derived,microCT,14.0,M18,NIfTI conversion with img/ and prediction/ (segmentation model output),False,bmc-lab6,,,,,,,,,,,,,,,,,,,,,,,,,,,,,,,,,,,,,,,,,,,,,,,,,,,,,,,,,
atwai:/data0/core/atwai/archive/microct/longitudinal mouse lung tumors/wk14_19_Rec-Nifti,Folder,atwai,/data0/core/atwai/archive/microct/longitudinal mouse lung tumors/wk14_19_Rec-Nifti,wk14_19_Rec-Nifti,96906387.0,12.0,derived,microCT,14.0,M19,NIfTI conversion with img/ and prediction/ (segmentation model output),False,bmc-lab6,,,,,,,,,,,,,,,,,,,,,,,,,,,,,,,,,,,,,,,,,,,,,,,,,,,,,,,,,
atwai:/data0/core/atwai/archive/microct/longitudinal mouse lung tumors/wk14_67_Rec-Nifti,Folder,atwai,/data0/core/atwai/archive/microct/longitudinal mouse lung tumors/wk14_67_Rec-Nifti,wk14_67_Rec-Nifti,97028166.0,12.0,derived,microCT,14.0,M67,NIfTI conversion with img/ and prediction/ (segmentation model output),False,bmc-lab6,,,,,,,,,,,,,,,,,,,,,,,,,,,,,,,,,,,,,,,,,,,,,,,,,,,,,,,,,
atwai:/data0/core/atwai/archive/microct/longitudinal mouse lung tumors/wk14_68_Rec-Nifti,Folder,atwai,/data0/core/atwai/archive/microct/longitudinal mouse lung tumors/wk14_68_Rec-Nifti,wk14_68_Rec-Nifti,97013095.0,12.0,derived,microCT,14.0,M68,NIfTI conversion with img/ and prediction/ (segmentation model output),False,bmc-lab6,,,,,,,,,,,,,,,,,,,,,,,,,,,,,,,,,,,,,,,,,,,,,,,,,,,,,,,,,
atwai:/data0/core/atwai/archive/microct/longitudinal mouse lung tumors/wk14_69_Rec-Nifti,Folder,atwai,/data0/core/atwai/archive/microct/longitudinal mouse lung tumors/wk14_69_Rec-Nifti,wk14_69_Rec-Nifti,96953556.0,12.0,derived,microCT,14.0,M69,NIfTI conversion with img/ and prediction/ (segmentation model output),False,bmc-lab6,,,,,,,,,,,,,,,,,,,,,,,,,,,,,,,,,,,,,,,,,,,,,,,,,,,,,,,,,
atwai:/data0/core/atwai/archive/microct/longitudinal mouse lung tumors/wk6-10_Rec-Nifti,Folder,atwai,/data0/core/atwai/archive/microct/longitudinal mouse lung tumors/wk6-10_Rec-Nifti,wk6-10_Rec-Nifti,86401850.0,12.0,derived,microCT,6.0,M10,NIfTI conversion with img/ and prediction/ (segmentation model output),False,bmc-lab6,,,,,,,,,,,,,,,,,,,,,,,,,,,,,,,,,,,,,,,,,,,,,,,,,,,,,,,,,
atwai:/data0/core/atwai/archive/microct/longitudinal mouse lung tumors/wk6-11_Rec-Nifti,Folder,atwai,/data0/core/atwai/archive/microct/longitudinal mouse lung tumors/wk6-11_Rec-Nifti,wk6-11_Rec-Nifti,98103767.0,11.0,derived,microCT,6.0,M11,NIfTI conversion with img/ and prediction/ (segmentation model output),False,bmc-lab6,,,,,,,,,,,,,,,,,,,,,,,,,,,,,,,,,,,,,,,,,,,,,,,,,,,,,,,,,
atwai:/data0/core/atwai/archive/microct/longitudinal mouse lung tumors/wk6-12_Rec-Nifti,Folder,atwai,/data0/core/atwai/archive/microct/longitudinal mouse lung tumors/wk6-12_Rec-Nifti,wk6-12_Rec-Nifti,95711758.0,12.0,derived,microCT,6.0,M12,NIfTI conversion with img/ and prediction/ (segmentation model output),False,bmc-lab6,,,,,,,,,,,,,,,,,,,,,,,,,,,,,,,,,,,,,,,,,,,,,,,,,,,,,,,,,
atwai:/data0/core/atwai/archive/microct/longitudinal mouse lung tumors/wk6-13_Rec-Nifti,Folder,atwai,/data0/core/atwai/archive/microct/longitudinal mouse lung tumors/wk6-13_Rec-Nifti,wk6-13_Rec-Nifti,96163318.0,12.0,derived,microCT,6.0,M13,NIfTI conversion with img/ and prediction/ (segmentation model output),False,bmc-lab6,,,,,,,,,,,,,,,,,,,,,,,,,,,,,,,,,,,,,,,,,,,,,,,,,,,,,,,,,
atwai:/data0/core/atwai/archive/microct/longitudinal mouse lung tumors/wk6-14_Rec-Nifti,Folder,atwai,/data0/core/atwai/archive/microct/longitudinal mouse lung tumors/wk6-14_Rec-Nifti,wk6-14_Rec-Nifti,100272460.0,12.0,derived,microCT,6.0,M14,NIfTI conversion with img/ and prediction/ (segmentation model output),False,bmc-lab6,,,,,,,,,,,,,,,,,,,,,,,,,,,,,,,,,,,,,,,,,,,,,,,,,,,,,,,,,
atwai:/data0/core/atwai/archive/microct/longitudinal mouse lung tumors/wk6-15_Rec-Nifti,Folder,atwai,/data0/core/atwai/archive/microct/longitudinal mouse lung tumors/wk6-15_Rec-Nifti,wk6-15_Rec-Nifti,88002022.0,11.0,derived,microCT,6.0,M15,NIfTI conversion with img/ and prediction/ (segmentation model output),False,bmc-lab6,,,,,,,,,,,,,,,,,,,,,,,,,,,,,,,,,,,,,,,,,,,,,,,,,,,,,,,,,
atwai:/data0/core/atwai/archive/microct/longitudinal mouse lung tumors/wk6-17_Rec-Nifti,Folder,atwai,/data0/core/atwai/archive/microct/longitudinal mouse lung tumors/wk6-17_Rec-Nifti,wk6-17_Rec-Nifti,87930956.0,16.0,derived,microCT,6.0,M17,NIfTI conversion with img/ and prediction/ (segmentation model output),False,bmc-lab6,,,,,,,,,,,,,,,,,,,,,,,,,,,,,,,,,,,,,,,,,,,,,,,,,,,,,,,,,
atwai:/data0/core/atwai/archive/microct/longitudinal mouse lung tumors/wk6-18_Rec-Nifti,Folder,atwai,/data0/core/atwai/archive/microct/longitudinal mouse lung tumors/wk6-18_Rec-Nifti,wk6-18_Rec-Nifti,101889435.0,13.0,derived,microCT,6.0,M18,NIfTI conversion with img/ and prediction/ (segmentation model output),False,bmc-lab6,,,,,,,,,,,,,,,,,,,,,,,,,,,,,,,,,,,,,,,,,,,,,,,,,,,,,,,,,
atwai:/data0/core/atwai/archive/microct/longitudinal mouse lung tumors/wk6-19_Rec-Nifti,Folder,atwai,/data0/core/atwai/archive/microct/longitudinal mouse lung tumors/wk6-19_Rec-Nifti,wk6-19_Rec-Nifti,87968459.0,16.0,derived,microCT,6.0,M19,NIfTI conversion with img/ and prediction/ (segmentation model output),False,bmc-lab6,,,,,,,,,,,,,,,,,,,,,,,,,,,,,,,,,,,,,,,,,,,,,,,,,,,,,,,,,
atwai:/data0/core/atwai/archive/microct/longitudinal mouse lung tumors/wk6-67_Rec-Nifti,Folder,atwai,/data0/core/atwai/archive/microct/longitudinal mouse lung tumors/wk6-67_Rec-Nifti,wk6-67_Rec-Nifti,93383189.0,11.0,derived,microCT,6.0,M67,NIfTI conversion with img/ and prediction/ (segmentation model output),False,bmc-lab6,,,,,,,,,,,,,,,,,,,,,,,,,,,,,,,,,,,,,,,,,,,,,,,,,,,,,,,,,
atwai:/data0/core/atwai/archive/microct/longitudinal mouse lung tumors/wk6-68_Rec-Nifti,Folder,atwai,/data0/core/atwai/archive/microct/longitudinal mouse lung tumors/wk6-68_Rec-Nifti,wk6-68_Rec-Nifti,90818819.0,12.0,derived,microCT,6.0,M68,NIfTI conversion with img/ and prediction/ (segmentation model output),False,bmc-lab6,,,,,,,,,,,,,,,,,,,,,,,,,,,,,,,,,,,,,,,,,,,,,,,,,,,,,,,,,
atwai:/data0/core/atwai/archive/microct/longitudinal mouse lung tumors/wk6-69_Rec-Nifti,Folder,atwai,/data0/core/atwai/archive/microct/longitudinal mouse lung tumors/wk6-69_Rec-Nifti,wk6-69_Rec-Nifti,88009535.0,11.0,derived,microCT,6.0,M69,NIfTI conversion with img/ and prediction/ (segmentation model output),False,bmc-lab6,,,,,,,,,,,,,,,,,,,,,,,,,,,,,,,,,,,,,,,,,,,,,,,,,,,,,,,,,
atwai:/data0/core/atwai/archive/microct/longitudinal mouse lung tumors/wk6-75_Rec-Nifti,Folder,atwai,/data0/core/atwai/archive/microct/longitudinal mouse lung tumors/wk6-75_Rec-Nifti,wk6-75_Rec-Nifti,88097083.0,12.0,derived,microCT,6.0,M75,NIfTI conversion with img/ and prediction/ (segmentation model output),False,bmc-lab6,,,,,,,,,,,,,,,,,,,,,,,,,,,,,,,,,,,,,,,,,,,,,,,,,,,,,,,,,
atwai:/data0/core/atwai/archive/microct/longitudinal mouse lung tumors/wk7-10_Rec-Nifti,Folder,atwai,/data0/core/atwai/archive/microct/longitudinal mouse lung tumors/wk7-10_Rec-Nifti,wk7-10_Rec-Nifti,97562147.0,11.0,derived,microCT,7.0,M10,NIfTI conversion with img/ and prediction/ (segmentation model output),False,bmc-lab6,,,,,,,,,,,,,,,,,,,,,,,,,,,,,,,,,,,,,,,,,,,,,,,,,,,,,,,,,
atwai:/data0/core/atwai/archive/microct/longitudinal mouse lung tumors/wk7-11_Rec-Nifti,Folder,atwai,/data0/core/atwai/archive/microct/longitudinal mouse lung tumors/wk7-11_Rec-Nifti,wk7-11_Rec-Nifti,89385837.0,11.0,derived,microCT,7.0,M11,NIfTI conversion with img/ and prediction/ (segmentation model output),False,bmc-lab6,,,,,,,,,,,,,,,,,,,,,,,,,,,,,,,,,,,,,,,,,,,,,,,,,,,,,,,,,
atwai:/data0/core/atwai/archive/microct/longitudinal mouse lung tumors/wk7-12_Rec-Nifti,Folder,atwai,/data0/core/atwai/archive/microct/longitudinal mouse lung tumors/wk7-12_Rec-Nifti,wk7-12_Rec-Nifti,91233005.0,11.0,derived,microCT,7.0,M12,NIfTI conversion with img/ and prediction/ (segmentation model output),False,bmc-lab6,,,,,,,,,,,,,,,,,,,,,,,,,,,,,,,,,,,,,,,,,,,,,,,,,,,,,,,,,
atwai:/data0/core/atwai/archive/microct/longitudinal mouse lung tumors/wk7-13_Rec-Nifti,Folder,atwai,/data0/core/atwai/archive/microct/longitudinal mouse lung tumors/wk7-13_Rec-Nifti,wk7-13_Rec-Nifti,95216278.0,11.0,derived,microCT,7.0,M13,NIfTI conversion with img/ and prediction/ (segmentation model output),False,bmc-lab6,,,,,,,,,,,,,,,,,,,,,,,,,,,,,,,,,,,,,,,,,,,,,,,,,,,,,,,,,
atwai:/data0/core/atwai/archive/microct/longitudinal mouse lung tumors/wk7-14_Rec-Nifti,Folder,atwai,/data0/core/atwai/archive/microct/longitudinal mouse lung tumors/wk7-14_Rec-Nifti,wk7-14_Rec-Nifti,104372231.0,11.0,derived,microCT,7.0,M14,NIfTI conversion with img/ and prediction/ (segmentation model output),False,bmc-lab6,,,,,,,,,,,,,,,,,,,,,,,,,,,,,,,,,,,,,,,,,,,,,,,,,,,,,,,,,
atwai:/data0/core/atwai/archive/microct/longitudinal mouse lung tumors/wk7-15_Rec-Nifti,Folder,atwai,/data0/core/atwai/archive/microct/longitudinal mouse lung tumors/wk7-15_Rec-Nifti,wk7-15_Rec-Nifti,106030048.0,12.0,derived,microCT,7.0,M15,NIfTI conversion with img/ and prediction/ (segmentation model output),False,bmc-lab6,,,,,,,,,,,,,,,,,,,,,,,,,,,,,,,,,,,,,,,,,,,,,,,,,,,,,,,,,
atwai:/data0/core/atwai/archive/microct/longitudinal mouse lung tumors/wk7-17_Rec-Nifti,Folder,atwai,/data0/core/atwai/archive/microct/longitudinal mouse lung tumors/wk7-17_Rec-Nifti,wk7-17_Rec-Nifti,93525113.0,11.0,derived,microCT,7.0,M17,NIfTI conversion with img/ and prediction/ (segmentation model output),False,bmc-lab6,,,,,,,,,,,,,,,,,,,,,,,,,,,,,,,,,,,,,,,,,,,,,,,,,,,,,,,,,
atwai:/data0/core/atwai/archive/microct/longitudinal mouse lung tumors/wk7-18_Rec-Nifti,Folder,atwai,/data0/core/atwai/archive/microct/longitudinal mouse lung tumors/wk7-18_Rec-Nifti,wk7-18_Rec-Nifti,93979093.0,12.0,derived,microCT,7.0,M18,NIfTI conversion with img/ and prediction/ (segmentation model output),False,bmc-lab6,,,,,,,,,,,,,,,,,,,,,,,,,,,,,,,,,,,,,,,,,,,,,,,,,,,,,,,,,
atwai:/data0/core/atwai/archive/microct/longitudinal mouse lung tumors/wk7-19_Rec-Nifti,Folder,atwai,/data0/core/atwai/archive/microct/longitudinal mouse lung tumors/wk7-19_Rec-Nifti,wk7-19_Rec-Nifti,104371583.0,12.0,derived,microCT,7.0,M19,NIfTI conversion with img/ and prediction/ (segmentation model output),False,bmc-lab6,,,,,,,,,,,,,,,,,,,,,,,,,,,,,,,,,,,,,,,,,,,,,,,,,,,,,,,,,
atwai:/data0/core/atwai/archive/microct/longitudinal mouse lung tumors/wk7-67_Rec-Nifti,Folder,atwai,/data0/core/atwai/archive/microct/longitudinal mouse lung tumors/wk7-67_Rec-Nifti,wk7-67_Rec-Nifti,106610529.0,11.0,derived,microCT,7.0,M67,NIfTI conversion with img/ and prediction/ (segmentation model output),False,bmc-lab6,,,,,,,,,,,,,,,,,,,,,,,,,,,,,,,,,,,,,,,,,,,,,,,,,,,,,,,,,
atwai:/data0/core/atwai/archive/microct/longitudinal mouse lung tumors/wk7-68_Rec-Nifti,Folder,atwai,/data0/core/atwai/archive/microct/longitudinal mouse lung tumors/wk7-68_Rec-Nifti,wk7-68_Rec-Nifti,92331792.0,11.0,derived,microCT,7.0,M68,NIfTI conversion with img/ and prediction/ (segmentation model output),False,bmc-lab6,,,,,,,,,,,,,,,,,,,,,,,,,,,,,,,,,,,,,,,,,,,,,,,,,,,,,,,,,
atwai:/data0/core/atwai/archive/microct/longitudinal mouse lung tumors/wk7-69_Rec-Nifti,Folder,atwai,/data0/core/atwai/archive/microct/longitudinal mouse lung tumors/wk7-69_Rec-Nifti,wk7-69_Rec-Nifti,109445353.0,11.0,derived,microCT,7.0,M69,NIfTI conversion with img/ and prediction/ (segmentation model output),False,bmc-lab6,,,,,,,,,,,,,,,,,,,,,,,,,,,,,,,,,,,,,,,,,,,,,,,,,,,,,,,,,
atwai:/data0/core/atwai/archive/microct/longitudinal mouse lung tumors/wk7-75_Rec-Nifti,Folder,atwai,/data0/core/atwai/archive/microct/longitudinal mouse lung tumors/wk7-75_Rec-Nifti,wk7-75_Rec-Nifti,101413429.0,11.0,derived,microCT,7.0,M75,NIfTI conversion with img/ and prediction/ (segmentation model output),False,bmc-lab6,,,,,,,,,,,,,,,,,,,,,,,,,,,,,,,,,,,,,,,,,,,,,,,,,,,,,,,,,
atwai:/data0/core/atwai/archive/microct/longitudinal mouse lung tumors/wk8_10_Rec-Nifti,Folder,atwai,/data0/core/atwai/archive/microct/longitudinal mouse lung tumors/wk8_10_Rec-Nifti,wk8_10_Rec-Nifti,117298747.0,12.0,derived,microCT,8.0,M10,NIfTI conversion with img/ and prediction/ (segmentation model output),False,bmc-lab6,,,,,,,,,,,,,,,,,,,,,,,,,,,,,,,,,,,,,,,,,,,,,,,,,,,,,,,,,
atwai:/data0/core/atwai/archive/microct/longitudinal mouse lung tumors/wk8_11_Rec-Nifti,Folder,atwai,/data0/core/atwai/archive/microct/longitudinal mouse lung tumors/wk8_11_Rec-Nifti,wk8_11_Rec-Nifti,108163523.0,12.0,derived,microCT,8.0,M11,NIfTI conversion with img/ and prediction/ (segmentation model output),False,bmc-lab6,,,,,,,,,,,,,,,,,,,,,,,,,,,,,,,,,,,,,,,,,,,,,,,,,,,,,,,,,
atwai:/data0/core/atwai/archive/microct/longitudinal mouse lung tumors/wk8_12_Rec-Nifti,Folder,atwai,/data0/core/atwai/archive/microct/longitudinal mouse lung tumors/wk8_12_Rec-Nifti,wk8_12_Rec-Nifti,114484164.0,11.0,derived,microCT,8.0,M12,NIfTI conversion with img/ and prediction/ (segmentation model output),False,bmc-lab6,,,,,,,,,,,,,,,,,,,,,,,,,,,,,,,,,,,,,,,,,,,,,,,,,,,,,,,,,
atwai:/data0/core/atwai/archive/microct/longitudinal mouse lung tumors/wk8_13_Rec-Nifti,Folder,atwai,/data0/core/atwai/archive/microct/longitudinal mouse lung tumors/wk8_13_Rec-Nifti,wk8_13_Rec-Nifti,124067473.0,12.0,derived,microCT,8.0,M13,NIfTI conversion with img/ and prediction/ (segmentation model output),False,bmc-lab6,,,,,,,,,,,,,,,,,,,,,,,,,,,,,,,,,,,,,,,,,,,,,,,,,,,,,,,,,
atwai:/data0/core/atwai/archive/microct/longitudinal mouse lung tumors/wk8_14_Rec-Nifti,Folder,atwai,/data0/core/atwai/archive/microct/longitudinal mouse lung tumors/wk8_14_Rec-Nifti,wk8_14_Rec-Nifti,113465620.0,11.0,derived,microCT,8.0,M14,NIfTI conversion with img/ and prediction/ (segmentation model output),False,bmc-lab6,,,,,,,,,,,,,,,,,,,,,,,,,,,,,,,,,,,,,,,,,,,,,,,,,,,,,,,,,
atwai:/data0/core/atwai/archive/microct/longitudinal mouse lung tumors/wk8_15_Rec-Nifti,Folder,atwai,/data0/core/atwai/archive/microct/longitudinal mouse lung tumors/wk8_15_Rec-Nifti,wk8_15_Rec-Nifti,105407152.0,11.0,derived,microCT,8.0,M15,NIfTI conversion with img/ and prediction/ (segmentation model output),False,bmc-lab6,,,,,,,,,,,,,,,,,,,,,,,,,,,,,,,,,,,,,,,,,,,,,,,,,,,,,,,,,
atwai:/data0/core/atwai/archive/microct/longitudinal mouse lung tumors/wk8_17_Rec-Nifti,Folder,atwai,/data0/core/atwai/archive/microct/longitudinal mouse lung tumors/wk8_17_Rec-Nifti,wk8_17_Rec-Nifti,97887167.0,11.0,derived,microCT,8.0,M17,NIfTI conversion with img/ and prediction/ (segmentation model output),False,bmc-lab6,,,,,,,,,,,,,,,,,,,,,,,,,,,,,,,,,,,,,,,,,,,,,,,,,,,,,,,,,
atwai:/data0/core/atwai/archive/microct/longitudinal mouse lung tumors/wk8_18_Rec-Nifti,Folder,atwai,/data0/core/atwai/archive/microct/longitudinal mouse lung tumors/wk8_18_Rec-Nifti,wk8_18_Rec-Nifti,108969736.0,11.0,derived,microCT,8.0,M18,NIfTI conversion with img/ and prediction/ (segmentation model output),False,bmc-lab6,,,,,,,,,,,,,,,,,,,,,,,,,,,,,,,,,,,,,,,,,,,,,,,,,,,,,,,,,
atwai:/data0/core/atwai/archive/microct/longitudinal mouse lung tumors/wk8_19_Rec-Nifti,Folder,atwai,/data0/core/atwai/archive/microct/longitudinal mouse lung tumors/wk8_19_Rec-Nifti,wk8_19_Rec-Nifti,106307053.0,11.0,derived,microCT,8.0,M19,NIfTI conversion with img/ and prediction/ (segmentation model output),False,bmc-lab6,,,,,,,,,,,,,,,,,,,,,,,,,,,,,,,,,,,,,,,,,,,,,,,,,,,,,,,,,
atwai:/data0/core/atwai/archive/microct/longitudinal mouse lung tumors/wk8_67_Rec-Nifti,Folder,atwai,/data0/core/atwai/archive/microct/longitudinal mouse lung tumors/wk8_67_Rec-Nifti,wk8_67_Rec-Nifti,106371527.0,11.0,derived,microCT,8.0,M67,NIfTI conversion with img/ and prediction/ (segmentation model output),False,bmc-lab6,,,,,,,,,,,,,,,,,,,,,,,,,,,,,,,,,,,,,,,,,,,,,,,,,,,,,,,,,
atwai:/data0/core/atwai/archive/microct/longitudinal mouse lung tumors/wk8_68_Rec-Nifti,Folder,atwai,/data0/core/atwai/archive/microct/longitudinal mouse lung tumors/wk8_68_Rec-Nifti,wk8_68_Rec-Nifti,122684177.0,11.0,derived,microCT,8.0,M68,NIfTI conversion with img/ and prediction/ (segmentation model output),False,bmc-lab6,,,,,,,,,,,,,,,,,,,,,,,,,,,,,,,,,,,,,,,,,,,,,,,,,,,,,,,,,
atwai:/data0/core/atwai/archive/microct/longitudinal mouse lung tumors/wk8_69_Rec-Nifti,Folder,atwai,/data0/core/atwai/archive/microct/longitudinal mouse lung tumors/wk8_69_Rec-Nifti,wk8_69_Rec-Nifti,120286195.0,11.0,derived,microCT,8.0,M69,NIfTI conversion with img/ and prediction/ (segmentation model output),False,bmc-lab6,,,,,,,,,,,,,,,,,,,,,,,,,,,,,,,,,,,,,,,,,,,,,,,,,,,,,,,,,
atwai:/data0/core/atwai/archive/microct/longitudinal mouse lung tumors/wk8_75_Rec-Nifti,Folder,atwai,/data0/core/atwai/archive/microct/longitudinal mouse lung tumors/wk8_75_Rec-Nifti,wk8_75_Rec-Nifti,114842345.0,11.0,derived,microCT,8.0,M75,NIfTI conversion with img/ and prediction/ (segmentation model output),False,bmc-lab6,,,,,,,,,,,,,,,,,,,,,,,,,,,,,,,,,,,,,,,,,,,,,,,,,,,,,,,,,
atwai:/data0/core/atwai/archive/microct/longitudinal mouse lung tumors/wk9_10_Rec-Nifti,Folder,atwai,/data0/core/atwai/archive/microct/longitudinal mouse lung tumors/wk9_10_Rec-Nifti,wk9_10_Rec-Nifti,128380500.0,12.0,derived,microCT,9.0,M10,NIfTI conversion with img/ and prediction/ (segmentation model output),False,bmc-lab6,,,,,,,,,,,,,,,,,,,,,,,,,,,,,,,,,,,,,,,,,,,,,,,,,,,,,,,,,
atwai:/data0/core/atwai/archive/microct/longitudinal mouse lung tumors/wk9_11_Rec-Nifti,Folder,atwai,/data0/core/atwai/archive/microct/longitudinal mouse lung tumors/wk9_11_Rec-Nifti,wk9_11_Rec-Nifti,127354983.0,12.0,derived,microCT,9.0,M11,NIfTI conversion with img/ and prediction/ (segmentation model output),False,bmc-lab6,,,,,,,,,,,,,,,,,,,,,,,,,,,,,,,,,,,,,,,,,,,,,,,,,,,,,,,,,
atwai:/data0/core/atwai/archive/microct/longitudinal mouse lung tumors/wk9_12_Rec-Nifti,Folder,atwai,/data0/core/atwai/archive/microct/longitudinal mouse lung tumors/wk9_12_Rec-Nifti,wk9_12_Rec-Nifti,119878990.0,12.0,derived,microCT,9.0,M12,NIfTI conversion with img/ and prediction/ (segmentation model output),False,bmc-lab6,,,,,,,,,,,,,,,,,,,,,,,,,,,,,,,,,,,,,,,,,,,,,,,,,,,,,,,,,
atwai:/data0/core/atwai/archive/microct/longitudinal mouse lung tumors/wk9_13_Rec-Nifti,Folder,atwai,/data0/core/atwai/archive/microct/longitudinal mouse lung tumors/wk9_13_Rec-Nifti,wk9_13_Rec-Nifti,125494535.0,12.0,derived,microCT,9.0,M13,NIfTI conversion with img/ and prediction/ (segmentation model output),False,bmc-lab6,,,,,,,,,,,,,,,,,,,,,,,,,,,,,,,,,,,,,,,,,,,,,,,,,,,,,,,,,
atwai:/data0/core/atwai/archive/microct/longitudinal mouse lung tumors/wk9_14_Rec-Nifti,Folder,atwai,/data0/core/atwai/archive/microct/longitudinal mouse lung tumors/wk9_14_Rec-Nifti,wk9_14_Rec-Nifti,114412871.0,12.0,derived,microCT,9.0,M14,NIfTI conversion with img/ and prediction/ (segmentation model output),False,bmc-lab6,,,,,,,,,,,,,,,,,,,,,,,,,,,,,,,,,,,,,,,,,,,,,,,,,,,,,,,,,
atwai:/data0/core/atwai/archive/microct/longitudinal mouse lung tumors/wk9_15_Rec-Nifti,Folder,atwai,/data0/core/atwai/archive/microct/longitudinal mouse lung tumors/wk9_15_Rec-Nifti,wk9_15_Rec-Nifti,120317209.0,12.0,derived,microCT,9.0,M15,NIfTI conversion with img/ and prediction/ (segmentation model output),False,bmc-lab6,,,,,,,,,,,,,,,,,,,,,,,,,,,,,,,,,,,,,,,,,,,,,,,,,,,,,,,,,
atwai:/data0/core/atwai/archive/microct/longitudinal mouse lung tumors/wk9_17_Rec-Nifti,Folder,atwai,/data0/core/atwai/archive/microct/longitudinal mouse lung tumors/wk9_17_Rec-Nifti,wk9_17_Rec-Nifti,118162479.0,17.0,derived,microCT,9.0,M17,NIfTI conversion with img/ and prediction/ (segmentation model output),False,bmc-lab6,,,,,,,,,,,,,,,,,,,,,,,,,,,,,,,,,,,,,,,,,,,,,,,,,,,,,,,,,
atwai:/data0/core/atwai/archive/microct/longitudinal mouse lung tumors/wk9_18_Rec-Nifti,Folder,atwai,/data0/core/atwai/archive/microct/longitudinal mouse lung tumors/wk9_18_Rec-Nifti,wk9_18_Rec-Nifti,120693059.0,12.0,derived,microCT,9.0,M18,NIfTI conversion with img/ and prediction/ (segmentation model output),False,bmc-lab6,,,,,,,,,,,,,,,,,,,,,,,,,,,,,,,,,,,,,,,,,,,,,,,,,,,,,,,,,
atwai:/data0/core/atwai/archive/microct/longitudinal mouse lung tumors/wk9_19_Rec-Nifti,Folder,atwai,/data0/core/atwai/archive/microct/longitudinal mouse lung tumors/wk9_19_Rec-Nifti,wk9_19_Rec-Nifti,116125720.0,12.0,derived,microCT,9.0,M19,NIfTI conversion with img/ and prediction/ (segmentation model output),False,bmc-lab6,,,,,,,,,,,,,,,,,,,,,,,,,,,,,,,,,,,,,,,,,,,,,,,,,,,,,,,,,
atwai:/data0/core/atwai/archive/microct/longitudinal mouse lung tumors/wk9_67_Rec-Nifti,Folder,atwai,/data0/core/atwai/archive/microct/longitudinal mouse lung tumors/wk9_67_Rec-Nifti,wk9_67_Rec-Nifti,125525782.0,12.0,derived,microCT,9.0,M67,NIfTI conversion with img/ and prediction/ (segmentation model output),False,bmc-lab6,,,,,,,,,,,,,,,,,,,,,,,,,,,,,,,,,,,,,,,,,,,,,,,,,,,,,,,,,
atwai:/data0/core/atwai/archive/microct/longitudinal mouse lung tumors/wk9_68_Rec-Nifti,Folder,atwai,/data0/core/atwai/archive/microct/longitudinal mouse lung tumors/wk9_68_Rec-Nifti,wk9_68_Rec-Nifti,115986615.0,12.0,derived,microCT,9.0,M68,NIfTI conversion with img/ and prediction/ (segmentation model output),False,bmc-lab6,,,,,,,,,,,,,,,,,,,,,,,,,,,,,,,,,,,,,,,,,,,,,,,,,,,,,,,,,
atwai:/data0/core/atwai/archive/microct/longitudinal mouse lung tumors/wk9_69_Rec-Nifti,Folder,atwai,/data0/core/atwai/archive/microct/longitudinal mouse lung tumors/wk9_69_Rec-Nifti,wk9_69_Rec-Nifti,125193992.0,12.0,derived,microCT,9.0,M69,NIfTI conversion with img/ and prediction/ (segmentation model output),False,bmc-lab6,,,,,,,,,,,,,,,,,,,,,,,,,,,,,,,,,,,,,,,,,,,,,,,,,,,,,,,,,
atwai:/data0/core/atwai/archive/microct/longitudinal mouse lung tumors/wk9_75_Rec-Nifti,Folder,atwai,/data0/core/atwai/archive/microct/longitudinal mouse lung tumors/wk9_75_Rec-Nifti,wk9_75_Rec-Nifti,125833297.0,12.0,derived,microCT,9.0,M75,NIfTI conversion with img/ and prediction/ (segmentation model output),False,bmc-lab6,,,,,,,,,,,,,,,,,,,,,,,,,,,,,,,,,,,,,,,,,,,,,,,,,,,,,,,,,
atwai:/data0/core/atwai/Anderson_Scott/Multimodal/MultiModal Lung tumor test/processed data/Mouse 10,Folder,atwai,/data0/core/atwai/Anderson_Scott/Multimodal/MultiModal Lung tumor test/processed data/Mouse 10,Mouse 10,1163879670.0,116.0,derived,microCT,,M10,analysis outputs (Anderson),False,bmc-lab6,,,,,,,,,,,,,,,,,,,,,,,,,,,,,,,,,,,,,,,,,,,,,,,,,,,,,,,,,
atwai:/data0/core/atwai/Anderson_Scott/Multimodal/MultiModal Lung tumor test/processed data/Mouse 11,Folder,atwai,/data0/core/atwai/Anderson_Scott/Multimodal/MultiModal Lung tumor test/processed data/Mouse 11,Mouse 11,839816342.0,93.0,derived,microCT,,M11,analysis outputs (Anderson),False,bmc-lab6,,,,,,,,,,,,,,,,,,,,,,,,,,,,,,,,,,,,,,,,,,,,,,,,,,,,,,,,,
atwai:/data0/core/atwai/Anderson_Scott/Multimodal/MultiModal Lung tumor test/processed data/Mouse 12,Folder,atwai,/data0/core/atwai/Anderson_Scott/Multimodal/MultiModal Lung tumor test/processed data/Mouse 12,Mouse 12,820569802.0,88.0,derived,microCT,,M12,analysis outputs (Anderson),False,bmc-lab6,,,,,,,,,,,,,,,,,,,,,,,,,,,,,,,,,,,,,,,,,,,,,,,,,,,,,,,,,
atwai:/data0/core/atwai/Anderson_Scott/Multimodal/MultiModal Lung tumor test/processed data/Mouse 13,Folder,atwai,/data0/core/atwai/Anderson_Scott/Multimodal/MultiModal Lung tumor test/processed data/Mouse 13,Mouse 13,839272833.0,89.0,derived,microCT,,M13,analysis outputs (Anderson),False,bmc-lab6,,,,,,,,,,,,,,,,,,,,,,,,,,,,,,,,,,,,,,,,,,,,,,,,,,,,,,,,,
atwai:/data0/core/atwai/Anderson_Scott/Multimodal/MultiModal Lung tumor test/processed data/Mouse 14,Folder,atwai,/data0/core/atwai/Anderson_Scott/Multimodal/MultiModal Lung tumor test/processed data/Mouse 14,Mouse 14,817349970.0,88.0,derived,microCT,,M14,analysis outputs (Anderson),False,bmc-lab6,,,,,,,,,,,,,,,,,,,,,,,,,,,,,,,,,,,,,,,,,,,,,,,,,,,,,,,,,
atwai:/data0/core/atwai/Anderson_Scott/Multimodal/MultiModal Lung tumor test/processed data/Mouse 15,Folder,atwai,/data0/core/atwai/Anderson_Scott/Multimodal/MultiModal Lung tumor test/processed data/Mouse 15,Mouse 15,805535624.0,87.0,derived,microCT,,M15,analysis outputs (Anderson),False,bmc-lab6,,,,,,,,,,,,,,,,,,,,,,,,,,,,,,,,,,,,,,,,,,,,,,,,,,,,,,,,,
atwai:/data0/core/atwai/Anderson_Scott/Multimodal/MultiModal Lung tumor test/processed data/Mouse 17,Folder,atwai,/data0/core/atwai/Anderson_Scott/Multimodal/MultiModal Lung tumor test/processed data/Mouse 17,Mouse 17,772163716.0,86.0,derived,microCT,,M17,analysis outputs (Anderson),False,bmc-lab6,,,,,,,,,,,,,,,,,,,,,,,,,,,,,,,,,,,,,,,,,,,,,,,,,,,,,,,,,
atwai:/data0/core/atwai/Anderson_Scott/Multimodal/MultiModal Lung tumor test/processed data/Mouse 18,Folder,atwai,/data0/core/atwai/Anderson_Scott/Multimodal/MultiModal Lung tumor test/processed data/Mouse 18,Mouse 18,813623653.0,88.0,derived,microCT,,M18,analysis outputs (Anderson),False,bmc-lab6,,,,,,,,,,,,,,,,,,,,,,,,,,,,,,,,,,,,,,,,,,,,,,,,,,,,,,,,,
atwai:/data0/core/atwai/Anderson_Scott/Multimodal/MultiModal Lung tumor test/processed data/Mouse 19,Folder,atwai,/data0/core/atwai/Anderson_Scott/Multimodal/MultiModal Lung tumor test/processed data/Mouse 19,Mouse 19,791621424.0,89.0,derived,microCT,,M19,analysis outputs (Anderson),False,bmc-lab6,,,,,,,,,,,,,,,,,,,,,,,,,,,,,,,,,,,,,,,,,,,,,,,,,,,,,,,,,
atwai:/data0/core/atwai/Anderson_Scott/Multimodal/MultiModal Lung tumor test/processed data/Mouse 67,Folder,atwai,/data0/core/atwai/Anderson_Scott/Multimodal/MultiModal Lung tumor test/processed data/Mouse 67,Mouse 67,823066181.0,72.0,derived,microCT,,M67,analysis outputs (Anderson),False,bmc-lab6,,,,,,,,,,,,,,,,,,,,,,,,,,,,,,,,,,,,,,,,,,,,,,,,,,,,,,,,,
atwai:/data0/core/atwai/Anderson_Scott/Multimodal/MultiModal Lung tumor test/processed data/Mouse 68,Folder,atwai,/data0/core/atwai/Anderson_Scott/Multimodal/MultiModal Lung tumor test/processed data/Mouse 68,Mouse 68,812410285.0,76.0,derived,microCT,,M68,analysis outputs (Anderson),False,bmc-lab6,,,,,,,,,,,,,,,,,,,,,,,,,,,,,,,,,,,,,,,,,,,,,,,,,,,,,,,,,
atwai:/data0/core/atwai/Anderson_Scott/Multimodal/MultiModal Lung tumor test/processed data/Mouse 69,Folder,atwai,/data0/core/atwai/Anderson_Scott/Multimodal/MultiModal Lung tumor test/processed data/Mouse 69,Mouse 69,826147250.0,72.0,derived,microCT,,M69,analysis outputs (Anderson),False,bmc-lab6,,,,,,,,,,,,,,,,,,,,,,,,,,,,,,,,,,,,,,,,,,,,,,,,,,,,,,,,,
atwai:/data0/core/atwai/Anderson_Scott/Multimodal/MultiModal Lung tumor test/processed data/Mouse 75,Folder,atwai,/data0/core/atwai/Anderson_Scott/Multimodal/MultiModal Lung tumor test/processed data/Mouse 75,Mouse 75,618444925.0,55.0,derived,microCT,,M75,analysis outputs (Anderson),False,bmc-lab6,,,,,,,,,,,,,,,,,,,,,,,,,,,,,,,,,,,,,,,,,,,,,,,,,,,,,,,,,
atwai:/data0/core/atwai/huangw/2024/20240122_135942_AIPT_multimodelLung20240122_1_85,Folder,atwai,/data0/core/atwai/huangw/2024/20240122_135942_AIPT_multimodelLung20240122_1_85,20240122_135942_AIPT_multimodelLung20240122_1_85,845183969.0,671.0,raw,MRI,6.0,,"ParaVision study folder (all mice that day), 33 reconstructed scans",False,bmc-lab6,,,,,,,,,,,,,,,,,,,,,,,,,,,,,,,,,,,,,,,,,,,,,,,,,,,,,,,,,
atwai:/data0/core/atwai/huangw/2024/20240129_112442_AIPT_multimodelLung20240129_1_86,Folder,atwai,/data0/core/atwai/huangw/2024/20240129_112442_AIPT_multimodelLung20240129_1_86,20240129_112442_AIPT_multimodelLung20240129_1_86,836763714.0,700.0,raw,MRI,7.0,,"ParaVision study folder (all mice that day), 29 reconstructed scans",False,bmc-lab6,,,,,,,,,,,,,,,,,,,,,,,,,,,,,,,,,,,,,,,,,,,,,,,,,,,,,,,,,
atwai:/data0/core/atwai/huangw/2024/20240205_122416_AIPT_multiModelLung20240205_1_89,Folder,atwai,/data0/core/atwai/huangw/2024/20240205_122416_AIPT_multiModelLung20240205_1_89,20240205_122416_AIPT_multiModelLung20240205_1_89,853603510.0,710.0,raw,MRI,8.0,,"ParaVision study folder (all mice that day), 29 reconstructed scans",False,bmc-lab6,,,,,,,,,,,,,,,,,,,,,,,,,,,,,,,,,,,,,,,,,,,,,,,,,,,,,,,,,
atwai:/data0/core/atwai/huangw/2024/20240212_140325_AIPT_multimodelLung20240212_1_90,Folder,atwai,/data0/core/atwai/huangw/2024/20240212_140325_AIPT_multimodelLung20240212_1_90,20240212_140325_AIPT_multimodelLung20240212_1_90,926220239.0,724.0,raw,MRI,9.0,,"ParaVision study folder (all mice that day), 30 reconstructed scans",False,bmc-lab6,,,,,,,,,,,,,,,,,,,,,,,,,,,,,,,,,,,,,,,,,,,,,,,,,,,,,,,,,
atwai:/data0/core/atwai/huangw/2024/20240216_114211_AIPT_multimodelLung20240216_1_91,Folder,atwai,/data0/core/atwai/huangw/2024/20240216_114211_AIPT_multimodelLung20240216_1_91,20240216_114211_AIPT_multimodelLung20240216_1_91,206037441.0,223.0,raw,MRI,10.0,,"ParaVision study folder (all mice that day), 7 reconstructed scans",False,bmc-lab6,,,,,,,,,,,,,,,,,,,,,,,,,,,,,,,,,,,,,,,,,,,,,,,,,,,,,,,,,
atwai:/data0/core/atwai/huangw/2024/20240226_111137_AIPT_multimodelLung20240226_1_92,Folder,atwai,/data0/core/atwai/huangw/2024/20240226_111137_AIPT_multimodelLung20240226_1_92,20240226_111137_AIPT_multimodelLung20240226_1_92,876609654.0,671.0,raw,MRI,11.0,,"ParaVision study folder (all mice that day), 27 reconstructed scans",False,bmc-lab6,,,,,,,,,,,,,,,,,,,,,,,,,,,,,,,,,,,,,,,,,,,,,,,,,,,,,,,,,
atwai:/data0/core/atwai/huangw/2024/20240304_151201_AIPT_multimodelLung20240304_1_95,Folder,atwai,/data0/core/atwai/huangw/2024/20240304_151201_AIPT_multimodelLung20240304_1_95,20240304_151201_AIPT_multimodelLung20240304_1_95,886565591.0,721.0,raw,MRI,12.0,,"ParaVision study folder (all mice that day), 29 reconstructed scans",False,bmc-lab6,,,,,,,,,,,,,,,,,,,,,,,,,,,,,,,,,,,,,,,,,,,,,,,,,,,,,,,,,
atwai:/data0/core/atwai/huangw/2024/20240311_142100_AIPT_20240311multimodalLung_1_99,Folder,atwai,/data0/core/atwai/huangw/2024/20240311_142100_AIPT_20240311multimodalLung_1_99,20240311_142100_AIPT_20240311multimodalLung_1_99,765747631.0,557.0,raw,MRI,13.0,,"ParaVision study folder (all mice that day), 24 reconstructed scans",False,bmc-lab6,,,,,,,,,,,,,,,,,,,,,,,,,,,,,,,,,,,,,,,,,,,,,,,,,,,,,,,,,
atwai:/data0/core/atwai/huangw/2024/20240318_140839_AIPT_MultimodalLung20240318_1_101,Folder,atwai,/data0/core/atwai/huangw/2024/20240318_140839_AIPT_MultimodalLung20240318_1_101,20240318_140839_AIPT_MultimodalLung20240318_1_101,811526230.0,664.0,raw,MRI,14.0,,"ParaVision study folder (all mice that day), 27 reconstructed scans",False,bmc-lab6,,,,,,,,,,,,,,,,,,,,,,,,,,,,,,,,,,,,,,,,,,,,,,,,,,,,,,,,,
Dropbox:MultiModal/LungTumor/microCT/microCT wk6/wk6-10_Rec,Folder,Dropbox,MultiModal/LungTumor/microCT/microCT wk6/wk6-10_Rec,wk6-10_Rec,489742831.0,498.0,copy,microCT,6.0,M10,copy of the reconstruction,False,dropbox,,,,,,,,,,,,,,,,,,,,,,,,,,,,,,,,,,,,,,,,,,,,,,,,,,,,,,,,,
Dropbox:MultiModal/LungTumor/microCT/microCT wk6/wk6-11_Rec,Folder,Dropbox,MultiModal/LungTumor/microCT/microCT wk6/wk6-11_Rec,wk6-11_Rec,561847038.0,571.0,copy,microCT,6.0,M11,copy of the reconstruction,False,dropbox,,,,,,,,,,,,,,,,,,,,,,,,,,,,,,,,,,,,,,,,,,,,,,,,,,,,,,,,,
Dropbox:MultiModal/LungTumor/microCT/microCT wk6/wk6-12_Rec,Folder,Dropbox,MultiModal/LungTumor/microCT/microCT wk6/wk6-12_Rec,wk6-12_Rec,545942437.0,555.0,copy,microCT,6.0,M12,copy of the reconstruction,False,dropbox,,,,,,,,,,,,,,,,,,,,,,,,,,,,,,,,,,,,,,,,,,,,,,,,,,,,,,,,,
Dropbox:MultiModal/LungTumor/microCT/microCT wk6/wk6-13_Rec,Folder,Dropbox,MultiModal/LungTumor/microCT/microCT wk6/wk6-13_Rec,wk6-13_Rec,549886268.0,559.0,copy,microCT,6.0,M13,copy of the reconstruction,False,dropbox,,,,,,,,,,,,,,,,,,,,,,,,,,,,,,,,,,,,,,,,,,,,,,,,,,,,,,,,,
Dropbox:MultiModal/LungTumor/microCT/microCT wk6/wk6-14_Rec,Folder,Dropbox,MultiModal/LungTumor/microCT/microCT wk6/wk6-14_Rec,wk6-14_Rec,574535219.0,584.0,copy,microCT,6.0,M14,copy of the reconstruction,False,dropbox,,,,,,,,,,,,,,,,,,,,,,,,,,,,,,,,,,,,,,,,,,,,,,,,,,,,,,,,,
Dropbox:MultiModal/LungTumor/microCT/microCT wk6/wk6-15_Rec,Folder,Dropbox,MultiModal/LungTumor/microCT/microCT wk6/wk6-15_Rec,wk6-15_Rec,502689558.0,511.0,copy,microCT,6.0,M15,copy of the reconstruction,False,dropbox,,,,,,,,,,,,,,,,,,,,,,,,,,,,,,,,,,,,,,,,,,,,,,,,,,,,,,,,,
Dropbox:MultiModal/LungTumor/microCT/microCT wk6/wk6-17_Rec,Folder,Dropbox,MultiModal/LungTumor/microCT/microCT wk6/wk6-17_Rec,wk6-17_Rec,502689558.0,511.0,copy,microCT,6.0,M17,copy of the reconstruction,False,dropbox,,,,,,,,,,,,,,,,,,,,,,,,,,,,,,,,,,,,,,,,,,,,,,,,,,,,,,,,,
Dropbox:MultiModal/LungTumor/microCT/microCT wk6/wk6-18_Rec,Folder,Dropbox,MultiModal/LungTumor/microCT/microCT wk6/wk6-18_Rec,wk6-18_Rec,586495988.0,596.0,copy,microCT,6.0,M18,copy of the reconstruction,False,dropbox,,,,,,,,,,,,,,,,,,,,,,,,,,,,,,,,,,,,,,,,,,,,,,,,,,,,,,,,,
Dropbox:MultiModal/LungTumor/microCT/microCT wk6/wk6-19_Rec,Folder,Dropbox,MultiModal/LungTumor/microCT/microCT wk6/wk6-19_Rec,wk6-19_Rec,500588368.0,509.0,copy,microCT,6.0,M19,copy of the reconstruction,False,dropbox,,,,,,,,,,,,,,,,,,,,,,,,,,,,,,,,,,,,,,,,,,,,,,,,,,,,,,,,,
Dropbox:MultiModal/LungTumor/microCT/microCT wk6/wk6-67_Rec,Folder,Dropbox,MultiModal/LungTumor/microCT/microCT wk6/wk6-67_Rec,wk6-67_Rec,534240215.0,543.0,copy,microCT,6.0,M67,copy of the reconstruction,False,dropbox,,,,,,,,,,,,,,,,,,,,,,,,,,,,,,,,,,,,,,,,,,,,,,,,,,,,,,,,,
Dropbox:MultiModal/LungTumor/microCT/microCT wk6/wk6-68_Rec,Folder,Dropbox,MultiModal/LungTumor/microCT/microCT wk6/wk6-68_Rec,wk6-68_Rec,519321570.0,528.0,copy,microCT,6.0,M68,copy of the reconstruction,False,dropbox,,,,,,,,,,,,,,,,,,,,,,,,,,,,,,,,,,,,,,,,,,,,,,,,,,,,,,,,,
Dropbox:MultiModal/LungTumor/microCT/microCT wk6/wk6-69_Rec,Folder,Dropbox,MultiModal/LungTumor/microCT/microCT wk6/wk6-69_Rec,wk6-69_Rec,502689559.0,511.0,copy,microCT,6.0,M69,copy of the reconstruction,False,dropbox,,,,,,,,,,,,,,,,,,,,,,,,,,,,,,,,,,,,,,,,,,,,,,,,,,,,,,,,,
Dropbox:MultiModal/LungTumor/microCT/microCT wk6/wk6-75_Rec,Folder,Dropbox,MultiModal/LungTumor/microCT/microCT wk6/wk6-75_Rec,wk6-75_Rec,500588372.0,509.0,copy,microCT,6.0,M75,copy of the reconstruction,False,dropbox,,,,,,,,,,,,,,,,,,,,,,,,,,,,,,,,,,,,,,,,,,,,,,,,,,,,,,,,,
Dropbox:MultiModal/LungTumor/microCT/wk10/wk10_10_Rec,Folder,Dropbox,MultiModal/LungTumor/microCT/wk10/wk10_10_Rec,wk10_10_Rec,651684568.0,702.0,copy,microCT,10.0,M10,copy of the reconstruction,False,dropbox,,,,,,,,,,,,,,,,,,,,,,,,,,,,,,,,,,,,,,,,,,,,,,,,,,,,,,,,,
Dropbox:MultiModal/LungTumor/microCT/wk10/wk10_11_Rec,Folder,Dropbox,MultiModal/LungTumor/microCT/wk10/wk10_11_Rec,wk10_11_Rec,632160323.0,681.0,copy,microCT,10.0,M11,copy of the reconstruction,False,dropbox,,,,,,,,,,,,,,,,,,,,,,,,,,,,,,,,,,,,,,,,,,,,,,,,,,,,,,,,,
Dropbox:MultiModal/LungTumor/microCT/wk10/wk10_12_Rec,Folder,Dropbox,MultiModal/LungTumor/microCT/wk10/wk10_12_Rec,wk10_12_Rec,585674023.0,631.0,copy,microCT,10.0,M12,copy of the reconstruction,False,dropbox,,,,,,,,,,,,,,,,,,,,,,,,,,,,,,,,,,,,,,,,,,,,,,,,,,,,,,,,,
Dropbox:MultiModal/LungTumor/microCT/wk10/wk10_13_Rec,Folder,Dropbox,MultiModal/LungTumor/microCT/wk10/wk10_13_Rec,wk10_13_Rec,625652240.0,674.0,copy,microCT,10.0,M13,copy of the reconstruction,False,dropbox,,,,,,,,,,,,,,,,,,,,,,,,,,,,,,,,,,,,,,,,,,,,,,,,,,,,,,,,,
Dropbox:MultiModal/LungTumor/microCT/wk10/wk10_14_Rec,Folder,Dropbox,MultiModal/LungTumor/microCT/wk10/wk10_14_Rec,wk10_14_Rec,517804025.0,558.0,copy,microCT,10.0,M14,copy of the reconstruction,False,dropbox,,,,,,,,,,,,,,,,,,,,,,,,,,,,,,,,,,,,,,,,,,,,,,,,,,,,,,,,,
Dropbox:MultiModal/LungTumor/microCT/wk10/wk10_15_Rec,Folder,Dropbox,MultiModal/LungTumor/microCT/wk10/wk10_15_Rec,wk10_15_Rec,535468818.0,577.0,copy,microCT,10.0,M15,copy of the reconstruction,False,dropbox,,,,,,,,,,,,,,,,,,,,,,,,,,,,,,,,,,,,,,,,,,,,,,,,,,,,,,,,,
Dropbox:MultiModal/LungTumor/microCT/wk10/wk10_17_Rec,Folder,Dropbox,MultiModal/LungTumor/microCT/wk10/wk10_17_Rec,wk10_17_Rec,513155394.0,553.0,copy,microCT,10.0,M17,copy of the reconstruction,False,dropbox,,,,,,,,,,,,,,,,,,,,,,,,,,,,,,,,,,,,,,,,,,,,,,,,,,,,,,,,,
Dropbox:MultiModal/LungTumor/microCT/wk10/wk10_18_Rec,Folder,Dropbox,MultiModal/LungTumor/microCT/wk10/wk10_18_Rec,wk10_18_Rec,515014846.0,555.0,copy,microCT,10.0,M18,copy of the reconstruction,False,dropbox,,,,,,,,,,,,,,,,,,,,,,,,,,,,,,,,,,,,,,,,,,,,,,,,,,,,,,,,,
Dropbox:MultiModal/LungTumor/microCT/wk10/wk10_19_Rec,Folder,Dropbox,MultiModal/LungTumor/microCT/wk10/wk10_19_Rec,wk10_19_Rec,566149778.0,610.0,copy,microCT,10.0,M19,copy of the reconstruction,False,dropbox,,,,,,,,,,,,,,,,,,,,,,,,,,,,,,,,,,,,,,,,,,,,,,,,,,,,,,,,,
Dropbox:MultiModal/LungTumor/microCT/wk10/wk10_67_Rec,Folder,Dropbox,MultiModal/LungTumor/microCT/wk10/wk10_67_Rec,wk10_67_Rec,595901009.0,642.0,copy,microCT,10.0,M67,copy of the reconstruction,False,dropbox,,,,,,,,,,,,,,,,,,,,,,,,,,,,,,,,,,,,,,,,,,,,,,,,,,,,,,,,,
Dropbox:MultiModal/LungTumor/microCT/wk10/wk10_68_Rec,Folder,Dropbox,MultiModal/LungTumor/microCT/wk10/wk10_68_Rec,wk10_68_Rec,564290324.0,608.0,copy,microCT,10.0,M68,copy of the reconstruction,False,dropbox,,,,,,,,,,,,,,,,,,,,,,,,,,,,,,,,,,,,,,,,,,,,,,,,,,,,,,,,,
Dropbox:MultiModal/LungTumor/microCT/wk10/wk10_69_Rec,Folder,Dropbox,MultiModal/LungTumor/microCT/wk10/wk10_69_Rec,wk10_69_Rec,536398544.0,578.0,copy,microCT,10.0,M69,copy of the reconstruction,False,dropbox,,,,,,,,,,,,,,,,,,,,,,,,,,,,,,,,,,,,,,,,,,,,,,,,,,,,,,,,,
Dropbox:MultiModal/LungTumor/microCT/wk10/wk10_75_Rec,Folder,Dropbox,MultiModal/LungTumor/microCT/wk10/wk10_75_Rec,wk10_75_Rec,556852516.0,600.0,copy,microCT,10.0,M75,copy of the reconstruction,False,dropbox,,,,,,,,,,,,,,,,,,,,,,,,,,,,,,,,,,,,,,,,,,,,,,,,,,,,,,,,,
Dropbox:MultiModal/LungTumor/microCT/wk11/wk11_10_Rec,Folder,Dropbox,MultiModal/LungTumor/microCT/wk11/wk11_10_Rec,wk11_10_Rec,537519266.0,617.0,copy,microCT,11.0,M10,copy of the reconstruction,False,dropbox,,,,,,,,,,,,,,,,,,,,,,,,,,,,,,,,,,,,,,,,,,,,,,,,,,,,,,,,,
Dropbox:MultiModal/LungTumor/microCT/wk11/wk11_11_Rec,Folder,Dropbox,MultiModal/LungTumor/microCT/wk11/wk11_11_Rec,wk11_11_Rec,567177807.0,651.0,copy,microCT,11.0,M11,copy of the reconstruction,False,dropbox,,,,,,,,,,,,,,,,,,,,,,,,,,,,,,,,,,,,,,,,,,,,,,,,,,,,,,,,,
Dropbox:MultiModal/LungTumor/microCT/wk11/wk11_12_Rec,Folder,Dropbox,MultiModal/LungTumor/microCT/wk11/wk11_12_Rec,wk11_12_Rec,530540785.0,609.0,copy,microCT,11.0,M12,copy of the reconstruction,False,dropbox,,,,,,,,,,,,,,,,,,,,,,,,,,,,,,,,,,,,,,,,,,,,,,,,,,,,,,,,,
Dropbox:MultiModal/LungTumor/microCT/wk11/wk11_13_Rec,Folder,Dropbox,MultiModal/LungTumor/microCT/wk11/wk11_13_Rec,wk11_13_Rec,553220845.0,635.0,copy,microCT,11.0,M13,copy of the reconstruction,False,dropbox,,,,,,,,,,,,,,,,,,,,,,,,,,,,,,,,,,,,,,,,,,,,,,,,,,,,,,,,,
Dropbox:MultiModal/LungTumor/microCT/wk11/wk11_14_Rec,Folder,Dropbox,MultiModal/LungTumor/microCT/wk11/wk11_14_Rec,wk11_14_Rec,527051546.0,605.0,copy,microCT,11.0,M14,copy of the reconstruction,False,dropbox,,,,,,,,,,,,,,,,,,,,,,,,,,,,,,,,,,,,,,,,,,,,,,,,,,,,,,,,,
Dropbox:MultiModal/LungTumor/microCT/wk11/wk11_15_Rec,Folder,Dropbox,MultiModal/LungTumor/microCT/wk11/wk11_15_Rec,wk11_15_Rec,502111127.0,576.0,copy,microCT,11.0,M15,copy of the reconstruction,False,dropbox,,,,,,,,,,,,,,,,,,,,,,,,,,,,,,,,,,,,,,,,,,,,,,,,,,,,,,,,,
Dropbox:MultiModal/LungTumor/microCT/wk11/wk11_17_Rec,Folder,Dropbox,MultiModal/LungTumor/microCT/wk11/wk11_17_Rec,wk11_17_Rec,507344987.0,582.0,copy,microCT,11.0,M17,copy of the reconstruction,False,dropbox,,,,,,,,,,,,,,,,,,,,,,,,,,,,,,,,,,,,,,,,,,,,,,,,,,,,,,,,,
Dropbox:MultiModal/LungTumor/microCT/wk11/wk11_19_Rec,Folder,Dropbox,MultiModal/LungTumor/microCT/wk11/wk11_19_Rec,wk11_19_Rec,507860726.0,583.0,copy,microCT,11.0,M19,copy of the reconstruction,False,dropbox,,,,,,,,,,,,,,,,,,,,,,,,,,,,,,,,,,,,,,,,,,,,,,,,,,,,,,,,,
Dropbox:MultiModal/LungTumor/microCT/wk11/wk11_67_Rec,Folder,Dropbox,MultiModal/LungTumor/microCT/wk11/wk11_67_Rec,wk11_67_Rec,525663497.0,603.0,copy,microCT,11.0,M67,copy of the reconstruction,False,dropbox,,,,,,,,,,,,,,,,,,,,,,,,,,,,,,,,,,,,,,,,,,,,,,,,,,,,,,,,,
Dropbox:MultiModal/LungTumor/microCT/wk11/wk11_68_Rec,Folder,Dropbox,MultiModal/LungTumor/microCT/wk11/wk11_68_Rec,wk11_68_Rec,559327015.0,642.0,copy,microCT,11.0,M68,copy of the reconstruction,False,dropbox,,,,,,,,,,,,,,,,,,,,,,,,,,,,,,,,,,,,,,,,,,,,,,,,,,,,,,,,,
Dropbox:MultiModal/LungTumor/microCT/wk11/wk11_69_Rec,Folder,Dropbox,MultiModal/LungTumor/microCT/wk11/wk11_69_Rec,wk11_69_Rec,564045138.0,647.0,copy,microCT,11.0,M69,copy of the reconstruction,False,dropbox,,,,,,,,,,,,,,,,,,,,,,,,,,,,,,,,,,,,,,,,,,,,,,,,,,,,,,,,,
Dropbox:MultiModal/LungTumor/microCT/wk11/wk11_75_Rec,Folder,Dropbox,MultiModal/LungTumor/microCT/wk11/wk11_75_Rec,wk11_75_Rec,525663497.0,603.0,copy,microCT,11.0,M75,copy of the reconstruction,False,dropbox,,,,,,,,,,,,,,,,,,,,,,,,,,,,,,,,,,,,,,,,,,,,,,,,,,,,,,,,,
Dropbox:MultiModal/LungTumor/microCT/wk7/A_none_Rec,Folder,Dropbox,MultiModal/LungTumor/microCT/wk7/A_none_Rec,A_none_Rec,493713161.0,572.0,copy,microCT,7.0,,"copy named by cage and ear punch, not mouse ID",False,dropbox,,,,,,,,,,,,,,,,,,,,,,,,,,,,,,,,,,,,,,,,,,,,,,,,,,,,,,,,,
Dropbox:MultiModal/LungTumor/microCT/wk7/B_1L1R_Rec,Folder,Dropbox,MultiModal/LungTumor/microCT/wk7/B_1L1R_Rec,B_1L1R_Rec,542324624.0,605.0,copy,microCT,7.0,,"copy named by cage and ear punch, not mouse ID",False,dropbox,,,,,,,,,,,,,,,,,,,,,,,,,,,,,,,,,,,,,,,,,,,,,,,,,,,,,,,,,
Dropbox:MultiModal/LungTumor/microCT/wk7/B_1Left_Rec,Folder,Dropbox,MultiModal/LungTumor/microCT/wk7/B_1Left_Rec,B_1Left_Rec,461571768.0,515.0,copy,microCT,7.0,,"copy named by cage and ear punch, not mouse ID",False,dropbox,,,,,,,,,,,,,,,,,,,,,,,,,,,,,,,,,,,,,,,,,,,,,,,,,,,,,,,,,
Dropbox:MultiModal/LungTumor/microCT/wk7/B_2Left_Rec,Folder,Dropbox,MultiModal/LungTumor/microCT/wk7/B_2Left_Rec,B_2Left_Rec,471441562.0,526.0,copy,microCT,7.0,,"copy named by cage and ear punch, not mouse ID",False,dropbox,,,,,,,,,,,,,,,,,,,,,,,,,,,,,,,,,,,,,,,,,,,,,,,,,,,,,,,,,
Dropbox:MultiModal/LungTumor/microCT/wk7/B_none_Rec,Folder,Dropbox,MultiModal/LungTumor/microCT/wk7/B_none_Rec,B_none_Rec,505537209.0,564.0,copy,microCT,7.0,,"copy named by cage and ear punch, not mouse ID",False,dropbox,,,,,,,,,,,,,,,,,,,,,,,,,,,,,,,,,,,,,,,,,,,,,,,,,,,,,,,,,
Dropbox:MultiModal/LungTumor/microCT/wk7/C_1LR0_Rec,Folder,Dropbox,MultiModal/LungTumor/microCT/wk7/C_1LR0_Rec,C_1LR0_Rec,551887726.0,616.0,copy,microCT,7.0,,"copy named by cage and ear punch, not mouse ID",False,dropbox,,,,,,,,,,,,,,,,,,,,,,,,,,,,,,,,,,,,,,,,,,,,,,,,,,,,,,,,,
Dropbox:MultiModal/LungTumor/microCT/wk7/C_L1_Rec,Folder,Dropbox,MultiModal/LungTumor/microCT/wk7/C_L1_Rec,C_L1_Rec,485797612.0,542.0,copy,microCT,7.0,,"copy named by cage and ear punch, not mouse ID",False,dropbox,,,,,,,,,,,,,,,,,,,,,,,,,,,,,,,,,,,,,,,,,,,,,,,,,,,,,,,,,
Dropbox:MultiModal/LungTumor/microCT/wk7/C_L2R1_Rec,Folder,Dropbox,MultiModal/LungTumor/microCT/wk7/C_L2R1_Rec,C_L2R1_Rec,542915194.0,606.0,copy,microCT,7.0,,"copy named by cage and ear punch, not mouse ID",False,dropbox,,,,,,,,,,,,,,,,,,,,,,,,,,,,,,,,,,,,,,,,,,,,,,,,,,,,,,,,,
Dropbox:MultiModal/LungTumor/microCT/wk7/C_L2_Rec,Folder,Dropbox,MultiModal/LungTumor/microCT/wk7/C_L2_Rec,C_L2_Rec,310829621.0,346.0,copy,microCT,7.0,,"copy named by cage and ear punch, not mouse ID",False,dropbox,,,,,,,,,,,,,,,,,,,,,,,,,,,,,,,,,,,,,,,,,,,,,,,,,,,,,,,,,
Dropbox:MultiModal/LungTumor/microCT/wk7/D_left_Rec,Folder,Dropbox,MultiModal/LungTumor/microCT/wk7/D_left_Rec,D_left_Rec,526174051.0,587.0,copy,microCT,7.0,,"copy named by cage and ear punch, not mouse ID",False,dropbox,,,,,,,,,,,,,,,,,,,,,,,,,,,,,,,,,,,,,,,,,,,,,,,,,,,,,,,,,
Dropbox:MultiModal/LungTumor/microCT/wk7/D_none_Rec,Folder,Dropbox,MultiModal/LungTumor/microCT/wk7/D_none_Rec,D_none_Rec,555893946.0,644.0,copy,microCT,7.0,,"copy named by cage and ear punch, not mouse ID",False,dropbox,,,,,,,,,,,,,,,,,,,,,,,,,,,,,,,,,,,,,,,,,,,,,,,,,,,,,,,,,
Dropbox:MultiModal/LungTumor/microCT/wk7/E_left_Rec,Folder,Dropbox,MultiModal/LungTumor/microCT/wk7/E_left_Rec,E_left_Rec,572302764.0,663.0,copy,microCT,7.0,,"copy named by cage and ear punch, not mouse ID",False,dropbox,,,,,,,,,,,,,,,,,,,,,,,,,,,,,,,,,,,,,,,,,,,,,,,,,,,,,,,,,
Dropbox:MultiModal/LungTumor/microCT/wk7/E_none_Rec,Folder,Dropbox,MultiModal/LungTumor/microCT/wk7/E_none_Rec,E_none_Rec,478167965.0,554.0,copy,microCT,7.0,,"copy named by cage and ear punch, not mouse ID",False,dropbox,,,,,,,,,,,,,,,,,,,,,,,,,,,,,,,,,,,,,,,,,,,,,,,,,,,,,,,,,
Dropbox:MultiModal/LungTumor/microCT/wk8/wk8_10_Rec,Folder,Dropbox,MultiModal/LungTumor/microCT/wk8/wk8_10_Rec,wk8_10_Rec,572474429.0,629.0,copy,microCT,8.0,M10,copy of the reconstruction,False,dropbox,,,,,,,,,,,,,,,,,,,,,,,,,,,,,,,,,,,,,,,,,,,,,,,,,,,,,,,,,
Dropbox:MultiModal/LungTumor/microCT/wk8/wk8_11_Rec,Folder,Dropbox,MultiModal/LungTumor/microCT/wk8/wk8_11_Rec,wk8_11_Rec,523983053.0,577.0,copy,microCT,8.0,M11,copy of the reconstruction,False,dropbox,,,,,,,,,,,,,,,,,,,,,,,,,,,,,,,,,,,,,,,,,,,,,,,,,,,,,,,,,
Dropbox:MultiModal/LungTumor/microCT/wk8/wk8_12_Rec,Folder,Dropbox,MultiModal/LungTumor/microCT/wk8/wk8_12_Rec,wk8_12_Rec,559741145.0,616.0,copy,microCT,8.0,M12,copy of the reconstruction,False,dropbox,,,,,,,,,,,,,,,,,,,,,,,,,,,,,,,,,,,,,,,,,,,,,,,,,,,,,,,,,
Dropbox:MultiModal/LungTumor/microCT/wk8/wk8_13_Rec,Folder,Dropbox,MultiModal/LungTumor/microCT/wk8/wk8_13_Rec,wk8_13_Rec,635869510.0,700.0,copy,microCT,8.0,M13,copy of the reconstruction,False,dropbox,,,,,,,,,,,,,,,,,,,,,,,,,,,,,,,,,,,,,,,,,,,,,,,,,,,,,,,,,
Dropbox:MultiModal/LungTumor/microCT/wk8/wk8_14_Rec,Folder,Dropbox,MultiModal/LungTumor/microCT/wk8/wk8_14_Rec,wk8_14_Rec,554283269.0,610.0,copy,microCT,8.0,M14,copy of the reconstruction,False,dropbox,,,,,,,,,,,,,,,,,,,,,,,,,,,,,,,,,,,,,,,,,,,,,,,,,,,,,,,,,
Dropbox:MultiModal/LungTumor/microCT/wk8/wk8_15_Rec,Folder,Dropbox,MultiModal/LungTumor/microCT/wk8/wk8_15_Rec,wk8_15_Rec,515168490.0,567.0,copy,microCT,8.0,M15,copy of the reconstruction,False,dropbox,,,,,,,,,,,,,,,,,,,,,,,,,,,,,,,,,,,,,,,,,,,,,,,,,,,,,,,,,
Dropbox:MultiModal/LungTumor/microCT/wk8/wk8_17_Rec,Folder,Dropbox,MultiModal/LungTumor/microCT/wk8/wk8_17_Rec,wk8_17_Rec,475144066.0,523.0,copy,microCT,8.0,M17,copy of the reconstruction,False,dropbox,,,,,,,,,,,,,,,,,,,,,,,,,,,,,,,,,,,,,,,,,,,,,,,,,,,,,,,,,
Dropbox:MultiModal/LungTumor/microCT/wk8/wk8_18_Rec,Folder,Dropbox,MultiModal/LungTumor/microCT/wk8/wk8_18_Rec,wk8_18_Rec,532451764.0,586.0,copy,microCT,8.0,M18,copy of the reconstruction,False,dropbox,,,,,,,,,,,,,,,,,,,,,,,,,,,,,,,,,,,,,,,,,,,,,,,,,,,,,,,,,
Dropbox:MultiModal/LungTumor/microCT/wk8/wk8_19_Rec,Folder,Dropbox,MultiModal/LungTumor/microCT/wk8/wk8_19_Rec,wk8_19_Rec,518807075.0,571.0,copy,microCT,8.0,M19,copy of the reconstruction,False,dropbox,,,,,,,,,,,,,,,,,,,,,,,,,,,,,,,,,,,,,,,,,,,,,,,,,,,,,,,,,
Dropbox:MultiModal/LungTumor/microCT/wk8/wk8_67_Rec,Folder,Dropbox,MultiModal/LungTumor/microCT/wk8/wk8_67_Rec,wk8_67_Rec,517897429.0,570.0,copy,microCT,8.0,M67,copy of the reconstruction,False,dropbox,,,,,,,,,,,,,,,,,,,,,,,,,,,,,,,,,,,,,,,,,,,,,,,,,,,,,,,,,
Dropbox:MultiModal/LungTumor/microCT/wk8/wk8_68_Rec,Folder,Dropbox,MultiModal/LungTumor/microCT/wk8/wk8_68_Rec,wk8_68_Rec,601584861.0,662.0,copy,microCT,8.0,M68,copy of the reconstruction,False,dropbox,,,,,,,,,,,,,,,,,,,,,,,,,,,,,,,,,,,,,,,,,,,,,,,,,,,,,,,,,
Dropbox:MultiModal/LungTumor/microCT/wk8/wk8_69_Rec,Folder,Dropbox,MultiModal/LungTumor/microCT/wk8/wk8_69_Rec,wk8_69_Rec,590669108.0,650.0,copy,microCT,8.0,M69,copy of the reconstruction,False,dropbox,,,,,,,,,,,,,,,,,,,,,,,,,,,,,,,,,,,,,,,,,,,,,,,,,,,,,,,,,
Dropbox:MultiModal/LungTumor/microCT/wk8/wk8_69_gut1_Rec,Folder,Dropbox,MultiModal/LungTumor/microCT/wk8/wk8_69_gut1_Rec,wk8_69_gut1_Rec,701364042.0,772.0,raw,microCT,8.0,M69,extra scan of this mouse,False,dropbox,,,,,,,,,,,,,,,,,,,,,,,,,,,,,,,,,,,,,,,,,,,,,,,,,,,,,,,,,
Dropbox:MultiModal/LungTumor/microCT/wk8/wk8_69_gut2_Rec,Folder,Dropbox,MultiModal/LungTumor/microCT/wk8/wk8_69_gut2_Rec,wk8_69_gut2_Rec,675893956.0,744.0,raw,microCT,8.0,M69,extra scan of this mouse,False,dropbox,,,,,,,,,,,,,,,,,,,,,,,,,,,,,,,,,,,,,,,,,,,,,,,,,,,,,,,,,
Dropbox:MultiModal/LungTumor/microCT/wk8/wk8_75_Rec,Folder,Dropbox,MultiModal/LungTumor/microCT/wk8/wk8_75_Rec,wk8_75_Rec,561560436.0,618.0,copy,microCT,8.0,M75,copy of the reconstruction,False,dropbox,,,,,,,,,,,,,,,,,,,,,,,,,,,,,,,,,,,,,,,,,,,,,,,,,,,,,,,,,
Dropbox:MultiModal/LungTumor/microCT/wk9/wk9_10_Rec,Folder,Dropbox,MultiModal/LungTumor/microCT/wk9/wk9_10_Rec,wk9_10_Rec,625863421.0,689.0,copy,microCT,9.0,M10,copy of the reconstruction,False,dropbox,,,,,,,,,,,,,,,,,,,,,,,,,,,,,,,,,,,,,,,,,,,,,,,,,,,,,,,,,
Dropbox:MultiModal/LungTumor/microCT/wk9/wk9_11_Rec,Folder,Dropbox,MultiModal/LungTumor/microCT/wk9/wk9_11_Rec,wk9_11_Rec,623134483.0,686.0,copy,microCT,9.0,M11,copy of the reconstruction,False,dropbox,,,,,,,,,,,,,,,,,,,,,,,,,,,,,,,,,,,,,,,,,,,,,,,,,,,,,,,,,
Dropbox:MultiModal/LungTumor/microCT/wk9/wk9_12B_Rec,Folder,Dropbox,MultiModal/LungTumor/microCT/wk9/wk9_12B_Rec,wk9_12B_Rec,583110064.0,642.0,raw,microCT,9.0,M12,extra scan of this mouse,False,dropbox,,,,,,,,,,,,,,,,,,,,,,,,,,,,,,,,,,,,,,,,,,,,,,,,,,,,,,,,,
Dropbox:MultiModal/LungTumor/microCT/wk9/wk9_12_Rec,Folder,Dropbox,MultiModal/LungTumor/microCT/wk9/wk9_12_Rec,wk9_12_Rec,611309085.0,673.0,copy,microCT,9.0,M12,copy of the reconstruction,False,dropbox,,,,,,,,,,,,,,,,,,,,,,,,,,,,,,,,,,,,,,,,,,,,,,,,,,,,,,,,,
Dropbox:MultiModal/LungTumor/microCT/wk9/wk9_13_Rec,Folder,Dropbox,MultiModal/LungTumor/microCT/wk9/wk9_13_Rec,wk9_13_Rec,613128378.0,675.0,copy,microCT,9.0,M13,copy of the reconstruction,False,dropbox,,,,,,,,,,,,,,,,,,,,,,,,,,,,,,,,,,,,,,,,,,,,,,,,,,,,,,,,,
Dropbox:MultiModal/LungTumor/microCT/wk9/wk9_14_Rec,Folder,Dropbox,MultiModal/LungTumor/microCT/wk9/wk9_14_Rec,wk9_14_Rec,556730326.0,613.0,copy,microCT,9.0,M14,copy of the reconstruction,False,dropbox,,,,,,,,,,,,,,,,,,,,,,,,,,,,,,,,,,,,,,,,,,,,,,,,,,,,,,,,,
Dropbox:MultiModal/LungTumor/microCT/wk9/wk9_15_Rec,Folder,Dropbox,MultiModal/LungTumor/microCT/wk9/wk9_15_Rec,wk9_15_Rec,587658290.0,647.0,copy,microCT,9.0,M15,copy of the reconstruction,False,dropbox,,,,,,,,,,,,,,,,,,,,,,,,,,,,,,,,,,,,,,,,,,,,,,,,,,,,,,,,,
Dropbox:MultiModal/LungTumor/microCT/wk9/wk9_17_Rec,Folder,Dropbox,MultiModal/LungTumor/microCT/wk9/wk9_17_Rec,wk9_17_Rec,577652183.0,636.0,copy,microCT,9.0,M17,copy of the reconstruction,False,dropbox,,,,,,,,,,,,,,,,,,,,,,,,,,,,,,,,,,,,,,,,,,,,,,,,,,,,,,,,,
Dropbox:MultiModal/LungTumor/microCT/wk9/wk9_18_Rec,Folder,Dropbox,MultiModal/LungTumor/microCT/wk9/wk9_18_Rec,wk9_18_Rec,591296873.0,651.0,copy,microCT,9.0,M18,copy of the reconstruction,False,dropbox,,,,,,,,,,,,,,,,,,,,,,,,,,,,,,,,,,,,,,,,,,,,,,,,,,,,,,,,,
Dropbox:MultiModal/LungTumor/microCT/wk9/wk9_19_Rec,Folder,Dropbox,MultiModal/LungTumor/microCT/wk9/wk9_19_Rec,wk9_19_Rec,658610678.0,725.0,copy,microCT,9.0,M19,copy of the reconstruction,False,dropbox,,,,,,,,,,,,,,,,,,,,,,,,,,,,,,,,,,,,,,,,,,,,,,,,,,,,,,,,,
Dropbox:MultiModal/LungTumor/microCT/wk9/wk9_67_Rec,Folder,Dropbox,MultiModal/LungTumor/microCT/wk9/wk9_67_Rec,wk9_67_Rec,613128377.0,675.0,copy,microCT,9.0,M67,copy of the reconstruction,False,dropbox,,,,,,,,,,,,,,,,,,,,,,,,,,,,,,,,,,,,,,,,,,,,,,,,,,,,,,,,,
Dropbox:MultiModal/LungTumor/microCT/wk9/wk9_68_Rec,Folder,Dropbox,MultiModal/LungTumor/microCT/wk9/wk9_68_Rec,wk9_68_Rec,566736432.0,624.0,copy,microCT,9.0,M68,copy of the reconstruction,False,dropbox,,,,,,,,,,,,,,,,,,,,,,,,,,,,,,,,,,,,,,,,,,,,,,,,,,,,,,,,,
Dropbox:MultiModal/LungTumor/microCT/wk9/wk9_69_Rec,Folder,Dropbox,MultiModal/LungTumor/microCT/wk9/wk9_69_Rec,wk9_69_Rec,611309085.0,673.0,copy,microCT,9.0,M69,copy of the reconstruction,False,dropbox,,,,,,,,,,,,,,,,,,,,,,,,,,,,,,,,,,,,,,,,,,,,,,,,,,,,,,,,,
Dropbox:MultiModal/LungTumor/microCT/wk9/wk9_75B_Rec,Folder,Dropbox,MultiModal/LungTumor/microCT/wk9/wk9_75B_Rec,wk9_75B_Rec,615857319.0,678.0,raw,microCT,9.0,M75,extra scan of this mouse,False,dropbox,,,,,,,,,,,,,,,,,,,,,,,,,,,,,,,,,,,,,,,,,,,,,,,,,,,,,,,,,
Dropbox:MultiModal/LungTumor/microCT/wk9/wk9_75_Rec,Folder,Dropbox,MultiModal/LungTumor/microCT/wk9/wk9_75_Rec,wk9_75_Rec,820412.0,2.0,copy,microCT,9.0,M75,copy of the reconstruction,False,dropbox,,,,,,,,,,,,,,,,,,,,,,,,,,,,,,,,,,,,,,,,,,,,,,,,,,,,,,,,,
Dropbox:MultiModal/LungTumor/MRI/01-29-2024/15-week7.tif,File,Dropbox,MultiModal/LungTumor/MRI/01-29-2024/15-week7.tif,15-week7.tif,12092648.0,,derived,MRI,7.0,M15,exported image / overlay / ROI set,False,dropbox,,,,,,,,,,,,,,,,,,,,,,,,,,,,,,,,,,,,,,,,,,,,,,,,,,,,,,,,,
Dropbox:MultiModal/LungTumor/MRI/01-29-2024/13-week7.tif,File,Dropbox,MultiModal/LungTumor/MRI/01-29-2024/13-week7.tif,13-week7.tif,12092649.0,,derived,MRI,7.0,M13,exported image / overlay / ROI set,False,dropbox,,,,,,,,,,,,,,,,,,,,,,,,,,,,,,,,,,,,,,,,,,,,,,,,,,,,,,,,,
Dropbox:MultiModal/LungTumor/MRI/01-29-2024/11.dcm,File,Dropbox,MultiModal/LungTumor/MRI/01-29-2024/11.dcm,11.dcm,6041172.0,,raw,MRI,7.0,M11,original DICOM,False,dropbox,,,,,,,,,,,,,,,,,,,,,,,,,,,,,,,,,,,,,,,,,,,,,,,,,,,,,,,,,
Dropbox:MultiModal/LungTumor/MRI/01-29-2024/14.dcm,File,Dropbox,MultiModal/LungTumor/MRI/01-29-2024/14.dcm,14.dcm,6041174.0,,raw,MRI,7.0,M14,original DICOM,False,dropbox,,,,,,,,,,,,,,,,,,,,,,,,,,,,,,,,,,,,,,,,,,,,,,,,,,,,,,,,,
Dropbox:MultiModal/LungTumor/MRI/01-29-2024/15.dcm,File,Dropbox,MultiModal/LungTumor/MRI/01-29-2024/15.dcm,15.dcm,6041174.0,,raw,MRI,7.0,M15,original DICOM,False,dropbox,,,,,,,,,,,,,,,,,,,,,,,,,,,,,,,,,,,,,,,,,,,,,,,,,,,,,,,,,
Dropbox:MultiModal/LungTumor/MRI/01-29-2024/17-week7.tif,File,Dropbox,MultiModal/LungTumor/MRI/01-29-2024/17-week7.tif,17-week7.tif,12092650.0,,derived,MRI,7.0,M17,exported image / overlay / ROI set,False,dropbox,,,,,,,,,,,,,,,,,,,,,,,,,,,,,,,,,,,,,,,,,,,,,,,,,,,,,,,,,
Dropbox:MultiModal/LungTumor/MRI/01-29-2024/14-week7.tif,File,Dropbox,MultiModal/LungTumor/MRI/01-29-2024/14-week7.tif,14-week7.tif,12092649.0,,derived,MRI,7.0,M14,exported image / overlay / ROI set,False,dropbox,,,,,,,,,,,,,,,,,,,,,,,,,,,,,,,,,,,,,,,,,,,,,,,,,,,,,,,,,
Dropbox:MultiModal/LungTumor/MRI/01-29-2024/18.dcm,File,Dropbox,MultiModal/LungTumor/MRI/01-29-2024/18.dcm,18.dcm,6041306.0,,raw,MRI,7.0,M18,original DICOM,False,dropbox,,,,,,,,,,,,,,,,,,,,,,,,,,,,,,,,,,,,,,,,,,,,,,,,,,,,,,,,,
Dropbox:MultiModal/LungTumor/MRI/01-29-2024/67.dcm,File,Dropbox,MultiModal/LungTumor/MRI/01-29-2024/67.dcm,67.dcm,6041174.0,,raw,MRI,7.0,M67,original DICOM,False,dropbox,,,,,,,,,,,,,,,,,,,,,,,,,,,,,,,,,,,,,,,,,,,,,,,,,,,,,,,,,
Dropbox:MultiModal/LungTumor/MRI/01-29-2024/19-week7.tif,File,Dropbox,MultiModal/LungTumor/MRI/01-29-2024/19-week7.tif,19-week7.tif,12092649.0,,derived,MRI,7.0,M19,exported image / overlay / ROI set,False,dropbox,,,,,,,,,,,,,,,,,,,,,,,,,,,,,,,,,,,,,,,,,,,,,,,,,,,,,,,,,
Dropbox:MultiModal/LungTumor/MRI/01-29-2024/11-week7.tif,File,Dropbox,MultiModal/LungTumor/MRI/01-29-2024/11-week7.tif,11-week7.tif,12092646.0,,derived,MRI,7.0,M11,exported image / overlay / ROI set,False,dropbox,,,,,,,,,,,,,,,,,,,,,,,,,,,,,,,,,,,,,,,,,,,,,,,,,,,,,,,,,
Dropbox:MultiModal/LungTumor/MRI/01-29-2024/12-week7.tif,File,Dropbox,MultiModal/LungTumor/MRI/01-29-2024/12-week7.tif,12-week7.tif,12092646.0,,derived,MRI,7.0,M12,exported image / overlay / ROI set,False,dropbox,,,,,,,,,,,,,,,,,,,,,,,,,,,,,,,,,,,,,,,,,,,,,,,,,,,,,,,,,
Dropbox:MultiModal/LungTumor/MRI/01-29-2024/68.dcm,File,Dropbox,MultiModal/LungTumor/MRI/01-29-2024/68.dcm,68.dcm,6041174.0,,raw,MRI,7.0,M68,original DICOM,False,dropbox,,,,,,,,,,,,,,,,,,,,,,,,,,,,,,,,,,,,,,,,,,,,,,,,,,,,,,,,,
Dropbox:MultiModal/LungTumor/MRI/01-29-2024/75.dcm,File,Dropbox,MultiModal/LungTumor/MRI/01-29-2024/75.dcm,75.dcm,6041172.0,,raw,MRI,7.0,M75,original DICOM,False,dropbox,,,,,,,,,,,,,,,,,,,,,,,,,,,,,,,,,,,,,,,,,,,,,,,,,,,,,,,,,
Dropbox:MultiModal/LungTumor/MRI/01-29-2024/19.dcm,File,Dropbox,MultiModal/LungTumor/MRI/01-29-2024/19.dcm,19.dcm,6041174.0,,raw,MRI,7.0,M19,original DICOM,False,dropbox,,,,,,,,,,,,,,,,,,,,,,,,,,,,,,,,,,,,,,,,,,,,,,,,,,,,,,,,,
Dropbox:MultiModal/LungTumor/MRI/01-29-2024/18-week7.tif,File,Dropbox,MultiModal/LungTumor/MRI/01-29-2024/18-week7.tif,18-week7.tif,12092914.0,,derived,MRI,7.0,M18,exported image / overlay / ROI set,False,dropbox,,,,,,,,,,,,,,,,,,,,,,,,,,,,,,,,,,,,,,,,,,,,,,,,,,,,,,,,,
Dropbox:MultiModal/LungTumor/MRI/01-29-2024/69.dcm,File,Dropbox,MultiModal/LungTumor/MRI/01-29-2024/69.dcm,69.dcm,6041174.0,,raw,MRI,7.0,M69,original DICOM,False,dropbox,,,,,,,,,,,,,,,,,,,,,,,,,,,,,,,,,,,,,,,,,,,,,,,,,,,,,,,,,
Dropbox:MultiModal/LungTumor/MRI/01-29-2024/10-week7.tif,File,Dropbox,MultiModal/LungTumor/MRI/01-29-2024/10-week7.tif,10-week7.tif,12092652.0,,derived,MRI,7.0,M10,exported image / overlay / ROI set,False,dropbox,,,,,,,,,,,,,,,,,,,,,,,,,,,,,,,,,,,,,,,,,,,,,,,,,,,,,,,,,
Dropbox:MultiModal/LungTumor/MRI/01-29-2024/12.dcm,File,Dropbox,MultiModal/LungTumor/MRI/01-29-2024/12.dcm,12.dcm,6041174.0,,raw,MRI,7.0,M12,original DICOM,False,dropbox,,,,,,,,,,,,,,,,,,,,,,,,,,,,,,,,,,,,,,,,,,,,,,,,,,,,,,,,,
Dropbox:MultiModal/LungTumor/MRI/01-29-2024/10.dcm,File,Dropbox,MultiModal/LungTumor/MRI/01-29-2024/10.dcm,10.dcm,6041174.0,,raw,MRI,7.0,M10,original DICOM,False,dropbox,,,,,,,,,,,,,,,,,,,,,,,,,,,,,,,,,,,,,,,,,,,,,,,,,,,,,,,,,
Dropbox:MultiModal/LungTumor/MRI/01-29-2024/1013.dcm,File,Dropbox,MultiModal/LungTumor/MRI/01-29-2024/1013.dcm,1013.dcm,6041174.0,,raw,MRI,7.0,M13,original DICOM,False,dropbox,,,,,,,,,,,,,,,,,,,,,,,,,,,,,,,,,,,,,,,,,,,,,,,,,,,,,,,,,
Dropbox:MultiModal/LungTumor/MRI/01-29-2024/17.dcm,File,Dropbox,MultiModal/LungTumor/MRI/01-29-2024/17.dcm,17.dcm,6041174.0,,raw,MRI,7.0,M17,original DICOM,False,dropbox,,,,,,,,,,,,,,,,,,,,,,,,,,,,,,,,,,,,,,,,,,,,,,,,,,,,,,,,,
Dropbox:MultiModal/LungTumor/MRI/02-05-2024/19-week8.tif,File,Dropbox,MultiModal/LungTumor/MRI/02-05-2024/19-week8.tif,19-week8.tif,12092647.0,,derived,MRI,8.0,M19,exported image / overlay / ROI set,False,dropbox,,,,,,,,,,,,,,,,,,,,,,,,,,,,,,,,,,,,,,,,,,,,,,,,,,,,,,,,,
Dropbox:MultiModal/LungTumor/MRI/02-05-2024/18-week8.tif,File,Dropbox,MultiModal/LungTumor/MRI/02-05-2024/18-week8.tif,18-week8.tif,12092646.0,,derived,MRI,8.0,M18,exported image / overlay / ROI set,False,dropbox,,,,,,,,,,,,,,,,,,,,,,,,,,,,,,,,,,,,,,,,,,,,,,,,,,,,,,,,,
Dropbox:MultiModal/LungTumor/MRI/02-05-2024/13-week8.tif,File,Dropbox,MultiModal/LungTumor/MRI/02-05-2024/13-week8.tif,13-week8.tif,12092653.0,,derived,MRI,8.0,M13,exported image / overlay / ROI set,False,dropbox,,,,,,,,,,,,,,,,,,,,,,,,,,,,,,,,,,,,,,,,,,,,,,,,,,,,,,,,,
Dropbox:MultiModal/LungTumor/MRI/02-05-2024/15-week8.tif,File,Dropbox,MultiModal/LungTumor/MRI/02-05-2024/15-week8.tif,15-week8.tif,12092650.0,,derived,MRI,8.0,M15,exported image / overlay / ROI set,False,dropbox,,,,,,,,,,,,,,,,,,,,,,,,,,,,,,,,,,,,,,,,,,,,,,,,,,,,,,,,,
Dropbox:MultiModal/LungTumor/MRI/02-05-2024/11.dcm,File,Dropbox,MultiModal/LungTumor/MRI/02-05-2024/11.dcm,11.dcm,6041170.0,,raw,MRI,8.0,M11,original DICOM,False,dropbox,,,,,,,,,,,,,,,,,,,,,,,,,,,,,,,,,,,,,,,,,,,,,,,,,,,,,,,,,
Dropbox:MultiModal/LungTumor/MRI/02-05-2024/14.dcm,File,Dropbox,MultiModal/LungTumor/MRI/02-05-2024/14.dcm,14.dcm,6041172.0,,raw,MRI,8.0,M14,original DICOM,False,dropbox,,,,,,,,,,,,,,,,,,,,,,,,,,,,,,,,,,,,,,,,,,,,,,,,,,,,,,,,,
Dropbox:MultiModal/LungTumor/MRI/02-05-2024/15.dcm,File,Dropbox,MultiModal/LungTumor/MRI/02-05-2024/15.dcm,15.dcm,6041172.0,,raw,MRI,8.0,M15,original DICOM,False,dropbox,,,,,,,,,,,,,,,,,,,,,,,,,,,,,,,,,,,,,,,,,,,,,,,,,,,,,,,,,
Dropbox:MultiModal/LungTumor/MRI/02-05-2024/18.dcm,File,Dropbox,MultiModal/LungTumor/MRI/02-05-2024/18.dcm,18.dcm,6041170.0,,raw,MRI,8.0,M18,original DICOM,False,dropbox,,,,,,,,,,,,,,,,,,,,,,,,,,,,,,,,,,,,,,,,,,,,,,,,,,,,,,,,,
Dropbox:MultiModal/LungTumor/MRI/02-05-2024/12-week8.tif,File,Dropbox,MultiModal/LungTumor/MRI/02-05-2024/12-week8.tif,12-week8.tif,12092650.0,,derived,MRI,8.0,M12,exported image / overlay / ROI set,False,dropbox,,,,,,,,,,,,,,,,,,,,,,,,,,,,,,,,,,,,,,,,,,,,,,,,,,,,,,,,,
Dropbox:MultiModal/LungTumor/MRI/02-05-2024/67.dcm,File,Dropbox,MultiModal/LungTumor/MRI/02-05-2024/67.dcm,67.dcm,6041172.0,,raw,MRI,8.0,M67,original DICOM,False,dropbox,,,,,,,,,,,,,,,,,,,,,,,,,,,,,,,,,,,,,,,,,,,,,,,,,,,,,,,,,
Dropbox:MultiModal/LungTumor/MRI/02-05-2024/11.dcm_Tumor_Overlay.tif,File,Dropbox,MultiModal/LungTumor/MRI/02-05-2024/11.dcm_Tumor_Overlay.tif,11.dcm_Tumor_Overlay.tif,12093976.0,,derived,MRI,8.0,M11,exported image / overlay / ROI set,False,dropbox,,,,,,,,,,,,,,,,,,,,,,,,,,,,,,,,,,,,,,,,,,,,,,,,,,,,,,,,,
Dropbox:MultiModal/LungTumor/MRI/02-05-2024/68.dcm,File,Dropbox,MultiModal/LungTumor/MRI/02-05-2024/68.dcm,68.dcm,6041172.0,,raw,MRI,8.0,M68,original DICOM,False,dropbox,,,,,,,,,,,,,,,,,,,,,,,,,,,,,,,,,,,,,,,,,,,,,,,,,,,,,,,,,
Dropbox:MultiModal/LungTumor/MRI/02-05-2024/75.dcm,File,Dropbox,MultiModal/LungTumor/MRI/02-05-2024/75.dcm,75.dcm,6041172.0,,raw,MRI,8.0,M75,original DICOM,False,dropbox,,,,,,,,,,,,,,,,,,,,,,,,,,,,,,,,,,,,,,,,,,,,,,,,,,,,,,,,,
Dropbox:MultiModal/LungTumor/MRI/02-05-2024/17-week8.tif,File,Dropbox,MultiModal/LungTumor/MRI/02-05-2024/17-week8.tif,17-week8.tif,12092646.0,,derived,MRI,8.0,M17,exported image / overlay / ROI set,False,dropbox,,,,,,,,,,,,,,,,,,,,,,,,,,,,,,,,,,,,,,,,,,,,,,,,,,,,,,,,,
Dropbox:MultiModal/LungTumor/MRI/02-05-2024/11-week8.tif,File,Dropbox,MultiModal/LungTumor/MRI/02-05-2024/11-week8.tif,11-week8.tif,12092643.0,,derived,MRI,8.0,M11,exported image / overlay / ROI set,False,dropbox,,,,,,,,,,,,,,,,,,,,,,,,,,,,,,,,,,,,,,,,,,,,,,,,,,,,,,,,,
Dropbox:MultiModal/LungTumor/MRI/02-05-2024/19.dcm,File,Dropbox,MultiModal/LungTumor/MRI/02-05-2024/19.dcm,19.dcm,6041172.0,,raw,MRI,8.0,M19,original DICOM,False,dropbox,,,,,,,,,,,,,,,,,,,,,,,,,,,,,,,,,,,,,,,,,,,,,,,,,,,,,,,,,
Dropbox:MultiModal/LungTumor/MRI/02-05-2024/10-week8.tif,File,Dropbox,MultiModal/LungTumor/MRI/02-05-2024/10-week8.tif,10-week8.tif,12092648.0,,derived,MRI,8.0,M10,exported image / overlay / ROI set,False,dropbox,,,,,,,,,,,,,,,,,,,,,,,,,,,,,,,,,,,,,,,,,,,,,,,,,,,,,,,,,
Dropbox:MultiModal/LungTumor/MRI/02-05-2024/69.dcm,File,Dropbox,MultiModal/LungTumor/MRI/02-05-2024/69.dcm,69.dcm,6041172.0,,raw,MRI,8.0,M69,original DICOM,False,dropbox,,,,,,,,,,,,,,,,,,,,,,,,,,,,,,,,,,,,,,,,,,,,,,,,,,,,,,,,,
Dropbox:MultiModal/LungTumor/MRI/02-05-2024/14-week8.tif,File,Dropbox,MultiModal/LungTumor/MRI/02-05-2024/14-week8.tif,14-week8.tif,12092643.0,,derived,MRI,8.0,M14,exported image / overlay / ROI set,False,dropbox,,,,,,,,,,,,,,,,,,,,,,,,,,,,,,,,,,,,,,,,,,,,,,,,,,,,,,,,,
Dropbox:MultiModal/LungTumor/MRI/02-05-2024/12.dcm,File,Dropbox,MultiModal/LungTumor/MRI/02-05-2024/12.dcm,12.dcm,6041172.0,,raw,MRI,8.0,M12,original DICOM,False,dropbox,,,,,,,,,,,,,,,,,,,,,,,,,,,,,,,,,,,,,,,,,,,,,,,,,,,,,,,,,
Dropbox:MultiModal/LungTumor/MRI/02-05-2024/10.dcm,File,Dropbox,MultiModal/LungTumor/MRI/02-05-2024/10.dcm,10.dcm,6041172.0,,raw,MRI,8.0,M10,original DICOM,False,dropbox,,,,,,,,,,,,,,,,,,,,,,,,,,,,,,,,,,,,,,,,,,,,,,,,,,,,,,,,,
Dropbox:MultiModal/LungTumor/MRI/02-05-2024/10.dcm_Tumor_Overlay.tif,File,Dropbox,MultiModal/LungTumor/MRI/02-05-2024/10.dcm_Tumor_Overlay.tif,10.dcm_Tumor_Overlay.tif,12093976.0,,derived,MRI,8.0,M10,exported image / overlay / ROI set,False,dropbox,,,,,,,,,,,,,,,,,,,,,,,,,,,,,,,,,,,,,,,,,,,,,,,,,,,,,,,,,
Dropbox:MultiModal/LungTumor/MRI/02-05-2024/1013.dcm,File,Dropbox,MultiModal/LungTumor/MRI/02-05-2024/1013.dcm,1013.dcm,6041174.0,,raw,MRI,8.0,M13,original DICOM,False,dropbox,,,,,,,,,,,,,,,,,,,,,,,,,,,,,,,,,,,,,,,,,,,,,,,,,,,,,,,,,
Dropbox:MultiModal/LungTumor/MRI/02-05-2024/17.dcm,File,Dropbox,MultiModal/LungTumor/MRI/02-05-2024/17.dcm,17.dcm,6041172.0,,raw,MRI,8.0,M17,original DICOM,False,dropbox,,,,,,,,,,,,,,,,,,,,,,,,,,,,,,,,,,,,,,,,,,,,,,,,,,,,,,,,,
Dropbox:MultiModal/LungTumor/MRI/02-26-2024/17-week11.tif,File,Dropbox,MultiModal/LungTumor/MRI/02-26-2024/17-week11.tif,17-week11.tif,12092648.0,,derived,MRI,11.0,M17,exported image / overlay / ROI set,False,dropbox,,,,,,,,,,,,,,,,,,,,,,,,,,,,,,,,,,,,,,,,,,,,,,,,,,,,,,,,,
Dropbox:MultiModal/LungTumor/MRI/02-26-2024/14coronal.dcm,File,Dropbox,MultiModal/LungTumor/MRI/02-26-2024/14coronal.dcm,14coronal.dcm,4728832.0,,raw,MRI,11.0,M14,original DICOM,False,dropbox,,,,,,,,,,,,,,,,,,,,,,,,,,,,,,,,,,,,,,,,,,,,,,,,,,,,,,,,,
Dropbox:MultiModal/LungTumor/MRI/02-26-2024/11.dcm,File,Dropbox,MultiModal/LungTumor/MRI/02-26-2024/11.dcm,11.dcm,6041172.0,,raw,MRI,11.0,M11,original DICOM,False,dropbox,,,,,,,,,,,,,,,,,,,,,,,,,,,,,,,,,,,,,,,,,,,,,,,,,,,,,,,,,
Dropbox:MultiModal/LungTumor/MRI/02-26-2024/14.dcm,File,Dropbox,MultiModal/LungTumor/MRI/02-26-2024/14.dcm,14.dcm,6041172.0,,raw,MRI,11.0,M14,original DICOM,False,dropbox,,,,,,,,,,,,,,,,,,,,,,,,,,,,,,,,,,,,,,,,,,,,,,,,,,,,,,,,,
Dropbox:MultiModal/LungTumor/MRI/02-26-2024/15.dcm,File,Dropbox,MultiModal/LungTumor/MRI/02-26-2024/15.dcm,15.dcm,6041172.0,,raw,MRI,11.0,M15,original DICOM,False,dropbox,,,,,,,,,,,,,,,,,,,,,,,,,,,,,,,,,,,,,,,,,,,,,,,,,,,,,,,,,
Dropbox:MultiModal/LungTumor/MRI/02-26-2024/14-week11.tif,File,Dropbox,MultiModal/LungTumor/MRI/02-26-2024/14-week11.tif,14-week11.tif,12092651.0,,derived,MRI,11.0,M14,exported image / overlay / ROI set,False,dropbox,,,,,,,,,,,,,,,,,,,,,,,,,,,,,,,,,,,,,,,,,,,,,,,,,,,,,,,,,
Dropbox:MultiModal/LungTumor/MRI/02-26-2024/18.dcm,File,Dropbox,MultiModal/LungTumor/MRI/02-26-2024/18.dcm,18.dcm,6041172.0,,raw,MRI,11.0,M18,original DICOM,False,dropbox,,,,,,,,,,,,,,,,,,,,,,,,,,,,,,,,,,,,,,,,,,,,,,,,,,,,,,,,,
Dropbox:MultiModal/LungTumor/MRI/02-26-2024/67.dcm,File,Dropbox,MultiModal/LungTumor/MRI/02-26-2024/67.dcm,67.dcm,6041172.0,,raw,MRI,11.0,M67,original DICOM,False,dropbox,,,,,,,,,,,,,,,,,,,,,,,,,,,,,,,,,,,,,,,,,,,,,,,,,,,,,,,,,
Dropbox:MultiModal/LungTumor/MRI/02-26-2024/19-week11.tif,File,Dropbox,MultiModal/LungTumor/MRI/02-26-2024/19-week11.tif,19-week11.tif,12092648.0,,derived,MRI,11.0,M19,exported image / overlay / ROI set,False,dropbox,,,,,,,,,,,,,,,,,,,,,,,,,,,,,,,,,,,,,,,,,,,,,,,,,,,,,,,,,
Dropbox:MultiModal/LungTumor/MRI/02-26-2024/15-week11.tif,File,Dropbox,MultiModal/LungTumor/MRI/02-26-2024/15-week11.tif,15-week11.tif,12092648.0,,derived,MRI,11.0,M15,exported image / overlay / ROI set,False,dropbox,,,,,,,,,,,,,,,,,,,,,,,,,,,,,,,,,,,,,,,,,,,,,,,,,,,,,,,,,
Dropbox:MultiModal/LungTumor/MRI/02-26-2024/68.dcm,File,Dropbox,MultiModal/LungTumor/MRI/02-26-2024/68.dcm,68.dcm,6041172.0,,raw,MRI,11.0,M68,original DICOM,False,dropbox,,,,,,,,,,,,,,,,,,,,,,,,,,,,,,,,,,,,,,,,,,,,,,,,,,,,,,,,,
Dropbox:MultiModal/LungTumor/MRI/02-26-2024/12-week11.tif,File,Dropbox,MultiModal/LungTumor/MRI/02-26-2024/12-week11.tif,12-week11.tif,12092646.0,,derived,MRI,11.0,M12,exported image / overlay / ROI set,False,dropbox,,,,,,,,,,,,,,,,,,,,,,,,,,,,,,,,,,,,,,,,,,,,,,,,,,,,,,,,,
Dropbox:MultiModal/LungTumor/MRI/02-26-2024/75.dcm,File,Dropbox,MultiModal/LungTumor/MRI/02-26-2024/75.dcm,75.dcm,6041172.0,,raw,MRI,11.0,M75,original DICOM,False,dropbox,,,,,,,,,,,,,,,,,,,,,,,,,,,,,,,,,,,,,,,,,,,,,,,,,,,,,,,,,
Dropbox:MultiModal/LungTumor/MRI/02-26-2024/18-week11.tif,File,Dropbox,MultiModal/LungTumor/MRI/02-26-2024/18-week11.tif,18-week11.tif,12092650.0,,derived,MRI,11.0,M18,exported image / overlay / ROI set,False,dropbox,,,,,,,,,,,,,,,,,,,,,,,,,,,,,,,,,,,,,,,,,,,,,,,,,,,,,,,,,
Dropbox:MultiModal/LungTumor/MRI/02-26-2024/19.dcm,File,Dropbox,MultiModal/LungTumor/MRI/02-26-2024/19.dcm,19.dcm,6041172.0,,raw,MRI,11.0,M19,original DICOM,False,dropbox,,,,,,,,,,,,,,,,,,,,,,,,,,,,,,,,,,,,,,,,,,,,,,,,,,,,,,,,,
Dropbox:MultiModal/LungTumor/MRI/02-26-2024/69.dcm,File,Dropbox,MultiModal/LungTumor/MRI/02-26-2024/69.dcm,69.dcm,6041170.0,,raw,MRI,11.0,M69,original DICOM,False,dropbox,,,,,,,,,,,,,,,,,,,,,,,,,,,,,,,,,,,,,,,,,,,,,,,,,,,,,,,,,
Dropbox:MultiModal/LungTumor/MRI/02-26-2024/12.dcm,File,Dropbox,MultiModal/LungTumor/MRI/02-26-2024/12.dcm,12.dcm,6041170.0,,raw,MRI,11.0,M12,original DICOM,False,dropbox,,,,,,,,,,,,,,,,,,,,,,,,,,,,,,,,,,,,,,,,,,,,,,,,,,,,,,,,,
Dropbox:MultiModal/LungTumor/MRI/02-26-2024/11-week11.tif,File,Dropbox,MultiModal/LungTumor/MRI/02-26-2024/11-week11.tif,11-week11.tif,12092648.0,,derived,MRI,11.0,M11,exported image / overlay / ROI set,False,dropbox,,,,,,,,,,,,,,,,,,,,,,,,,,,,,,,,,,,,,,,,,,,,,,,,,,,,,,,,,
Dropbox:MultiModal/LungTumor/MRI/02-26-2024/10.dcm,File,Dropbox,MultiModal/LungTumor/MRI/02-26-2024/10.dcm,10.dcm,6041170.0,,raw,MRI,11.0,M10,original DICOM,False,dropbox,,,,,,,,,,,,,,,,,,,,,,,,,,,,,,,,,,,,,,,,,,,,,,,,,,,,,,,,,
Dropbox:MultiModal/LungTumor/MRI/02-26-2024/1013.dcm,File,Dropbox,MultiModal/LungTumor/MRI/02-26-2024/1013.dcm,1013.dcm,6041174.0,,raw,MRI,11.0,M13,original DICOM,False,dropbox,,,,,,,,,,,,,,,,,,,,,,,,,,,,,,,,,,,,,,,,,,,,,,,,,,,,,,,,,
Dropbox:MultiModal/LungTumor/MRI/02-26-2024/13-week11.tif,File,Dropbox,MultiModal/LungTumor/MRI/02-26-2024/13-week11.tif,13-week11.tif,12092656.0,,derived,MRI,11.0,M13,exported image / overlay / ROI set,False,dropbox,,,,,,,,,,,,,,,,,,,,,,,,,,,,,,,,,,,,,,,,,,,,,,,,,,,,,,,,,
Dropbox:MultiModal/LungTumor/MRI/02-26-2024/10-week11.tif,File,Dropbox,MultiModal/LungTumor/MRI/02-26-2024/10-week11.tif,10-week11.tif,12092644.0,,derived,MRI,11.0,M10,exported image / overlay / ROI set,False,dropbox,,,,,,,,,,,,,,,,,,,,,,,,,,,,,,,,,,,,,,,,,,,,,,,,,,,,,,,,,
Dropbox:MultiModal/LungTumor/MRI/02-26-2024/17.dcm,File,Dropbox,MultiModal/LungTumor/MRI/02-26-2024/17.dcm,17.dcm,6041172.0,,raw,MRI,11.0,M17,original DICOM,False,dropbox,,,,,,,,,,,,,,,,,,,,,,,,,,,,,,,,,,,,,,,,,,,,,,,,,,,,,,,,,
Dropbox:MultiModal/LungTumor/MRI/03-11-2024/10-week13.tif,File,Dropbox,MultiModal/LungTumor/MRI/03-11-2024/10-week13.tif,10-week13.tif,12092645.0,,derived,MRI,13.0,M10,exported image / overlay / ROI set,False,dropbox,,,,,,,,,,,,,,,,,,,,,,,,,,,,,,,,,,,,,,,,,,,,,,,,,,,,,,,,,
Dropbox:MultiModal/LungTumor/MRI/03-11-2024/14-week13.tif,File,Dropbox,MultiModal/LungTumor/MRI/03-11-2024/14-week13.tif,14-week13.tif,12092651.0,,derived,MRI,13.0,M14,exported image / overlay / ROI set,False,dropbox,,,,,,,,,,,,,,,,,,,,,,,,,,,,,,,,,,,,,,,,,,,,,,,,,,,,,,,,,
Dropbox:MultiModal/LungTumor/MRI/03-11-2024/18-week13.tif,File,Dropbox,MultiModal/LungTumor/MRI/03-11-2024/18-week13.tif,18-week13.tif,12092652.0,,derived,MRI,13.0,M18,exported image / overlay / ROI set,False,dropbox,,,,,,,,,,,,,,,,,,,,,,,,,,,,,,,,,,,,,,,,,,,,,,,,,,,,,,,,,
Dropbox:MultiModal/LungTumor/MRI/03-11-2024/11.dcm,File,Dropbox,MultiModal/LungTumor/MRI/03-11-2024/11.dcm,11.dcm,6041174.0,,raw,MRI,13.0,M11,original DICOM,False,dropbox,,,,,,,,,,,,,,,,,,,,,,,,,,,,,,,,,,,,,,,,,,,,,,,,,,,,,,,,,
Dropbox:MultiModal/LungTumor/MRI/03-11-2024/14.dcm,File,Dropbox,MultiModal/LungTumor/MRI/03-11-2024/14.dcm,14.dcm,6041172.0,,raw,MRI,13.0,M14,original DICOM,False,dropbox,,,,,,,,,,,,,,,,,,,,,,,,,,,,,,,,,,,,,,,,,,,,,,,,,,,,,,,,,
Dropbox:MultiModal/LungTumor/MRI/03-11-2024/15.dcm,File,Dropbox,MultiModal/LungTumor/MRI/03-11-2024/15.dcm,15.dcm,6041174.0,,raw,MRI,13.0,M15,original DICOM,False,dropbox,,,,,,,,,,,,,,,,,,,,,,,,,,,,,,,,,,,,,,,,,,,,,,,,,,,,,,,,,
Dropbox:MultiModal/LungTumor/MRI/03-11-2024/19-week13.tif,File,Dropbox,MultiModal/LungTumor/MRI/03-11-2024/19-week13.tif,19-week13.tif,12092650.0,,derived,MRI,13.0,M19,exported image / overlay / ROI set,False,dropbox,,,,,,,,,,,,,,,,,,,,,,,,,,,,,,,,,,,,,,,,,,,,,,,,,,,,,,,,,
Dropbox:MultiModal/LungTumor/MRI/03-11-2024/13-week13.tif,File,Dropbox,MultiModal/LungTumor/MRI/03-11-2024/13-week13.tif,13-week13.tif,12092652.0,,derived,MRI,13.0,M13,exported image / overlay / ROI set,False,dropbox,,,,,,,,,,,,,,,,,,,,,,,,,,,,,,,,,,,,,,,,,,,,,,,,,,,,,,,,,
Dropbox:MultiModal/LungTumor/MRI/03-11-2024/15-week13.tif,File,Dropbox,MultiModal/LungTumor/MRI/03-11-2024/15-week13.tif,15-week13.tif,12092653.0,,derived,MRI,13.0,M15,exported image / overlay / ROI set,False,dropbox,,,,,,,,,,,,,,,,,,,,,,,,,,,,,,,,,,,,,,,,,,,,,,,,,,,,,,,,,
Dropbox:MultiModal/LungTumor/MRI/03-11-2024/11-week13.tif,File,Dropbox,MultiModal/LungTumor/MRI/03-11-2024/11-week13.tif,11-week13.tif,12092647.0,,derived,MRI,13.0,M11,exported image / overlay / ROI set,False,dropbox,,,,,,,,,,,,,,,,,,,,,,,,,,,,,,,,,,,,,,,,,,,,,,,,,,,,,,,,,
Dropbox:MultiModal/LungTumor/MRI/03-11-2024/12-week13.tif,File,Dropbox,MultiModal/LungTumor/MRI/03-11-2024/12-week13.tif,12-week13.tif,12092652.0,,derived,MRI,13.0,M12,exported image / overlay / ROI set,False,dropbox,,,,,,,,,,,,,,,,,,,,,,,,,,,,,,,,,,,,,,,,,,,,,,,,,,,,,,,,,
Dropbox:MultiModal/LungTumor/MRI/03-11-2024/18.dcm,File,Dropbox,MultiModal/LungTumor/MRI/03-11-2024/18.dcm,18.dcm,6041174.0,,raw,MRI,13.0,M18,original DICOM,False,dropbox,,,,,,,,,,,,,,,,,,,,,,,,,,,,,,,,,,,,,,,,,,,,,,,,,,,,,,,,,
Dropbox:MultiModal/LungTumor/MRI/03-11-2024/67.dcm,File,Dropbox,MultiModal/LungTumor/MRI/03-11-2024/67.dcm,67.dcm,6041174.0,,raw,MRI,13.0,M67,original DICOM,False,dropbox,,,,,,,,,,,,,,,,,,,,,,,,,,,,,,,,,,,,,,,,,,,,,,,,,,,,,,,,,
Dropbox:MultiModal/LungTumor/MRI/03-11-2024/68.dcm,File,Dropbox,MultiModal/LungTumor/MRI/03-11-2024/68.dcm,68.dcm,6041174.0,,raw,MRI,13.0,M68,original DICOM,False,dropbox,,,,,,,,,,,,,,,,,,,,,,,,,,,,,,,,,,,,,,,,,,,,,,,,,,,,,,,,,
Dropbox:MultiModal/LungTumor/MRI/03-11-2024/19.dcm,File,Dropbox,MultiModal/LungTumor/MRI/03-11-2024/19.dcm,19.dcm,6041172.0,,raw,MRI,13.0,M19,original DICOM,False,dropbox,,,,,,,,,,,,,,,,,,,,,,,,,,,,,,,,,,,,,,,,,,,,,,,,,,,,,,,,,
Dropbox:MultiModal/LungTumor/MRI/03-11-2024/69.dcm,File,Dropbox,MultiModal/LungTumor/MRI/03-11-2024/69.dcm,69.dcm,6041174.0,,raw,MRI,13.0,M69,original DICOM,False,dropbox,,,,,,,,,,,,,,,,,,,,,,,,,,,,,,,,,,,,,,,,,,,,,,,,,,,,,,,,,
Dropbox:MultiModal/LungTumor/MRI/03-11-2024/17-week13.tif,File,Dropbox,MultiModal/LungTumor/MRI/03-11-2024/17-week13.tif,17-week13.tif,12092654.0,,derived,MRI,13.0,M17,exported image / overlay / ROI set,False,dropbox,,,,,,,,,,,,,,,,,,,,,,,,,,,,,,,,,,,,,,,,,,,,,,,,,,,,,,,,,
Dropbox:MultiModal/LungTumor/MRI/03-11-2024/12.dcm,File,Dropbox,MultiModal/LungTumor/MRI/03-11-2024/12.dcm,12.dcm,6041174.0,,raw,MRI,13.0,M12,original DICOM,False,dropbox,,,,,,,,,,,,,,,,,,,,,,,,,,,,,,,,,,,,,,,,,,,,,,,,,,,,,,,,,
Dropbox:MultiModal/LungTumor/MRI/03-11-2024/10.dcm,File,Dropbox,MultiModal/LungTumor/MRI/03-11-2024/10.dcm,10.dcm,6041172.0,,raw,MRI,13.0,M10,original DICOM,False,dropbox,,,,,,,,,,,,,,,,,,,,,,,,,,,,,,,,,,,,,,,,,,,,,,,,,,,,,,,,,
Dropbox:MultiModal/LungTumor/MRI/03-11-2024/1013.dcm,File,Dropbox,MultiModal/LungTumor/MRI/03-11-2024/1013.dcm,1013.dcm,6041174.0,,raw,MRI,13.0,M13,original DICOM,False,dropbox,,,,,,,,,,,,,,,,,,,,,,,,,,,,,,,,,,,,,,,,,,,,,,,,,,,,,,,,,
Dropbox:MultiModal/LungTumor/MRI/03-11-2024/17.dcm,File,Dropbox,MultiModal/LungTumor/MRI/03-11-2024/17.dcm,17.dcm,6041174.0,,raw,MRI,13.0,M17,original DICOM,False,dropbox,,,,,,,,,,,,,,,,,,,,,,,,,,,,,,,,,,,,,,,,,,,,,,,,,,,,,,,,,
Dropbox:MultiModal/LungTumor/MRI/01-22-2024/11-week6.tif,File,Dropbox,MultiModal/LungTumor/MRI/01-22-2024/11-week6.tif,11-week6.tif,12092638.0,,derived,MRI,6.0,M11,exported image / overlay / ROI set,False,dropbox,,,,,,,,,,,,,,,,,,,,,,,,,,,,,,,,,,,,,,,,,,,,,,,,,,,,,,,,,
Dropbox:MultiModal/LungTumor/MRI/01-22-2024/17-week6.tif,File,Dropbox,MultiModal/LungTumor/MRI/01-22-2024/17-week6.tif,17-week6.tif,12092636.0,,derived,MRI,6.0,M17,exported image / overlay / ROI set,False,dropbox,,,,,,,,,,,,,,,,,,,,,,,,,,,,,,,,,,,,,,,,,,,,,,,,,,,,,,,,,
Dropbox:MultiModal/LungTumor/MRI/01-22-2024/11.dcm,File,Dropbox,MultiModal/LungTumor/MRI/01-22-2024/11.dcm,11.dcm,6041176.0,,raw,MRI,6.0,M11,original DICOM,False,dropbox,,,,,,,,,,,,,,,,,,,,,,,,,,,,,,,,,,,,,,,,,,,,,,,,,,,,,,,,,
Dropbox:MultiModal/LungTumor/MRI/01-22-2024/14.dcm,File,Dropbox,MultiModal/LungTumor/MRI/01-22-2024/14.dcm,14.dcm,6041174.0,,raw,MRI,6.0,M14,original DICOM,False,dropbox,,,,,,,,,,,,,,,,,,,,,,,,,,,,,,,,,,,,,,,,,,,,,,,,,,,,,,,,,
Dropbox:MultiModal/LungTumor/MRI/01-22-2024/15.dcm,File,Dropbox,MultiModal/LungTumor/MRI/01-22-2024/15.dcm,15.dcm,6041174.0,,raw,MRI,6.0,M15,original DICOM,False,dropbox,,,,,,,,,,,,,,,,,,,,,,,,,,,,,,,,,,,,,,,,,,,,,,,,,,,,,,,,,
Dropbox:MultiModal/LungTumor/MRI/01-22-2024/18.dcm,File,Dropbox,MultiModal/LungTumor/MRI/01-22-2024/18.dcm,18.dcm,6041174.0,,raw,MRI,6.0,M18,original DICOM,False,dropbox,,,,,,,,,,,,,,,,,,,,,,,,,,,,,,,,,,,,,,,,,,,,,,,,,,,,,,,,,
Dropbox:MultiModal/LungTumor/MRI/01-22-2024/67.dcm,File,Dropbox,MultiModal/LungTumor/MRI/01-22-2024/67.dcm,67.dcm,6041176.0,,raw,MRI,6.0,M67,original DICOM,False,dropbox,,,,,,,,,,,,,,,,,,,,,,,,,,,,,,,,,,,,,,,,,,,,,,,,,,,,,,,,,
Dropbox:MultiModal/LungTumor/MRI/01-22-2024/14-week6.tif,File,Dropbox,MultiModal/LungTumor/MRI/01-22-2024/14-week6.tif,14-week6.tif,12092630.0,,derived,MRI,6.0,M14,exported image / overlay / ROI set,False,dropbox,,,,,,,,,,,,,,,,,,,,,,,,,,,,,,,,,,,,,,,,,,,,,,,,,,,,,,,,,
Dropbox:MultiModal/LungTumor/MRI/01-22-2024/10-week6.tif,File,Dropbox,MultiModal/LungTumor/MRI/01-22-2024/10-week6.tif,10-week6.tif,12092635.0,,derived,MRI,6.0,M10,exported image / overlay / ROI set,False,dropbox,,,,,,,,,,,,,,,,,,,,,,,,,,,,,,,,,,,,,,,,,,,,,,,,,,,,,,,,,
Dropbox:MultiModal/LungTumor/MRI/01-22-2024/68.dcm,File,Dropbox,MultiModal/LungTumor/MRI/01-22-2024/68.dcm,68.dcm,6041174.0,,raw,MRI,6.0,M68,original DICOM,False,dropbox,,,,,,,,,,,,,,,,,,,,,,,,,,,,,,,,,,,,,,,,,,,,,,,,,,,,,,,,,
Dropbox:MultiModal/LungTumor/MRI/01-22-2024/19-week6.tif,File,Dropbox,MultiModal/LungTumor/MRI/01-22-2024/19-week6.tif,19-week6.tif,12092632.0,,derived,MRI,6.0,M19,exported image / overlay / ROI set,False,dropbox,,,,,,,,,,,,,,,,,,,,,,,,,,,,,,,,,,,,,,,,,,,,,,,,,,,,,,,,,
Dropbox:MultiModal/LungTumor/MRI/01-22-2024/75.dcm,File,Dropbox,MultiModal/LungTumor/MRI/01-22-2024/75.dcm,75.dcm,6040900.0,,raw,MRI,6.0,M75,original DICOM,False,dropbox,,,,,,,,,,,,,,,,,,,,,,,,,,,,,,,,,,,,,,,,,,,,,,,,,,,,,,,,,
Dropbox:MultiModal/LungTumor/MRI/01-22-2024/18-week6.tif,File,Dropbox,MultiModal/LungTumor/MRI/01-22-2024/18-week6.tif,18-week6.tif,12092634.0,,derived,MRI,6.0,M18,exported image / overlay / ROI set,False,dropbox,,,,,,,,,,,,,,,,,,,,,,,,,,,,,,,,,,,,,,,,,,,,,,,,,,,,,,,,,
Dropbox:MultiModal/LungTumor/MRI/01-22-2024/15-week6.tif,File,Dropbox,MultiModal/LungTumor/MRI/01-22-2024/15-week6.tif,15-week6.tif,12092634.0,,derived,MRI,6.0,M15,exported image / overlay / ROI set,False,dropbox,,,,,,,,,,,,,,,,,,,,,,,,,,,,,,,,,,,,,,,,,,,,,,,,,,,,,,,,,
Dropbox:MultiModal/LungTumor/MRI/01-22-2024/19.dcm,File,Dropbox,MultiModal/LungTumor/MRI/01-22-2024/19.dcm,19.dcm,6041174.0,,raw,MRI,6.0,M19,original DICOM,False,dropbox,,,,,,,,,,,,,,,,,,,,,,,,,,,,,,,,,,,,,,,,,,,,,,,,,,,,,,,,,
Dropbox:MultiModal/LungTumor/MRI/01-22-2024/69.dcm,File,Dropbox,MultiModal/LungTumor/MRI/01-22-2024/69.dcm,69.dcm,6041174.0,,raw,MRI,6.0,M69,original DICOM,False,dropbox,,,,,,,,,,,,,,,,,,,,,,,,,,,,,,,,,,,,,,,,,,,,,,,,,,,,,,,,,
Dropbox:MultiModal/LungTumor/MRI/01-22-2024/13-week6.tif,File,Dropbox,MultiModal/LungTumor/MRI/01-22-2024/13-week6.tif,13-week6.tif,12092094.0,,derived,MRI,6.0,M13,exported image / overlay / ROI set,False,dropbox,,,,,,,,,,,,,,,,,,,,,,,,,,,,,,,,,,,,,,,,,,,,,,,,,,,,,,,,,
Dropbox:MultiModal/LungTumor/MRI/01-22-2024/12-week6.tif,File,Dropbox,MultiModal/LungTumor/MRI/01-22-2024/12-week6.tif,12-week6.tif,12092634.0,,derived,MRI,6.0,M12,exported image / overlay / ROI set,False,dropbox,,,,,,,,,,,,,,,,,,,,,,,,,,,,,,,,,,,,,,,,,,,,,,,,,,,,,,,,,
Dropbox:MultiModal/LungTumor/MRI/01-22-2024/12.dcm,File,Dropbox,MultiModal/LungTumor/MRI/01-22-2024/12.dcm,12.dcm,6041174.0,,raw,MRI,6.0,M12,original DICOM,False,dropbox,,,,,,,,,,,,,,,,,,,,,,,,,,,,,,,,,,,,,,,,,,,,,,,,,,,,,,,,,
Dropbox:MultiModal/LungTumor/MRI/01-22-2024/10.dcm,File,Dropbox,MultiModal/LungTumor/MRI/01-22-2024/10.dcm,10.dcm,6041174.0,,raw,MRI,6.0,M10,original DICOM,False,dropbox,,,,,,,,,,,,,,,,,,,,,,,,,,,,,,,,,,,,,,,,,,,,,,,,,,,,,,,,,
Dropbox:MultiModal/LungTumor/MRI/01-22-2024/1013.dcm,File,Dropbox,MultiModal/LungTumor/MRI/01-22-2024/1013.dcm,1013.dcm,6040904.0,,raw,MRI,6.0,M13,original DICOM,False,dropbox,,,,,,,,,,,,,,,,,,,,,,,,,,,,,,,,,,,,,,,,,,,,,,,,,,,,,,,,,
Dropbox:MultiModal/LungTumor/MRI/01-22-2024/17.dcm,File,Dropbox,MultiModal/LungTumor/MRI/01-22-2024/17.dcm,17.dcm,6041176.0,,raw,MRI,6.0,M17,original DICOM,False,dropbox,,,,,,,,,,,,,,,,,,,,,,,,,,,,,,,,,,,,,,,,,,,,,,,,,,,,,,,,,
Dropbox:MultiModal/LungTumor/MRI/02-16-2024/1013_T1_axial.dcm,File,Dropbox,MultiModal/LungTumor/MRI/02-16-2024/1013_T1_axial.dcm,1013_T1_axial.dcm,6041324.0,,raw,MRI,10.0,M13,original DICOM,False,dropbox,,,,,,,,,,,,,,,,,,,,,,,,,,,,,,,,,,,,,,,,,,,,,,,,,,,,,,,,,
Dropbox:MultiModal/LungTumor/MRI/02-16-2024/1013_T2_axial.dcm,File,Dropbox,MultiModal/LungTumor/MRI/02-16-2024/1013_T2_axial.dcm,1013_T2_axial.dcm,6041306.0,,raw,MRI,10.0,M13,original DICOM,False,dropbox,,,,,,,,,,,,,,,,,,,,,,,,,,,,,,,,,,,,,,,,,,,,,,,,,,,,,,,,,
Dropbox:MultiModal/LungTumor/MRI/02-16-2024/1013.tif,File,Dropbox,MultiModal/LungTumor/MRI/02-16-2024/1013.tif,1013.tif,9216182.0,,derived,MRI,10.0,M13,exported image / overlay / ROI set,False,dropbox,,,,,,,,,,,,,,,,,,,,,,,,,,,,,,,,,,,,,,,,,,,,,,,,,,,,,,,,,
Dropbox:MultiModal/LungTumor/MRI/02-16-2024/13_T2_week10.tif,File,Dropbox,MultiModal/LungTumor/MRI/02-16-2024/13_T2_week10.tif,13_T2_week10.tif,12092919.0,,derived,MRI,10.0,M13,exported image / overlay / ROI set,False,dropbox,,,,,,,,,,,,,,,,,,,,,,,,,,,,,,,,,,,,,,,,,,,,,,,,,,,,,,,,,
Dropbox:MultiModal/LungTumor/MRI/02-16-2024/13_T1_week10.tif,File,Dropbox,MultiModal/LungTumor/MRI/02-16-2024/13_T1_week10.tif,13_T1_week10.tif,12092982.0,,derived,MRI,10.0,M13,exported image / overlay / ROI set,False,dropbox,,,,,,,,,,,,,,,,,,,,,,,,,,,,,,,,,,,,,,,,,,,,,,,,,,,,,,,,,
Dropbox:MultiModal/LungTumor/MRI/02-16-2024/1013_T1_conoral.dcm,File,Dropbox,MultiModal/LungTumor/MRI/02-16-2024/1013_T1_conoral.dcm,1013_T1_conoral.dcm,4728604.0,,raw,MRI,10.0,M13,original DICOM,False,dropbox,,,,,,,,,,,,,,,,,,,,,,,,,,,,,,,,,,,,,,,,,,,,,,,,,,,,,,,,,
Dropbox:MultiModal/LungTumor/MRI/02-16-2024/1013_T2_coronal.dcm,File,Dropbox,MultiModal/LungTumor/MRI/02-16-2024/1013_T2_coronal.dcm,1013_T2_coronal.dcm,4728580.0,,raw,MRI,10.0,M13,original DICOM,False,dropbox,,,,,,,,,,,,,,,,,,,,,,,,,,,,,,,,,,,,,,,,,,,,,,,,,,,,,,,,,
Dropbox:MultiModal/LungTumor/MRI/02-12-2024/10-week9.tif,File,Dropbox,MultiModal/LungTumor/MRI/02-12-2024/10-week9.tif,10-week9.tif,12092652.0,,derived,MRI,9.0,M10,exported image / overlay / ROI set,False,dropbox,,,,,,,,,,,,,,,,,,,,,,,,,,,,,,,,,,,,,,,,,,,,,,,,,,,,,,,,,
Dropbox:MultiModal/LungTumor/MRI/02-12-2024/12-week9.tif,File,Dropbox,MultiModal/LungTumor/MRI/02-12-2024/12-week9.tif,12-week9.tif,12092650.0,,derived,MRI,9.0,M12,exported image / overlay / ROI set,False,dropbox,,,,,,,,,,,,,,,,,,,,,,,,,,,,,,,,,,,,,,,,,,,,,,,,,,,,,,,,,
Dropbox:MultiModal/LungTumor/MRI/02-12-2024/11-week9.tif,File,Dropbox,MultiModal/LungTumor/MRI/02-12-2024/11-week9.tif,11-week9.tif,12092652.0,,derived,MRI,9.0,M11,exported image / overlay / ROI set,False,dropbox,,,,,,,,,,,,,,,,,,,,,,,,,,,,,,,,,,,,,,,,,,,,,,,,,,,,,,,,,
Dropbox:MultiModal/LungTumor/MRI/02-12-2024/11.dcm,File,Dropbox,MultiModal/LungTumor/MRI/02-12-2024/11.dcm,11.dcm,6041174.0,,raw,MRI,9.0,M11,original DICOM,False,dropbox,,,,,,,,,,,,,,,,,,,,,,,,,,,,,,,,,,,,,,,,,,,,,,,,,,,,,,,,,
Dropbox:MultiModal/LungTumor/MRI/02-12-2024/14.dcm,File,Dropbox,MultiModal/LungTumor/MRI/02-12-2024/14.dcm,14.dcm,6041174.0,,raw,MRI,9.0,M14,original DICOM,False,dropbox,,,,,,,,,,,,,,,,,,,,,,,,,,,,,,,,,,,,,,,,,,,,,,,,,,,,,,,,,
Dropbox:MultiModal/LungTumor/MRI/02-12-2024/15.dcm,File,Dropbox,MultiModal/LungTumor/MRI/02-12-2024/15.dcm,15.dcm,6041172.0,,raw,MRI,9.0,M15,original DICOM,False,dropbox,,,,,,,,,,,,,,,,,,,,,,,,,,,,,,,,,,,,,,,,,,,,,,,,,,,,,,,,,
Dropbox:MultiModal/LungTumor/MRI/02-12-2024/17-week9.tif,File,Dropbox,MultiModal/LungTumor/MRI/02-12-2024/17-week9.tif,17-week9.tif,12092657.0,,derived,MRI,9.0,M17,exported image / overlay / ROI set,False,dropbox,,,,,,,,,,,,,,,,,,,,,,,,,,,,,,,,,,,,,,,,,,,,,,,,,,,,,,,,,
Dropbox:MultiModal/LungTumor/MRI/02-12-2024/15-week9.tif,File,Dropbox,MultiModal/LungTumor/MRI/02-12-2024/15-week9.tif,15-week9.tif,12092647.0,,derived,MRI,9.0,M15,exported image / overlay / ROI set,False,dropbox,,,,,,,,,,,,,,,,,,,,,,,,,,,,,,,,,,,,,,,,,,,,,,,,,,,,,,,,,
Dropbox:MultiModal/LungTumor/MRI/02-12-2024/14-week9.tif,File,Dropbox,MultiModal/LungTumor/MRI/02-12-2024/14-week9.tif,14-week9.tif,12092650.0,,derived,MRI,9.0,M14,exported image / overlay / ROI set,False,dropbox,,,,,,,,,,,,,,,,,,,,,,,,,,,,,,,,,,,,,,,,,,,,,,,,,,,,,,,,,
Dropbox:MultiModal/LungTumor/MRI/02-12-2024/18.dcm,File,Dropbox,MultiModal/LungTumor/MRI/02-12-2024/18.dcm,18.dcm,6041174.0,,raw,MRI,9.0,M18,original DICOM,False,dropbox,,,,,,,,,,,,,,,,,,,,,,,,,,,,,,,,,,,,,,,,,,,,,,,,,,,,,,,,,
Dropbox:MultiModal/LungTumor/MRI/02-12-2024/67.dcm,File,Dropbox,MultiModal/LungTumor/MRI/02-12-2024/67.dcm,67.dcm,6041172.0,,raw,MRI,9.0,M67,original DICOM,False,dropbox,,,,,,,,,,,,,,,,,,,,,,,,,,,,,,,,,,,,,,,,,,,,,,,,,,,,,,,,,
Dropbox:MultiModal/LungTumor/MRI/02-12-2024/13-week9.tif,File,Dropbox,MultiModal/LungTumor/MRI/02-12-2024/13-week9.tif,13-week9.tif,12092653.0,,derived,MRI,9.0,M13,exported image / overlay / ROI set,False,dropbox,,,,,,,,,,,,,,,,,,,,,,,,,,,,,,,,,,,,,,,,,,,,,,,,,,,,,,,,,
Dropbox:MultiModal/LungTumor/MRI/02-12-2024/19-week9.tif,File,Dropbox,MultiModal/LungTumor/MRI/02-12-2024/19-week9.tif,19-week9.tif,12092652.0,,derived,MRI,9.0,M19,exported image / overlay / ROI set,False,dropbox,,,,,,,,,,,,,,,,,,,,,,,,,,,,,,,,,,,,,,,,,,,,,,,,,,,,,,,,,
Dropbox:MultiModal/LungTumor/MRI/02-12-2024/68.dcm,File,Dropbox,MultiModal/LungTumor/MRI/02-12-2024/68.dcm,68.dcm,6041174.0,,raw,MRI,9.0,M68,original DICOM,False,dropbox,,,,,,,,,,,,,,,,,,,,,,,,,,,,,,,,,,,,,,,,,,,,,,,,,,,,,,,,,
Dropbox:MultiModal/LungTumor/MRI/02-12-2024/75.dcm,File,Dropbox,MultiModal/LungTumor/MRI/02-12-2024/75.dcm,75.dcm,6041172.0,,raw,MRI,9.0,M75,original DICOM,False,dropbox,,,,,,,,,,,,,,,,,,,,,,,,,,,,,,,,,,,,,,,,,,,,,,,,,,,,,,,,,
Dropbox:MultiModal/LungTumor/MRI/02-12-2024/1013_coronal.dcm,File,Dropbox,MultiModal/LungTumor/MRI/02-12-2024/1013_coronal.dcm,1013_coronal.dcm,4728550.0,,raw,MRI,9.0,M13,original DICOM,False,dropbox,,,,,,,,,,,,,,,,,,,,,,,,,,,,,,,,,,,,,,,,,,,,,,,,,,,,,,,,,
Dropbox:MultiModal/LungTumor/MRI/02-12-2024/19.dcm,File,Dropbox,MultiModal/LungTumor/MRI/02-12-2024/19.dcm,19.dcm,6041174.0,,raw,MRI,9.0,M19,original DICOM,False,dropbox,,,,,,,,,,,,,,,,,,,,,,,,,,,,,,,,,,,,,,,,,,,,,,,,,,,,,,,,,
Dropbox:MultiModal/LungTumor/MRI/02-12-2024/69.dcm,File,Dropbox,MultiModal/LungTumor/MRI/02-12-2024/69.dcm,69.dcm,6041176.0,,raw,MRI,9.0,M69,original DICOM,False,dropbox,,,,,,,,,,,,,,,,,,,,,,,,,,,,,,,,,,,,,,,,,,,,,,,,,,,,,,,,,
Dropbox:MultiModal/LungTumor/MRI/02-12-2024/18-week9.tif,File,Dropbox,MultiModal/LungTumor/MRI/02-12-2024/18-week9.tif,18-week9.tif,12092652.0,,derived,MRI,9.0,M18,exported image / overlay / ROI set,False,dropbox,,,,,,,,,,,,,,,,,,,,,,,,,,,,,,,,,,,,,,,,,,,,,,,,,,,,,,,,,
Dropbox:MultiModal/LungTumor/MRI/02-12-2024/12.dcm,File,Dropbox,MultiModal/LungTumor/MRI/02-12-2024/12.dcm,12.dcm,6041172.0,,raw,MRI,9.0,M12,original DICOM,False,dropbox,,,,,,,,,,,,,,,,,,,,,,,,,,,,,,,,,,,,,,,,,,,,,,,,,,,,,,,,,
Dropbox:MultiModal/LungTumor/MRI/02-12-2024/10.dcm,File,Dropbox,MultiModal/LungTumor/MRI/02-12-2024/10.dcm,10.dcm,6041174.0,,raw,MRI,9.0,M10,original DICOM,False,dropbox,,,,,,,,,,,,,,,,,,,,,,,,,,,,,,,,,,,,,,,,,,,,,,,,,,,,,,,,,
Dropbox:MultiModal/LungTumor/MRI/02-12-2024/1013.dcm,File,Dropbox,MultiModal/LungTumor/MRI/02-12-2024/1013.dcm,1013.dcm,6041174.0,,raw,MRI,9.0,M13,original DICOM,False,dropbox,,,,,,,,,,,,,,,,,,,,,,,,,,,,,,,,,,,,,,,,,,,,,,,,,,,,,,,,,
Dropbox:MultiModal/LungTumor/MRI/02-12-2024/17.dcm,File,Dropbox,MultiModal/LungTumor/MRI/02-12-2024/17.dcm,17.dcm,6041176.0,,raw,MRI,9.0,M17,original DICOM,False,dropbox,,,,,,,,,,,,,,,,,,,,,,,,,,,,,,,,,,,,,,,,,,,,,,,,,,,,,,,,,
Dropbox:MultiModal/LungTumor/MRI/03-18-2024/67.tif,File,Dropbox,MultiModal/LungTumor/MRI/03-18-2024/67.tif,67.tif,12092654.0,,derived,MRI,14.0,M67,exported image / overlay / ROI set,False,dropbox,,,,,,,,,,,,,,,,,,,,,,,,,,,,,,,,,,,,,,,,,,,,,,,,,,,,,,,,,
Dropbox:MultiModal/LungTumor/MRI/03-18-2024/17-T2W.dcm,File,Dropbox,MultiModal/LungTumor/MRI/03-18-2024/17-T2W.dcm,17-T2W.dcm,6041174.0,,raw,MRI,14.0,M17,original DICOM,False,dropbox,,,,,,,,,,,,,,,,,,,,,,,,,,,,,,,,,,,,,,,,,,,,,,,,,,,,,,,,,
Dropbox:MultiModal/LungTumor/MRI/03-18-2024/13-week14.tif,File,Dropbox,MultiModal/LungTumor/MRI/03-18-2024/13-week14.tif,13-week14.tif,12092665.0,,derived,MRI,14.0,M13,exported image / overlay / ROI set,False,dropbox,,,,,,,,,,,,,,,,,,,,,,,,,,,,,,,,,,,,,,,,,,,,,,,,,,,,,,,,,
Dropbox:MultiModal/LungTumor/MRI/03-18-2024/10-week14.tif,File,Dropbox,MultiModal/LungTumor/MRI/03-18-2024/10-week14.tif,10-week14.tif,12092651.0,,derived,MRI,14.0,M10,exported image / overlay / ROI set,False,dropbox,,,,,,,,,,,,,,,,,,,,,,,,,,,,,,,,,,,,,,,,,,,,,,,,,,,,,,,,,
Dropbox:MultiModal/LungTumor/MRI/03-18-2024/68.tif,File,Dropbox,MultiModal/LungTumor/MRI/03-18-2024/68.tif,68.tif,12092653.0,,derived,MRI,14.0,M68,exported image / overlay / ROI set,False,dropbox,,,,,,,,,,,,,,,,,,,,,,,,,,,,,,,,,,,,,,,,,,,,,,,,,,,,,,,,,
Dropbox:MultiModal/LungTumor/MRI/03-18-2024/11.dcm,File,Dropbox,MultiModal/LungTumor/MRI/03-18-2024/11.dcm,11.dcm,6041172.0,,raw,MRI,14.0,M11,original DICOM,False,dropbox,,,,,,,,,,,,,,,,,,,,,,,,,,,,,,,,,,,,,,,,,,,,,,,,,,,,,,,,,
Dropbox:MultiModal/LungTumor/MRI/03-18-2024/14.dcm,File,Dropbox,MultiModal/LungTumor/MRI/03-18-2024/14.dcm,14.dcm,6041176.0,,raw,MRI,14.0,M14,original DICOM,False,dropbox,,,,,,,,,,,,,,,,,,,,,,,,,,,,,,,,,,,,,,,,,,,,,,,,,,,,,,,,,
Dropbox:MultiModal/LungTumor/MRI/03-18-2024/15.dcm,File,Dropbox,MultiModal/LungTumor/MRI/03-18-2024/15.dcm,15.dcm,6041174.0,,raw,MRI,14.0,M15,original DICOM,False,dropbox,,,,,,,,,,,,,,,,,,,,,,,,,,,,,,,,,,,,,,,,,,,,,,,,,,,,,,,,,
Dropbox:MultiModal/LungTumor/MRI/03-18-2024/12T2axial-week12.ORSObject,File,Dropbox,MultiModal/LungTumor/MRI/03-18-2024/12T2axial-week12.ORSObject,12T2axial-week12.ORSObject,8718908.0,,derived,MRI,14.0,M12,exported image / overlay / ROI set,False,dropbox,,,,,,,,,,,,,,,,,,,,,,,,,,,,,,,,,,,,,,,,,,,,,,,,,,,,,,,,,
Dropbox:MultiModal/LungTumor/MRI/03-18-2024/18.dcm,File,Dropbox,MultiModal/LungTumor/MRI/03-18-2024/18.dcm,18.dcm,6041174.0,,raw,MRI,14.0,M18,original DICOM,False,dropbox,,,,,,,,,,,,,,,,,,,,,,,,,,,,,,,,,,,,,,,,,,,,,,,,,,,,,,,,,
Dropbox:MultiModal/LungTumor/MRI/03-18-2024/18-week14.tif,File,Dropbox,MultiModal/LungTumor/MRI/03-18-2024/18-week14.tif,18-week14.tif,12092653.0,,derived,MRI,14.0,M18,exported image / overlay / ROI set,False,dropbox,,,,,,,,,,,,,,,,,,,,,,,,,,,,,,,,,,,,,,,,,,,,,,,,,,,,,,,,,
Dropbox:MultiModal/LungTumor/MRI/03-18-2024/67.dcm,File,Dropbox,MultiModal/LungTumor/MRI/03-18-2024/67.dcm,67.dcm,6041176.0,,raw,MRI,14.0,M67,original DICOM,False,dropbox,,,,,,,,,,,,,,,,,,,,,,,,,,,,,,,,,,,,,,,,,,,,,,,,,,,,,,,,,
Dropbox:MultiModal/LungTumor/MRI/03-18-2024/15-week14.tif,File,Dropbox,MultiModal/LungTumor/MRI/03-18-2024/15-week14.tif,15-week14.tif,12092654.0,,derived,MRI,14.0,M15,exported image / overlay / ROI set,False,dropbox,,,,,,,,,,,,,,,,,,,,,,,,,,,,,,,,,,,,,,,,,,,,,,,,,,,,,,,,,
Dropbox:MultiModal/LungTumor/MRI/03-18-2024/11-week14.tif,File,Dropbox,MultiModal/LungTumor/MRI/03-18-2024/11-week14.tif,11-week14.tif,12092647.0,,derived,MRI,14.0,M11,exported image / overlay / ROI set,False,dropbox,,,,,,,,,,,,,,,,,,,,,,,,,,,,,,,,,,,,,,,,,,,,,,,,,,,,,,,,,
Dropbox:MultiModal/LungTumor/MRI/03-18-2024/68.dcm,File,Dropbox,MultiModal/LungTumor/MRI/03-18-2024/68.dcm,68.dcm,6041174.0,,raw,MRI,14.0,M68,original DICOM,False,dropbox,,,,,,,,,,,,,,,,,,,,,,,,,,,,,,,,,,,,,,,,,,,,,,,,,,,,,,,,,
Dropbox:MultiModal/LungTumor/MRI/03-18-2024/1013_RoiSet1.zip,File,Dropbox,MultiModal/LungTumor/MRI/03-18-2024/1013_RoiSet1.zip,1013_RoiSet1.zip,11724.0,,derived,MRI,14.0,M13,exported image / overlay / ROI set,False,dropbox,,,,,,,,,,,,,,,,,,,,,,,,,,,,,,,,,,,,,,,,,,,,,,,,,,,,,,,,,
Dropbox:MultiModal/LungTumor/MRI/03-18-2024/19-week14.tif,File,Dropbox,MultiModal/LungTumor/MRI/03-18-2024/19-week14.tif,19-week14.tif,12092649.0,,derived,MRI,14.0,M19,exported image / overlay / ROI set,False,dropbox,,,,,,,,,,,,,,,,,,,,,,,,,,,,,,,,,,,,,,,,,,,,,,,,,,,,,,,,,
Dropbox:MultiModal/LungTumor/MRI/03-18-2024/69.tif,File,Dropbox,MultiModal/LungTumor/MRI/03-18-2024/69.tif,69.tif,12092654.0,,derived,MRI,14.0,M69,exported image / overlay / ROI set,False,dropbox,,,,,,,,,,,,,,,,,,,,,,,,,,,,,,,,,,,,,,,,,,,,,,,,,,,,,,,,,
Dropbox:MultiModal/LungTumor/MRI/03-18-2024/19.dcm,File,Dropbox,MultiModal/LungTumor/MRI/03-18-2024/19.dcm,19.dcm,6041172.0,,raw,MRI,14.0,M19,original DICOM,False,dropbox,,,,,,,,,,,,,,,,,,,,,,,,,,,,,,,,,,,,,,,,,,,,,,,,,,,,,,,,,
Dropbox:MultiModal/LungTumor/MRI/03-18-2024/AIPT_multimodelLung20240304_34_1_1.nii,File,Dropbox,MultiModal/LungTumor/MRI/03-18-2024/AIPT_multimodelLung20240304_34_1_1.nii,AIPT_multimodelLung20240304_34_1_1.nii,20971872.0,,derived,MRI,14.0,,exported image / overlay / ROI set,False,dropbox,,,,,,,,,,,,,,,,,,,,,,,,,,,,,,,,,,,,,,,,,,,,,,,,,,,,,,,,,
Dropbox:MultiModal/LungTumor/MRI/03-18-2024/17-T1W.dcm,File,Dropbox,MultiModal/LungTumor/MRI/03-18-2024/17-T1W.dcm,17-T1W.dcm,6041188.0,,raw,MRI,14.0,M17,original DICOM,False,dropbox,,,,,,,,,,,,,,,,,,,,,,,,,,,,,,,,,,,,,,,,,,,,,,,,,,,,,,,,,
Dropbox:MultiModal/LungTumor/MRI/03-18-2024/12-week14.tif,File,Dropbox,MultiModal/LungTumor/MRI/03-18-2024/12-week14.tif,12-week14.tif,12092657.0,,derived,MRI,14.0,M12,exported image / overlay / ROI set,False,dropbox,,,,,,,,,,,,,,,,,,,,,,,,,,,,,,,,,,,,,,,,,,,,,,,,,,,,,,,,,
Dropbox:MultiModal/LungTumor/MRI/03-18-2024/69.dcm,File,Dropbox,MultiModal/LungTumor/MRI/03-18-2024/69.dcm,69.dcm,6041174.0,,raw,MRI,14.0,M69,original DICOM,False,dropbox,,,,,,,,,,,,,,,,,,,,,,,,,,,,,,,,,,,,,,,,,,,,,,,,,,,,,,,,,
Dropbox:MultiModal/LungTumor/MRI/03-18-2024/12.dcm,File,Dropbox,MultiModal/LungTumor/MRI/03-18-2024/12.dcm,12.dcm,6041176.0,,raw,MRI,14.0,M12,original DICOM,False,dropbox,,,,,,,,,,,,,,,,,,,,,,,,,,,,,,,,,,,,,,,,,,,,,,,,,,,,,,,,,
Dropbox:MultiModal/LungTumor/MRI/03-18-2024/10.dcm,File,Dropbox,MultiModal/LungTumor/MRI/03-18-2024/10.dcm,10.dcm,6041174.0,,raw,MRI,14.0,M10,original DICOM,False,dropbox,,,,,,,,,,,,,,,,,,,,,,,,,,,,,,,,,,,,,,,,,,,,,,,,,,,,,,,,,
Dropbox:MultiModal/LungTumor/MRI/03-18-2024/17-T2W-week14.tif,File,Dropbox,MultiModal/LungTumor/MRI/03-18-2024/17-T2W-week14.tif,17-T2W-week14.tif,12092655.0,,derived,MRI,14.0,M17,exported image / overlay / ROI set,False,dropbox,,,,,,,,,,,,,,,,,,,,,,,,,,,,,,,,,,,,,,,,,,,,,,,,,,,,,,,,,
Dropbox:MultiModal/LungTumor/MRI/03-18-2024/1013.dcm,File,Dropbox,MultiModal/LungTumor/MRI/03-18-2024/1013.dcm,1013.dcm,6041180.0,,raw,MRI,14.0,M13,original DICOM,False,dropbox,,,,,,,,,,,,,,,,,,,,,,,,,,,,,,,,,,,,,,,,,,,,,,,,,,,,,,,,,
Dropbox:MultiModal/LungTumor/MRI/03-18-2024/14-week14.tif,File,Dropbox,MultiModal/LungTumor/MRI/03-18-2024/14-week14.tif,14-week14.tif,12092652.0,,derived,MRI,14.0,M14,exported image / overlay / ROI set,False,dropbox,,,,,,,,,,,,,,,,,,,,,,,,,,,,,,,,,,,,,,,,,,,,,,,,,,,,,,,,,
Dropbox:MultiModal/LungTumor/MRI/03-04-2024/1013T2coronal.dcm,File,Dropbox,MultiModal/LungTumor/MRI/03-04-2024/1013T2coronal.dcm,1013T2coronal.dcm,5253432.0,,raw,MRI,12.0,M13,original DICOM,False,dropbox,,,,,,,,,,,,,,,,,,,,,,,,,,,,,,,,,,,,,,,,,,,,,,,,,,,,,,,,,
Dropbox:MultiModal/LungTumor/MRI/03-04-2024/12T2axial-week12.tif,File,Dropbox,MultiModal/LungTumor/MRI/03-04-2024/12T2axial-week12.tif,12T2axial-week12.tif,10516263.0,,derived,MRI,12.0,M12,exported image / overlay / ROI set,False,dropbox,,,,,,,,,,,,,,,,,,,,,,,,,,,,,,,,,,,,,,,,,,,,,,,,,,,,,,,,,
Dropbox:MultiModal/LungTumor/MRI/03-04-2024/11-week12.tif,File,Dropbox,MultiModal/LungTumor/MRI/03-04-2024/11-week12.tif,11-week12.tif,10516267.0,,derived,MRI,12.0,M11,exported image / overlay / ROI set,False,dropbox,,,,,,,,,,,,,,,,,,,,,,,,,,,,,,,,,,,,,,,,,,,,,,,,,,,,,,,,,
Dropbox:MultiModal/LungTumor/MRI/03-04-2024/1013T2axial.dcm,File,Dropbox,MultiModal/LungTumor/MRI/03-04-2024/1013T2axial.dcm,1013T2axial.dcm,6041202.0,,raw,MRI,12.0,M13,original DICOM,False,dropbox,,,,,,,,,,,,,,,,,,,,,,,,,,,,,,,,,,,,,,,,,,,,,,,,,,,,,,,,,
Dropbox:MultiModal/LungTumor/MRI/03-04-2024/19-week12.tif,File,Dropbox,MultiModal/LungTumor/MRI/03-04-2024/19-week12.tif,19-week12.tif,10516265.0,,derived,MRI,12.0,M19,exported image / overlay / ROI set,False,dropbox,,,,,,,,,,,,,,,,,,,,,,,,,,,,,,,,,,,,,,,,,,,,,,,,,,,,,,,,,
Dropbox:MultiModal/LungTumor/MRI/03-04-2024/15-week12.tif,File,Dropbox,MultiModal/LungTumor/MRI/03-04-2024/15-week12.tif,15-week12.tif,10516266.0,,derived,MRI,12.0,M15,exported image / overlay / ROI set,False,dropbox,,,,,,,,,,,,,,,,,,,,,,,,,,,,,,,,,,,,,,,,,,,,,,,,,,,,,,,,,
Dropbox:MultiModal/LungTumor/MRI/03-04-2024/11.dcm,File,Dropbox,MultiModal/LungTumor/MRI/03-04-2024/11.dcm,11.dcm,5253458.0,,raw,MRI,12.0,M11,original DICOM,False,dropbox,,,,,,,,,,,,,,,,,,,,,,,,,,,,,,,,,,,,,,,,,,,,,,,,,,,,,,,,,
Dropbox:MultiModal/LungTumor/MRI/03-04-2024/14.dcm,File,Dropbox,MultiModal/LungTumor/MRI/03-04-2024/14.dcm,14.dcm,5253458.0,,raw,MRI,12.0,M14,original DICOM,False,dropbox,,,,,,,,,,,,,,,,,,,,,,,,,,,,,,,,,,,,,,,,,,,,,,,,,,,,,,,,,
Dropbox:MultiModal/LungTumor/MRI/03-04-2024/12T2coronal.dcm,File,Dropbox,MultiModal/LungTumor/MRI/03-04-2024/12T2coronal.dcm,12T2coronal.dcm,5253426.0,,raw,MRI,12.0,M12,original DICOM,False,dropbox,,,,,,,,,,,,,,,,,,,,,,,,,,,,,,,,,,,,,,,,,,,,,,,,,,,,,,,,,
Dropbox:MultiModal/LungTumor/MRI/03-04-2024/1013T1axial.dcm,File,Dropbox,MultiModal/LungTumor/MRI/03-04-2024/1013T1axial.dcm,1013T1axial.dcm,5253734.0,,raw,MRI,12.0,M13,original DICOM,False,dropbox,,,,,,,,,,,,,,,,,,,,,,,,,,,,,,,,,,,,,,,,,,,,,,,,,,,,,,,,,
Dropbox:MultiModal/LungTumor/MRI/03-04-2024/12T2axial.dcm,File,Dropbox,MultiModal/LungTumor/MRI/03-04-2024/12T2axial.dcm,12T2axial.dcm,5253458.0,,raw,MRI,12.0,M12,original DICOM,False,dropbox,,,,,,,,,,,,,,,,,,,,,,,,,,,,,,,,,,,,,,,,,,,,,,,,,,,,,,,,,
Dropbox:MultiModal/LungTumor/MRI/03-04-2024/18.dcm,File,Dropbox,MultiModal/LungTumor/MRI/03-04-2024/18.dcm,18.dcm,5253456.0,,raw,MRI,12.0,M18,original DICOM,False,dropbox,,,,,,,,,,,,,,,,,,,,,,,,,,,,,,,,,,,,,,,,,,,,,,,,,,,,,,,,,
Dropbox:MultiModal/LungTumor/MRI/03-04-2024/67.dcm,File,Dropbox,MultiModal/LungTumor/MRI/03-04-2024/67.dcm,67.dcm,5253458.0,,raw,MRI,12.0,M67,original DICOM,False,dropbox,,,,,,,,,,,,,,,,,,,,,,,,,,,,,,,,,,,,,,,,,,,,,,,,,,,,,,,,,
Dropbox:MultiModal/LungTumor/MRI/03-04-2024/18-week12.tif,File,Dropbox,MultiModal/LungTumor/MRI/03-04-2024/18-week12.tif,18-week12.tif,10516261.0,,derived,MRI,12.0,M18,exported image / overlay / ROI set,False,dropbox,,,,,,,,,,,,,,,,,,,,,,,,,,,,,,,,,,,,,,,,,,,,,,,,,,,,,,,,,
Dropbox:MultiModal/LungTumor/MRI/03-04-2024/68.dcm,File,Dropbox,MultiModal/LungTumor/MRI/03-04-2024/68.dcm,68.dcm,5253456.0,,raw,MRI,12.0,M68,original DICOM,False,dropbox,,,,,,,,,,,,,,,,,,,,,,,,,,,,,,,,,,,,,,,,,,,,,,,,,,,,,,,,,
Dropbox:MultiModal/LungTumor/MRI/03-04-2024/10-week12.tif,File,Dropbox,MultiModal/LungTumor/MRI/03-04-2024/10-week12.tif,10-week12.tif,10516291.0,,derived,MRI,12.0,M10,exported image / overlay / ROI set,False,dropbox,,,,,,,,,,,,,,,,,,,,,,,,,,,,,,,,,,,,,,,,,,,,,,,,,,,,,,,,,
Dropbox:MultiModal/LungTumor/MRI/03-04-2024/15T2.dcm,File,Dropbox,MultiModal/LungTumor/MRI/03-04-2024/15T2.dcm,15T2.dcm,5253458.0,,raw,MRI,12.0,M15,original DICOM,False,dropbox,,,,,,,,,,,,,,,,,,,,,,,,,,,,,,,,,,,,,,,,,,,,,,,,,,,,,,,,,
Dropbox:MultiModal/LungTumor/MRI/03-04-2024/13-week12.tif,File,Dropbox,MultiModal/LungTumor/MRI/03-04-2024/13-week12.tif,13-week12.tif,12092710.0,,derived,MRI,12.0,M13,exported image / overlay / ROI set,False,dropbox,,,,,,,,,,,,,,,,,,,,,,,,,,,,,,,,,,,,,,,,,,,,,,,,,,,,,,,,,
Dropbox:MultiModal/LungTumor/MRI/03-04-2024/19.dcm,File,Dropbox,MultiModal/LungTumor/MRI/03-04-2024/19.dcm,19.dcm,5253458.0,,raw,MRI,12.0,M19,original DICOM,False,dropbox,,,,,,,,,,,,,,,,,,,,,,,,,,,,,,,,,,,,,,,,,,,,,,,,,,,,,,,,,
Dropbox:MultiModal/LungTumor/MRI/03-04-2024/69.dcm,File,Dropbox,MultiModal/LungTumor/MRI/03-04-2024/69.dcm,69.dcm,5253458.0,,raw,MRI,12.0,M69,original DICOM,False,dropbox,,,,,,,,,,,,,,,,,,,,,,,,,,,,,,,,,,,,,,,,,,,,,,,,,,,,,,,,,
Dropbox:MultiModal/LungTumor/MRI/03-04-2024/14-week12.tif,File,Dropbox,MultiModal/LungTumor/MRI/03-04-2024/14-week12.tif,14-week12.tif,10516261.0,,derived,MRI,12.0,M14,exported image / overlay / ROI set,False,dropbox,,,,,,,,,,,,,,,,,,,,,,,,,,,,,,,,,,,,,,,,,,,,,,,,,,,,,,,,,
Dropbox:MultiModal/LungTumor/MRI/03-04-2024/10.dcm,File,Dropbox,MultiModal/LungTumor/MRI/03-04-2024/10.dcm,10.dcm,5253470.0,,raw,MRI,12.0,M10,original DICOM,False,dropbox,,,,,,,,,,,,,,,,,,,,,,,,,,,,,,,,,,,,,,,,,,,,,,,,,,,,,,,,,
Dropbox:MultiModal/LungTumor/MRI/03-04-2024/15T1.dcm,File,Dropbox,MultiModal/LungTumor/MRI/03-04-2024/15T1.dcm,15T1.dcm,5253480.0,,raw,MRI,12.0,M15,original DICOM,False,dropbox,,,,,,,,,,,,,,,,,,,,,,,,,,,,,,,,,,,,,,,,,,,,,,,,,,,,,,,,,
Dropbox:MultiModal/LungTumor/MRI/03-04-2024/17-week12.tif,File,Dropbox,MultiModal/LungTumor/MRI/03-04-2024/17-week12.tif,17-week12.tif,10516264.0,,derived,MRI,12.0,M17,exported image / overlay / ROI set,False,dropbox,,,,,,,,,,,,,,,,,,,,,,,,,,,,,,,,,,,,,,,,,,,,,,,,,,,,,,,,,
Dropbox:MultiModal/LungTumor/MRI/03-04-2024/17.dcm,File,Dropbox,MultiModal/LungTumor/MRI/03-04-2024/17.dcm,17.dcm,5253458.0,,raw,MRI,12.0,M17,original DICOM,False,dropbox,,,,,,,,,,,,,,,,,,,,,,,,,,,,,,,,,,,,,,,,,,,,,,,,,,,,,,,,,
Dropbox:MultiModal/LungTumor/MRI/XNAT/mouse68/week12/68.dcm,File,Dropbox,MultiModal/LungTumor/MRI/XNAT/mouse68/week12/68.dcm,68.dcm,5253456.0,,copy,MRI,12.0,M68,XNAT copy,False,dropbox,,,,,,,,,,,,,,,,,,,,,,,,,,,,,,,,,,,,,,,,,,,,,,,,,,,,,,,,,
Dropbox:MultiModal/LungTumor/MRI/XNAT/mouse68/week11/68.dcm,File,Dropbox,MultiModal/LungTumor/MRI/XNAT/mouse68/week11/68.dcm,68.dcm,6041172.0,,copy,MRI,11.0,M68,XNAT copy,False,dropbox,,,,,,,,,,,,,,,,,,,,,,,,,,,,,,,,,,,,,,,,,,,,,,,,,,,,,,,,,
Dropbox:MultiModal/LungTumor/MRI/XNAT/mouse68/week6/68.dcm,File,Dropbox,MultiModal/LungTumor/MRI/XNAT/mouse68/week6/68.dcm,68.dcm,6041174.0,,copy,MRI,6.0,M68,XNAT copy,False,dropbox,,,,,,,,,,,,,,,,,,,,,,,,,,,,,,,,,,,,,,,,,,,,,,,,,,,,,,,,,
Dropbox:MultiModal/LungTumor/MRI/XNAT/mouse68/week9/68.dcm,File,Dropbox,MultiModal/LungTumor/MRI/XNAT/mouse68/week9/68.dcm,68.dcm,6041174.0,,copy,MRI,9.0,M68,XNAT copy,False,dropbox,,,,,,,,,,,,,,,,,,,,,,,,,,,,,,,,,,,,,,,,,,,,,,,,,,,,,,,,,
Dropbox:MultiModal/LungTumor/MRI/XNAT/mouse68/week7/68.dcm,File,Dropbox,MultiModal/LungTumor/MRI/XNAT/mouse68/week7/68.dcm,68.dcm,6041174.0,,copy,MRI,7.0,M68,XNAT copy,False,dropbox,,,,,,,,,,,,,,,,,,,,,,,,,,,,,,,,,,,,,,,,,,,,,,,,,,,,,,,,,
Dropbox:MultiModal/LungTumor/MRI/XNAT/mouse68/week8/68.dcm,File,Dropbox,MultiModal/LungTumor/MRI/XNAT/mouse68/week8/68.dcm,68.dcm,6041172.0,,copy,MRI,8.0,M68,XNAT copy,False,dropbox,,,,,,,,,,,,,,,,,,,,,,,,,,,,,,,,,,,,,,,,,,,,,,,,,,,,,,,,,
Dropbox:MultiModal/LungTumor/MRI/XNAT/mouse68/week13/68.dcm,File,Dropbox,MultiModal/LungTumor/MRI/XNAT/mouse68/week13/68.dcm,68.dcm,6041174.0,,copy,MRI,13.0,M68,XNAT copy,False,dropbox,,,,,,,,,,,,,,,,,,,,,,,,,,,,,,,,,,,,,,,,,,,,,,,,,,,,,,,,,
Dropbox:MultiModal/LungTumor/MRI/XNAT/mouse68/week14/68.dcm,File,Dropbox,MultiModal/LungTumor/MRI/XNAT/mouse68/week14/68.dcm,68.dcm,6041174.0,,copy,MRI,14.0,M68,XNAT copy,False,dropbox,,,,,,,,,,,,,,,,,,,,,,,,,,,,,,,,,,,,,,,,,,,,,,,,,,,,,,,,,
Dropbox:MultiModal/LungTumor/MRI/XNAT/mouse75/week11/75.dcm,File,Dropbox,MultiModal/LungTumor/MRI/XNAT/mouse75/week11/75.dcm,75.dcm,6041172.0,,copy,MRI,11.0,M75,XNAT copy,False,dropbox,,,,,,,,,,,,,,,,,,,,,,,,,,,,,,,,,,,,,,,,,,,,,,,,,,,,,,,,,
Dropbox:MultiModal/LungTumor/MRI/XNAT/mouse75/week6/75.dcm,File,Dropbox,MultiModal/LungTumor/MRI/XNAT/mouse75/week6/75.dcm,75.dcm,6040900.0,,copy,MRI,6.0,M75,XNAT copy,False,dropbox,,,,,,,,,,,,,,,,,,,,,,,,,,,,,,,,,,,,,,,,,,,,,,,,,,,,,,,,,
Dropbox:MultiModal/LungTumor/MRI/XNAT/mouse75/week9/75.dcm,File,Dropbox,MultiModal/LungTumor/MRI/XNAT/mouse75/week9/75.dcm,75.dcm,6041172.0,,copy,MRI,9.0,M75,XNAT copy,False,dropbox,,,,,,,,,,,,,,,,,,,,,,,,,,,,,,,,,,,,,,,,,,,,,,,,,,,,,,,,,
Dropbox:MultiModal/LungTumor/MRI/XNAT/mouse75/week7/75.dcm,File,Dropbox,MultiModal/LungTumor/MRI/XNAT/mouse75/week7/75.dcm,75.dcm,6041172.0,,copy,MRI,7.0,M75,XNAT copy,False,dropbox,,,,,,,,,,,,,,,,,,,,,,,,,,,,,,,,,,,,,,,,,,,,,,,,,,,,,,,,,
Dropbox:MultiModal/LungTumor/MRI/XNAT/mouse75/week8/75.dcm,File,Dropbox,MultiModal/LungTumor/MRI/XNAT/mouse75/week8/75.dcm,75.dcm,6041172.0,,copy,MRI,8.0,M75,XNAT copy,False,dropbox,,,,,,,,,,,,,,,,,,,,,,,,,,,,,,,,,,,,,,,,,,,,,,,,,,,,,,,,,
Dropbox:MultiModal/LungTumor/MRI/XNAT/mouse12/week12/12T2axial.dcm,File,Dropbox,MultiModal/LungTumor/MRI/XNAT/mouse12/week12/12T2axial.dcm,12T2axial.dcm,5253458.0,,copy,MRI,12.0,M12,XNAT copy,False,dropbox,,,,,,,,,,,,,,,,,,,,,,,,,,,,,,,,,,,,,,,,,,,,,,,,,,,,,,,,,
Dropbox:MultiModal/LungTumor/MRI/XNAT/mouse12/week11/12.dcm,File,Dropbox,MultiModal/LungTumor/MRI/XNAT/mouse12/week11/12.dcm,12.dcm,6041170.0,,copy,MRI,11.0,M12,XNAT copy,False,dropbox,,,,,,,,,,,,,,,,,,,,,,,,,,,,,,,,,,,,,,,,,,,,,,,,,,,,,,,,,
Dropbox:MultiModal/LungTumor/MRI/XNAT/mouse12/week6/12.dcm,File,Dropbox,MultiModal/LungTumor/MRI/XNAT/mouse12/week6/12.dcm,12.dcm,6041174.0,,copy,MRI,6.0,M12,XNAT copy,False,dropbox,,,,,,,,,,,,,,,,,,,,,,,,,,,,,,,,,,,,,,,,,,,,,,,,,,,,,,,,,
Dropbox:MultiModal/LungTumor/MRI/XNAT/mouse12/week9/12.dcm,File,Dropbox,MultiModal/LungTumor/MRI/XNAT/mouse12/week9/12.dcm,12.dcm,6041172.0,,copy,MRI,9.0,M12,XNAT copy,False,dropbox,,,,,,,,,,,,,,,,,,,,,,,,,,,,,,,,,,,,,,,,,,,,,,,,,,,,,,,,,
Dropbox:MultiModal/LungTumor/MRI/XNAT/mouse12/week7/12.dcm,File,Dropbox,MultiModal/LungTumor/MRI/XNAT/mouse12/week7/12.dcm,12.dcm,6041174.0,,copy,MRI,7.0,M12,XNAT copy,False,dropbox,,,,,,,,,,,,,,,,,,,,,,,,,,,,,,,,,,,,,,,,,,,,,,,,,,,,,,,,,
Dropbox:MultiModal/LungTumor/MRI/XNAT/mouse12/week8/12.dcm,File,Dropbox,MultiModal/LungTumor/MRI/XNAT/mouse12/week8/12.dcm,12.dcm,6041172.0,,copy,MRI,8.0,M12,XNAT copy,False,dropbox,,,,,,,,,,,,,,,,,,,,,,,,,,,,,,,,,,,,,,,,,,,,,,,,,,,,,,,,,
Dropbox:MultiModal/LungTumor/MRI/XNAT/mouse12/week13/12.dcm,File,Dropbox,MultiModal/LungTumor/MRI/XNAT/mouse12/week13/12.dcm,12.dcm,6041174.0,,copy,MRI,13.0,M12,XNAT copy,False,dropbox,,,,,,,,,,,,,,,,,,,,,,,,,,,,,,,,,,,,,,,,,,,,,,,,,,,,,,,,,
Dropbox:MultiModal/LungTumor/MRI/XNAT/mouse12/week14/12.dcm,File,Dropbox,MultiModal/LungTumor/MRI/XNAT/mouse12/week14/12.dcm,12.dcm,6041176.0,,copy,MRI,14.0,M12,XNAT copy,False,dropbox,,,,,,,,,,,,,,,,,,,,,,,,,,,,,,,,,,,,,,,,,,,,,,,,,,,,,,,,,
Dropbox:MultiModal/LungTumor/MRI/XNAT/mouse19/week12/19.dcm,File,Dropbox,MultiModal/LungTumor/MRI/XNAT/mouse19/week12/19.dcm,19.dcm,5253458.0,,copy,MRI,12.0,M19,XNAT copy,False,dropbox,,,,,,,,,,,,,,,,,,,,,,,,,,,,,,,,,,,,,,,,,,,,,,,,,,,,,,,,,
Dropbox:MultiModal/LungTumor/MRI/XNAT/mouse19/week11/19.dcm,File,Dropbox,MultiModal/LungTumor/MRI/XNAT/mouse19/week11/19.dcm,19.dcm,6041172.0,,copy,MRI,11.0,M19,XNAT copy,False,dropbox,,,,,,,,,,,,,,,,,,,,,,,,,,,,,,,,,,,,,,,,,,,,,,,,,,,,,,,,,
Dropbox:MultiModal/LungTumor/MRI/XNAT/mouse19/week6/19.dcm,File,Dropbox,MultiModal/LungTumor/MRI/XNAT/mouse19/week6/19.dcm,19.dcm,6041174.0,,copy,MRI,6.0,M19,XNAT copy,False,dropbox,,,,,,,,,,,,,,,,,,,,,,,,,,,,,,,,,,,,,,,,,,,,,,,,,,,,,,,,,
Dropbox:MultiModal/LungTumor/MRI/XNAT/mouse19/week9/19.dcm,File,Dropbox,MultiModal/LungTumor/MRI/XNAT/mouse19/week9/19.dcm,19.dcm,6041174.0,,copy,MRI,9.0,M19,XNAT copy,False,dropbox,,,,,,,,,,,,,,,,,,,,,,,,,,,,,,,,,,,,,,,,,,,,,,,,,,,,,,,,,
Dropbox:MultiModal/LungTumor/MRI/XNAT/mouse19/week7/19.dcm,File,Dropbox,MultiModal/LungTumor/MRI/XNAT/mouse19/week7/19.dcm,19.dcm,6041174.0,,copy,MRI,7.0,M19,XNAT copy,False,dropbox,,,,,,,,,,,,,,,,,,,,,,,,,,,,,,,,,,,,,,,,,,,,,,,,,,,,,,,,,
Dropbox:MultiModal/LungTumor/MRI/XNAT/mouse19/week8/19.dcm,File,Dropbox,MultiModal/LungTumor/MRI/XNAT/mouse19/week8/19.dcm,19.dcm,6041172.0,,copy,MRI,8.0,M19,XNAT copy,False,dropbox,,,,,,,,,,,,,,,,,,,,,,,,,,,,,,,,,,,,,,,,,,,,,,,,,,,,,,,,,
Dropbox:MultiModal/LungTumor/MRI/XNAT/mouse19/week13/19.dcm,File,Dropbox,MultiModal/LungTumor/MRI/XNAT/mouse19/week13/19.dcm,19.dcm,6041172.0,,copy,MRI,13.0,M19,XNAT copy,False,dropbox,,,,,,,,,,,,,,,,,,,,,,,,,,,,,,,,,,,,,,,,,,,,,,,,,,,,,,,,,
Dropbox:MultiModal/LungTumor/MRI/XNAT/mouse19/week14/19.dcm,File,Dropbox,MultiModal/LungTumor/MRI/XNAT/mouse19/week14/19.dcm,19.dcm,6041172.0,,copy,MRI,14.0,M19,XNAT copy,False,dropbox,,,,,,,,,,,,,,,,,,,,,,,,,,,,,,,,,,,,,,,,,,,,,,,,,,,,,,,,,
Dropbox:MultiModal/LungTumor/MRI/XNAT/mouse10/week12/10.dcm,File,Dropbox,MultiModal/LungTumor/MRI/XNAT/mouse10/week12/10.dcm,10.dcm,5253470.0,,copy,MRI,12.0,M10,XNAT copy,False,dropbox,,,,,,,,,,,,,,,,,,,,,,,,,,,,,,,,,,,,,,,,,,,,,,,,,,,,,,,,,
Dropbox:MultiModal/LungTumor/MRI/XNAT/mouse10/week11/10.dcm,File,Dropbox,MultiModal/LungTumor/MRI/XNAT/mouse10/week11/10.dcm,10.dcm,6041170.0,,copy,MRI,11.0,M10,XNAT copy,False,dropbox,,,,,,,,,,,,,,,,,,,,,,,,,,,,,,,,,,,,,,,,,,,,,,,,,,,,,,,,,
Dropbox:MultiModal/LungTumor/MRI/XNAT/mouse10/week6/10-wk6.dcm,File,Dropbox,MultiModal/LungTumor/MRI/XNAT/mouse10/week6/10-wk6.dcm,10-wk6.dcm,6041174.0,,copy,MRI,6.0,M10,XNAT copy,False,dropbox,,,,,,,,,,,,,,,,,,,,,,,,,,,,,,,,,,,,,,,,,,,,,,,,,,,,,,,,,
Dropbox:MultiModal/LungTumor/MRI/XNAT/mouse10/week9/10.dcm,File,Dropbox,MultiModal/LungTumor/MRI/XNAT/mouse10/week9/10.dcm,10.dcm,6041174.0,,copy,MRI,9.0,M10,XNAT copy,False,dropbox,,,,,,,,,,,,,,,,,,,,,,,,,,,,,,,,,,,,,,,,,,,,,,,,,,,,,,,,,
Dropbox:MultiModal/LungTumor/MRI/XNAT/mouse10/week7/10-wk7.dcm,File,Dropbox,MultiModal/LungTumor/MRI/XNAT/mouse10/week7/10-wk7.dcm,10-wk7.dcm,6041174.0,,copy,MRI,7.0,M10,XNAT copy,False,dropbox,,,,,,,,,,,,,,,,,,,,,,,,,,,,,,,,,,,,,,,,,,,,,,,,,,,,,,,,,
Dropbox:MultiModal/LungTumor/MRI/XNAT/mouse10/week8/10.dcm,File,Dropbox,MultiModal/LungTumor/MRI/XNAT/mouse10/week8/10.dcm,10.dcm,6041172.0,,copy,MRI,8.0,M10,XNAT copy,False,dropbox,,,,,,,,,,,,,,,,,,,,,,,,,,,,,,,,,,,,,,,,,,,,,,,,,,,,,,,,,
Dropbox:MultiModal/LungTumor/MRI/XNAT/mouse10/week13/10.dcm,File,Dropbox,MultiModal/LungTumor/MRI/XNAT/mouse10/week13/10.dcm,10.dcm,6041172.0,,copy,MRI,13.0,M10,XNAT copy,False,dropbox,,,,,,,,,,,,,,,,,,,,,,,,,,,,,,,,,,,,,,,,,,,,,,,,,,,,,,,,,
Dropbox:MultiModal/LungTumor/MRI/XNAT/mouse10/week14/10.dcm,File,Dropbox,MultiModal/LungTumor/MRI/XNAT/mouse10/week14/10.dcm,10.dcm,6041174.0,,copy,MRI,14.0,M10,XNAT copy,False,dropbox,,,,,,,,,,,,,,,,,,,,,,,,,,,,,,,,,,,,,,,,,,,,,,,,,,,,,,,,,
Dropbox:MultiModal/LungTumor/MRI/XNAT/mouse69/week12/69.dcm,File,Dropbox,MultiModal/LungTumor/MRI/XNAT/mouse69/week12/69.dcm,69.dcm,5253458.0,,copy,MRI,12.0,M69,XNAT copy,False,dropbox,,,,,,,,,,,,,,,,,,,,,,,,,,,,,,,,,,,,,,,,,,,,,,,,,,,,,,,,,
Dropbox:MultiModal/LungTumor/MRI/XNAT/mouse69/week11/69.dcm,File,Dropbox,MultiModal/LungTumor/MRI/XNAT/mouse69/week11/69.dcm,69.dcm,6041170.0,,copy,MRI,11.0,M69,XNAT copy,False,dropbox,,,,,,,,,,,,,,,,,,,,,,,,,,,,,,,,,,,,,,,,,,,,,,,,,,,,,,,,,
Dropbox:MultiModal/LungTumor/MRI/XNAT/mouse69/week6/69.dcm,File,Dropbox,MultiModal/LungTumor/MRI/XNAT/mouse69/week6/69.dcm,69.dcm,6041174.0,,copy,MRI,6.0,M69,XNAT copy,False,dropbox,,,,,,,,,,,,,,,,,,,,,,,,,,,,,,,,,,,,,,,,,,,,,,,,,,,,,,,,,
Dropbox:MultiModal/LungTumor/MRI/XNAT/mouse69/week9/69.dcm,File,Dropbox,MultiModal/LungTumor/MRI/XNAT/mouse69/week9/69.dcm,69.dcm,6041176.0,,copy,MRI,9.0,M69,XNAT copy,False,dropbox,,,,,,,,,,,,,,,,,,,,,,,,,,,,,,,,,,,,,,,,,,,,,,,,,,,,,,,,,
Dropbox:MultiModal/LungTumor/MRI/XNAT/mouse69/week7/69.dcm,File,Dropbox,MultiModal/LungTumor/MRI/XNAT/mouse69/week7/69.dcm,69.dcm,6041174.0,,copy,MRI,7.0,M69,XNAT copy,False,dropbox,,,,,,,,,,,,,,,,,,,,,,,,,,,,,,,,,,,,,,,,,,,,,,,,,,,,,,,,,
Dropbox:MultiModal/LungTumor/MRI/XNAT/mouse69/week8/69.dcm,File,Dropbox,MultiModal/LungTumor/MRI/XNAT/mouse69/week8/69.dcm,69.dcm,6041172.0,,copy,MRI,8.0,M69,XNAT copy,False,dropbox,,,,,,,,,,,,,,,,,,,,,,,,,,,,,,,,,,,,,,,,,,,,,,,,,,,,,,,,,
Dropbox:MultiModal/LungTumor/MRI/XNAT/mouse69/week13/69.dcm,File,Dropbox,MultiModal/LungTumor/MRI/XNAT/mouse69/week13/69.dcm,69.dcm,6041174.0,,copy,MRI,13.0,M69,XNAT copy,False,dropbox,,,,,,,,,,,,,,,,,,,,,,,,,,,,,,,,,,,,,,,,,,,,,,,,,,,,,,,,,
Dropbox:MultiModal/LungTumor/MRI/XNAT/mouse69/week14/69.dcm,File,Dropbox,MultiModal/LungTumor/MRI/XNAT/mouse69/week14/69.dcm,69.dcm,6041174.0,,copy,MRI,14.0,M69,XNAT copy,False,dropbox,,,,,,,,,,,,,,,,,,,,,,,,,,,,,,,,,,,,,,,,,,,,,,,,,,,,,,,,,
Dropbox:MultiModal/LungTumor/MRI/XNAT/mouse17/week12/17.dcm,File,Dropbox,MultiModal/LungTumor/MRI/XNAT/mouse17/week12/17.dcm,17.dcm,5253458.0,,copy,MRI,12.0,M17,XNAT copy,False,dropbox,,,,,,,,,,,,,,,,,,,,,,,,,,,,,,,,,,,,,,,,,,,,,,,,,,,,,,,,,
Dropbox:MultiModal/LungTumor/MRI/XNAT/mouse17/week11/17.dcm,File,Dropbox,MultiModal/LungTumor/MRI/XNAT/mouse17/week11/17.dcm,17.dcm,6041172.0,,copy,MRI,11.0,M17,XNAT copy,False,dropbox,,,,,,,,,,,,,,,,,,,,,,,,,,,,,,,,,,,,,,,,,,,,,,,,,,,,,,,,,
Dropbox:MultiModal/LungTumor/MRI/XNAT/mouse17/week6/17.dcm,File,Dropbox,MultiModal/LungTumor/MRI/XNAT/mouse17/week6/17.dcm,17.dcm,6041176.0,,copy,MRI,6.0,M17,XNAT copy,False,dropbox,,,,,,,,,,,,,,,,,,,,,,,,,,,,,,,,,,,,,,,,,,,,,,,,,,,,,,,,,
Dropbox:MultiModal/LungTumor/MRI/XNAT/mouse17/week9/17.dcm,File,Dropbox,MultiModal/LungTumor/MRI/XNAT/mouse17/week9/17.dcm,17.dcm,6041176.0,,copy,MRI,9.0,M17,XNAT copy,False,dropbox,,,,,,,,,,,,,,,,,,,,,,,,,,,,,,,,,,,,,,,,,,,,,,,,,,,,,,,,,
Dropbox:MultiModal/LungTumor/MRI/XNAT/mouse17/week7/17.dcm,File,Dropbox,MultiModal/LungTumor/MRI/XNAT/mouse17/week7/17.dcm,17.dcm,6041174.0,,copy,MRI,7.0,M17,XNAT copy,False,dropbox,,,,,,,,,,,,,,,,,,,,,,,,,,,,,,,,,,,,,,,,,,,,,,,,,,,,,,,,,
Dropbox:MultiModal/LungTumor/MRI/XNAT/mouse17/week8/17.dcm,File,Dropbox,MultiModal/LungTumor/MRI/XNAT/mouse17/week8/17.dcm,17.dcm,6041172.0,,copy,MRI,8.0,M17,XNAT copy,False,dropbox,,,,,,,,,,,,,,,,,,,,,,,,,,,,,,,,,,,,,,,,,,,,,,,,,,,,,,,,,
Dropbox:MultiModal/LungTumor/MRI/XNAT/mouse17/week13/17.dcm,File,Dropbox,MultiModal/LungTumor/MRI/XNAT/mouse17/week13/17.dcm,17.dcm,6041174.0,,copy,MRI,13.0,M17,XNAT copy,False,dropbox,,,,,,,,,,,,,,,,,,,,,,,,,,,,,,,,,,,,,,,,,,,,,,,,,,,,,,,,,
Dropbox:MultiModal/LungTumor/MRI/XNAT/mouse17/week14/17-T2W.dcm,File,Dropbox,MultiModal/LungTumor/MRI/XNAT/mouse17/week14/17-T2W.dcm,17-T2W.dcm,6041174.0,,copy,MRI,14.0,M17,XNAT copy,False,dropbox,,,,,,,,,,,,,,,,,,,,,,,,,,,,,,,,,,,,,,,,,,,,,,,,,,,,,,,,,
Dropbox:MultiModal/LungTumor/MRI/XNAT/mouse15/week12/15T2.dcm,File,Dropbox,MultiModal/LungTumor/MRI/XNAT/mouse15/week12/15T2.dcm,15T2.dcm,5253458.0,,copy,MRI,12.0,M15,XNAT copy,False,dropbox,,,,,,,,,,,,,,,,,,,,,,,,,,,,,,,,,,,,,,,,,,,,,,,,,,,,,,,,,
Dropbox:MultiModal/LungTumor/MRI/XNAT/mouse15/week11/15.dcm,File,Dropbox,MultiModal/LungTumor/MRI/XNAT/mouse15/week11/15.dcm,15.dcm,6041172.0,,copy,MRI,11.0,M15,XNAT copy,False,dropbox,,,,,,,,,,,,,,,,,,,,,,,,,,,,,,,,,,,,,,,,,,,,,,,,,,,,,,,,,
Dropbox:MultiModal/LungTumor/MRI/XNAT/mouse15/week6/15.dcm,File,Dropbox,MultiModal/LungTumor/MRI/XNAT/mouse15/week6/15.dcm,15.dcm,6041174.0,,copy,MRI,6.0,M15,XNAT copy,False,dropbox,,,,,,,,,,,,,,,,,,,,,,,,,,,,,,,,,,,,,,,,,,,,,,,,,,,,,,,,,
Dropbox:MultiModal/LungTumor/MRI/XNAT/mouse15/week9/15.dcm,File,Dropbox,MultiModal/LungTumor/MRI/XNAT/mouse15/week9/15.dcm,15.dcm,6041172.0,,copy,MRI,9.0,M15,XNAT copy,False,dropbox,,,,,,,,,,,,,,,,,,,,,,,,,,,,,,,,,,,,,,,,,,,,,,,,,,,,,,,,,
Dropbox:MultiModal/LungTumor/MRI/XNAT/mouse15/week7/15.dcm,File,Dropbox,MultiModal/LungTumor/MRI/XNAT/mouse15/week7/15.dcm,15.dcm,6041174.0,,copy,MRI,7.0,M15,XNAT copy,False,dropbox,,,,,,,,,,,,,,,,,,,,,,,,,,,,,,,,,,,,,,,,,,,,,,,,,,,,,,,,,
Dropbox:MultiModal/LungTumor/MRI/XNAT/mouse15/week8/15.dcm,File,Dropbox,MultiModal/LungTumor/MRI/XNAT/mouse15/week8/15.dcm,15.dcm,6041172.0,,copy,MRI,8.0,M15,XNAT copy,False,dropbox,,,,,,,,,,,,,,,,,,,,,,,,,,,,,,,,,,,,,,,,,,,,,,,,,,,,,,,,,
Dropbox:MultiModal/LungTumor/MRI/XNAT/mouse15/week13/15.dcm,File,Dropbox,MultiModal/LungTumor/MRI/XNAT/mouse15/week13/15.dcm,15.dcm,6041174.0,,copy,MRI,13.0,M15,XNAT copy,False,dropbox,,,,,,,,,,,,,,,,,,,,,,,,,,,,,,,,,,,,,,,,,,,,,,,,,,,,,,,,,
Dropbox:MultiModal/LungTumor/MRI/XNAT/mouse15/week14/15.dcm,File,Dropbox,MultiModal/LungTumor/MRI/XNAT/mouse15/week14/15.dcm,15.dcm,6041174.0,,copy,MRI,14.0,M15,XNAT copy,False,dropbox,,,,,,,,,,,,,,,,,,,,,,,,,,,,,,,,,,,,,,,,,,,,,,,,,,,,,,,,,
Dropbox:MultiModal/LungTumor/MRI/XNAT/mouse11/week12/11.dcm,File,Dropbox,MultiModal/LungTumor/MRI/XNAT/mouse11/week12/11.dcm,11.dcm,5253458.0,,copy,MRI,12.0,M11,XNAT copy,False,dropbox,,,,,,,,,,,,,,,,,,,,,,,,,,,,,,,,,,,,,,,,,,,,,,,,,,,,,,,,,
Dropbox:MultiModal/LungTumor/MRI/XNAT/mouse11/week11/11.dcm,File,Dropbox,MultiModal/LungTumor/MRI/XNAT/mouse11/week11/11.dcm,11.dcm,6041172.0,,copy,MRI,11.0,M11,XNAT copy,False,dropbox,,,,,,,,,,,,,,,,,,,,,,,,,,,,,,,,,,,,,,,,,,,,,,,,,,,,,,,,,
Dropbox:MultiModal/LungTumor/MRI/XNAT/mouse11/week6/11.dcm,File,Dropbox,MultiModal/LungTumor/MRI/XNAT/mouse11/week6/11.dcm,11.dcm,6041176.0,,copy,MRI,6.0,M11,XNAT copy,False,dropbox,,,,,,,,,,,,,,,,,,,,,,,,,,,,,,,,,,,,,,,,,,,,,,,,,,,,,,,,,
Dropbox:MultiModal/LungTumor/MRI/XNAT/mouse11/week9/11.dcm,File,Dropbox,MultiModal/LungTumor/MRI/XNAT/mouse11/week9/11.dcm,11.dcm,6041174.0,,copy,MRI,9.0,M11,XNAT copy,False,dropbox,,,,,,,,,,,,,,,,,,,,,,,,,,,,,,,,,,,,,,,,,,,,,,,,,,,,,,,,,
Dropbox:MultiModal/LungTumor/MRI/XNAT/mouse11/week7/11.dcm,File,Dropbox,MultiModal/LungTumor/MRI/XNAT/mouse11/week7/11.dcm,11.dcm,6041172.0,,copy,MRI,7.0,M11,XNAT copy,False,dropbox,,,,,,,,,,,,,,,,,,,,,,,,,,,,,,,,,,,,,,,,,,,,,,,,,,,,,,,,,
Dropbox:MultiModal/LungTumor/MRI/XNAT/mouse11/week8/11.dcm,File,Dropbox,MultiModal/LungTumor/MRI/XNAT/mouse11/week8/11.dcm,11.dcm,6041170.0,,copy,MRI,8.0,M11,XNAT copy,False,dropbox,,,,,,,,,,,,,,,,,,,,,,,,,,,,,,,,,,,,,,,,,,,,,,,,,,,,,,,,,
Dropbox:MultiModal/LungTumor/MRI/XNAT/mouse11/week13/11.dcm,File,Dropbox,MultiModal/LungTumor/MRI/XNAT/mouse11/week13/11.dcm,11.dcm,6041174.0,,copy,MRI,13.0,M11,XNAT copy,False,dropbox,,,,,,,,,,,,,,,,,,,,,,,,,,,,,,,,,,,,,,,,,,,,,,,,,,,,,,,,,
Dropbox:MultiModal/LungTumor/MRI/XNAT/mouse11/week14/11.dcm,File,Dropbox,MultiModal/LungTumor/MRI/XNAT/mouse11/week14/11.dcm,11.dcm,6041172.0,,copy,MRI,14.0,M11,XNAT copy,False,dropbox,,,,,,,,,,,,,,,,,,,,,,,,,,,,,,,,,,,,,,,,,,,,,,,,,,,,,,,,,
Dropbox:MultiModal/LungTumor/MRI/XNAT/mouse14/week12/14.dcm,File,Dropbox,MultiModal/LungTumor/MRI/XNAT/mouse14/week12/14.dcm,14.dcm,5253458.0,,copy,MRI,12.0,M14,XNAT copy,False,dropbox,,,,,,,,,,,,,,,,,,,,,,,,,,,,,,,,,,,,,,,,,,,,,,,,,,,,,,,,,
Dropbox:MultiModal/LungTumor/MRI/XNAT/mouse14/week11/14.dcm,File,Dropbox,MultiModal/LungTumor/MRI/XNAT/mouse14/week11/14.dcm,14.dcm,6041172.0,,copy,MRI,11.0,M14,XNAT copy,False,dropbox,,,,,,,,,,,,,,,,,,,,,,,,,,,,,,,,,,,,,,,,,,,,,,,,,,,,,,,,,
Dropbox:MultiModal/LungTumor/MRI/XNAT/mouse14/week6/14.dcm,File,Dropbox,MultiModal/LungTumor/MRI/XNAT/mouse14/week6/14.dcm,14.dcm,6041174.0,,copy,MRI,6.0,M14,XNAT copy,False,dropbox,,,,,,,,,,,,,,,,,,,,,,,,,,,,,,,,,,,,,,,,,,,,,,,,,,,,,,,,,
Dropbox:MultiModal/LungTumor/MRI/XNAT/mouse14/week9/14.dcm,File,Dropbox,MultiModal/LungTumor/MRI/XNAT/mouse14/week9/14.dcm,14.dcm,6041174.0,,copy,MRI,9.0,M14,XNAT copy,False,dropbox,,,,,,,,,,,,,,,,,,,,,,,,,,,,,,,,,,,,,,,,,,,,,,,,,,,,,,,,,
Dropbox:MultiModal/LungTumor/MRI/XNAT/mouse14/week7/14.dcm,File,Dropbox,MultiModal/LungTumor/MRI/XNAT/mouse14/week7/14.dcm,14.dcm,6041174.0,,copy,MRI,7.0,M14,XNAT copy,False,dropbox,,,,,,,,,,,,,,,,,,,,,,,,,,,,,,,,,,,,,,,,,,,,,,,,,,,,,,,,,
Dropbox:MultiModal/LungTumor/MRI/XNAT/mouse14/week8/14-week8.tif,File,Dropbox,MultiModal/LungTumor/MRI/XNAT/mouse14/week8/14-week8.tif,14-week8.tif,12092643.0,,copy,MRI,8.0,M14,XNAT copy,False,dropbox,,,,,,,,,,,,,,,,,,,,,,,,,,,,,,,,,,,,,,,,,,,,,,,,,,,,,,,,,
Dropbox:MultiModal/LungTumor/MRI/XNAT/mouse14/week13/14.dcm,File,Dropbox,MultiModal/LungTumor/MRI/XNAT/mouse14/week13/14.dcm,14.dcm,6041172.0,,copy,MRI,13.0,M14,XNAT copy,False,dropbox,,,,,,,,,,,,,,,,,,,,,,,,,,,,,,,,,,,,,,,,,,,,,,,,,,,,,,,,,
Dropbox:MultiModal/LungTumor/MRI/XNAT/mouse14/week14/14.dcm,File,Dropbox,MultiModal/LungTumor/MRI/XNAT/mouse14/week14/14.dcm,14.dcm,6041176.0,,copy,MRI,14.0,M14,XNAT copy,False,dropbox,,,,,,,,,,,,,,,,,,,,,,,,,,,,,,,,,,,,,,,,,,,,,,,,,,,,,,,,,
Dropbox:MultiModal/LungTumor/MRI/XNAT/mouse67/week12/67.dcm,File,Dropbox,MultiModal/LungTumor/MRI/XNAT/mouse67/week12/67.dcm,67.dcm,5253458.0,,copy,MRI,12.0,M67,XNAT copy,False,dropbox,,,,,,,,,,,,,,,,,,,,,,,,,,,,,,,,,,,,,,,,,,,,,,,,,,,,,,,,,
Dropbox:MultiModal/LungTumor/MRI/XNAT/mouse67/week11/67.dcm,File,Dropbox,MultiModal/LungTumor/MRI/XNAT/mouse67/week11/67.dcm,67.dcm,6041172.0,,copy,MRI,11.0,M67,XNAT copy,False,dropbox,,,,,,,,,,,,,,,,,,,,,,,,,,,,,,,,,,,,,,,,,,,,,,,,,,,,,,,,,
Dropbox:MultiModal/LungTumor/MRI/XNAT/mouse67/week6/67.dcm,File,Dropbox,MultiModal/LungTumor/MRI/XNAT/mouse67/week6/67.dcm,67.dcm,6041176.0,,copy,MRI,6.0,M67,XNAT copy,False,dropbox,,,,,,,,,,,,,,,,,,,,,,,,,,,,,,,,,,,,,,,,,,,,,,,,,,,,,,,,,
Dropbox:MultiModal/LungTumor/MRI/XNAT/mouse67/week9/67.dcm,File,Dropbox,MultiModal/LungTumor/MRI/XNAT/mouse67/week9/67.dcm,67.dcm,6041172.0,,copy,MRI,9.0,M67,XNAT copy,False,dropbox,,,,,,,,,,,,,,,,,,,,,,,,,,,,,,,,,,,,,,,,,,,,,,,,,,,,,,,,,
Dropbox:MultiModal/LungTumor/MRI/XNAT/mouse67/week7/67.dcm,File,Dropbox,MultiModal/LungTumor/MRI/XNAT/mouse67/week7/67.dcm,67.dcm,6041174.0,,copy,MRI,7.0,M67,XNAT copy,False,dropbox,,,,,,,,,,,,,,,,,,,,,,,,,,,,,,,,,,,,,,,,,,,,,,,,,,,,,,,,,
Dropbox:MultiModal/LungTumor/MRI/XNAT/mouse67/week8/67.dcm,File,Dropbox,MultiModal/LungTumor/MRI/XNAT/mouse67/week8/67.dcm,67.dcm,6041172.0,,copy,MRI,8.0,M67,XNAT copy,False,dropbox,,,,,,,,,,,,,,,,,,,,,,,,,,,,,,,,,,,,,,,,,,,,,,,,,,,,,,,,,
Dropbox:MultiModal/LungTumor/MRI/XNAT/mouse67/week13/67.dcm,File,Dropbox,MultiModal/LungTumor/MRI/XNAT/mouse67/week13/67.dcm,67.dcm,6041174.0,,copy,MRI,13.0,M67,XNAT copy,False,dropbox,,,,,,,,,,,,,,,,,,,,,,,,,,,,,,,,,,,,,,,,,,,,,,,,,,,,,,,,,
Dropbox:MultiModal/LungTumor/MRI/XNAT/mouse67/week14/67.dcm,File,Dropbox,MultiModal/LungTumor/MRI/XNAT/mouse67/week14/67.dcm,67.dcm,6041176.0,,copy,MRI,14.0,M67,XNAT copy,False,dropbox,,,,,,,,,,,,,,,,,,,,,,,,,,,,,,,,,,,,,,,,,,,,,,,,,,,,,,,,,
Dropbox:MultiModal/LungTumor/MRI/XNAT/mouse13/week12/1013T2axial.dcm,File,Dropbox,MultiModal/LungTumor/MRI/XNAT/mouse13/week12/1013T2axial.dcm,1013T2axial.dcm,6041202.0,,copy,MRI,12.0,M13,XNAT copy,False,dropbox,,,,,,,,,,,,,,,,,,,,,,,,,,,,,,,,,,,,,,,,,,,,,,,,,,,,,,,,,
Dropbox:MultiModal/LungTumor/MRI/XNAT/mouse13/week11/13.dcm,File,Dropbox,MultiModal/LungTumor/MRI/XNAT/mouse13/week11/13.dcm,13.dcm,6041174.0,,copy,MRI,11.0,M13,XNAT copy,False,dropbox,,,,,,,,,,,,,,,,,,,,,,,,,,,,,,,,,,,,,,,,,,,,,,,,,,,,,,,,,
Dropbox:MultiModal/LungTumor/MRI/XNAT/mouse13/week6/13.dcm,File,Dropbox,MultiModal/LungTumor/MRI/XNAT/mouse13/week6/13.dcm,13.dcm,6040904.0,,copy,MRI,6.0,M13,XNAT copy,False,dropbox,,,,,,,,,,,,,,,,,,,,,,,,,,,,,,,,,,,,,,,,,,,,,,,,,,,,,,,,,
Dropbox:MultiModal/LungTumor/MRI/XNAT/mouse13/week10/1013_T2_axial.dcm,File,Dropbox,MultiModal/LungTumor/MRI/XNAT/mouse13/week10/1013_T2_axial.dcm,1013_T2_axial.dcm,6041306.0,,copy,MRI,10.0,M13,XNAT copy,False,dropbox,,,,,,,,,,,,,,,,,,,,,,,,,,,,,,,,,,,,,,,,,,,,,,,,,,,,,,,,,
Dropbox:MultiModal/LungTumor/MRI/XNAT/mouse13/week9/13.dcm,File,Dropbox,MultiModal/LungTumor/MRI/XNAT/mouse13/week9/13.dcm,13.dcm,6041174.0,,copy,MRI,9.0,M13,XNAT copy,False,dropbox,,,,,,,,,,,,,,,,,,,,,,,,,,,,,,,,,,,,,,,,,,,,,,,,,,,,,,,,,
Dropbox:MultiModal/LungTumor/MRI/XNAT/mouse13/week7/13.dcm,File,Dropbox,MultiModal/LungTumor/MRI/XNAT/mouse13/week7/13.dcm,13.dcm,6041174.0,,copy,MRI,7.0,M13,XNAT copy,False,dropbox,,,,,,,,,,,,,,,,,,,,,,,,,,,,,,,,,,,,,,,,,,,,,,,,,,,,,,,,,
Dropbox:MultiModal/LungTumor/MRI/XNAT/mouse13/week8/13.dcm,File,Dropbox,MultiModal/LungTumor/MRI/XNAT/mouse13/week8/13.dcm,13.dcm,6041174.0,,copy,MRI,8.0,M13,XNAT copy,False,dropbox,,,,,,,,,,,,,,,,,,,,,,,,,,,,,,,,,,,,,,,,,,,,,,,,,,,,,,,,,
Dropbox:MultiModal/LungTumor/MRI/XNAT/mouse13/week13/13.dcm,File,Dropbox,MultiModal/LungTumor/MRI/XNAT/mouse13/week13/13.dcm,13.dcm,6041174.0,,copy,MRI,13.0,M13,XNAT copy,False,dropbox,,,,,,,,,,,,,,,,,,,,,,,,,,,,,,,,,,,,,,,,,,,,,,,,,,,,,,,,,
Dropbox:MultiModal/LungTumor/MRI/XNAT/mouse13/week14/13.dcm,File,Dropbox,MultiModal/LungTumor/MRI/XNAT/mouse13/week14/13.dcm,13.dcm,6041180.0,,copy,MRI,14.0,M13,XNAT copy,False,dropbox,,,,,,,,,,,,,,,,,,,,,,,,,,,,,,,,,,,,,,,,,,,,,,,,,,,,,,,,,
Dropbox:MultiModal/LungTumor/MRI/XNAT/mouse18/week12/18.dcm,File,Dropbox,MultiModal/LungTumor/MRI/XNAT/mouse18/week12/18.dcm,18.dcm,5253456.0,,copy,MRI,12.0,M18,XNAT copy,False,dropbox,,,,,,,,,,,,,,,,,,,,,,,,,,,,,,,,,,,,,,,,,,,,,,,,,,,,,,,,,
Dropbox:MultiModal/LungTumor/MRI/XNAT/mouse18/week11/18.dcm,File,Dropbox,MultiModal/LungTumor/MRI/XNAT/mouse18/week11/18.dcm,18.dcm,6041172.0,,copy,MRI,11.0,M18,XNAT copy,False,dropbox,,,,,,,,,,,,,,,,,,,,,,,,,,,,,,,,,,,,,,,,,,,,,,,,,,,,,,,,,
Dropbox:MultiModal/LungTumor/MRI/XNAT/mouse18/week6/18.dcm,File,Dropbox,MultiModal/LungTumor/MRI/XNAT/mouse18/week6/18.dcm,18.dcm,6041174.0,,copy,MRI,6.0,M18,XNAT copy,False,dropbox,,,,,,,,,,,,,,,,,,,,,,,,,,,,,,,,,,,,,,,,,,,,,,,,,,,,,,,,,
Dropbox:MultiModal/LungTumor/MRI/XNAT/mouse18/week9/18.dcm,File,Dropbox,MultiModal/LungTumor/MRI/XNAT/mouse18/week9/18.dcm,18.dcm,6041174.0,,copy,MRI,9.0,M18,XNAT copy,False,dropbox,,,,,,,,,,,,,,,,,,,,,,,,,,,,,,,,,,,,,,,,,,,,,,,,,,,,,,,,,
Dropbox:MultiModal/LungTumor/MRI/XNAT/mouse18/week7/18.dcm,File,Dropbox,MultiModal/LungTumor/MRI/XNAT/mouse18/week7/18.dcm,18.dcm,6041306.0,,copy,MRI,7.0,M18,XNAT copy,False,dropbox,,,,,,,,,,,,,,,,,,,,,,,,,,,,,,,,,,,,,,,,,,,,,,,,,,,,,,,,,
Dropbox:MultiModal/LungTumor/MRI/XNAT/mouse18/week8/18.dcm,File,Dropbox,MultiModal/LungTumor/MRI/XNAT/mouse18/week8/18.dcm,18.dcm,6041170.0,,copy,MRI,8.0,M18,XNAT copy,False,dropbox,,,,,,,,,,,,,,,,,,,,,,,,,,,,,,,,,,,,,,,,,,,,,,,,,,,,,,,,,
Dropbox:MultiModal/LungTumor/MRI/XNAT/mouse18/week13/18.dcm,File,Dropbox,MultiModal/LungTumor/MRI/XNAT/mouse18/week13/18.dcm,18.dcm,6041174.0,,copy,MRI,13.0,M18,XNAT copy,False,dropbox,,,,,,,,,,,,,,,,,,,,,,,,,,,,,,,,,,,,,,,,,,,,,,,,,,,,,,,,,
Dropbox:MultiModal/LungTumor/MRI/XNAT/mouse18/week14/18.dcm,File,Dropbox,MultiModal/LungTumor/MRI/XNAT/mouse18/week14/18.dcm,18.dcm,6041174.0,,copy,MRI,14.0,M18,XNAT copy,False,dropbox,,,,,,,,,,,,,,,,,,,,,,,,,,,,,,,,,,,,,,,,,,,,,,,,,,,,,,,,,
Dropbox:MultiModal/LungTumor/MRI/DragonflyROIs/roi-13-week10.ORSObject,File,Dropbox,MultiModal/LungTumor/MRI/DragonflyROIs/roi-13-week10.ORSObject,roi-13-week10.ORSObject,6490.0,,derived,MRI,10.0,M13,Dragonfly tumor ROI,False,dropbox,,,,,,,,,,,,,,,,,,,,,,,,,,,,,,,,,,,,,,,,,,,,,,,,,,,,,,,,,
Dropbox:MultiModal/LungTumor/MRI/DragonflyROIs/roi-13-week7.ORSObject,File,Dropbox,MultiModal/LungTumor/MRI/DragonflyROIs/roi-13-week7.ORSObject,roi-13-week7.ORSObject,5243.0,,derived,MRI,7.0,M13,Dragonfly tumor ROI,False,dropbox,,,,,,,,,,,,,,,,,,,,,,,,,,,,,,,,,,,,,,,,,,,,,,,,,,,,,,,,,
Dropbox:MultiModal/LungTumor/MRI/DragonflyROIs/roi-14-week8.ORSObject,File,Dropbox,MultiModal/LungTumor/MRI/DragonflyROIs/roi-14-week8.ORSObject,roi-14-week8.ORSObject,20522.0,,derived,MRI,8.0,M14,Dragonfly tumor ROI,False,dropbox,,,,,,,,,,,,,,,,,,,,,,,,,,,,,,,,,,,,,,,,,,,,,,,,,,,,,,,,,
Dropbox:MultiModal/LungTumor/MRI/DragonflyROIs/roi-14-week13.ORSObject,File,Dropbox,MultiModal/LungTumor/MRI/DragonflyROIs/roi-14-week13.ORSObject,roi-14-week13.ORSObject,27914.0,,derived,MRI,13.0,M14,Dragonfly tumor ROI,False,dropbox,,,,,,,,,,,,,,,,,,,,,,,,,,,,,,,,,,,,,,,,,,,,,,,,,,,,,,,,,
Dropbox:MultiModal/LungTumor/MRI/DragonflyROIs/roi-15-week9.ORSObject,File,Dropbox,MultiModal/LungTumor/MRI/DragonflyROIs/roi-15-week9.ORSObject,roi-15-week9.ORSObject,21131.0,,derived,MRI,9.0,M15,Dragonfly tumor ROI,False,dropbox,,,,,,,,,,,,,,,,,,,,,,,,,,,,,,,,,,,,,,,,,,,,,,,,,,,,,,,,,
Dropbox:MultiModal/LungTumor/MRI/DragonflyROIs/roi-11-week11.ORSObject,File,Dropbox,MultiModal/LungTumor/MRI/DragonflyROIs/roi-11-week11.ORSObject,roi-11-week11.ORSObject,20566.0,,derived,MRI,11.0,M11,Dragonfly tumor ROI,False,dropbox,,,,,,,,,,,,,,,,,,,,,,,,,,,,,,,,,,,,,,,,,,,,,,,,,,,,,,,,,
Dropbox:MultiModal/LungTumor/MRI/DragonflyROIs/roi-10-week9.ORSObject,File,Dropbox,MultiModal/LungTumor/MRI/DragonflyROIs/roi-10-week9.ORSObject,roi-10-week9.ORSObject,25236.0,,derived,MRI,9.0,M10,Dragonfly tumor ROI,False,dropbox,,,,,,,,,,,,,,,,,,,,,,,,,,,,,,,,,,,,,,,,,,,,,,,,,,,,,,,,,
Dropbox:MultiModal/LungTumor/MRI/DragonflyROIs/roi-12-week6.ORSObject,File,Dropbox,MultiModal/LungTumor/MRI/DragonflyROIs/roi-12-week6.ORSObject,roi-12-week6.ORSObject,4917.0,,derived,MRI,6.0,M12,Dragonfly tumor ROI,False,dropbox,,,,,,,,,,,,,,,,,,,,,,,,,,,,,,,,,,,,,,,,,,,,,,,,,,,,,,,,,
Dropbox:MultiModal/LungTumor/MRI/DragonflyROIs/roi-19-week8.ORSObject,File,Dropbox,MultiModal/LungTumor/MRI/DragonflyROIs/roi-19-week8.ORSObject,roi-19-week8.ORSObject,19890.0,,derived,MRI,8.0,M19,Dragonfly tumor ROI,False,dropbox,,,,,,,,,,,,,,,,,,,,,,,,,,,,,,,,,,,,,,,,,,,,,,,,,,,,,,,,,
Dropbox:MultiModal/LungTumor/MRI/DragonflyROIs/roi-12-week13.ORSObject,File,Dropbox,MultiModal/LungTumor/MRI/DragonflyROIs/roi-12-week13.ORSObject,roi-12-week13.ORSObject,22278.0,,derived,MRI,13.0,M12,Dragonfly tumor ROI,False,dropbox,,,,,,,,,,,,,,,,,,,,,,,,,,,,,,,,,,,,,,,,,,,,,,,,,,,,,,,,,
Dropbox:MultiModal/LungTumor/MRI/DragonflyROIs/roi-17-week8.ORSObject,File,Dropbox,MultiModal/LungTumor/MRI/DragonflyROIs/roi-17-week8.ORSObject,roi-17-week8.ORSObject,19675.0,,derived,MRI,8.0,M17,Dragonfly tumor ROI,False,dropbox,,,,,,,,,,,,,,,,,,,,,,,,,,,,,,,,,,,,,,,,,,,,,,,,,,,,,,,,,
Dropbox:MultiModal/LungTumor/MRI/DragonflyROIs/roi-12-week12.ORSObject,File,Dropbox,MultiModal/LungTumor/MRI/DragonflyROIs/roi-12-week12.ORSObject,roi-12-week12.ORSObject,20283.0,,derived,MRI,12.0,M12,Dragonfly tumor ROI,False,dropbox,,,,,,,,,,,,,,,,,,,,,,,,,,,,,,,,,,,,,,,,,,,,,,,,,,,,,,,,,
Dropbox:MultiModal/LungTumor/MRI/DragonflyROIs/roi-13-week14.ORSObject,File,Dropbox,MultiModal/LungTumor/MRI/DragonflyROIs/roi-13-week14.ORSObject,roi-13-week14.ORSObject,87792.0,,derived,MRI,14.0,M13,Dragonfly tumor ROI,False,dropbox,,,,,,,,,,,,,,,,,,,,,,,,,,,,,,,,,,,,,,,,,,,,,,,,,,,,,,,,,
Dropbox:MultiModal/LungTumor/MRI/DragonflyROIs/roi-12-week7.ORSObject,File,Dropbox,MultiModal/LungTumor/MRI/DragonflyROIs/roi-12-week7.ORSObject,roi-12-week7.ORSObject,19683.0,,derived,MRI,7.0,M12,Dragonfly tumor ROI,False,dropbox,,,,,,,,,,,,,,,,,,,,,,,,,,,,,,,,,,,,,,,,,,,,,,,,,,,,,,,,,
Dropbox:MultiModal/LungTumor/MRI/DragonflyROIs/roi-14-week11.ORSObject,File,Dropbox,MultiModal/LungTumor/MRI/DragonflyROIs/roi-14-week11.ORSObject,roi-14-week11.ORSObject,5820.0,,derived,MRI,11.0,M14,Dragonfly tumor ROI,False,dropbox,,,,,,,,,,,,,,,,,,,,,,,,,,,,,,,,,,,,,,,,,,,,,,,,,,,,,,,,,
Dropbox:MultiModal/LungTumor/MRI/DragonflyROIs/roi-11-week8.ORSObject,File,Dropbox,MultiModal/LungTumor/MRI/DragonflyROIs/roi-11-week8.ORSObject,roi-11-week8.ORSObject,20272.0,,derived,MRI,8.0,M11,Dragonfly tumor ROI,False,dropbox,,,,,,,,,,,,,,,,,,,,,,,,,,,,,,,,,,,,,,,,,,,,,,,,,,,,,,,,,
Dropbox:MultiModal/LungTumor/MRI/DragonflyROIs/roi-14-week14.ORSObject,File,Dropbox,MultiModal/LungTumor/MRI/DragonflyROIs/roi-14-week14.ORSObject,roi-14-week14.ORSObject,41914.0,,derived,MRI,14.0,M14,Dragonfly tumor ROI,False,dropbox,,,,,,,,,,,,,,,,,,,,,,,,,,,,,,,,,,,,,,,,,,,,,,,,,,,,,,,,,
Dropbox:MultiModal/LungTumor/MRI/DragonflyROIs/roi-15-week11.ORSObject,File,Dropbox,MultiModal/LungTumor/MRI/DragonflyROIs/roi-15-week11.ORSObject,roi-15-week11.ORSObject,25693.0,,derived,MRI,11.0,M15,Dragonfly tumor ROI,False,dropbox,,,,,,,,,,,,,,,,,,,,,,,,,,,,,,,,,,,,,,,,,,,,,,,,,,,,,,,,,
Dropbox:MultiModal/LungTumor/MRI/DragonflyROIs/roi-14-week6.ORSObject,File,Dropbox,MultiModal/LungTumor/MRI/DragonflyROIs/roi-14-week6.ORSObject,roi-14-week6.ORSObject,19971.0,,derived,MRI,6.0,M14,Dragonfly tumor ROI,False,dropbox,,,,,,,,,,,,,,,,,,,,,,,,,,,,,,,,,,,,,,,,,,,,,,,,,,,,,,,,,
Dropbox:MultiModal/LungTumor/MRI/DragonflyROIs/roi-14-week7.ORSObject,File,Dropbox,MultiModal/LungTumor/MRI/DragonflyROIs/roi-14-week7.ORSObject,roi-14-week7.ORSObject,20112.0,,derived,MRI,7.0,M14,Dragonfly tumor ROI,False,dropbox,,,,,,,,,,,,,,,,,,,,,,,,,,,,,,,,,,,,,,,,,,,,,,,,,,,,,,,,,
Dropbox:MultiModal/LungTumor/MRI/DragonflyROIs/roi-14-week9.ORSObject,File,Dropbox,MultiModal/LungTumor/MRI/DragonflyROIs/roi-14-week9.ORSObject,roi-14-week9.ORSObject,21405.0,,derived,MRI,9.0,M14,Dragonfly tumor ROI,False,dropbox,,,,,,,,,,,,,,,,,,,,,,,,,,,,,,,,,,,,,,,,,,,,,,,,,,,,,,,,,
Dropbox:MultiModal/LungTumor/MRI/DragonflyROIs/roi-10-week8.ORSObject,File,Dropbox,MultiModal/LungTumor/MRI/DragonflyROIs/roi-10-week8.ORSObject,roi-10-week8.ORSObject,21784.0,,derived,MRI,8.0,M10,Dragonfly tumor ROI,False,dropbox,,,,,,,,,,,,,,,,,,,,,,,,,,,,,,,,,,,,,,,,,,,,,,,,,,,,,,,,,
Dropbox:MultiModal/LungTumor/MRI/DragonflyROIs/roi-17-week12.ORSObject,File,Dropbox,MultiModal/LungTumor/MRI/DragonflyROIs/roi-17-week12.ORSObject,roi-17-week12.ORSObject,20595.0,,derived,MRI,12.0,M17,Dragonfly tumor ROI,False,dropbox,,,,,,,,,,,,,,,,,,,,,,,,,,,,,,,,,,,,,,,,,,,,,,,,,,,,,,,,,
Dropbox:MultiModal/LungTumor/MRI/DragonflyROIs/roi-13-week9.ORSObject,File,Dropbox,MultiModal/LungTumor/MRI/DragonflyROIs/roi-13-week9.ORSObject,roi-13-week9.ORSObject,5992.0,,derived,MRI,9.0,M13,Dragonfly tumor ROI,False,dropbox,,,,,,,,,,,,,,,,,,,,,,,,,,,,,,,,,,,,,,,,,,,,,,,,,,,,,,,,,
Dropbox:MultiModal/LungTumor/MRI/DragonflyROIs/roi-19-week11.ORSObject,File,Dropbox,MultiModal/LungTumor/MRI/DragonflyROIs/roi-19-week11.ORSObject,roi-19-week11.ORSObject,25329.0,,derived,MRI,11.0,M19,Dragonfly tumor ROI,False,dropbox,,,,,,,,,,,,,,,,,,,,,,,,,,,,,,,,,,,,,,,,,,,,,,,,,,,,,,,,,
Dropbox:MultiModal/LungTumor/MRI/DragonflyROIs/roi-19-week9.ORSObject,File,Dropbox,MultiModal/LungTumor/MRI/DragonflyROIs/roi-19-week9.ORSObject,roi-19-week9.ORSObject,21278.0,,derived,MRI,9.0,M19,Dragonfly tumor ROI,False,dropbox,,,,,,,,,,,,,,,,,,,,,,,,,,,,,,,,,,,,,,,,,,,,,,,,,,,,,,,,,
Dropbox:MultiModal/LungTumor/MRI/DragonflyROIs/roi-17-week11.ORSObject,File,Dropbox,MultiModal/LungTumor/MRI/DragonflyROIs/roi-17-week11.ORSObject,roi-17-week11.ORSObject,21870.0,,derived,MRI,11.0,M17,Dragonfly tumor ROI,False,dropbox,,,,,,,,,,,,,,,,,,,,,,,,,,,,,,,,,,,,,,,,,,,,,,,,,,,,,,,,,
Dropbox:MultiModal/LungTumor/MRI/DragonflyROIs/roi-13-week12.ORSObject,File,Dropbox,MultiModal/LungTumor/MRI/DragonflyROIs/roi-13-week12.ORSObject,roi-13-week12.ORSObject,21417.0,,derived,MRI,12.0,M13,Dragonfly tumor ROI,False,dropbox,,,,,,,,,,,,,,,,,,,,,,,,,,,,,,,,,,,,,,,,,,,,,,,,,,,,,,,,,
Dropbox:MultiModal/LungTumor/MRI/DragonflyROIs/roi-12-week14-small.ORSObject,File,Dropbox,MultiModal/LungTumor/MRI/DragonflyROIs/roi-12-week14-small.ORSObject,roi-12-week14-small.ORSObject,80202.0,,derived,MRI,14.0,M12,Dragonfly tumor ROI,False,dropbox,,,,,,,,,,,,,,,,,,,,,,,,,,,,,,,,,,,,,,,,,,,,,,,,,,,,,,,,,
Dropbox:MultiModal/LungTumor/MRI/DragonflyROIs/roi-10-week11.ORSObject,File,Dropbox,MultiModal/LungTumor/MRI/DragonflyROIs/roi-10-week11.ORSObject,roi-10-week11.ORSObject,2330658.0,,derived,MRI,11.0,M10,Dragonfly tumor ROI,False,dropbox,,,,,,,,,,,,,,,,,,,,,,,,,,,,,,,,,,,,,,,,,,,,,,,,,,,,,,,,,
Dropbox:MultiModal/LungTumor/MRI/DragonflyROIs/roi-10-week6.ORSObject,File,Dropbox,MultiModal/LungTumor/MRI/DragonflyROIs/roi-10-week6.ORSObject,roi-10-week6.ORSObject,20124.0,,derived,MRI,6.0,M10,Dragonfly tumor ROI,False,dropbox,,,,,,,,,,,,,,,,,,,,,,,,,,,,,,,,,,,,,,,,,,,,,,,,,,,,,,,,,
Dropbox:MultiModal/LungTumor/MRI/DragonflyROIs/roi-10-week12.ORSObject,File,Dropbox,MultiModal/LungTumor/MRI/DragonflyROIs/roi-10-week12.ORSObject,roi-10-week12.ORSObject,107698.0,,derived,MRI,12.0,M10,Dragonfly tumor ROI,False,dropbox,,,,,,,,,,,,,,,,,,,,,,,,,,,,,,,,,,,,,,,,,,,,,,,,,,,,,,,,,
Dropbox:MultiModal/LungTumor/MRI/DragonflyROIs/roi-12-week14.ORSObject,File,Dropbox,MultiModal/LungTumor/MRI/DragonflyROIs/roi-12-week14.ORSObject,roi-12-week14.ORSObject,104712.0,,derived,MRI,14.0,M12,Dragonfly tumor ROI,False,dropbox,,,,,,,,,,,,,,,,,,,,,,,,,,,,,,,,,,,,,,,,,,,,,,,,,,,,,,,,,
Dropbox:MultiModal/LungTumor/MRI/DragonflyROIs/roi-12-week8.ORSObject,File,Dropbox,MultiModal/LungTumor/MRI/DragonflyROIs/roi-12-week8.ORSObject,roi-12-week8.ORSObject,5190.0,,derived,MRI,8.0,M12,Dragonfly tumor ROI,False,dropbox,,,,,,,,,,,,,,,,,,,,,,,,,,,,,,,,,,,,,,,,,,,,,,,,,,,,,,,,,
Dropbox:MultiModal/LungTumor/MRI/DragonflyROIs/roi-13-week13.ORSObject,File,Dropbox,MultiModal/LungTumor/MRI/DragonflyROIs/roi-13-week13.ORSObject,roi-13-week13.ORSObject,106895.0,,derived,MRI,13.0,M13,Dragonfly tumor ROI,False,dropbox,,,,,,,,,,,,,,,,,,,,,,,,,,,,,,,,,,,,,,,,,,,,,,,,,,,,,,,,,
Dropbox:MultiModal/LungTumor/MRI/DragonflyROIs/roi-15-week8.ORSObject,File,Dropbox,MultiModal/LungTumor/MRI/DragonflyROIs/roi-15-week8.ORSObject,roi-15-week8.ORSObject,20865.0,,derived,MRI,8.0,M15,Dragonfly tumor ROI,False,dropbox,,,,,,,,,,,,,,,,,,,,,,,,,,,,,,,,,,,,,,,,,,,,,,,,,,,,,,,,,
Dropbox:MultiModal/LungTumor/MRI/DragonflyROIs/roi-11-week9.ORSObject,File,Dropbox,MultiModal/LungTumor/MRI/DragonflyROIs/roi-11-week9.ORSObject,roi-11-week9.ORSObject,19945.0,,derived,MRI,9.0,M11,Dragonfly tumor ROI,False,dropbox,,,,,,,,,,,,,,,,,,,,,,,,,,,,,,,,,,,,,,,,,,,,,,,,,,,,,,,,,
Dropbox:MultiModal/LungTumor/MRI/DragonflyROIs/roi-12-week11.ORSObject,File,Dropbox,MultiModal/LungTumor/MRI/DragonflyROIs/roi-12-week11.ORSObject,roi-12-week11.ORSObject,20265.0,,derived,MRI,11.0,M12,Dragonfly tumor ROI,False,dropbox,,,,,,,,,,,,,,,,,,,,,,,,,,,,,,,,,,,,,,,,,,,,,,,,,,,,,,,,,
Dropbox:MultiModal/LungTumor/MRI/DragonflyROIs/roi-10-week13.ORSObject,File,Dropbox,MultiModal/LungTumor/MRI/DragonflyROIs/roi-10-week13.ORSObject,roi-10-week13.ORSObject,66036.0,,derived,MRI,13.0,M10,Dragonfly tumor ROI,False,dropbox,,,,,,,,,,,,,,,,,,,,,,,,,,,,,,,,,,,,,,,,,,,,,,,,,,,,,,,,,
Dropbox:MultiModal/LungTumor/MRI/DragonflyROIs/roi-10-week14.ORSObject,File,Dropbox,MultiModal/LungTumor/MRI/DragonflyROIs/roi-10-week14.ORSObject,roi-10-week14.ORSObject,75249.0,,derived,MRI,14.0,M10,Dragonfly tumor ROI,False,dropbox,,,,,,,,,,,,,,,,,,,,,,,,,,,,,,,,,,,,,,,,,,,,,,,,,,,,,,,,,
Dropbox:MultiModal/LungTumor/MRI/DragonflyROIs/roi-15-week13.ORSObject,File,Dropbox,MultiModal/LungTumor/MRI/DragonflyROIs/roi-15-week13.ORSObject,roi-15-week13.ORSObject,31270.0,,derived,MRI,13.0,M15,Dragonfly tumor ROI,False,dropbox,,,,,,,,,,,,,,,,,,,,,,,,,,,,,,,,,,,,,,,,,,,,,,,,,,,,,,,,,
Dropbox:MultiModal/LungTumor/MRI/DragonflyROIs/roi-12-week9.ORSObject,File,Dropbox,MultiModal/LungTumor/MRI/DragonflyROIs/roi-12-week9.ORSObject,roi-12-week9.ORSObject,20107.0,,derived,MRI,9.0,M12,Dragonfly tumor ROI,False,dropbox,,,,,,,,,,,,,,,,,,,,,,,,,,,,,,,,,,,,,,,,,,,,,,,,,,,,,,,,,
Dropbox:MultiModal/LungTumor/MRI/DragonflyROIs/roi-19-week14.ORSObject,File,Dropbox,MultiModal/LungTumor/MRI/DragonflyROIs/roi-19-week14.ORSObject,roi-19-week14.ORSObject,43818.0,,derived,MRI,14.0,M19,Dragonfly tumor ROI,False,dropbox,,,,,,,,,,,,,,,,,,,,,,,,,,,,,,,,,,,,,,,,,,,,,,,,,,,,,,,,,
Dropbox:MultiModal/LungTumor/MRI/DragonflyROIs/roi-11-week14.ORSObject,File,Dropbox,MultiModal/LungTumor/MRI/DragonflyROIs/roi-11-week14.ORSObject,roi-11-week14.ORSObject,27124.0,,derived,MRI,14.0,M11,Dragonfly tumor ROI,False,dropbox,,,,,,,,,,,,,,,,,,,,,,,,,,,,,,,,,,,,,,,,,,,,,,,,,,,,,,,,,
Dropbox:MultiModal/LungTumor/MRI/DragonflyROIs/roi-13-week8.ORSObject,File,Dropbox,MultiModal/LungTumor/MRI/DragonflyROIs/roi-13-week8.ORSObject,roi-13-week8.ORSObject,22107.0,,derived,MRI,8.0,M13,Dragonfly tumor ROI,False,dropbox,,,,,,,,,,,,,,,,,,,,,,,,,,,,,,,,,,,,,,,,,,,,,,,,,,,,,,,,,
Dropbox:MultiModal/LungTumor/MRI/DragonflyROIs/roi-13-week11-small.ORSObject,File,Dropbox,MultiModal/LungTumor/MRI/DragonflyROIs/roi-13-week11-small.ORSObject,roi-13-week11-small.ORSObject,60369.0,,derived,MRI,11.0,M13,Dragonfly tumor ROI,False,dropbox,,,,,,,,,,,,,,,,,,,,,,,,,,,,,,,,,,,,,,,,,,,,,,,,,,,,,,,,,
Dropbox:MultiModal/LungTumor/MRI/DragonflyROIs/roi-17-week14.ORSObject,File,Dropbox,MultiModal/LungTumor/MRI/DragonflyROIs/roi-17-week14.ORSObject,roi-17-week14.ORSObject,23074.0,,derived,MRI,14.0,M17,Dragonfly tumor ROI,False,dropbox,,,,,,,,,,,,,,,,,,,,,,,,,,,,,,,,,,,,,,,,,,,,,,,,,,,,,,,,,
Dropbox:MultiModal/LungTumor/MRI/DragonflyROIs/roi-15-week14.ORSObject,File,Dropbox,MultiModal/LungTumor/MRI/DragonflyROIs/roi-15-week14.ORSObject,roi-15-week14.ORSObject,31886.0,,derived,MRI,14.0,M15,Dragonfly tumor ROI,False,dropbox,,,,,,,,,,,,,,,,,,,,,,,,,,,,,,,,,,,,,,,,,,,,,,,,,,,,,,,,,
Dropbox:MultiModal/LungTumor/MRI/DragonflyROIs/roi-15-week12.ORSObject,File,Dropbox,MultiModal/LungTumor/MRI/DragonflyROIs/roi-15-week12.ORSObject,roi-15-week12.ORSObject,25622.0,,derived,MRI,12.0,M15,Dragonfly tumor ROI,False,dropbox,,,,,,,,,,,,,,,,,,,,,,,,,,,,,,,,,,,,,,,,,,,,,,,,,,,,,,,,,
Dropbox:MultiModal/LungTumor/MRI/DragonflyROIs/roi-17-week13.ORSObject,File,Dropbox,MultiModal/LungTumor/MRI/DragonflyROIs/roi-17-week13.ORSObject,roi-17-week13.ORSObject,20694.0,,derived,MRI,13.0,M17,Dragonfly tumor ROI,False,dropbox,,,,,,,,,,,,,,,,,,,,,,,,,,,,,,,,,,,,,,,,,,,,,,,,,,,,,,,,,
Dropbox:MultiModal/LungTumor/MRI/DragonflyROIs/roi-11-week7.ORSObject,File,Dropbox,MultiModal/LungTumor/MRI/DragonflyROIs/roi-11-week7.ORSObject,roi-11-week7.ORSObject,19648.0,,derived,MRI,7.0,M11,Dragonfly tumor ROI,False,dropbox,,,,,,,,,,,,,,,,,,,,,,,,,,,,,,,,,,,,,,,,,,,,,,,,,,,,,,,,,
Dropbox:MultiModal/LungTumor/MRI/DragonflyROIs/roi-15-week7.ORSObject,File,Dropbox,MultiModal/LungTumor/MRI/DragonflyROIs/roi-15-week7.ORSObject,roi-15-week7.ORSObject,21579.0,,derived,MRI,7.0,M15,Dragonfly tumor ROI,False,dropbox,,,,,,,,,,,,,,,,,,,,,,,,,,,,,,,,,,,,,,,,,,,,,,,,,,,,,,,,,
Dropbox:MultiModal/LungTumor/MRI/DragonflyROIs/roi-11-week12.ORSObject,File,Dropbox,MultiModal/LungTumor/MRI/DragonflyROIs/roi-11-week12.ORSObject,roi-11-week12.ORSObject,21859.0,,derived,MRI,12.0,M11,Dragonfly tumor ROI,False,dropbox,,,,,,,,,,,,,,,,,,,,,,,,,,,,,,,,,,,,,,,,,,,,,,,,,,,,,,,,,
Dropbox:MultiModal/LungTumor/MRI/DragonflyROIs/roi-19-week13.ORSObject,File,Dropbox,MultiModal/LungTumor/MRI/DragonflyROIs/roi-19-week13.ORSObject,roi-19-week13.ORSObject,32123.0,,derived,MRI,13.0,M19,Dragonfly tumor ROI,False,dropbox,,,,,,,,,,,,,,,,,,,,,,,,,,,,,,,,,,,,,,,,,,,,,,,,,,,,,,,,,
Dropbox:MultiModal/LungTumor/MRI/DragonflyROIs/roi-14-week12.ORSObject,File,Dropbox,MultiModal/LungTumor/MRI/DragonflyROIs/roi-14-week12.ORSObject,roi-14-week12.ORSObject,24633.0,,derived,MRI,12.0,M14,Dragonfly tumor ROI,False,dropbox,,,,,,,,,,,,,,,,,,,,,,,,,,,,,,,,,,,,,,,,,,,,,,,,,,,,,,,,,
Dropbox:MultiModal/LungTumor/MRI/DragonflyROIs/roi-13-week12-small.ORSObject,File,Dropbox,MultiModal/LungTumor/MRI/DragonflyROIs/roi-13-week12-small.ORSObject,roi-13-week12-small.ORSObject,9747.0,,derived,MRI,12.0,M13,Dragonfly tumor ROI,False,dropbox,,,,,,,,,,,,,,,,,,,,,,,,,,,,,,,,,,,,,,,,,,,,,,,,,,,,,,,,,
Dropbox:MultiModal/LungTumor/MRI/DragonflyROIs/roi-19-week12.ORSObject,File,Dropbox,MultiModal/LungTumor/MRI/DragonflyROIs/roi-19-week12.ORSObject,roi-19-week12.ORSObject,28065.0,,derived,MRI,12.0,M19,Dragonfly tumor ROI,False,dropbox,,,,,,,,,,,,,,,,,,,,,,,,,,,,,,,,,,,,,,,,,,,,,,,,,,,,,,,,,
Dropbox:MultiModal/LungTumor/MRI/DragonflyROIs/roi-17-week9.ORSObject,File,Dropbox,MultiModal/LungTumor/MRI/DragonflyROIs/roi-17-week9.ORSObject,roi-17-week9.ORSObject,20981.0,,derived,MRI,9.0,M17,Dragonfly tumor ROI,False,dropbox,,,,,,,,,,,,,,,,,,,,,,,,,,,,,,,,,,,,,,,,,,,,,,,,,,,,,,,,,
Dropbox:MultiModal/LungTumor/MRI/DragonflyROIs/roi-13-week11.ORSObject,File,Dropbox,MultiModal/LungTumor/MRI/DragonflyROIs/roi-13-week11.ORSObject,roi-13-week11.ORSObject,66385.0,,derived,MRI,11.0,M13,Dragonfly tumor ROI,False,dropbox,,,,,,,,,,,,,,,,,,,,,,,,,,,,,,,,,,,,,,,,,,,,,,,,,,,,,,,,,
Dropbox:MultiModal/LungTumor/MRI/DragonflyROIs/roi-19-week6.ORSObject,File,Dropbox,MultiModal/LungTumor/MRI/DragonflyROIs/roi-19-week6.ORSObject,roi-19-week6.ORSObject,19822.0,,derived,MRI,6.0,M19,Dragonfly tumor ROI,False,dropbox,,,,,,,,,,,,,,,,,,,,,,,,,,,,,,,,,,,,,,,,,,,,,,,,,,,,,,,,,
Dropbox:MultiModal/LungTumor/MRI/DragonflyROIs/roi-11-week13.ORSObject,File,Dropbox,MultiModal/LungTumor/MRI/DragonflyROIs/roi-11-week13.ORSObject,roi-11-week13.ORSObject,24905.0,,derived,MRI,13.0,M11,Dragonfly tumor ROI,False,dropbox,,,,,,,,,,,,,,,,,,,,,,,,,,,,,,,,,,,,,,,,,,,,,,,,,,,,,,,,,
Dropbox:MultiModal/LungTumor/MRI/DragonflyROIs/roi-10-week7.ORSObject,File,Dropbox,MultiModal/LungTumor/MRI/DragonflyROIs/roi-10-week7.ORSObject,roi-10-week7.ORSObject,20370.0,,derived,MRI,7.0,M10,Dragonfly tumor ROI,False,dropbox,,,,,,,,,,,,,,,,,,,,,,,,,,,,,,,,,,,,,,,,,,,,,,,,,,,,,,,,,
Dropbox:MultiModal/LungTumor/MRI/DragonflySessions/10.ORSSession,File,Dropbox,MultiModal/LungTumor/MRI/DragonflySessions/10.ORSSession,10.ORSSession,81717574.0,1.0,derived,MRI,,M10,Dragonfly session,False,dropbox,,,,,,,,,,,,,,,,,,,,,,,,,,,,,,,,,,,,,,,,,,,,,,,,,,,,,,,,,
Dropbox:MultiModal/LungTumor/MRI/DragonflySessions/10.ORSSession.ORSObject,File,Dropbox,MultiModal/LungTumor/MRI/DragonflySessions/10.ORSSession.ORSObject,10.ORSSession.ORSObject,26229.0,1.0,derived,MRI,,M10,Dragonfly session,False,dropbox,,,,,,,,,,,,,,,,,,,,,,,,,,,,,,,,,,,,,,,,,,,,,,,,,,,,,,,,,
Dropbox:MultiModal/LungTumor/MRI/DragonflySessions/11.ORSObject,File,Dropbox,MultiModal/LungTumor/MRI/DragonflySessions/11.ORSObject,11.ORSObject,20483.0,1.0,derived,MRI,,M11,Dragonfly session,False,dropbox,,,,,,,,,,,,,,,,,,,,,,,,,,,,,,,,,,,,,,,,,,,,,,,,,,,,,,,,,
Dropbox:MultiModal/LungTumor/MRI/DragonflySessions/11.ORSSession,File,Dropbox,MultiModal/LungTumor/MRI/DragonflySessions/11.ORSSession,11.ORSSession,79241245.0,1.0,derived,MRI,,M11,Dragonfly session,False,dropbox,,,,,,,,,,,,,,,,,,,,,,,,,,,,,,,,,,,,,,,,,,,,,,,,,,,,,,,,,
Dropbox:MultiModal/LungTumor/MRI/DragonflySessions/12.ORSSession,File,Dropbox,MultiModal/LungTumor/MRI/DragonflySessions/12.ORSSession,12.ORSSession,80148863.0,1.0,derived,MRI,,M12,Dragonfly session,False,dropbox,,,,,,,,,,,,,,,,,,,,,,,,,,,,,,,,,,,,,,,,,,,,,,,,,,,,,,,,,
Dropbox:MultiModal/LungTumor/MRI/DragonflySessions/13.ORSSession,File,Dropbox,MultiModal/LungTumor/MRI/DragonflySessions/13.ORSSession,13.ORSSession,91487775.0,1.0,derived,MRI,,M13,Dragonfly session,False,dropbox,,,,,,,,,,,,,,,,,,,,,,,,,,,,,,,,,,,,,,,,,,,,,,,,,,,,,,,,,
Dropbox:MultiModal/LungTumor/MRI/DragonflySessions/14.ORSSession,File,Dropbox,MultiModal/LungTumor/MRI/DragonflySessions/14.ORSSession,14.ORSSession,80622216.0,1.0,derived,MRI,,M14,Dragonfly session,False,dropbox,,,,,,,,,,,,,,,,,,,,,,,,,,,,,,,,,,,,,,,,,,,,,,,,,,,,,,,,,
Dropbox:MultiModal/LungTumor/MRI/DragonflySessions/15.ORSSession,File,Dropbox,MultiModal/LungTumor/MRI/DragonflySessions/15.ORSSession,15.ORSSession,79966003.0,1.0,derived,MRI,,M15,Dragonfly session,False,dropbox,,,,,,,,,,,,,,,,,,,,,,,,,,,,,,,,,,,,,,,,,,,,,,,,,,,,,,,,,
Dropbox:MultiModal/LungTumor/MRI/DragonflySessions/17.ORSSession,File,Dropbox,MultiModal/LungTumor/MRI/DragonflySessions/17.ORSSession,17.ORSSession,79611612.0,1.0,derived,MRI,,M17,Dragonfly session,False,dropbox,,,,,,,,,,,,,,,,,,,,,,,,,,,,,,,,,,,,,,,,,,,,,,,,,,,,,,,,,
Dropbox:MultiModal/LungTumor/MRI/DragonflySessions/19.ORSSession,File,Dropbox,MultiModal/LungTumor/MRI/DragonflySessions/19.ORSSession,19.ORSSession,79460364.0,1.0,derived,MRI,,M19,Dragonfly session,False,dropbox,,,,,,,,,,,,,,,,,,,,,,,,,,,,,,,,,,,,,,,,,,,,,,,,,,,,,,,,,
Dropbox:MultiModal/LungTumor/MRI/DragonflySessions/m10_wk10,Folder,Dropbox,MultiModal/LungTumor/MRI/DragonflySessions/m10_wk10,m10_wk10,2631760.0,40.0,derived,MRI,10.0,M10,Dragonfly session slice stack,False,dropbox,,,,,,,,,,,,,,,,,,,,,,,,,,,,,,,,,,,,,,,,,,,,,,,,,,,,,,,,,
Dropbox:MultiModal/LungTumor/MRI/DragonflySessions/m10_wk13,Folder,Dropbox,MultiModal/LungTumor/MRI/DragonflySessions/m10_wk13,m10_wk13,3026524.0,46.0,derived,MRI,13.0,M10,Dragonfly session slice stack,False,dropbox,,,,,,,,,,,,,,,,,,,,,,,,,,,,,,,,,,,,,,,,,,,,,,,,,,,,,,,,,
Dropbox:MultiModal/LungTumor/MRI/DragonflySessions/m10_wk14,Folder,Dropbox,MultiModal/LungTumor/MRI/DragonflySessions/m10_wk14,m10_wk14,3026524.0,46.0,derived,MRI,14.0,M10,Dragonfly session slice stack,False,dropbox,,,,,,,,,,,,,,,,,,,,,,,,,,,,,,,,,,,,,,,,,,,,,,,,,,,,,,,,,
Dropbox:MultiModal/LungTumor/MRI/DragonflySessions/m11_wk6,Folder,Dropbox,MultiModal/LungTumor/MRI/DragonflySessions/m11_wk6,m11_wk6,3026524.0,46.0,derived,MRI,6.0,M11,Dragonfly session slice stack,False,dropbox,,,,,,,,,,,,,,,,,,,,,,,,,,,,,,,,,,,,,,,,,,,,,,,,,,,,,,,,,
Dropbox:MultiModal/LungTumor/MRI/DragonflySessions/m11_wk7,Folder,Dropbox,MultiModal/LungTumor/MRI/DragonflySessions/m11_wk7,m11_wk7,3026524.0,46.0,derived,MRI,7.0,M11,Dragonfly session slice stack,False,dropbox,,,,,,,,,,,,,,,,,,,,,,,,,,,,,,,,,,,,,,,,,,,,,,,,,,,,,,,,,
Dropbox:MultiModal/LungTumor/MRI/DragonflySessions/m11_wk8,Folder,Dropbox,MultiModal/LungTumor/MRI/DragonflySessions/m11_wk8,m11_wk8,3026524.0,46.0,derived,MRI,8.0,M11,Dragonfly session slice stack,False,dropbox,,,,,,,,,,,,,,,,,,,,,,,,,,,,,,,,,,,,,,,,,,,,,,,,,,,,,,,,,
Dropbox:MultiModal/LungTumor/MRI/LungTumorVolume.xlsx,File,Dropbox,MultiModal/LungTumor/MRI/LungTumorVolume.xlsx,LungTumorVolume.xlsx,16138.0,,result,MRI,,,,False,dropbox,,,,,,,,,,,,,,,,,,,,,,,,,,,,,,,,,,,,,,,,,,,,,,,,,,,,,,,,,
Dropbox:MultiModal/LungTumor/MRI/MRILungTumor.ijm,File,Dropbox,MultiModal/LungTumor/MRI/MRILungTumor.ijm,MRILungTumor.ijm,2771.0,,document,MRI,,,,False,dropbox,,,,,,,,,,,,,,,,,,,,,,,,,,,,,,,,,,,,,,,,,,,,,,,,,,,,,,,,,
Dropbox:MultiModal/LungTumor/MRI/MRI lung tumor workflow.pptx,File,Dropbox,MultiModal/LungTumor/MRI/MRI lung tumor workflow.pptx,MRI lung tumor workflow.pptx,271903.0,,document,MRI,,,,False,dropbox,,,,,,,,,,,,,,,,,,,,,,,,,,,,,,,,,,,,,,,,,,,,,,,,,,,,,,,,,
Dropbox:MultiModal/LungTumor/MRI/1013,File,Dropbox,MultiModal/LungTumor/MRI/1013,1013,1162380.0,,document,MRI,,,,False,dropbox,,,,,,,,,,,,,,,,,,,,,,,,,,,,,,,,,,,,,,,,,,,,,,,,,,,,,,,,,
Dropbox:MultiModal/LungTumor/MRI/LungTumorVolume.pptm,File,Dropbox,MultiModal/LungTumor/MRI/LungTumorVolume.pptm,LungTumorVolume.pptm,7996022.0,,document,MRI,,,,False,dropbox,,,,,,,,,,,,,,,,,,,,,,,,,,,,,,,,,,,,,,,,,,,,,,,,,,,,,,,,,
Dropbox:MultiModal/LungTumor/MRI/tree.out,File,Dropbox,MultiModal/LungTumor/MRI/tree.out,tree.out,29938896.0,,document,MRI,,,,False,dropbox,,,,,,,,,,,,,,,,,,,,,,,,,,,,,,,,,,,,,,,,,,,,,,,,,,,,,,,,,
Dropbox:MultiModal/LungTumor/IVIS/PNGfiles_allweeks_IVIS,Folder,Dropbox,MultiModal/LungTumor/IVIS/PNGfiles_allweeks_IVIS,PNGfiles_allweeks_IVIS,7953788.0,29.0,derived,IVIS,,,summary images,False,dropbox,,,,,,,,,,,,,,,,,,,,,,,,,,,,,,,,,,,,,,,,,,,,,,,,,,,,,,,,,
Dropbox:MultiModal/LungTumor/IVIS/baseline 01222024,Folder,Dropbox,MultiModal/LungTumor/IVIS/baseline 01222024,baseline 01222024,9343442.0,24.0,raw,IVIS,6.0,,"weekly session, all cages",False,dropbox,,,,,,,,,,,,,,,,,,,,,,,,,,,,,,,,,,,,,,,,,,,,,,,,,,,,,,,,,
Dropbox:MultiModal/LungTumor/IVIS/week 12_IVIS,Folder,Dropbox,MultiModal/LungTumor/IVIS/week 12_IVIS,week 12_IVIS,27637429.0,71.0,raw,IVIS,12.0,,"weekly session, all cages",False,dropbox,,,,,,,,,,,,,,,,,,,,,,,,,,,,,,,,,,,,,,,,,,,,,,,,,,,,,,,,,
Dropbox:MultiModal/LungTumor/IVIS/week 13_IVIS,Folder,Dropbox,MultiModal/LungTumor/IVIS/week 13_IVIS,week 13_IVIS,27637429.0,71.0,copy,IVIS,13.0,,contents identical to week 12; real week-13 images not found,False,dropbox,,,,,,,,,,,,,,,,,,,,,,,,,,,,,,,,,,,,,,,,,,,,,,,,,,,,,,,,,
Dropbox:MultiModal/LungTumor/IVIS/week10_IVIS,Folder,Dropbox,MultiModal/LungTumor/IVIS/week10_IVIS,week10_IVIS,39698420.0,102.0,raw,IVIS,10.0,,"weekly session, all cages",False,dropbox,,,,,,,,,,,,,,,,,,,,,,,,,,,,,,,,,,,,,,,,,,,,,,,,,,,,,,,,,
Dropbox:MultiModal/LungTumor/IVIS/week11_IVIS,Folder,Dropbox,MultiModal/LungTumor/IVIS/week11_IVIS,week11_IVIS,50758174.0,131.0,raw,IVIS,11.0,,"weekly session, all cages",False,dropbox,,,,,,,,,,,,,,,,,,,,,,,,,,,,,,,,,,,,,,,,,,,,,,,,,,,,,,,,,
Dropbox:MultiModal/LungTumor/IVIS/week14_IVIS,Folder,Dropbox,MultiModal/LungTumor/IVIS/week14_IVIS,week14_IVIS,23550126.0,54.0,raw,IVIS,14.0,,"weekly session, all cages",False,dropbox,,,,,,,,,,,,,,,,,,,,,,,,,,,,,,,,,,,,,,,,,,,,,,,,,,,,,,,,,
Dropbox:MultiModal/LungTumor/IVIS/week7_IVIS,Folder,Dropbox,MultiModal/LungTumor/IVIS/week7_IVIS,week7_IVIS,17923482.0,49.0,raw,IVIS,7.0,,"weekly session, all cages",False,dropbox,,,,,,,,,,,,,,,,,,,,,,,,,,,,,,,,,,,,,,,,,,,,,,,,,,,,,,,,,
Dropbox:MultiModal/LungTumor/IVIS/week8 IVIS,Folder,Dropbox,MultiModal/LungTumor/IVIS/week8 IVIS,week8 IVIS,22112372.0,64.0,raw,IVIS,8.0,,"weekly session, all cages",False,dropbox,,,,,,,,,,,,,,,,,,,,,,,,,,,,,,,,,,,,,,,,,,,,,,,,,,,,,,,,,
Dropbox:MultiModal/LungTumor/IVIS/week8_11_14_images,Folder,Dropbox,MultiModal/LungTumor/IVIS/week8_11_14_images,week8_11_14_images,1011051.0,6.0,derived,IVIS,,,summary images,False,dropbox,,,,,,,,,,,,,,,,,,,,,,,,,,,,,,,,,,,,,,,,,,,,,,,,,,,,,,,,,
Dropbox:MultiModal/LungTumor/IVIS/week9_IVIS,Folder,Dropbox,MultiModal/LungTumor/IVIS/week9_IVIS,week9_IVIS,46771978.0,126.0,raw,IVIS,9.0,,"weekly session, all cages",False,dropbox,,,,,,,,,,,,,,,,,,,,,,,,,,,,,,,,,,,,,,,,,,,,,,,,,,,,,,,,,
Dropbox:MultiModal/LungTumor/IVIS/baseline 01222024/Living Image files/SME20240122152900,Folder,Dropbox,MultiModal/LungTumor/IVIS/baseline 01222024/Living Image files/SME20240122152900,SME20240122152900,2629641.0,7.0,raw,IVIS,6.0,,Living Image sequence 2024-01-22 15:29,True,dropbox,,,,,,,,,,,,,,,,,,,,,,,,,,,,,,,,,,,,,,,,,,,,,,,,,,,,,,,,,
Dropbox:MultiModal/LungTumor/IVIS/baseline 01222024/Living Image files/SME20240122154353,Folder,Dropbox,MultiModal/LungTumor/IVIS/baseline 01222024/Living Image files/SME20240122154353,SME20240122154353,2744913.0,7.0,raw,IVIS,6.0,,Living Image sequence 2024-01-22 15:43,True,dropbox,,,,,,,,,,,,,,,,,,,,,,,,,,,,,,,,,,,,,,,,,,,,,,,,,,,,,,,,,
Dropbox:MultiModal/LungTumor/IVIS/baseline 01222024/Living Image files/SME20240122160513,Folder,Dropbox,MultiModal/LungTumor/IVIS/baseline 01222024/Living Image files/SME20240122160513,SME20240122160513,2746211.0,7.0,raw,IVIS,6.0,,Living Image sequence 2024-01-22 16:05,True,dropbox,,,,,,,,,,,,,,,,,,,,,,,,,,,,,,,,,,,,,,,,,,,,,,,,,,,,,,,,,
Dropbox:MultiModal/LungTumor/IVIS/week 12_IVIS/SME20240305145610,Folder,Dropbox,MultiModal/LungTumor/IVIS/week 12_IVIS/SME20240305145610,SME20240305145610,2612698.0,6.0,raw,IVIS,12.0,,Living Image sequence 2024-03-05 14:56,True,dropbox,,,,,,,,,,,,,,,,,,,,,,,,,,,,,,,,,,,,,,,,,,,,,,,,,,,,,,,,,
Dropbox:MultiModal/LungTumor/IVIS/week 12_IVIS/SME20240305145759,Folder,Dropbox,MultiModal/LungTumor/IVIS/week 12_IVIS/SME20240305145759,SME20240305145759,2714462.0,7.0,raw,IVIS,12.0,,Living Image sequence 2024-03-05 14:57,True,dropbox,,,,,,,,,,,,,,,,,,,,,,,,,,,,,,,,,,,,,,,,,,,,,,,,,,,,,,,,,
Dropbox:MultiModal/LungTumor/IVIS/week 12_IVIS/SME20240305150013,Folder,Dropbox,MultiModal/LungTumor/IVIS/week 12_IVIS/SME20240305150013,SME20240305150013,2608671.0,6.0,raw,IVIS,12.0,,Living Image sequence 2024-03-05 15:00,True,dropbox,,,,,,,,,,,,,,,,,,,,,,,,,,,,,,,,,,,,,,,,,,,,,,,,,,,,,,,,,
Dropbox:MultiModal/LungTumor/IVIS/week 12_IVIS/SME20240305150744,Folder,Dropbox,MultiModal/LungTumor/IVIS/week 12_IVIS/SME20240305150744,SME20240305150744,2713467.0,7.0,raw,IVIS,12.0,,Living Image sequence 2024-03-05 15:07,True,dropbox,,,,,,,,,,,,,,,,,,,,,,,,,,,,,,,,,,,,,,,,,,,,,,,,,,,,,,,,,
Dropbox:MultiModal/LungTumor/IVIS/week 12_IVIS/SME20240305151020,Folder,Dropbox,MultiModal/LungTumor/IVIS/week 12_IVIS/SME20240305151020,SME20240305151020,2748740.0,7.0,raw,IVIS,12.0,,Living Image sequence 2024-03-05 15:10,True,dropbox,,,,,,,,,,,,,,,,,,,,,,,,,,,,,,,,,,,,,,,,,,,,,,,,,,,,,,,,,
Dropbox:MultiModal/LungTumor/IVIS/week 12_IVIS/SME20240305151345,Folder,Dropbox,MultiModal/LungTumor/IVIS/week 12_IVIS/SME20240305151345,SME20240305151345,2740316.0,7.0,raw,IVIS,12.0,,Living Image sequence 2024-03-05 15:13,True,dropbox,,,,,,,,,,,,,,,,,,,,,,,,,,,,,,,,,,,,,,,,,,,,,,,,,,,,,,,,,
Dropbox:MultiModal/LungTumor/IVIS/week 12_IVIS/SME20240305151814,Folder,Dropbox,MultiModal/LungTumor/IVIS/week 12_IVIS/SME20240305151814,SME20240305151814,2740486.0,7.0,raw,IVIS,12.0,,Living Image sequence 2024-03-05 15:18,True,dropbox,,,,,,,,,,,,,,,,,,,,,,,,,,,,,,,,,,,,,,,,,,,,,,,,,,,,,,,,,
Dropbox:MultiModal/LungTumor/IVIS/week 12_IVIS/SME20240305153142,Folder,Dropbox,MultiModal/LungTumor/IVIS/week 12_IVIS/SME20240305153142,SME20240305153142,2733016.0,7.0,raw,IVIS,12.0,,Living Image sequence 2024-03-05 15:31,True,dropbox,,,,,,,,,,,,,,,,,,,,,,,,,,,,,,,,,,,,,,,,,,,,,,,,,,,,,,,,,
Dropbox:MultiModal/LungTumor/IVIS/week 12_IVIS/SME20240305153421,Folder,Dropbox,MultiModal/LungTumor/IVIS/week 12_IVIS/SME20240305153421,SME20240305153421,2732115.0,7.0,raw,IVIS,12.0,,Living Image sequence 2024-03-05 15:34,True,dropbox,,,,,,,,,,,,,,,,,,,,,,,,,,,,,,,,,,,,,,,,,,,,,,,,,,,,,,,,,
Dropbox:MultiModal/LungTumor/IVIS/week 12_IVIS/SME20240305153652,Folder,Dropbox,MultiModal/LungTumor/IVIS/week 12_IVIS/SME20240305153652,SME20240305153652,2746487.0,7.0,raw,IVIS,12.0,,Living Image sequence 2024-03-05 15:36,True,dropbox,,,,,,,,,,,,,,,,,,,,,,,,,,,,,,,,,,,,,,,,,,,,,,,,,,,,,,,,,
Dropbox:MultiModal/LungTumor/IVIS/week 13_IVIS/SME20240305145610,Folder,Dropbox,MultiModal/LungTumor/IVIS/week 13_IVIS/SME20240305145610,SME20240305145610,2612698.0,6.0,copy,IVIS,13.0,,Living Image sequence 2024-03-05 14:56,True,dropbox,,,,,,,,,,,,,,,,,,,,,,,,,,,,,,,,,,,,,,,,,,,,,,,,,,,,,,,,,
Dropbox:MultiModal/LungTumor/IVIS/week 13_IVIS/SME20240305145759,Folder,Dropbox,MultiModal/LungTumor/IVIS/week 13_IVIS/SME20240305145759,SME20240305145759,2714462.0,7.0,copy,IVIS,13.0,,Living Image sequence 2024-03-05 14:57,True,dropbox,,,,,,,,,,,,,,,,,,,,,,,,,,,,,,,,,,,,,,,,,,,,,,,,,,,,,,,,,
Dropbox:MultiModal/LungTumor/IVIS/week 13_IVIS/SME20240305150013,Folder,Dropbox,MultiModal/LungTumor/IVIS/week 13_IVIS/SME20240305150013,SME20240305150013,2608671.0,6.0,copy,IVIS,13.0,,Living Image sequence 2024-03-05 15:00,True,dropbox,,,,,,,,,,,,,,,,,,,,,,,,,,,,,,,,,,,,,,,,,,,,,,,,,,,,,,,,,
Dropbox:MultiModal/LungTumor/IVIS/week 13_IVIS/SME20240305150744,Folder,Dropbox,MultiModal/LungTumor/IVIS/week 13_IVIS/SME20240305150744,SME20240305150744,2713467.0,7.0,copy,IVIS,13.0,,Living Image sequence 2024-03-05 15:07,True,dropbox,,,,,,,,,,,,,,,,,,,,,,,,,,,,,,,,,,,,,,,,,,,,,,,,,,,,,,,,,
Dropbox:MultiModal/LungTumor/IVIS/week 13_IVIS/SME20240305151020,Folder,Dropbox,MultiModal/LungTumor/IVIS/week 13_IVIS/SME20240305151020,SME20240305151020,2748740.0,7.0,copy,IVIS,13.0,,Living Image sequence 2024-03-05 15:10,True,dropbox,,,,,,,,,,,,,,,,,,,,,,,,,,,,,,,,,,,,,,,,,,,,,,,,,,,,,,,,,
Dropbox:MultiModal/LungTumor/IVIS/week 13_IVIS/SME20240305151345,Folder,Dropbox,MultiModal/LungTumor/IVIS/week 13_IVIS/SME20240305151345,SME20240305151345,2740316.0,7.0,copy,IVIS,13.0,,Living Image sequence 2024-03-05 15:13,True,dropbox,,,,,,,,,,,,,,,,,,,,,,,,,,,,,,,,,,,,,,,,,,,,,,,,,,,,,,,,,
Dropbox:MultiModal/LungTumor/IVIS/week 13_IVIS/SME20240305151814,Folder,Dropbox,MultiModal/LungTumor/IVIS/week 13_IVIS/SME20240305151814,SME20240305151814,2740486.0,7.0,copy,IVIS,13.0,,Living Image sequence 2024-03-05 15:18,True,dropbox,,,,,,,,,,,,,,,,,,,,,,,,,,,,,,,,,,,,,,,,,,,,,,,,,,,,,,,,,
Dropbox:MultiModal/LungTumor/IVIS/week 13_IVIS/SME20240305153142,Folder,Dropbox,MultiModal/LungTumor/IVIS/week 13_IVIS/SME20240305153142,SME20240305153142,2733016.0,7.0,copy,IVIS,13.0,,Living Image sequence 2024-03-05 15:31,True,dropbox,,,,,,,,,,,,,,,,,,,,,,,,,,,,,,,,,,,,,,,,,,,,,,,,,,,,,,,,,
Dropbox:MultiModal/LungTumor/IVIS/week 13_IVIS/SME20240305153421,Folder,Dropbox,MultiModal/LungTumor/IVIS/week 13_IVIS/SME20240305153421,SME20240305153421,2732115.0,7.0,copy,IVIS,13.0,,Living Image sequence 2024-03-05 15:34,True,dropbox,,,,,,,,,,,,,,,,,,,,,,,,,,,,,,,,,,,,,,,,,,,,,,,,,,,,,,,,,
Dropbox:MultiModal/LungTumor/IVIS/week 13_IVIS/SME20240305153652,Folder,Dropbox,MultiModal/LungTumor/IVIS/week 13_IVIS/SME20240305153652,SME20240305153652,2746487.0,7.0,copy,IVIS,13.0,,Living Image sequence 2024-03-05 15:36,True,dropbox,,,,,,,,,,,,,,,,,,,,,,,,,,,,,,,,,,,,,,,,,,,,,,,,,,,,,,,,,
Dropbox:MultiModal/LungTumor/IVIS/week10_IVIS/SME20240220182846,Folder,Dropbox,MultiModal/LungTumor/IVIS/week10_IVIS/SME20240220182846,SME20240220182846,2697206.0,7.0,raw,IVIS,10.0,,Living Image sequence 2024-02-20 18:28,True,dropbox,,,,,,,,,,,,,,,,,,,,,,,,,,,,,,,,,,,,,,,,,,,,,,,,,,,,,,,,,
Dropbox:MultiModal/LungTumor/IVIS/week10_IVIS/SME20240220183104,Folder,Dropbox,MultiModal/LungTumor/IVIS/week10_IVIS/SME20240220183104,SME20240220183104,2728785.0,7.0,raw,IVIS,10.0,,Living Image sequence 2024-02-20 18:31,True,dropbox,,,,,,,,,,,,,,,,,,,,,,,,,,,,,,,,,,,,,,,,,,,,,,,,,,,,,,,,,
Dropbox:MultiModal/LungTumor/IVIS/week10_IVIS/SME20240220183316,Folder,Dropbox,MultiModal/LungTumor/IVIS/week10_IVIS/SME20240220183316,SME20240220183316,2734058.0,7.0,raw,IVIS,10.0,,Living Image sequence 2024-02-20 18:33,True,dropbox,,,,,,,,,,,,,,,,,,,,,,,,,,,,,,,,,,,,,,,,,,,,,,,,,,,,,,,,,
Dropbox:MultiModal/LungTumor/IVIS/week10_IVIS/SME20240220183623,Folder,Dropbox,MultiModal/LungTumor/IVIS/week10_IVIS/SME20240220183623,SME20240220183623,2728969.0,7.0,raw,IVIS,10.0,,Living Image sequence 2024-02-20 18:36,True,dropbox,,,,,,,,,,,,,,,,,,,,,,,,,,,,,,,,,,,,,,,,,,,,,,,,,,,,,,,,,
Dropbox:MultiModal/LungTumor/IVIS/week10_IVIS/SME20240220183836,Folder,Dropbox,MultiModal/LungTumor/IVIS/week10_IVIS/SME20240220183836,SME20240220183836,2741956.0,7.0,raw,IVIS,10.0,,Living Image sequence 2024-02-20 18:38,True,dropbox,,,,,,,,,,,,,,,,,,,,,,,,,,,,,,,,,,,,,,,,,,,,,,,,,,,,,,,,,
Dropbox:MultiModal/LungTumor/IVIS/week10_IVIS/SME20240220184044,Folder,Dropbox,MultiModal/LungTumor/IVIS/week10_IVIS/SME20240220184044,SME20240220184044,2736956.0,7.0,raw,IVIS,10.0,,Living Image sequence 2024-02-20 18:40,True,dropbox,,,,,,,,,,,,,,,,,,,,,,,,,,,,,,,,,,,,,,,,,,,,,,,,,,,,,,,,,
Dropbox:MultiModal/LungTumor/IVIS/week10_IVIS/SME20240220185148,Folder,Dropbox,MultiModal/LungTumor/IVIS/week10_IVIS/SME20240220185148,SME20240220185148,2702165.0,7.0,raw,IVIS,10.0,,Living Image sequence 2024-02-20 18:51,True,dropbox,,,,,,,,,,,,,,,,,,,,,,,,,,,,,,,,,,,,,,,,,,,,,,,,,,,,,,,,,
Dropbox:MultiModal/LungTumor/IVIS/week10_IVIS/SME20240220185355,Folder,Dropbox,MultiModal/LungTumor/IVIS/week10_IVIS/SME20240220185355,SME20240220185355,2734485.0,7.0,raw,IVIS,10.0,,Living Image sequence 2024-02-20 18:53,True,dropbox,,,,,,,,,,,,,,,,,,,,,,,,,,,,,,,,,,,,,,,,,,,,,,,,,,,,,,,,,
Dropbox:MultiModal/LungTumor/IVIS/week10_IVIS/SME20240220185618,Folder,Dropbox,MultiModal/LungTumor/IVIS/week10_IVIS/SME20240220185618,SME20240220185618,2726512.0,7.0,raw,IVIS,10.0,,Living Image sequence 2024-02-20 18:56,True,dropbox,,,,,,,,,,,,,,,,,,,,,,,,,,,,,,,,,,,,,,,,,,,,,,,,,,,,,,,,,
Dropbox:MultiModal/LungTumor/IVIS/week10_IVIS/SME20240220190630_SEQ,Folder,Dropbox,MultiModal/LungTumor/IVIS/week10_IVIS/SME20240220190630_SEQ,SME20240220190630_SEQ,14260770.0,38.0,raw,IVIS,10.0,,Living Image sequence 2024-02-20 19:06,True,dropbox,,,,,,,,,,,,,,,,,,,,,,,,,,,,,,,,,,,,,,,,,,,,,,,,,,,,,,,,,
Dropbox:MultiModal/LungTumor/IVIS/week11_IVIS/SME20240229110412_SEQ,Folder,Dropbox,MultiModal/LungTumor/IVIS/week11_IVIS/SME20240229110412_SEQ,SME20240229110412_SEQ,5027785.0,14.0,raw,IVIS,11.0,,Living Image sequence 2024-02-29 11:04,True,dropbox,,,,,,,,,,,,,,,,,,,,,,,,,,,,,,,,,,,,,,,,,,,,,,,,,,,,,,,,,
Dropbox:MultiModal/LungTumor/IVIS/week11_IVIS/SME20240229110954_SEQ,Folder,Dropbox,MultiModal/LungTumor/IVIS/week11_IVIS/SME20240229110954_SEQ,SME20240229110954_SEQ,2608649.0,8.0,raw,IVIS,11.0,,Living Image sequence 2024-02-29 11:09,True,dropbox,,,,,,,,,,,,,,,,,,,,,,,,,,,,,,,,,,,,,,,,,,,,,,,,,,,,,,,,,
Dropbox:MultiModal/LungTumor/IVIS/week11_IVIS/SME20240229111259,Folder,Dropbox,MultiModal/LungTumor/IVIS/week11_IVIS/SME20240229111259,SME20240229111259,2718884.0,7.0,raw,IVIS,11.0,,Living Image sequence 2024-02-29 11:12,True,dropbox,,,,,,,,,,,,,,,,,,,,,,,,,,,,,,,,,,,,,,,,,,,,,,,,,,,,,,,,,
Dropbox:MultiModal/LungTumor/IVIS/week11_IVIS/SME20240229111517,Folder,Dropbox,MultiModal/LungTumor/IVIS/week11_IVIS/SME20240229111517,SME20240229111517,2708417.0,7.0,raw,IVIS,11.0,,Living Image sequence 2024-02-29 11:15,True,dropbox,,,,,,,,,,,,,,,,,,,,,,,,,,,,,,,,,,,,,,,,,,,,,,,,,,,,,,,,,
Dropbox:MultiModal/LungTumor/IVIS/week11_IVIS/SME20240229111747,Folder,Dropbox,MultiModal/LungTumor/IVIS/week11_IVIS/SME20240229111747,SME20240229111747,2714777.0,7.0,raw,IVIS,11.0,,Living Image sequence 2024-02-29 11:17,True,dropbox,,,,,,,,,,,,,,,,,,,,,,,,,,,,,,,,,,,,,,,,,,,,,,,,,,,,,,,,,
Dropbox:MultiModal/LungTumor/IVIS/week11_IVIS/SME20240229112108,Folder,Dropbox,MultiModal/LungTumor/IVIS/week11_IVIS/SME20240229112108,SME20240229112108,2722713.0,7.0,raw,IVIS,11.0,,Living Image sequence 2024-02-29 11:21,True,dropbox,,,,,,,,,,,,,,,,,,,,,,,,,,,,,,,,,,,,,,,,,,,,,,,,,,,,,,,,,
Dropbox:MultiModal/LungTumor/IVIS/week11_IVIS/SME20240229112326,Folder,Dropbox,MultiModal/LungTumor/IVIS/week11_IVIS/SME20240229112326,SME20240229112326,2727962.0,7.0,raw,IVIS,11.0,,Living Image sequence 2024-02-29 11:23,True,dropbox,,,,,,,,,,,,,,,,,,,,,,,,,,,,,,,,,,,,,,,,,,,,,,,,,,,,,,,,,
Dropbox:MultiModal/LungTumor/IVIS/week11_IVIS/SME20240229112708,Folder,Dropbox,MultiModal/LungTumor/IVIS/week11_IVIS/SME20240229112708,SME20240229112708,2732763.0,7.0,raw,IVIS,11.0,,Living Image sequence 2024-02-29 11:27,True,dropbox,,,,,,,,,,,,,,,,,,,,,,,,,,,,,,,,,,,,,,,,,,,,,,,,,,,,,,,,,
Dropbox:MultiModal/LungTumor/IVIS/week11_IVIS/SME20240229121754,Folder,Dropbox,MultiModal/LungTumor/IVIS/week11_IVIS/SME20240229121754,SME20240229121754,2720207.0,7.0,raw,IVIS,11.0,,Living Image sequence 2024-02-29 12:17,True,dropbox,,,,,,,,,,,,,,,,,,,,,,,,,,,,,,,,,,,,,,,,,,,,,,,,,,,,,,,,,
Dropbox:MultiModal/LungTumor/IVIS/week11_IVIS/SME20240229122344,Folder,Dropbox,MultiModal/LungTumor/IVIS/week11_IVIS/SME20240229122344,SME20240229122344,2717891.0,7.0,raw,IVIS,11.0,,Living Image sequence 2024-02-29 12:23,True,dropbox,,,,,,,,,,,,,,,,,,,,,,,,,,,,,,,,,,,,,,,,,,,,,,,,,,,,,,,,,
Dropbox:MultiModal/LungTumor/IVIS/week11_IVIS/SME20240229122553,Folder,Dropbox,MultiModal/LungTumor/IVIS/week11_IVIS/SME20240229122553,SME20240229122553,2723625.0,7.0,raw,IVIS,11.0,,Living Image sequence 2024-02-29 12:25,True,dropbox,,,,,,,,,,,,,,,,,,,,,,,,,,,,,,,,,,,,,,,,,,,,,,,,,,,,,,,,,
Dropbox:MultiModal/LungTumor/IVIS/week11_IVIS/SME20240229122808,Folder,Dropbox,MultiModal/LungTumor/IVIS/week11_IVIS/SME20240229122808,SME20240229122808,2725569.0,7.0,raw,IVIS,11.0,,Living Image sequence 2024-02-29 12:28,True,dropbox,,,,,,,,,,,,,,,,,,,,,,,,,,,,,,,,,,,,,,,,,,,,,,,,,,,,,,,,,
Dropbox:MultiModal/LungTumor/IVIS/week11_IVIS/SME20240301102731,Folder,Dropbox,MultiModal/LungTumor/IVIS/week11_IVIS/SME20240301102731,SME20240301102731,2742297.0,7.0,raw,IVIS,11.0,,Living Image sequence 2024-03-01 10:27,True,dropbox,,,,,,,,,,,,,,,,,,,,,,,,,,,,,,,,,,,,,,,,,,,,,,,,,,,,,,,,,
Dropbox:MultiModal/LungTumor/IVIS/week11_IVIS/SME20240301102930,Folder,Dropbox,MultiModal/LungTumor/IVIS/week11_IVIS/SME20240301102930,SME20240301102930,2764838.0,7.0,raw,IVIS,11.0,,Living Image sequence 2024-03-01 10:29,True,dropbox,,,,,,,,,,,,,,,,,,,,,,,,,,,,,,,,,,,,,,,,,,,,,,,,,,,,,,,,,
Dropbox:MultiModal/LungTumor/IVIS/week11_IVIS/SME20240301103118,Folder,Dropbox,MultiModal/LungTumor/IVIS/week11_IVIS/SME20240301103118,SME20240301103118,2762063.0,7.0,raw,IVIS,11.0,,Living Image sequence 2024-03-01 10:31,True,dropbox,,,,,,,,,,,,,,,,,,,,,,,,,,,,,,,,,,,,,,,,,,,,,,,,,,,,,,,,,
Dropbox:MultiModal/LungTumor/IVIS/week11_IVIS/SME20240301103316,Folder,Dropbox,MultiModal/LungTumor/IVIS/week11_IVIS/SME20240301103316,SME20240301103316,2791422.0,7.0,raw,IVIS,11.0,,Living Image sequence 2024-03-01 10:33,True,dropbox,,,,,,,,,,,,,,,,,,,,,,,,,,,,,,,,,,,,,,,,,,,,,,,,,,,,,,,,,
Dropbox:MultiModal/LungTumor/IVIS/week11_IVIS/SME20240301103517,Folder,Dropbox,MultiModal/LungTumor/IVIS/week11_IVIS/SME20240301103517,SME20240301103517,2739578.0,7.0,raw,IVIS,11.0,,Living Image sequence 2024-03-01 10:35,True,dropbox,,,,,,,,,,,,,,,,,,,,,,,,,,,,,,,,,,,,,,,,,,,,,,,,,,,,,,,,,
Dropbox:MultiModal/LungTumor/IVIS/week14_IVIS/SME20240319141706,Folder,Dropbox,MultiModal/LungTumor/IVIS/week14_IVIS/SME20240319141706,SME20240319141706,2581768.0,6.0,raw,IVIS,14.0,,Living Image sequence 2024-03-19 14:17,True,dropbox,,,,,,,,,,,,,,,,,,,,,,,,,,,,,,,,,,,,,,,,,,,,,,,,,,,,,,,,,
Dropbox:MultiModal/LungTumor/IVIS/week14_IVIS/SME20240319141829,Folder,Dropbox,MultiModal/LungTumor/IVIS/week14_IVIS/SME20240319141829,SME20240319141829,2630550.0,6.0,raw,IVIS,14.0,,Living Image sequence 2024-03-19 14:18,True,dropbox,,,,,,,,,,,,,,,,,,,,,,,,,,,,,,,,,,,,,,,,,,,,,,,,,,,,,,,,,
Dropbox:MultiModal/LungTumor/IVIS/week14_IVIS/SME20240319142653,Folder,Dropbox,MultiModal/LungTumor/IVIS/week14_IVIS/SME20240319142653,SME20240319142653,2625487.0,6.0,raw,IVIS,14.0,,Living Image sequence 2024-03-19 14:26,True,dropbox,,,,,,,,,,,,,,,,,,,,,,,,,,,,,,,,,,,,,,,,,,,,,,,,,,,,,,,,,
Dropbox:MultiModal/LungTumor/IVIS/week14_IVIS/SME20240319142734,Folder,Dropbox,MultiModal/LungTumor/IVIS/week14_IVIS/SME20240319142734,SME20240319142734,2624227.0,6.0,raw,IVIS,14.0,,Living Image sequence 2024-03-19 14:27,True,dropbox,,,,,,,,,,,,,,,,,,,,,,,,,,,,,,,,,,,,,,,,,,,,,,,,,,,,,,,,,
Dropbox:MultiModal/LungTumor/IVIS/week14_IVIS/SME20240319145246,Folder,Dropbox,MultiModal/LungTumor/IVIS/week14_IVIS/SME20240319145246,SME20240319145246,2598427.0,6.0,raw,IVIS,14.0,,Living Image sequence 2024-03-19 14:52,True,dropbox,,,,,,,,,,,,,,,,,,,,,,,,,,,,,,,,,,,,,,,,,,,,,,,,,,,,,,,,,
Dropbox:MultiModal/LungTumor/IVIS/week14_IVIS/SME20240319145403,Folder,Dropbox,MultiModal/LungTumor/IVIS/week14_IVIS/SME20240319145403,SME20240319145403,2635540.0,6.0,raw,IVIS,14.0,,Living Image sequence 2024-03-19 14:54,True,dropbox,,,,,,,,,,,,,,,,,,,,,,,,,,,,,,,,,,,,,,,,,,,,,,,,,,,,,,,,,
Dropbox:MultiModal/LungTumor/IVIS/week14_IVIS/SME20240319145831,Folder,Dropbox,MultiModal/LungTumor/IVIS/week14_IVIS/SME20240319145831,SME20240319145831,2641100.0,6.0,raw,IVIS,14.0,,Living Image sequence 2024-03-19 14:58,True,dropbox,,,,,,,,,,,,,,,,,,,,,,,,,,,,,,,,,,,,,,,,,,,,,,,,,,,,,,,,,
Dropbox:MultiModal/LungTumor/IVIS/week14_IVIS/SME20240319150046,Folder,Dropbox,MultiModal/LungTumor/IVIS/week14_IVIS/SME20240319150046,SME20240319150046,2602179.0,6.0,raw,IVIS,14.0,,Living Image sequence 2024-03-19 15:00,True,dropbox,,,,,,,,,,,,,,,,,,,,,,,,,,,,,,,,,,,,,,,,,,,,,,,,,,,,,,,,,
Dropbox:MultiModal/LungTumor/IVIS/week14_IVIS/SME20240319150545,Folder,Dropbox,MultiModal/LungTumor/IVIS/week14_IVIS/SME20240319150545,SME20240319150545,2610848.0,6.0,raw,IVIS,14.0,,Living Image sequence 2024-03-19 15:05,True,dropbox,,,,,,,,,,,,,,,,,,,,,,,,,,,,,,,,,,,,,,,,,,,,,,,,,,,,,,,,,
Dropbox:MultiModal/LungTumor/IVIS/week7_IVIS/SME20240129161434,Folder,Dropbox,MultiModal/LungTumor/IVIS/week7_IVIS/SME20240129161434,SME20240129161434,2742949.0,7.0,raw,IVIS,7.0,,Living Image sequence 2024-01-29 16:14,True,dropbox,,,,,,,,,,,,,,,,,,,,,,,,,,,,,,,,,,,,,,,,,,,,,,,,,,,,,,,,,
Dropbox:MultiModal/LungTumor/IVIS/week7_IVIS/SME20240129161804,Folder,Dropbox,MultiModal/LungTumor/IVIS/week7_IVIS/SME20240129161804,SME20240129161804,2747413.0,7.0,raw,IVIS,7.0,,Living Image sequence 2024-01-29 16:18,True,dropbox,,,,,,,,,,,,,,,,,,,,,,,,,,,,,,,,,,,,,,,,,,,,,,,,,,,,,,,,,
Dropbox:MultiModal/LungTumor/IVIS/week7_IVIS/SME20240129162016_SEQ,Folder,Dropbox,MultiModal/LungTumor/IVIS/week7_IVIS/SME20240129162016_SEQ,SME20240129162016_SEQ,5021296.0,14.0,raw,IVIS,7.0,,Living Image sequence 2024-01-29 16:20,True,dropbox,,,,,,,,,,,,,,,,,,,,,,,,,,,,,,,,,,,,,,,,,,,,,,,,,,,,,,,,,
Dropbox:MultiModal/LungTumor/IVIS/week7_IVIS/SME20240129164009_SEQ,Folder,Dropbox,MultiModal/LungTumor/IVIS/week7_IVIS/SME20240129164009_SEQ,SME20240129164009_SEQ,7004799.0,20.0,raw,IVIS,7.0,,Living Image sequence 2024-01-29 16:40,True,dropbox,,,,,,,,,,,,,,,,,,,,,,,,,,,,,,,,,,,,,,,,,,,,,,,,,,,,,,,,,
Dropbox:MultiModal/LungTumor/IVIS/week8 IVIS/SME20240205183359_SEQ,Folder,Dropbox,MultiModal/LungTumor/IVIS/week8 IVIS/SME20240205183359_SEQ,SME20240205183359_SEQ,6988568.0,20.0,raw,IVIS,8.0,,Living Image sequence 2024-02-05 18:33,True,dropbox,,,,,,,,,,,,,,,,,,,,,,,,,,,,,,,,,,,,,,,,,,,,,,,,,,,,,,,,,
Dropbox:MultiModal/LungTumor/IVIS/week8 IVIS/SME20240205184459_SEQ,Folder,Dropbox,MultiModal/LungTumor/IVIS/week8 IVIS/SME20240205184459_SEQ,SME20240205184459_SEQ,6912758.0,20.0,raw,IVIS,8.0,,Living Image sequence 2024-02-05 18:44,True,dropbox,,,,,,,,,,,,,,,,,,,,,,,,,,,,,,,,,,,,,,,,,,,,,,,,,,,,,,,,,
Dropbox:MultiModal/LungTumor/IVIS/week8 IVIS/SME20240205190848_SEQ,Folder,Dropbox,MultiModal/LungTumor/IVIS/week8 IVIS/SME20240205190848_SEQ,SME20240205190848_SEQ,7003534.0,20.0,raw,IVIS,8.0,,Living Image sequence 2024-02-05 19:08,True,dropbox,,,,,,,,,,,,,,,,,,,,,,,,,,,,,,,,,,,,,,,,,,,,,,,,,,,,,,,,,
Dropbox:MultiModal/LungTumor/IVIS/week9_IVIS/SME20240213140737,Folder,Dropbox,MultiModal/LungTumor/IVIS/week9_IVIS/SME20240213140737,SME20240213140737,2693196.0,7.0,raw,IVIS,9.0,,Living Image sequence 2024-02-13 14:07,True,dropbox,,,,,,,,,,,,,,,,,,,,,,,,,,,,,,,,,,,,,,,,,,,,,,,,,,,,,,,,,
Dropbox:MultiModal/LungTumor/IVIS/week9_IVIS/SME20240213140943,Folder,Dropbox,MultiModal/LungTumor/IVIS/week9_IVIS/SME20240213140943,SME20240213140943,2728001.0,7.0,raw,IVIS,9.0,,Living Image sequence 2024-02-13 14:09,True,dropbox,,,,,,,,,,,,,,,,,,,,,,,,,,,,,,,,,,,,,,,,,,,,,,,,,,,,,,,,,
Dropbox:MultiModal/LungTumor/IVIS/week9_IVIS/SME20240213141152,Folder,Dropbox,MultiModal/LungTumor/IVIS/week9_IVIS/SME20240213141152,SME20240213141152,2736024.0,7.0,raw,IVIS,9.0,,Living Image sequence 2024-02-13 14:11,True,dropbox,,,,,,,,,,,,,,,,,,,,,,,,,,,,,,,,,,,,,,,,,,,,,,,,,,,,,,,,,
Dropbox:MultiModal/LungTumor/IVIS/week9_IVIS/SME20240213141800,Folder,Dropbox,MultiModal/LungTumor/IVIS/week9_IVIS/SME20240213141800,SME20240213141800,2729128.0,7.0,raw,IVIS,9.0,,Living Image sequence 2024-02-13 14:18,True,dropbox,,,,,,,,,,,,,,,,,,,,,,,,,,,,,,,,,,,,,,,,,,,,,,,,,,,,,,,,,
Dropbox:MultiModal/LungTumor/IVIS/week9_IVIS/SME20240213141835_SEQ,Folder,Dropbox,MultiModal/LungTumor/IVIS/week9_IVIS/SME20240213141835_SEQ,SME20240213141835_SEQ,7045343.0,20.0,raw,IVIS,9.0,,Living Image sequence 2024-02-13 14:18,True,dropbox,,,,,,,,,,,,,,,,,,,,,,,,,,,,,,,,,,,,,,,,,,,,,,,,,,,,,,,,,
Dropbox:MultiModal/LungTumor/IVIS/week9_IVIS/SME20240213142014,Folder,Dropbox,MultiModal/LungTumor/IVIS/week9_IVIS/SME20240213142014,SME20240213142014,2741053.0,7.0,raw,IVIS,9.0,,Living Image sequence 2024-02-13 14:20,True,dropbox,,,,,,,,,,,,,,,,,,,,,,,,,,,,,,,,,,,,,,,,,,,,,,,,,,,,,,,,,
Dropbox:MultiModal/LungTumor/IVIS/week9_IVIS/SME20240213142223,Folder,Dropbox,MultiModal/LungTumor/IVIS/week9_IVIS/SME20240213142223,SME20240213142223,2741211.0,7.0,raw,IVIS,9.0,,Living Image sequence 2024-02-13 14:22,True,dropbox,,,,,,,,,,,,,,,,,,,,,,,,,,,,,,,,,,,,,,,,,,,,,,,,,,,,,,,,,
Dropbox:MultiModal/LungTumor/IVIS/week9_IVIS/SME20240213142643_SEQ,Folder,Dropbox,MultiModal/LungTumor/IVIS/week9_IVIS/SME20240213142643_SEQ,SME20240213142643_SEQ,7056117.0,20.0,raw,IVIS,9.0,,Living Image sequence 2024-02-13 14:26,True,dropbox,,,,,,,,,,,,,,,,,,,,,,,,,,,,,,,,,,,,,,,,,,,,,,,,,,,,,,,,,
Dropbox:MultiModal/LungTumor/IVIS/week9_IVIS/SME20240213143938,Folder,Dropbox,MultiModal/LungTumor/IVIS/week9_IVIS/SME20240213143938,SME20240213143938,2705193.0,7.0,raw,IVIS,9.0,,Living Image sequence 2024-02-13 14:39,True,dropbox,,,,,,,,,,,,,,,,,,,,,,,,,,,,,,,,,,,,,,,,,,,,,,,,,,,,,,,,,
Dropbox:MultiModal/LungTumor/IVIS/week9_IVIS/SME20240213144148,Folder,Dropbox,MultiModal/LungTumor/IVIS/week9_IVIS/SME20240213144148,SME20240213144148,2733076.0,7.0,raw,IVIS,9.0,,Living Image sequence 2024-02-13 14:41,True,dropbox,,,,,,,,,,,,,,,,,,,,,,,,,,,,,,,,,,,,,,,,,,,,,,,,,,,,,,,,,
Dropbox:MultiModal/LungTumor/IVIS/week9_IVIS/SME20240213144403,Folder,Dropbox,MultiModal/LungTumor/IVIS/week9_IVIS/SME20240213144403,SME20240213144403,2731201.0,7.0,raw,IVIS,9.0,,Living Image sequence 2024-02-13 14:44,True,dropbox,,,,,,,,,,,,,,,,,,,,,,,,,,,,,,,,,,,,,,,,,,,,,,,,,,,,,,,,,
Dropbox:MultiModal/LungTumor/IVIS/week9_IVIS/SME20240213144653_SEQ,Folder,Dropbox,MultiModal/LungTumor/IVIS/week9_IVIS/SME20240213144653_SEQ,SME20240213144653_SEQ,7051146.0,20.0,raw,IVIS,9.0,,Living Image sequence 2024-02-13 14:46,True,dropbox,,,,,,,,,,,,,,,,,,,,,,,,,,,,,,,,,,,,,,,,,,,,,,,,,,,,,,,,,
Dropbox:MultiModal/LungTumor/Cage Card photos,Folder,Dropbox,MultiModal/LungTumor/Cage Card photos,Cage Card photos,3865605.0,5.0,document,,,,,False,dropbox,,,,,,,,,,,,,,,,,,,,,,,,,,,,,,,,,,,,,,,,,,,,,,,,,,,,,,,,,
Dropbox:MultiModal/LungTumor/IVISimages04232024,Folder,Dropbox,MultiModal/LungTumor/IVISimages04232024,IVISimages04232024,1330481.0,5.0,document,,,,,False,dropbox,,,,,,,,,,,,,,,,,,,,,,,,,,,,,,,,,,,,,,,,,,,,,,,,,,,,,,,,,
Dropbox:MultiModal/LungTumor/IVISlungdata042024.xlsx,File,Dropbox,MultiModal/LungTumor/IVISlungdata042024.xlsx,IVISlungdata042024.xlsx,54830.0,,result,,,,,False,dropbox,,,,,,,,,,,,,,,,,,,,,,,,,,,,,,,,,,,,,,,,,,,,,,,,,,,,,,,,,
Dropbox:MultiModal/LungTumor/LungTumorMouseID.xlsx,File,Dropbox,MultiModal/LungTumor/LungTumorMouseID.xlsx,LungTumorMouseID.xlsx,11520.0,,result,,,,,False,dropbox,,,,,,,,,,,,,,,,,,,,,,,,,,,,,,,,,,,,,,,,,,,,,,,,,,,,,,,,,
Dropbox:MultiModal/LungTumor/LungTumorVolumeMRI.xlsx,File,Dropbox,MultiModal/LungTumor/LungTumorVolumeMRI.xlsx,LungTumorVolumeMRI.xlsx,14706.0,,result,,,,,False,dropbox,,,,,,,,,,,,,,,,,,,,,,,,,,,,,,,,,,,,,,,,,,,,,,,,,,,,,,,,,
"Dropbox:MultiModal/LungTumor/Monitoring mouse lung tumors via MRI, IVIS.pptx",File,Dropbox,"MultiModal/LungTumor/Monitoring mouse lung tumors via MRI, IVIS.pptx","Monitoring mouse lung tumors via MRI, IVIS.pptx",23896120.0,,document,,,,,False,dropbox,,,,,,,,,,,,,,,,,,,,,,,,,,,,,,,,,,,,,,,,,,,,,,,,,,,,,,,,,
Dropbox:MultiModal/LungTumor/Multimodal Lung Tumors - preliminary summary images and data.pptx,File,Dropbox,MultiModal/LungTumor/Multimodal Lung Tumors - preliminary summary images and data.pptx,Multimodal Lung Tumors - preliminary summary images and data.pptx,49791214.0,,document,,,,,False,dropbox,,,,,,,,,,,,,,,,,,,,,,,,,,,,,,,,,,,,,,,,,,,,,,,,,,,,,,,,,
Dropbox:MultiModal/LungTumor/filtered rotated CFT,Folder,Dropbox,MultiModal/LungTumor/filtered rotated CFT,filtered rotated CFT,106388722287.0,34.0,raw,CFT,,,"cryofluorescence tomography, endpoint",False,dropbox,,,,,,,,,,,,,,,,,,,,,,,,,,,,,,,,,,,,,,,,,,,,,,,,,,,,,,,,,
Dropbox:MultiModal/LungTumor/multimodal lung tumor CT volume measurements 2 (Milton's changes 2024-05-28).xlsx,File,Dropbox,MultiModal/LungTumor/multimodal lung tumor CT volume measurements 2 (Milton's changes 2024-05-28).xlsx,multimodal lung tumor CT volume measurements 2 (Milton's changes 2024-05-28).xlsx,33614.0,,result,,,,,False,dropbox,,,,,,,,,,,,,,,,,,,,,,,,,,,,,,,,,,,,,,,,,,,,,,,,,,,,,,,,,
Dropbox:MultiModal/LungTumor/multimodal lung tumor CT volume measurements 2.xlsx,File,Dropbox,MultiModal/LungTumor/multimodal lung tumor CT volume measurements 2.xlsx,multimodal lung tumor CT volume measurements 2.xlsx,81120.0,,result,,,,,False,dropbox,,,,,,,,,,,,,,,,,,,,,,,,,,,,,,,,,,,,,,,,,,,,,,,,,,,,,,,,,
Dropbox:MultiModal/LungTumor/multimodal lung tumor CT volume measurements.xlsx,File,Dropbox,MultiModal/LungTumor/multimodal lung tumor CT volume measurements.xlsx,multimodal lung tumor CT volume measurements.xlsx,24604.0,,result,,,,,False,dropbox,,,,,,,,,,,,,,,,,,,,,,,,,,,,,,,,,,,,,,,,,,,,,,,,,,,,,,,,,
Dropbox:MultiModal/LungTumor/zzz,Folder,Dropbox,MultiModal/LungTumor/zzz,zzz,119415.0,1.0,document,,,,archived analysis,False,dropbox,,,,,,,,,,,,,,,,,,,,,,,,,,,,,,,,,,,,,,,,,,,,,,,,,,,,,,,,,
repo:demo_data/lwm2026/source_results/aerated_vol_uCT.csv,File,repo,demo_data/lwm2026/source_results/aerated_vol_uCT.csv,aerated_vol_uCT.csv,,,result,microCT,,,analysis results as delivered (the values in this graph),,repo,,,,,,,,,,,,,,,,,,,,,,,,,,,,,,,,,,,,,,,,,,,,,,,,,,,,,,,,,
repo:demo_data/lwm2026/source_results/pixel_count_MRI.csv,File,repo,demo_data/lwm2026/source_results/pixel_count_MRI.csv,pixel_count_MRI.csv,,,result,MRI,,,analysis results as delivered (the values in this graph),,repo,,,,,,,,,,,,,,,,,,,,,,,,,,,,,,,,,,,,,,,,,,,,,,,,,,,,,,,,,
repo:demo_data/lwm2026/source_results/IVISlungdata042024_all_animals.csv,File,repo,demo_data/lwm2026/source_results/IVISlungdata042024_all_animals.csv,IVISlungdata042024_all_animals.csv,,,result,IVIS,,,analysis results as delivered (the values in this graph),,repo,,,,,,,,,,,,,,,,,,,,,,,,,,,,,,,,,,,,,,,,,,,,,,,,,,,,,,,,,
host:bmc-lab6,Host,,,bmc-lab6,,,file server,,,,serves the facility share atwai at /data0/core/atwai,,,,,,,,,,,,,,,,,,,,,,,,,,,,,,,,,,,,,,,,,,,,,,,,,,,,,,,,,,,
host:dropbox,Host,,,Dropbox (MIT),,,cloud storage,,,,synced folder AIPT/Imaging/MultiModal/LungTumor,,,,,,,,,,,,,,,,,,,,,,,,,,,,,,,,,,,,,,,,,,,,,,,,,,,,,,,,,,,
host:ki-ed3g,Host,,,ki-ed3g,,,workstation,,,,Dropbox synced at /mnt/data/cloud/Dropbox (MIT); runs the atwai scan index,,,,,,,,,,,,,,,,,,,,,,,,,,,,,,,,,,,,,,,,,,,,,,,,,,,,,,,,,,,
host:microct-pc,Host,,,MICROCT,,,instrument PC,,,,SkyScan 1276 acquisition and reconstruction PC; writes to D:\Results,,,,,,,,,,,,,,,,,,,,,,,,,,,,,,,,,,,,,,,,,,,,,,,,,,,,,,,,,,,
host:repo,Host,,,GitHub (science_data_kit),,,code repository,,,,"analysis results as delivered, versioned with this demo",,,,,,,,,,,,,,,,,,,,,,,,,,,,,,,,,,,,,,,,,,,,,,,,,,,,,,,,,,,
acq:microCT:M18:W06,Acquisition,,,M18 week 6 microCT scan,,,,microCT,6.0,M18,,,,2024-01-22T10:53:39,94.0,2024-01-22T10:56:19,100.0,200.0,Al 0.5mm,127.0,0.503,OFF (1),4x4,717.0,36.900308,434.0,NRecon 1.7.4.2,589.0,724.0,680.0,2.0,5.0,10.0,D:\Results\Milton\MultiModal Test\wk6,/data0/core/atwai/Anderson_Scott/Multimodal/MultiModal Lung tumor test/raw data/wk6-18_Rec/MM018_rec.log,,,,,,,,,,,,,,,,,,,,,,,,,,,,,,,,,,,
acq:microCT:M15:W06,Acquisition,,,M15 week 6 microCT scan,,,,microCT,6.0,M15,,,,2024-01-22T10:58:36,94.0,2024-01-22T11:01:23,100.0,200.0,Al 0.5mm,127.0,0.501,OFF (1),4x4,720.0,36.900308,434.0,NRecon 1.7.4.2,504.0,724.0,680.0,2.0,5.0,10.0,D:\Results\Milton\MultiModal Test\wk6,/data0/core/atwai/Anderson_Scott/Multimodal/MultiModal Lung tumor test/raw data/wk6-15_Rec/MM015_rec.log,,,,,,,,,,,,,,,,,,,,,,,,,,,,,,,,,,,
acq:microCT:M19:W06,Acquisition,,,M19 week 6 microCT scan,,,,microCT,6.0,M19,,,,2024-01-22T11:03:46,93.0,2024-01-22T11:06:19,100.0,200.0,Al 0.5mm,127.0,0.499,OFF (1),4x4,722.0,36.900308,434.0,NRecon 1.7.4.2,504.0,724.0,680.0,2.0,5.0,10.0,D:\Results\Milton\MultiModal Test\wk6,/data0/core/atwai/Anderson_Scott/Multimodal/MultiModal Lung tumor test/raw data/wk6-19_Rec/MM019_rec.log,,,,,,,,,,,,,,,,,,,,,,,,,,,,,,,,,,,
acq:microCT:M17:W06,Acquisition,,,M17 week 6 microCT scan,,,,microCT,6.0,M17,,,,2024-01-22T11:08:14,94.0,2024-01-22T11:10:24,100.0,200.0,Al 0.5mm,127.0,0.499,OFF (1),4x4,722.0,36.900308,434.0,NRecon 1.7.4.2,504.0,724.0,680.0,2.0,5.0,10.0,D:\Results\Milton\MultiModal Test\wk6,/data0/core/atwai/Anderson_Scott/Multimodal/MultiModal Lung tumor test/raw data/wk6-17_Rec/MM017_rec.log,,,,,,,,,,,,,,,,,,,,,,,,,,,,,,,,,,,
acq:microCT:M13:W06,Acquisition,,,M13 week 6 microCT scan,,,,microCT,6.0,M13,,,,2024-01-22T11:14:31,93.0,2024-01-22T11:16:59,100.0,200.0,Al 0.5mm,127.0,0.499,OFF (1),4x4,722.0,36.900308,434.0,NRecon 1.7.4.2,554.0,724.0,680.0,2.0,5.0,10.0,D:\Results\Milton\MultiModal Test\wk6,/data0/core/atwai/Anderson_Scott/Multimodal/MultiModal Lung tumor test/raw data/wk6-13_Rec/MM013_rec.log,,,,,,,,,,,,,,,,,,,,,,,,,,,,,,,,,,,
acq:microCT:M12:W06,Acquisition,,,M12 week 6 microCT scan,,,,microCT,6.0,M12,,,,2024-01-22T11:19:38,93.0,2024-01-22T11:22:23,100.0,200.0,Al 0.5mm,127.0,0.499,OFF (1),4x4,722.0,36.900308,434.0,NRecon 1.7.4.2,550.0,724.0,680.0,2.0,5.0,10.0,D:\Results\Milton\MultiModal Test\wk6,/data0/core/atwai/Anderson_Scott/Multimodal/MultiModal Lung tumor test/raw data/wk6-12_Rec/MM012_rec.log,,,,,,,,,,,,,,,,,,,,,,,,,,,,,,,,,,,
acq:microCT:M14:W06,Acquisition,,,M14 week 6 microCT scan,,,,microCT,6.0,M14,,,,2024-01-22T11:23:56,93.0,2024-01-22T11:26:50,100.0,200.0,Al 0.5mm,127.0,0.499,OFF (1),4x4,722.0,36.900308,434.0,NRecon 1.7.4.2,579.0,724.0,680.0,2.0,5.0,10.0,D:\Results\Milton\MultiModal Test\wk6,/data0/core/atwai/Anderson_Scott/Multimodal/MultiModal Lung tumor test/raw data/wk6-14_Rec/MM014_rec.log,,,,,,,,,,,,,,,,,,,,,,,,,,,,,,,,,,,
acq:microCT:M11:W06,Acquisition,,,M11 week 6 microCT scan,,,,microCT,6.0,M11,,,,2024-01-22T11:28:45,93.0,2024-01-22T11:31:24,100.0,200.0,Al 0.5mm,127.0,0.499,OFF (1),4x4,722.0,36.900308,434.0,NRecon 1.7.4.2,564.0,724.0,680.0,2.0,5.0,10.0,D:\Results\Milton\MultiModal Test\wk6,/data0/core/atwai/Anderson_Scott/Multimodal/MultiModal Lung tumor test/raw data/wk6-11_Rec/MM011_rec.log,,,,,,,,,,,,,,,,,,,,,,,,,,,,,,,,,,,
acq:microCT:M10:W06,Acquisition,,,M10 week 6 microCT scan,,,,microCT,6.0,M10,,,,2024-01-22T11:34:27,94.0,2024-01-22T11:37:22,100.0,200.0,Al 0.5mm,127.0,0.499,OFF (1),4x4,722.0,36.900308,428.0,NRecon 1.7.4.2,493.0,724.0,680.0,2.0,5.0,10.0,D:\Results\Milton\MultiModal Test\wk6,/data0/core/atwai/Anderson_Scott/Multimodal/MultiModal Lung tumor test/raw data/wk6-10_Rec/MM010_rec.log,,,,,,,,,,,,,,,,,,,,,,,,,,,,,,,,,,,
acq:microCT:M68:W06,Acquisition,,,M68 week 6 microCT scan,,,,microCT,6.0,M68,,,,2024-01-22T11:39:26,93.0,2024-01-22T11:41:36,100.0,200.0,Al 0.5mm,127.0,0.499,OFF (1),4x4,722.0,36.900308,434.0,NRecon 1.7.4.2,523.0,724.0,680.0,2.0,5.0,10.0,D:\Results\Milton\MultiModal Test\wk6,/data0/core/atwai/Anderson_Scott/Multimodal/MultiModal Lung tumor test/raw data/wk6-68_Rec/MM068_rec.log,,,,,,,,,,,,,,,,,,,,,,,,,,,,,,,,,,,
acq:microCT:M69:W06,Acquisition,,,M69 week 6 microCT scan,,,,microCT,6.0,M69,,,,2024-01-22T11:43:39,93.0,2024-01-22T11:46:12,100.0,200.0,Al 0.5mm,127.0,0.499,OFF (1),4x4,722.0,36.900308,434.0,NRecon 1.7.4.2,504.0,724.0,680.0,2.0,5.0,10.0,D:\Results\Milton\MultiModal Test\wk6,/data0/core/atwai/Anderson_Scott/Multimodal/MultiModal Lung tumor test/raw data/wk6-69_Rec/MM069_rec.log,,,,,,,,,,,,,,,,,,,,,,,,,,,,,,,,,,,
acq:microCT:M67:W06,Acquisition,,,M67 week 6 microCT scan,,,,microCT,6.0,M67,,,,2024-01-22T11:48:21,94.0,2024-01-22T11:51:27,100.0,200.0,Al 0.5mm,127.0,0.499,OFF (1),4x4,722.0,36.900308,439.0,NRecon 1.7.4.2,536.0,724.0,680.0,2.0,5.0,10.0,D:\Results\Milton\MultiModal Test\wk6,/data0/core/atwai/Anderson_Scott/Multimodal/MultiModal Lung tumor test/raw data/wk6-67_Rec/MM067_rec.log,,,,,,,,,,,,,,,,,,,,,,,,,,,,,,,,,,,
acq:microCT:M75:W06,Acquisition,,,M75 week 6 microCT scan,,,,microCT,6.0,M75,,,,2024-01-22T11:55:21,94.0,2024-01-22T11:57:45,100.0,200.0,Al 0.5mm,127.0,0.502,OFF (1),4x4,719.0,36.900308,434.0,NRecon 1.7.4.2,504.0,724.0,680.0,2.0,5.0,10.0,D:\Results\Milton\MultiModal Test\wk6,/data0/core/atwai/Anderson_Scott/Multimodal/MultiModal Lung tumor test/raw data/wk6-75_Rec/MM075b_rec.log,,,,,,,,,,,,,,,,,,,,,,,,,,,,,,,,,,,
acq:microCT:M69:W07,Acquisition,,,M69 week 7 microCT scan,,,,microCT,7.0,M69,,,,2024-01-29T10:37:43,94.0,2024-01-29T10:40:50,100.0,200.0,Al 0.5mm,127.0,0.499,OFF (1),4x4,722.0,36.900308,434.0,NRecon 1.7.4.2,656.0,700.0,616.0,2.0,5.0,10.0,D:\Results\Milton\MultiModal Test\wk7,/data0/core/atwai/Anderson_Scott/Multimodal/MultiModal Lung tumor test/raw data/wk7-69_Rec/E_left_rec.log,,,,,,,,,,,,,,,,,,,,,,,,,,,,,,,,,,,
acq:microCT:M68:W07,Acquisition,,,M68 week 7 microCT scan,,,,microCT,7.0,M68,,,,2024-01-29T10:42:44,93.0,2024-01-29T10:44:59,100.0,200.0,Al 0.5mm,127.0,0.499,OFF (1),4x4,722.0,36.900308,434.0,NRecon 1.7.4.2,547.0,700.0,616.0,2.0,5.0,10.0,D:\Results\Milton\MultiModal Test\wk7,/data0/core/atwai/Anderson_Scott/Multimodal/MultiModal Lung tumor test/raw data/wk7-68_Rec/E_none_rec.log,,,,,,,,,,,,,,,,,,,,,,,,,,,,,,,,,,,
acq:microCT:M13:W07,Acquisition,,,M13 week 7 microCT scan,,,,microCT,7.0,M13,,,,2024-01-29T10:47:23,94.0,2024-01-29T10:49:23,100.0,200.0,Al 0.5mm,127.0,0.499,OFF (1),4x4,722.0,36.900308,434.0,NRecon 1.7.4.2,565.0,700.0,616.0,2.0,5.0,10.0,D:\Results\Milton\MultiModal Test\wk7,/data0/core/atwai/Anderson_Scott/Multimodal/MultiModal Lung tumor test/raw data/wk7-13_Rec/A_none_rec.log,,,,,,,,,,,,,,,,,,,,,,,,,,,,,,,,,,,
acq:microCT:M67:W07,Acquisition,,,M67 week 7 microCT scan,,,,microCT,7.0,M67,,,,2024-01-29T10:51:54,93.0,2024-01-29T10:55:05,100.0,200.0,Al 0.5mm,127.0,0.499,OFF (1),4x4,722.0,36.900308,430.0,NRecon 1.7.4.2,637.0,700.0,616.0,2.0,5.0,10.0,D:\Results\Milton\MultiModal Test\wk7,/data0/core/atwai/Anderson_Scott/Multimodal/MultiModal Lung tumor test/raw data/wk7-67_Rec/D_none_rec.log,,,,,,,,,,,,,,,,,,,,,,,,,,,,,,,,,,,
acq:microCT:M75:W07,Acquisition,,,M75 week 7 microCT scan,,,,microCT,7.0,M75,,,,2024-01-29T10:57:39,94.0,2024-01-29T11:00:05,100.0,200.0,Al 0.5mm,127.0,0.499,OFF (1),4x4,722.0,36.900308,434.0,NRecon 1.7.4.2,580.0,700.0,640.0,2.0,5.0,10.0,D:\Results\Milton\MultiModal Test\wk7,/data0/core/atwai/Anderson_Scott/Multimodal/MultiModal Lung tumor test/raw data/wk7-75_Rec/D_left_rec.log,,,,,,,,,,,,,,,,,,,,,,,,,,,,,,,,,,,
acq:microCT:M10:W07,Acquisition,,,M10 week 7 microCT scan,,,,microCT,7.0,M10,,,,2024-01-29T11:03:10,94.0,2024-01-29T11:05:29,100.0,200.0,Al 0.5mm,127.0,0.504,OFF (1),4x4,716.0,36.900308,439.0,NRecon 1.7.4.2,557.0,700.0,640.0,2.0,5.0,10.0,D:\Results\Milton\MultiModal Test\wk7,/data0/core/atwai/Anderson_Scott/Multimodal/MultiModal Lung tumor test/raw data/wk7-10_Rec/B_none_rec.log,,,,,,,,,,,,,,,,,,,,,,,,,,,,,,,,,,,
acq:microCT:M12:W07,Acquisition,,,M12 week 7 microCT scan,,,,microCT,7.0,M12,,,,2024-01-29T11:07:51,94.0,2024-01-29T11:10:04,100.0,200.0,Al 0.5mm,127.0,0.499,OFF (1),4x4,722.0,36.900308,434.0,NRecon 1.7.4.2,519.0,700.0,640.0,2.0,5.0,10.0,D:\Results\Milton\MultiModal Test\wk7,/data0/core/atwai/Anderson_Scott/Multimodal/MultiModal Lung tumor test/raw data/wk7-12_Rec/B_2Left_rec.log,,,,,,,,,,,,,,,,,,,,,,,,,,,,,,,,,,,
acq:microCT:M11:W07,Acquisition,,,M11 week 7 microCT scan,,,,microCT,7.0,M11,,,,2024-01-29T11:13:46,93.0,2024-01-29T11:15:56,100.0,200.0,Al 0.5mm,127.0,0.499,OFF (1),4x4,722.0,36.900308,434.0,NRecon 1.7.4.2,508.0,700.0,640.0,2.0,5.0,10.0,D:\Results\Milton\MultiModal Test\wk7,/data0/core/atwai/Anderson_Scott/Multimodal/MultiModal Lung tumor test/raw data/wk7-11_Rec/B_1Left_rec.log,,,,,,,,,,,,,,,,,,,,,,,,,,,,,,,,,,,
acq:microCT:M14:W07,Acquisition,,,M14 week 7 microCT scan,,,,microCT,7.0,M14,,,,2024-01-29T11:17:47,94.0,2024-01-29T11:24:42,100.0,200.0,Al 0.5mm,127.0,0.499,OFF (1),4x4,722.0,36.900308,434.0,NRecon 1.7.4.2,598.0,700.0,640.0,2.0,5.0,10.0,D:\Results\Milton\MultiModal Test\wk7,/data0/core/atwai/Anderson_Scott/Multimodal/MultiModal Lung tumor test/raw data/wk7-14_Rec/B_1L1R_rec.log,,,,,,,,,,,,,,,,,,,,,,,,,,,,,,,,,,,
acq:microCT:M17:W07,Acquisition,,,M17 week 7 microCT scan,,,,microCT,7.0,M17,,,,2024-01-29T11:28:56,94.0,2024-01-29T11:31:31,100.0,200.0,Al 0.5mm,127.0,0.499,OFF (1),4x4,722.0,36.900308,434.0,NRecon 1.7.4.2,535.0,700.0,640.0,2.0,5.0,10.0,D:\Results\Milton\MultiModal Test\wk7,/data0/core/atwai/Anderson_Scott/Multimodal/MultiModal Lung tumor test/raw data/wk7-17_Rec/C_L1_rec.log,,,,,,,,,,,,,,,,,,,,,,,,,,,,,,,,,,,
acq:microCT:M18:W07,Acquisition,,,M18 week 7 microCT scan,,,,microCT,7.0,M18,,,,2024-01-29T11:33:59,94.0,2024-01-29T11:36:38,100.0,200.0,Al 0.5mm,127.0,0.503,OFF (1),4x4,717.0,36.900308,434.0,NRecon 1.7.4.2,536.0,700.0,640.0,2.0,5.0,10.0,D:\Results\Milton\MultiModal Test\wk7,/data0/core/atwai/Anderson_Scott/Multimodal/MultiModal Lung tumor test/raw data/wk7-18_Rec/C_L2_rec.log,,,,,,,,,,,,,,,,,,,,,,,,,,,,,,,,,,,
acq:microCT:M19:W07,Acquisition,,,M19 week 7 microCT scan,,,,microCT,7.0,M19,,,,2024-01-29T11:38:10,94.0,2024-01-29T11:42:49,100.0,200.0,Al 0.5mm,127.0,0.504,OFF (1),4x4,716.0,36.900308,434.0,NRecon 1.7.4.2,601.0,700.0,640.0,2.0,5.0,10.0,D:\Results\Milton\MultiModal Test\wk7,/data0/core/atwai/Anderson_Scott/Multimodal/MultiModal Lung tumor test/raw data/wk7-19_Rec/C_L2R1_rec.log,,,,,,,,,,,,,,,,,,,,,,,,,,,,,,,,,,,
acq:microCT:M15:W07,Acquisition,,,M15 week 7 microCT scan,,,,microCT,7.0,M15,,,,2024-01-29T11:42:55,94.0,2024-01-29T11:45:15,100.0,200.0,Al 0.5mm,127.0,0.501,OFF (1),4x4,720.0,36.900308,434.0,NRecon 1.7.4.2,611.0,700.0,640.0,2.0,5.0,10.0,D:\Results\Milton\MultiModal Test\wk7,/data0/core/atwai/Anderson_Scott/Multimodal/MultiModal Lung tumor test/raw data/wk7-15_Rec/C_1L_rec.log,,,,,,,,,,,,,,,,,,,,,,,,,,,,,,,,,,,
acq:microCT:M13:W08,Acquisition,,,M13 week 8 microCT scan,,,,microCT,8.0,M13,,,,2024-02-05T10:40:59,94.0,2024-02-05T10:45:32,100.0,200.0,Al 0.5mm,139.0,0.547,OFF (1),4x4,659.0,36.900308,439.0,NRecon 1.7.4.2,695.0,684.0,664.0,2.0,5.0,10.0,D:\Results\Milton\MultiModal Test\wk8,/data0/core/atwai/Anderson_Scott/Multimodal/MultiModal Lung tumor test/raw data/wk8_13_Rec/wk8_13_rec.log,,,,,,,,,,,,,,,,,,,,,,,,,,,,,,,,,,,
acq:microCT:M10:W08,Acquisition,,,M10 week 8 microCT scan,,,,microCT,8.0,M10,,,,2024-02-05T10:46:38,94.0,2024-02-05T10:49:44,100.0,200.0,Al 0.5mm,139.0,0.549,OFF (1),4x4,657.0,36.900308,434.0,NRecon 1.7.4.2,623.0,684.0,664.0,2.0,5.0,10.0,D:\Results\Milton\MultiModal Test\wk8,/data0/core/atwai/Anderson_Scott/Multimodal/MultiModal Lung tumor test/raw data/wk8_10_Rec/wk8_10_rec.log,,,,,,,,,,,,,,,,,,,,,,,,,,,,,,,,,,,
acq:microCT:M11:W08,Acquisition,,,M11 week 8 microCT scan,,,,microCT,8.0,M11,,,,2024-02-05T10:50:48,94.0,2024-02-05T10:53:54,100.0,200.0,Al 0.5mm,139.0,0.557,OFF (1),4x4,647.0,36.900308,434.0,NRecon 1.7.4.2,572.0,684.0,664.0,2.0,5.0,10.0,D:\Results\Milton\MultiModal Test\wk8,/data0/core/atwai/Anderson_Scott/Multimodal/MultiModal Lung tumor test/raw data/wk8_11_Rec/wk8_11_rec.log,,,,,,,,,,,,,,,,,,,,,,,,,,,,,,,,,,,
acq:microCT:M12:W08,Acquisition,,,M12 week 8 microCT scan,,,,microCT,8.0,M12,,,,2024-02-05T10:56:24,93.0,2024-02-05T10:58:55,100.0,200.0,Al 0.5mm,139.0,0.545,OFF (1),4x4,661.0,36.900308,434.0,NRecon 1.7.4.2,609.0,684.0,664.0,2.0,5.0,10.0,D:\Results\Milton\MultiModal Test\wk8,/data0/core/atwai/Anderson_Scott/Multimodal/MultiModal Lung tumor test/raw data/wk8_12_Rec/wk8_12_rec.log,,,,,,,,,,,,,,,,,,,,,,,,,,,,,,,,,,,
acq:microCT:M14:W08,Acquisition,,,M14 week 8 microCT scan,,,,microCT,8.0,M14,,,,2024-02-05T11:00:57,94.0,2024-02-05T11:03:17,100.0,200.0,Al 0.5mm,139.0,0.545,OFF (1),4x4,661.0,36.900308,434.0,NRecon 1.7.4.2,603.0,684.0,664.0,2.0,5.0,10.0,D:\Results\Milton\MultiModal Test\wk8,/data0/core/atwai/Anderson_Scott/Multimodal/MultiModal Lung tumor test/raw data/wk8_14_Rec/wk8_14_rec.log,,,,,,,,,,,,,,,,,,,,,,,,,,,,,,,,,,,
acq:microCT:M15:W08,Acquisition,,,M15 week 8 microCT scan,,,,microCT,8.0,M15,,,,2024-02-05T11:05:33,94.0,2024-02-05T11:07:29,100.0,200.0,Al 0.5mm,139.0,0.545,OFF (1),4x4,661.0,36.900308,434.0,NRecon 1.7.4.2,560.0,684.0,664.0,2.0,5.0,10.0,D:\Results\Milton\MultiModal Test\wk8,/data0/core/atwai/Anderson_Scott/Multimodal/MultiModal Lung tumor test/raw data/wk8_15_Rec/wk8_15_rec.log,,,,,,,,,,,,,,,,,,,,,,,,,,,,,,,,,,,
acq:microCT:M17:W08,Acquisition,,,M17 week 8 microCT scan,,,,microCT,8.0,M17,,,,2024-02-05T11:09:46,94.0,2024-02-05T11:11:45,100.0,200.0,Al 0.5mm,139.0,0.548,OFF (1),4x4,658.0,36.900308,434.0,NRecon 1.7.4.2,516.0,684.0,664.0,2.0,5.0,10.0,D:\Results\Milton\MultiModal Test\wk8,/data0/core/atwai/Anderson_Scott/Multimodal/MultiModal Lung tumor test/raw data/wk8_17_Rec/wk8_17_rec.log,,,,,,,,,,,,,,,,,,,,,,,,,,,,,,,,,,,
acq:microCT:M18:W08,Acquisition,,,M18 week 8 microCT scan,,,,microCT,8.0,M18,,,,2024-02-05T11:14:46,94.0,2024-02-05T11:16:54,100.0,200.0,Al 0.5mm,139.0,0.548,OFF (1),4x4,658.0,36.900308,434.0,NRecon 1.7.4.2,579.0,684.0,664.0,2.0,5.0,10.0,D:\Results\Milton\MultiModal Test\wk8,/data0/core/atwai/Anderson_Scott/Multimodal/MultiModal Lung tumor test/raw data/wk8_18_Rec/wk8_18_rec.log,,,,,,,,,,,,,,,,,,,,,,,,,,,,,,,,,,,
acq:microCT:M19:W08,Acquisition,,,M19 week 8 microCT scan,,,,microCT,8.0,M19,,,,2024-02-05T11:18:47,94.0,2024-02-05T11:21:02,100.0,200.0,Al 0.5mm,139.0,0.547,OFF (1),4x4,659.0,36.900308,439.0,NRecon 1.7.4.2,564.0,684.0,664.0,2.0,5.0,10.0,D:\Results\Milton\MultiModal Test\wk8,/data0/core/atwai/Anderson_Scott/Multimodal/MultiModal Lung tumor test/raw data/wk8_19_Rec/wk8_19_rec.log,,,,,,,,,,,,,,,,,,,,,,,,,,,,,,,,,,,
acq:microCT:M67:W08,Acquisition,,,M67 week 8 microCT scan,,,,microCT,8.0,M67,,,,2024-02-05T11:22:43,94.0,2024-02-05T11:25:01,100.0,200.0,Al 0.5mm,139.0,0.547,OFF (1),4x4,659.0,36.900308,434.0,NRecon 1.7.4.2,563.0,684.0,664.0,2.0,5.0,10.0,D:\Results\Milton\MultiModal Test\wk8,/data0/core/atwai/Anderson_Scott/Multimodal/MultiModal Lung tumor test/raw data/wk8_67_Rec/wk8_67_rec.log,,,,,,,,,,,,,,,,,,,,,,,,,,,,,,,,,,,
acq:microCT:M75:W08,Acquisition,,,M75 week 8 microCT scan,,,,microCT,8.0,M75,,,,2024-02-05T11:27:16,94.0,2024-02-05T11:29:06,100.0,200.0,Al 0.5mm,139.0,0.545,OFF (1),4x4,661.0,36.900308,439.0,NRecon 1.7.4.2,611.0,684.0,664.0,2.0,5.0,10.0,D:\Results\Milton\MultiModal Test\wk8,/data0/core/atwai/Anderson_Scott/Multimodal/MultiModal Lung tumor test/raw data/wk8_75_Rec/wk8_75_rec.log,,,,,,,,,,,,,,,,,,,,,,,,,,,,,,,,,,,
acq:microCT:M68:W08,Acquisition,,,M68 week 8 microCT scan,,,,microCT,8.0,M68,,,,2024-02-05T11:31:26,94.0,2024-02-05T11:34:35,100.0,200.0,Al 0.5mm,139.0,0.545,OFF (1),4x4,661.0,36.900308,434.0,NRecon 1.7.4.2,655.0,684.0,664.0,2.0,5.0,10.0,D:\Results\Milton\MultiModal Test\wk8,/data0/core/atwai/Anderson_Scott/Multimodal/MultiModal Lung tumor test/raw data/wk8_68_Rec/wk8_68_rec.log,,,,,,,,,,,,,,,,,,,,,,,,,,,,,,,,,,,
acq:microCT:M69:W08,Acquisition,,,M69 week 8 microCT scan,,,,microCT,8.0,M69,,,,2024-02-05T11:35:54,94.0,2024-02-05T11:37:55,100.0,200.0,Al 0.5mm,139.0,0.545,OFF (1),4x4,661.0,36.900308,434.0,NRecon 1.7.4.2,643.0,684.0,664.0,2.0,5.0,10.0,D:\Results\Milton\MultiModal Test\wk8,/data0/core/atwai/Anderson_Scott/Multimodal/MultiModal Lung tumor test/raw data/wk8_69_Rec/wk8_69_rec.log,,,,,,,,,,,,,,,,,,,,,,,,,,,,,,,,,,,
acq:microCT:M13:W09,Acquisition,,,M13 week 9 microCT scan,,,,microCT,9.0,M13,,,,2024-02-12T10:41:09,93.0,2024-02-12T10:44:06,100.0,200.0,Al 0.5mm,139.0,0.545,OFF (1),4x4,661.0,36.900308,434.0,NRecon 1.7.4.2,670.0,684.0,664.0,2.0,5.0,10.0,D:\Results\Milton\MultiModal Test\wk9,/data0/core/atwai/Anderson_Scott/Multimodal/MultiModal Lung tumor test/raw data/wk9_13_Rec/wk9_13_rec.log,,,,,,,,,,,,,,,,,,,,,,,,,,,,,,,,,,,
acq:microCT:M68:W09,Acquisition,,,M68 week 9 microCT scan,,,,microCT,9.0,M68,,,,2024-02-12T10:46:05,94.0,2024-02-12T10:48:36,100.0,200.0,Al 0.5mm,139.0,0.547,OFF (1),4x4,659.0,36.900308,439.0,NRecon 1.7.4.2,619.0,684.0,664.0,2.0,5.0,10.0,D:\Results\Milton\MultiModal Test\wk9,/data0/core/atwai/Anderson_Scott/Multimodal/MultiModal Lung tumor test/raw data/wk9_68_Rec/wk9_68_rec.log,,,,,,,,,,,,,,,,,,,,,,,,,,,,,,,,,,,
acq:microCT:M69:W09,Acquisition,,,M69 week 9 microCT scan,,,,microCT,9.0,M69,,,,2024-02-12T10:50:10,94.0,2024-02-12T10:52:07,100.0,200.0,Al 0.5mm,139.0,0.545,OFF (1),4x4,661.0,36.900308,434.0,NRecon 1.7.4.2,668.0,684.0,664.0,2.0,5.0,10.0,D:\Results\Milton\MultiModal Test\wk9,/data0/core/atwai/Anderson_Scott/Multimodal/MultiModal Lung tumor test/raw data/wk9_69_Rec/wk9_69_rec.log,,,,,,,,,,,,,,,,,,,,,,,,,,,,,,,,,,,
acq:microCT:M67:W09,Acquisition,,,M67 week 9 microCT scan,,,,microCT,9.0,M67,,,,2024-02-12T10:55:04,94.0,2024-02-12T10:56:32,100.0,200.0,Al 0.5mm,139.0,0.545,OFF (1),4x4,661.0,36.900308,434.0,NRecon 1.7.4.2,670.0,684.0,664.0,2.0,5.0,10.0,D:\Results\Milton\MultiModal Test\wk9,/data0/core/atwai/Anderson_Scott/Multimodal/MultiModal Lung tumor test/raw data/wk9_67_Rec/wk9_67_rec.log,,,,,,,,,,,,,,,,,,,,,,,,,,,,,,,,,,,
acq:microCT:M75:W09,Acquisition,,,M75 week 9 microCT scan,,,,microCT,9.0,M75,,,,2024-02-12T11:02:18,94.0,2024-02-12T11:04:27,100.0,200.0,Al 0.5mm,139.0,0.547,OFF (1),4x4,659.0,36.900308,439.0,NRecon 1.7.4.2,673.0,684.0,664.0,2.0,5.0,10.0,D:\Results\Milton\MultiModal Test\wk9,/data0/core/atwai/Anderson_Scott/Multimodal/MultiModal Lung tumor test/raw data/wk9_75_Rec/wk9_75B_rec.log,,,,,,,,,,,,,,,,,,,,,,,,,,,,,,,,,,,
acq:microCT:M10:W09,Acquisition,,,M10 week 9 microCT scan,,,,microCT,9.0,M10,,,,2024-02-12T11:06:08,94.0,2024-02-12T11:08:28,100.0,200.0,Al 0.5mm,139.0,0.549,OFF (1),4x4,657.0,36.900308,434.0,NRecon 1.7.4.2,684.0,684.0,664.0,2.0,5.0,10.0,D:\Results\Milton\MultiModal Test\wk9,/data0/core/atwai/Anderson_Scott/Multimodal/MultiModal Lung tumor test/raw data/wk9_10_Rec/wk9_10_rec.log,,,,,,,,,,,,,,,,,,,,,,,,,,,,,,,,,,,
acq:microCT:M11:W09,Acquisition,,,M11 week 9 microCT scan,,,,microCT,9.0,M11,,,,2024-02-12T11:10:27,94.0,2024-02-12T11:11:57,100.0,200.0,Al 0.5mm,139.0,0.545,OFF (1),4x4,661.0,36.900308,434.0,NRecon 1.7.4.2,681.0,684.0,664.0,2.0,5.0,10.0,D:\Results\Milton\MultiModal Test\wk9,/data0/core/atwai/Anderson_Scott/Multimodal/MultiModal Lung tumor test/raw data/wk9_11_Rec/wk9_11_rec.log,,,,,,,,,,,,,,,,,,,,,,,,,,,,,,,,,,,
acq:microCT:M12:W09,Acquisition,,,M12 week 9 microCT scan,,,,microCT,9.0,M12,,,,2024-02-12T11:17:09,94.0,2024-02-12T11:20:45,100.0,200.0,Al 0.5mm,139.0,0.553,OFF (1),4x4,652.0,36.900308,432.0,NRecon 1.7.4.2,637.0,684.0,664.0,2.0,5.0,10.0,D:\Results\Milton\MultiModal Test\wk9,/data0/core/atwai/Anderson_Scott/Multimodal/MultiModal Lung tumor test/raw data/wk9_12_Rec/wk9_12B_rec.log,,,,,,,,,,,,,,,,,,,,,,,,,,,,,,,,,,,
acq:microCT:M14:W09,Acquisition,,,M14 week 9 microCT scan,,,,microCT,9.0,M14,,,,2024-02-12T11:22:00,94.0,2024-02-12T11:24:44,100.0,200.0,Al 0.5mm,139.0,0.545,OFF (1),4x4,661.0,36.900308,434.0,NRecon 1.7.4.2,608.0,684.0,664.0,2.0,5.0,10.0,D:\Results\Milton\MultiModal Test\wk9,/data0/core/atwai/Anderson_Scott/Multimodal/MultiModal Lung tumor test/raw data/wk9_14_Rec/wk9_14_rec.log,,,,,,,,,,,,,,,,,,,,,,,,,,,,,,,,,,,
acq:microCT:M15:W09,Acquisition,,,M15 week 9 microCT scan,,,,microCT,9.0,M15,,,,2024-02-12T11:25:42,94.0,2024-02-12T11:28:37,100.0,200.0,Al 0.5mm,139.0,0.545,OFF (1),4x4,661.0,36.900308,434.0,NRecon 1.7.4.2,642.0,684.0,664.0,2.0,5.0,10.0,D:\Results\Milton\MultiModal Test\wk9,/data0/core/atwai/Anderson_Scott/Multimodal/MultiModal Lung tumor test/raw data/wk9_15_Rec/wk9_15_rec.log,,,,,,,,,,,,,,,,,,,,,,,,,,,,,,,,,,,
acq:microCT:M17:W09,Acquisition,,,M17 week 9 microCT scan,,,,microCT,9.0,M17,,,,2024-02-12T11:29:29,94.0,2024-02-12T11:31:44,100.0,200.0,Al 0.5mm,139.0,0.549,OFF (1),4x4,657.0,36.900308,439.0,NRecon 1.7.4.2,631.0,684.0,664.0,2.0,5.0,10.0,D:\Results\Milton\MultiModal Test\wk9,/data0/core/atwai/Anderson_Scott/Multimodal/MultiModal Lung tumor test/raw data/wk9_17_Rec/wk9_17_rec.log,,,,,,,,,,,,,,,,,,,,,,,,,,,,,,,,,,,
acq:microCT:M18:W09,Acquisition,,,M18 week 9 microCT scan,,,,microCT,9.0,M18,,,,2024-02-12T11:35:05,94.0,2024-02-12T11:37:02,100.0,200.0,Al 0.5mm,139.0,0.545,OFF (1),4x4,661.0,36.900308,434.0,NRecon 1.7.4.2,646.0,684.0,664.0,2.0,5.0,10.0,D:\Results\Milton\MultiModal Test\wk9,/data0/core/atwai/Anderson_Scott/Multimodal/MultiModal Lung tumor test/raw data/wk9_18_Rec/wk9_18_rec.log,,,,,,,,,,,,,,,,,,,,,,,,,,,,,,,,,,,
acq:microCT:M19:W09,Acquisition,,,M19 week 9 microCT scan,,,,microCT,9.0,M19,,,,2024-02-12T11:40:11,94.0,2024-02-12T11:42:40,100.0,200.0,Al 0.5mm,139.0,0.548,OFF (1),4x4,658.0,36.900308,434.0,NRecon 1.7.4.2,720.0,684.0,664.0,2.0,5.0,10.0,D:\Results\Milton\MultiModal Test\wk9,/data0/core/atwai/Anderson_Scott/Multimodal/MultiModal Lung tumor test/raw data/wk9_19_Rec/wk9_19_rec.log,,,,,,,,,,,,,,,,,,,,,,,,,,,,,,,,,,,
acq:microCT:M13:W10,Acquisition,,,M13 week 10 microCT scan,,,,microCT,10.0,M13,,,,2024-02-20T10:32:50,94.0,2024-02-20T10:35:35,100.0,200.0,Al 0.5mm,139.0,0.545,OFF (1),4x4,661.0,36.948,433.0,NRecon 1.7.4.2,669.0,712.0,652.0,1.0,1.0,10.0,D:\Results\Milton\MultiModal Test\wk10,/data0/core/atwai/Anderson_Scott/Multimodal/MultiModal Lung tumor test/raw data/wk10_13_Rec/wk10_13_rec.log,,,,,,,,,,,,,,,,,,,,,,,,,,,,,,,,,,,
acq:microCT:M67:W10,Acquisition,,,M67 week 10 microCT scan,,,,microCT,10.0,M67,,,,2024-02-20T10:37:50,94.0,2024-02-20T10:40:16,100.0,200.0,Al 0.5mm,139.0,0.545,OFF (1),4x4,661.0,36.948,433.0,NRecon 1.7.4.2,637.0,712.0,652.0,1.0,1.0,10.0,D:\Results\Milton\MultiModal Test\wk10,/data0/core/atwai/Anderson_Scott/Multimodal/MultiModal Lung tumor test/raw data/wk10_67_Rec/wk10_67_rec.log,,,,,,,,,,,,,,,,,,,,,,,,,,,,,,,,,,,
acq:microCT:M75:W10,Acquisition,,,M75 week 10 microCT scan,,,,microCT,10.0,M75,,,,2024-02-20T10:42:58,94.0,2024-02-20T10:45:03,100.0,200.0,Al 0.5mm,139.0,0.547,OFF (1),4x4,659.0,36.900308,434.0,NRecon 1.7.4.2,595.0,712.0,652.0,1.0,1.0,10.0,D:\Results\Milton\MultiModal Test\wk10,/data0/core/atwai/Anderson_Scott/Multimodal/MultiModal Lung tumor test/raw data/wk10_75_Rec/wk10_75_rec.log,,,,,,,,,,,,,,,,,,,,,,,,,,,,,,,,,,,
acq:microCT:M68:W10,Acquisition,,,M68 week 10 microCT scan,,,,microCT,10.0,M68,,,,2024-02-20T10:47:27,94.0,2024-02-20T10:48:41,100.0,200.0,Al 0.5mm,139.0,0.547,OFF (1),4x4,659.0,36.900308,439.0,NRecon 1.7.4.2,603.0,712.0,652.0,1.0,1.0,10.0,D:\Results\Milton\MultiModal Test\wk10,/data0/core/atwai/Anderson_Scott/Multimodal/MultiModal Lung tumor test/raw data/wk10_68_Rec/wk10_68_rec.log,,,,,,,,,,,,,,,,,,,,,,,,,,,,,,,,,,,
acq:microCT:M69:W10,Acquisition,,,M69 week 10 microCT scan,,,,microCT,10.0,M69,,,,2024-02-20T10:51:30,94.0,2024-02-20T10:53:28,100.0,200.0,Al 0.5mm,139.0,0.545,OFF (1),4x4,661.0,36.900308,434.0,NRecon 1.7.4.2,573.0,712.0,652.0,1.0,1.0,10.0,D:\Results\Milton\MultiModal Test\wk10,/data0/core/atwai/Anderson_Scott/Multimodal/MultiModal Lung tumor test/raw data/wk10_69_Rec/wk10_69_rec.log,,,,,,,,,,,,,,,,,,,,,,,,,,,,,,,,,,,
acq:microCT:M10:W10,Acquisition,,,M10 week 10 microCT scan,,,,microCT,10.0,M10,,,,2024-02-20T10:56:54,94.0,2024-02-20T10:58:10,100.0,200.0,Al 0.5mm,139.0,0.549,OFF (1),4x4,657.0,36.900308,434.0,NRecon 1.7.4.2,697.0,712.0,652.0,1.0,1.0,10.0,D:\Results\Milton\MultiModal Test\wk10,/data0/core/atwai/Anderson_Scott/Multimodal/MultiModal Lung tumor test/raw data/wk10_10_Rec/wk10_10_rec.log,,,,,,,,,,,,,,,,,,,,,,,,,,,,,,,,,,,
acq:microCT:M11:W10,Acquisition,,,M11 week 10 microCT scan,,,,microCT,10.0,M11,,,,2024-02-20T11:01:06,94.0,2024-02-20T11:02:53,100.0,200.0,Al 0.5mm,139.0,0.547,OFF (1),4x4,659.0,36.933199,434.0,NRecon 1.7.4.2,676.0,712.0,652.0,1.0,1.0,10.0,D:\Results\Milton\MultiModal Test\wk10,/data0/core/atwai/Anderson_Scott/Multimodal/MultiModal Lung tumor test/raw data/wk10_11_Rec/wk10_11_rec.log,,,,,,,,,,,,,,,,,,,,,,,,,,,,,,,,,,,
acq:microCT:M12:W10,Acquisition,,,M12 week 10 microCT scan,,,,microCT,10.0,M12,,,,2024-02-20T11:05:39,94.0,2024-02-20T11:12:40,100.0,200.0,Al 0.5mm,139.0,0.549,OFF (1),4x4,657.0,36.900308,434.0,NRecon 1.7.4.2,626.0,712.0,652.0,1.0,1.0,10.0,D:\Results\Milton\MultiModal Test\wk10,/data0/core/atwai/Anderson_Scott/Multimodal/MultiModal Lung tumor test/raw data/wk10_12_Rec/wk10_12_rec.log,,,,,,,,,,,,,,,,,,,,,,,,,,,,,,,,,,,
acq:microCT:M14:W10,Acquisition,,,M14 week 10 microCT scan,,,,microCT,10.0,M14,,,,2024-02-20T11:10:25,94.0,2024-02-20T11:14:40,100.0,200.0,Al 0.5mm,139.0,0.547,OFF (1),4x4,659.0,36.900308,439.0,NRecon 1.7.4.2,553.0,712.0,652.0,1.0,1.0,10.0,D:\Results\Milton\MultiModal Test\wk10,/data0/core/atwai/Anderson_Scott/Multimodal/MultiModal Lung tumor test/raw data/wk10_14_Rec/wk10_14_rec.log,,,,,,,,,,,,,,,,,,,,,,,,,,,,,,,,,,,
acq:microCT:M15:W10,Acquisition,,,M15 week 10 microCT scan,,,,microCT,10.0,M15,,,,2024-02-20T11:17:11,94.0,2024-02-20T11:18:53,100.0,200.0,Al 0.5mm,139.0,0.545,OFF (1),4x4,661.0,36.900308,434.0,NRecon 1.7.4.2,572.0,712.0,652.0,1.0,1.0,10.0,D:\Results\Milton\MultiModal Test\wk10,/data0/core/atwai/Anderson_Scott/Multimodal/MultiModal Lung tumor test/raw data/wk10_15_Rec/wk10_15_rec.log,,,,,,,,,,,,,,,,,,,,,,,,,,,,,,,,,,,
acq:microCT:M17:W10,Acquisition,,,M17 week 10 microCT scan,,,,microCT,10.0,M17,,,,2024-02-20T11:21:25,94.0,2024-02-20T11:23:01,100.0,200.0,Al 0.5mm,139.0,0.545,OFF (1),4x4,661.0,36.900308,434.0,NRecon 1.7.4.2,548.0,712.0,652.0,1.0,1.0,10.0,D:\Results\Milton\MultiModal Test\wk10,/data0/core/atwai/Anderson_Scott/Multimodal/MultiModal Lung tumor test/raw data/wk10_17_Rec/wk10_17_rec.log,,,,,,,,,,,,,,,,,,,,,,,,,,,,,,,,,,,
acq:microCT:M18:W10,Acquisition,,,M18 week 10 microCT scan,,,,microCT,10.0,M18,,,,2024-02-20T11:25:39,93.0,2024-02-20T11:27:43,100.0,200.0,Al 0.5mm,139.0,0.545,OFF (1),4x4,661.0,36.900308,434.0,NRecon 1.7.4.2,550.0,712.0,652.0,1.0,1.0,10.0,D:\Results\Milton\MultiModal Test\wk10,/data0/core/atwai/Anderson_Scott/Multimodal/MultiModal Lung tumor test/raw data/wk10_18_Rec/wk10_18_rec.log,,,,,,,,,,,,,,,,,,,,,,,,,,,,,,,,,,,
acq:microCT:M19:W10,Acquisition,,,M19 week 10 microCT scan,,,,microCT,10.0,M19,,,,2024-02-20T11:29:18,94.0,2024-02-20T11:32:06,100.0,200.0,Al 0.5mm,139.0,0.545,OFF (1),4x4,661.0,36.900308,434.0,NRecon 1.7.4.2,605.0,712.0,652.0,1.0,1.0,10.0,D:\Results\Milton\MultiModal Test\wk10,/data0/core/atwai/Anderson_Scott/Multimodal/MultiModal Lung tumor test/raw data/wk10_19_Rec/wk10_19_rec.log,,,,,,,,,,,,,,,,,,,,,,,,,,,,,,,,,,,
acq:microCT:M13:W11,Acquisition,,,M13 week 11 microCT scan,,,,microCT,11.0,M13,,,,2024-02-26T12:26:48,94.0,2024-02-26T12:29:35,100.0,200.0,Al 0.5mm,139.0,0.545,OFF (1),4x4,661.0,36.900308,434.0,NRecon 1.7.4.2,630.0,660.0,660.0,1.0,1.0,10.0,D:\Results\Milton\MultiModal Test\wk11,/data0/core/atwai/Anderson_Scott/Multimodal/MultiModal Lung tumor test/raw data/wk11_13_Rec/wk11_13_rec.log,,,,,,,,,,,,,,,,,,,,,,,,,,,,,,,,,,,
acq:microCT:M10:W11,Acquisition,,,M10 week 11 microCT scan,,,,microCT,11.0,M10,,,,2024-02-26T12:33:24,94.0,2024-02-26T12:35:31,100.0,200.0,Al 0.5mm,139.0,0.549,OFF (1),4x4,657.0,36.900308,434.0,NRecon 1.7.4.2,612.0,660.0,660.0,1.0,1.0,10.0,D:\Results\Milton\MultiModal Test\wk11,/data0/core/atwai/Anderson_Scott/Multimodal/MultiModal Lung tumor test/raw data/wk11_10_Rec/wk11_10_rec.log,,,,,,,,,,,,,,,,,,,,,,,,,,,,,,,,,,,
acq:microCT:M11:W11,Acquisition,,,M11 week 11 microCT scan,,,,microCT,11.0,M11,,,,2024-02-26T12:38:08,94.0,2024-02-26T12:40:38,100.0,200.0,Al 0.5mm,139.0,0.545,OFF (1),4x4,661.0,36.900308,434.0,NRecon 1.7.4.2,646.0,660.0,660.0,1.0,1.0,10.0,D:\Results\Milton\MultiModal Test\wk11,/data0/core/atwai/Anderson_Scott/Multimodal/MultiModal Lung tumor test/raw data/wk11_11_Rec/wk11_11_rec.log,,,,,,,,,,,,,,,,,,,,,,,,,,,,,,,,,,,
acq:microCT:M12:W11,Acquisition,,,M12 week 11 microCT scan,,,,microCT,11.0,M12,,,,2024-02-26T12:43:00,94.0,2024-02-26T12:47:12,100.0,200.0,Al 0.5mm,139.0,0.547,OFF (1),4x4,659.0,36.900308,434.0,NRecon 1.7.4.2,604.0,660.0,660.0,1.0,1.0,10.0,D:\Results\Milton\MultiModal Test\wk11,/data0/core/atwai/Anderson_Scott/Multimodal/MultiModal Lung tumor test/raw data/wk11_12_Rec/wk11_12_rec.log,,,,,,,,,,,,,,,,,,,,,,,,,,,,,,,,,,,
acq:microCT:M14:W11,Acquisition,,,M14 week 11 microCT scan,,,,microCT,11.0,M14,,,,2024-02-26T12:47:11,93.0,2024-02-26T12:50:16,100.0,200.0,Al 0.5mm,139.0,0.545,OFF (1),4x4,661.0,36.900308,434.0,NRecon 1.7.4.2,600.0,660.0,660.0,1.0,1.0,10.0,D:\Results\Milton\MultiModal Test\wk11,/data0/core/atwai/Anderson_Scott/Multimodal/MultiModal Lung tumor test/raw data/wk11_14_Rec/wk11_14_rec.log,,,,,,,,,,,,,,,,,,,,,,,,,,,,,,,,,,,
acq:microCT:M68:W11,Acquisition,,,M68 week 11 microCT scan,,,,microCT,11.0,M68,,,,2024-02-26T12:55:38,94.0,2024-02-26T12:58:05,100.0,200.0,Al 0.5mm,139.0,0.548,OFF (1),4x4,658.0,36.900308,439.0,NRecon 1.7.4.2,637.0,660.0,660.0,1.0,1.0,10.0,D:\Results\Milton\MultiModal Test\wk11,/data0/core/atwai/Anderson_Scott/Multimodal/MultiModal Lung tumor test/raw data/wk11_68_Rec/wk11_68_rec.log,,,,,,,,,,,,,,,,,,,,,,,,,,,,,,,,,,,
acq:microCT:M69:W11,Acquisition,,,M69 week 11 microCT scan,,,,microCT,11.0,M69,,,,2024-02-26T12:59:34,94.0,2024-02-26T13:02:10,100.0,200.0,Al 0.5mm,139.0,0.545,OFF (1),4x4,661.0,36.900308,434.0,NRecon 1.7.4.2,640.0,660.0,660.0,1.0,1.0,10.0,D:\Results\Milton\MultiModal Test\wk11,/data0/core/atwai/Anderson_Scott/Multimodal/MultiModal Lung tumor test/raw data/wk11_69_Rec/wk11_69_rec.log,,,,,,,,,,,,,,,,,,,,,,,,,,,,,,,,,,,
acq:microCT:M67:W11,Acquisition,,,M67 week 11 microCT scan,,,,microCT,11.0,M67,,,,2024-02-26T13:10:16,94.0,2024-02-26T13:12:17,100.0,200.0,Al 0.5mm,139.0,0.545,OFF (1),4x4,661.0,36.900308,434.0,NRecon 1.7.4.2,596.0,660.0,660.0,1.0,1.0,10.0,D:\Results\Milton\MultiModal Test\wk11,/data0/core/atwai/Anderson_Scott/Multimodal/MultiModal Lung tumor test/raw data/wk11_67_Rec/wk11_67_rec.log,,,,,,,,,,,,,,,,,,,,,,,,,,,,,,,,,,,
acq:microCT:M75:W11,Acquisition,,,M75 week 11 microCT scan,,,,microCT,11.0,M75,,,,2024-02-26T13:14:43,94.0,2024-02-26T13:17:52,100.0,200.0,Al 0.5mm,139.0,0.547,OFF (1),4x4,659.0,36.900308,434.0,NRecon 1.7.4.2,596.0,660.0,660.0,1.0,1.0,10.0,D:\Results\Milton\MultiModal Test\wk11,/data0/core/atwai/Anderson_Scott/Multimodal/MultiModal Lung tumor test/raw data/wk11_75_Rec/wk11_75_rec.log,,,,,,,,,,,,,,,,,,,,,,,,,,,,,,,,,,,
acq:microCT:M15:W11,Acquisition,,,M15 week 11 microCT scan,,,,microCT,11.0,M15,,,,2024-02-26T13:23:31,94.0,2024-02-26T13:25:45,100.0,200.0,Al 0.5mm,139.0,0.545,OFF (1),4x4,661.0,36.900308,434.0,NRecon 1.7.4.2,569.0,660.0,660.0,1.0,1.0,10.0,D:\Results\Milton\MultiModal Test\wk11,/data0/core/atwai/Anderson_Scott/Multimodal/MultiModal Lung tumor test/raw data/wk11_15_Rec/wk11_15_rec.log,,,,,,,,,,,,,,,,,,,,,,,,,,,,,,,,,,,
acq:microCT:M17:W11,Acquisition,,,M17 week 11 microCT scan,,,,microCT,11.0,M17,,,,2024-02-26T13:28:11,94.0,2024-02-26T13:30:10,100.0,200.0,Al 0.5mm,139.0,0.545,OFF (1),4x4,661.0,36.900308,439.0,NRecon 1.7.4.2,575.0,660.0,660.0,1.0,1.0,10.0,D:\Results\Milton\MultiModal Test\wk11,/data0/core/atwai/Anderson_Scott/Multimodal/MultiModal Lung tumor test/raw data/wk11_17_Rec/wk11_17_rec.log,,,,,,,,,,,,,,,,,,,,,,,,,,,,,,,,,,,
acq:microCT:M18:W11,Acquisition,,,M18 week 11 microCT scan,,,,microCT,11.0,M18,,,,2024-02-26T13:32:14,94.0,2024-02-26T13:34:20,100.0,200.0,Al 0.5mm,139.0,0.545,OFF (1),4x4,661.0,36.900308,434.0,NRecon 1.7.4.2,598.0,660.0,660.0,1.0,1.0,10.0,D:\Results\Milton\MultiModal Test\wk11,/data0/core/atwai/Anderson_Scott/Multimodal/MultiModal Lung tumor test/raw data/wk11_18_Rec/wk11_18_rec.log,,,,,,,,,,,,,,,,,,,,,,,,,,,,,,,,,,,
acq:microCT:M19:W11,Acquisition,,,M19 week 11 microCT scan,,,,microCT,11.0,M19,,,,2024-02-26T13:36:54,94.0,2024-02-26T13:40:06,100.0,200.0,Al 0.5mm,139.0,0.545,OFF (1),4x4,661.0,36.900308,434.0,NRecon 1.7.4.2,578.0,660.0,660.0,1.0,1.0,10.0,D:\Results\Milton\MultiModal Test\wk11,/data0/core/atwai/Anderson_Scott/Multimodal/MultiModal Lung tumor test/raw data/wk11_19_Rec/wk11_19_rec.log,,,,,,,,,,,,,,,,,,,,,,,,,,,,,,,,,,,
acq:microCT:M13:W13,Acquisition,,,M13 week 13 microCT scan,,,,microCT,13.0,M13,,,,2024-03-12T12:05:17,94.0,2024-03-12T12:07:57,100.0,200.0,Al 0.5mm,139.0,0.547,OFF (1),4x4,659.0,36.900308,434.0,NRecon 1.7.4.2,611.0,724.0,680.0,2.0,5.0,10.0,D:\Results\Milton\MultiModal Test\wk13,/data0/core/atwai/Anderson_Scott/Multimodal/MultiModal Lung tumor test/raw data/wk13_13_Rec/wk13_13_rec.log,,,,,,,,,,,,,,,,,,,,,,,,,,,,,,,,,,,
acq:microCT:M67:W13,Acquisition,,,M67 week 13 microCT scan,,,,microCT,13.0,M67,,,,2024-03-12T12:10:14,94.0,2024-03-12T12:12:27,100.0,200.0,Al 0.5mm,139.0,0.545,OFF (1),4x4,661.0,36.900308,434.0,NRecon 1.7.4.2,634.0,724.0,680.0,2.0,5.0,10.0,D:\Results\Milton\MultiModal Test\wk13,/data0/core/atwai/Anderson_Scott/Multimodal/MultiModal Lung tumor test/raw data/wk13_67_Rec/wk13_67_rec.log,,,,,,,,,,,,,,,,,,,,,,,,,,,,,,,,,,,
acq:microCT:M68:W13,Acquisition,,,M68 week 13 microCT scan,,,,microCT,13.0,M68,,,,2024-03-12T12:14:10,94.0,2024-03-12T12:15:42,100.0,200.0,Al 0.5mm,139.0,0.545,OFF (1),4x4,661.0,36.900308,434.0,NRecon 1.7.4.2,624.0,724.0,680.0,2.0,5.0,10.0,D:\Results\Milton\MultiModal Test\wk13,/data0/core/atwai/Anderson_Scott/Multimodal/MultiModal Lung tumor test/raw data/wk13_68_Rec/wk13_68_rec.log,,,,,,,,,,,,,,,,,,,,,,,,,,,,,,,,,,,
acq:microCT:M69:W13,Acquisition,,,M69 week 13 microCT scan,,,,microCT,13.0,M69,,,,2024-03-12T12:18:26,93.0,2024-03-12T12:20:28,100.0,200.0,Al 0.5mm,139.0,0.545,OFF (1),4x4,661.0,36.900308,434.0,NRecon 1.7.4.2,602.0,724.0,680.0,2.0,5.0,10.0,D:\Results\Milton\MultiModal Test\wk13,/data0/core/atwai/Anderson_Scott/Multimodal/MultiModal Lung tumor test/raw data/wk13_69_Rec/wk13_69_rec.log,,,,,,,,,,,,,,,,,,,,,,,,,,,,,,,,,,,
acq:microCT:M10:W13,Acquisition,,,M10 week 13 microCT scan,,,,microCT,13.0,M10,,,,2024-03-12T12:22:58,94.0,2024-03-12T12:25:24,100.0,200.0,Al 0.5mm,139.0,0.551,OFF (1),4x4,655.0,36.900308,434.0,NRecon 1.7.4.2,691.0,724.0,680.0,2.0,5.0,10.0,D:\Results\Milton\MultiModal Test\wk13,/data0/core/atwai/Anderson_Scott/Multimodal/MultiModal Lung tumor test/raw data/wk13_10_Rec/wk13_10_rec.log,,,,,,,,,,,,,,,,,,,,,,,,,,,,,,,,,,,
acq:microCT:M11:W13,Acquisition,,,M11 week 13 microCT scan,,,,microCT,13.0,M11,,,,2024-03-12T12:27:06,94.0,2024-03-12T12:29:17,100.0,200.0,Al 0.5mm,139.0,0.545,OFF (1),4x4,661.0,36.900308,434.0,NRecon 1.7.4.2,693.0,724.0,680.0,2.0,5.0,10.0,D:\Results\Milton\MultiModal Test\wk13,/data0/core/atwai/Anderson_Scott/Multimodal/MultiModal Lung tumor test/raw data/wk13_11_Rec/wk13_11_rec.log,,,,,,,,,,,,,,,,,,,,,,,,,,,,,,,,,,,
acq:microCT:M12:W13,Acquisition,,,M12 week 13 microCT scan,,,,microCT,13.0,M12,,,,2024-03-12T12:30:51,94.0,2024-03-12T12:32:44,100.0,200.0,Al 0.5mm,139.0,0.547,OFF (1),4x4,659.0,36.900308,439.0,NRecon 1.7.4.2,689.0,724.0,680.0,2.0,5.0,10.0,D:\Results\Milton\MultiModal Test\wk13,/data0/core/atwai/Anderson_Scott/Multimodal/MultiModal Lung tumor test/raw data/wk13_12_Rec/wk13_12_rec.log,,,,,,,,,,,,,,,,,,,,,,,,,,,,,,,,,,,
acq:microCT:M14:W13,Acquisition,,,M14 week 13 microCT scan,,,,microCT,13.0,M14,,,,2024-03-12T12:34:55,93.0,2024-03-12T12:36:55,100.0,200.0,Al 0.5mm,139.0,0.545,OFF (1),4x4,661.0,36.900308,434.0,NRecon 1.7.4.2,677.0,724.0,680.0,2.0,5.0,10.0,D:\Results\Milton\MultiModal Test\wk13,/data0/core/atwai/Anderson_Scott/Multimodal/MultiModal Lung tumor test/raw data/wk13_14_Rec/wk13_14_rec.log,,,,,,,,,,,,,,,,,,,,,,,,,,,,,,,,,,,
acq:microCT:M15:W13,Acquisition,,,M15 week 13 microCT scan,,,,microCT,13.0,M15,,,,2024-03-12T12:40:10,94.0,2024-03-12T12:42:03,100.0,200.0,Al 0.5mm,139.0,0.545,OFF (1),4x4,661.0,36.900308,434.0,NRecon 1.7.4.2,704.0,724.0,680.0,2.0,5.0,10.0,D:\Results\Milton\MultiModal Test\wk13,/data0/core/atwai/Anderson_Scott/Multimodal/MultiModal Lung tumor test/raw data/wk13_15_Rec/wk13_15_rec.log,,,,,,,,,,,,,,,,,,,,,,,,,,,,,,,,,,,
acq:microCT:M17:W13,Acquisition,,,M17 week 13 microCT scan,,,,microCT,13.0,M17,,,,2024-03-12T12:43:38,94.0,2024-03-12T12:45:36,100.0,200.0,Al 0.5mm,139.0,0.545,OFF (1),4x4,661.0,36.900308,439.0,NRecon 1.7.4.2,645.0,724.0,680.0,2.0,5.0,10.0,D:\Results\Milton\MultiModal Test\wk13,/data0/core/atwai/Anderson_Scott/Multimodal/MultiModal Lung tumor test/raw data/wk13_17_Rec/wk13_17_rec.log,,,,,,,,,,,,,,,,,,,,,,,,,,,,,,,,,,,
acq:microCT:M18:W13,Acquisition,,,M18 week 13 microCT scan,,,,microCT,13.0,M18,,,,2024-03-12T12:47:14,93.0,2024-03-12T12:48:44,100.0,200.0,Al 0.5mm,139.0,0.545,OFF (1),4x4,661.0,36.900308,434.0,NRecon 1.7.4.2,705.0,724.0,680.0,2.0,5.0,10.0,D:\Results\Milton\MultiModal Test\wk13,/data0/core/atwai/Anderson_Scott/Multimodal/MultiModal Lung tumor test/raw data/wk13_18_Rec/wk13_18_rec.log,,,,,,,,,,,,,,,,,,,,,,,,,,,,,,,,,,,
acq:microCT:M19:W13,Acquisition,,,M19 week 13 microCT scan,,,,microCT,13.0,M19,,,,2024-03-12T12:50:41,93.0,2024-03-12T12:52:16,100.0,200.0,Al 0.5mm,139.0,0.545,OFF (1),4x4,661.0,36.900308,434.0,NRecon 1.7.4.2,605.0,724.0,680.0,2.0,5.0,10.0,D:\Results\Milton\MultiModal Test\wk13,/data0/core/atwai/Anderson_Scott/Multimodal/MultiModal Lung tumor test/raw data/wk13_19_Rec/wk13_19_rec.log,,,,,,,,,,,,,,,,,,,,,,,,,,,,,,,,,,,
acq:microCT:M13:W14,Acquisition,,,M13 week 14 microCT scan,,,,microCT,14.0,M13,,,,2024-03-18T11:06:00,94.0,2024-03-18T13:41:07,100.0,200.0,Al 0.5mm,139.0,0.545,OFF (1),4x4,661.0,36.900308,434.0,NRecon 1.7.4.2,667.0,596.0,540.0,2.0,5.0,10.0,D:\Results\Milton\MultiModal Test\wk14,/data0/core/atwai/Anderson_Scott/Multimodal/MultiModal Lung tumor test/raw data/wk14_13_Rec/wk14_13_rec.log,,,,,,,,,,,,,,,,,,,,,,,,,,,,,,,,,,,
acq:microCT:M67:W14,Acquisition,,,M67 week 14 microCT scan,,,,microCT,14.0,M67,,,,2024-03-18T11:10:25,94.0,2024-03-18T13:50:08,100.0,200.0,Al 0.5mm,139.0,0.545,OFF (1),4x4,661.0,36.900308,434.0,NRecon 1.7.4.2,667.0,596.0,540.0,2.0,5.0,10.0,D:\Results\Milton\MultiModal Test\wk14,/data0/core/atwai/Anderson_Scott/Multimodal/MultiModal Lung tumor test/raw data/wk14_67_Rec/wk14_67_rec.log,,,,,,,,,,,,,,,,,,,,,,,,,,,,,,,,,,,
acq:microCT:M68:W14,Acquisition,,,M68 week 14 microCT scan,,,,microCT,14.0,M68,,,,2024-03-18T11:17:59,93.0,2024-03-18T13:51:45,100.0,200.0,Al 0.5mm,139.0,0.545,OFF (1),4x4,661.0,36.900308,434.0,NRecon 1.7.4.2,667.0,596.0,540.0,2.0,5.0,10.0,D:\Results\Milton\MultiModal Test\wk14,/data0/core/atwai/Anderson_Scott/Multimodal/MultiModal Lung tumor test/raw data/wk14_68_Rec/wk14_68_rec.log,,,,,,,,,,,,,,,,,,,,,,,,,,,,,,,,,,,
acq:microCT:M69:W14,Acquisition,,,M69 week 14 microCT scan,,,,microCT,14.0,M69,,,,2024-03-18T11:22:19,94.0,2024-03-18T13:53:08,100.0,200.0,Al 0.5mm,139.0,0.545,OFF (1),4x4,661.0,36.900308,434.0,NRecon 1.7.4.2,667.0,596.0,540.0,2.0,5.0,10.0,D:\Results\Milton\MultiModal Test\wk14,/data0/core/atwai/Anderson_Scott/Multimodal/MultiModal Lung tumor test/raw data/wk14_69_Rec/wk14_69_rec.log,,,,,,,,,,,,,,,,,,,,,,,,,,,,,,,,,,,
acq:microCT:M10:W14,Acquisition,,,M10 week 14 microCT scan,,,,microCT,14.0,M10,,,,2024-03-18T11:29:24,94.0,2024-03-18T13:30:28,100.0,200.0,Al 0.5mm,139.0,0.547,OFF (1),4x4,659.0,36.900308,434.0,NRecon 1.7.4.2,667.0,596.0,540.0,2.0,5.0,10.0,D:\Results\Milton\MultiModal Test\wk14,/data0/core/atwai/Anderson_Scott/Multimodal/MultiModal Lung tumor test/raw data/wk14_10_Rec/wk14_10_rec.log,,,,,,,,,,,,,,,,,,,,,,,,,,,,,,,,,,,
acq:microCT:M11:W14,Acquisition,,,M11 week 14 microCT scan,,,,microCT,14.0,M11,,,,2024-03-18T11:34:00,94.0,2024-03-18T13:38:05,100.0,200.0,Al 0.5mm,139.0,0.545,OFF (1),4x4,661.0,36.900308,434.0,NRecon 1.7.4.2,667.0,596.0,540.0,2.0,5.0,10.0,D:\Results\Milton\MultiModal Test\wk14,/data0/core/atwai/Anderson_Scott/Multimodal/MultiModal Lung tumor test/raw data/wk14_11_Rec/wk14_11_rec.log,,,,,,,,,,,,,,,,,,,,,,,,,,,,,,,,,,,
acq:microCT:M12:W14,Acquisition,,,M12 week 14 microCT scan,,,,microCT,14.0,M12,,,,2024-03-18T11:38:07,93.0,2024-03-18T13:39:59,100.0,200.0,Al 0.5mm,139.0,0.545,OFF (1),4x4,661.0,36.900308,434.0,NRecon 1.7.4.2,667.0,596.0,540.0,2.0,5.0,10.0,D:\Results\Milton\MultiModal Test\wk14,/data0/core/atwai/Anderson_Scott/Multimodal/MultiModal Lung tumor test/raw data/wk14_12_Rec/wk14_12_rec.log,,,,,,,,,,,,,,,,,,,,,,,,,,,,,,,,,,,
acq:microCT:M14:W14,Acquisition,,,M14 week 14 microCT scan,,,,microCT,14.0,M14,,,,2024-03-18T11:42:11,94.0,2024-03-18T13:43:23,100.0,200.0,Al 0.5mm,139.0,0.547,OFF (1),4x4,659.0,36.900308,439.0,NRecon 1.7.4.2,667.0,596.0,540.0,2.0,5.0,10.0,D:\Results\Milton\MultiModal Test\wk14,/data0/core/atwai/Anderson_Scott/Multimodal/MultiModal Lung tumor test/raw data/wk14_14_Rec/wk14_14_rec.log,,,,,,,,,,,,,,,,,,,,,,,,,,,,,,,,,,,
acq:microCT:M15:W14,Acquisition,,,M15 week 14 microCT scan,,,,microCT,14.0,M15,,,,2024-03-18T11:48:43,93.0,2024-03-18T13:44:40,100.0,200.0,Al 0.5mm,139.0,0.545,OFF (1),4x4,661.0,36.900308,434.0,NRecon 1.7.4.2,667.0,596.0,540.0,2.0,5.0,10.0,D:\Results\Milton\MultiModal Test\wk14,/data0/core/atwai/Anderson_Scott/Multimodal/MultiModal Lung tumor test/raw data/wk14_15_Rec/wk14_15_rec.log,,,,,,,,,,,,,,,,,,,,,,,,,,,,,,,,,,,
acq:microCT:M17:W14,Acquisition,,,M17 week 14 microCT scan,,,,microCT,14.0,M17,,,,2024-03-18T11:52:50,94.0,2024-03-18T13:46:04,100.0,200.0,Al 0.5mm,139.0,0.545,OFF (1),4x4,661.0,36.900308,439.0,NRecon 1.7.4.2,667.0,596.0,540.0,2.0,5.0,10.0,D:\Results\Milton\MultiModal Test\wk14,/data0/core/atwai/Anderson_Scott/Multimodal/MultiModal Lung tumor test/raw data/wk14_17_Rec/wk14_17_rec.log,,,,,,,,,,,,,,,,,,,,,,,,,,,,,,,,,,,
acq:microCT:M18:W14,Acquisition,,,M18 week 14 microCT scan,,,,microCT,14.0,M18,,,,2024-03-18T11:56:52,94.0,2024-03-18T13:47:28,100.0,200.0,Al 0.5mm,139.0,0.547,OFF (1),4x4,659.0,36.900308,439.0,NRecon 1.7.4.2,667.0,596.0,540.0,2.0,5.0,10.0,D:\Results\Milton\MultiModal Test\wk14,/data0/core/atwai/Anderson_Scott/Multimodal/MultiModal Lung tumor test/raw data/wk14_18_Rec/wk14_18_rec.log,,,,,,,,,,,,,,,,,,,,,,,,,,,,,,,,,,,
acq:microCT:M19:W14,Acquisition,,,M19 week 14 microCT scan,,,,microCT,14.0,M19,,,,2024-03-18T12:01:10,94.0,2024-03-18T13:48:20,100.0,200.0,Al 0.5mm,139.0,0.545,OFF (1),4x4,661.0,36.900308,434.0,NRecon 1.7.4.2,667.0,596.0,540.0,2.0,5.0,10.0,D:\Results\Milton\MultiModal Test\wk14,/data0/core/atwai/Anderson_Scott/Multimodal/MultiModal Lung tumor test/raw data/wk14_19_Rec/wk14_19_rec.log,,,,,,,,,,,,,,,,,,,,,,,,,,,,,,,,,,,
acq:MRI:20240122_135942_AIPT_multimodelLung20240122_1_85:1,Acquisition,,,1013_Localizer (E1),,,,MRI,6.0,M13,,,,,,,,,,,,,,,,,,,,,,,,,,8.2,1.0,1013_Localizer (E1),1_Localizer,FLASH,100.0,3.0,1.0,256x256,40x40,0.15625,1.0,5 1 1,axial sagittal coronal,25.6,2024-01-22 14:07:55,,,,,,,,,,,,,,,,,,,
acq:MRI:20240122_135942_AIPT_multimodelLung20240122_1_85:3,Acquisition,,,1013_Localizer (E3),,,,MRI,6.0,M13,,,,,,,,,,,,,,,,,,,,,,,,,,2.0,3.0,1013_Localizer (E3),1_Localizer,FLASH,100.0,3.0,1.0,256x256,40x40,0.15625,1.0,5 1 1,axial sagittal coronal,25.6,2024-01-22 14:09:56,,,,,,,,,,,,,,,,,,,
acq:MRI:20240122_135942_AIPT_multimodelLung20240122_1_85:4,Acquisition,,,1013_Localizer (E4),,,,MRI,6.0,M13,,,,,,,,,,,,,,,,,,,,,,,,,,5.0,4.0,1013_Localizer (E4),1_Localizer,FLASH,100.0,3.0,1.0,256x256,40x40,0.15625,1.0,5 1 1,axial sagittal coronal,25.6,2024-01-22 14:14:53,,,,,,,,,,,,,,,,,,,
acq:MRI:20240122_135942_AIPT_multimodelLung20240122_1_85:5,Acquisition,,,1013_T2_TurboRARE_Axial (E5),,,,MRI,6.0,M13,,,,,,,,,,,,,,,,,,,,,,,,,,9.6,5.0,1013_T2_TurboRARE_Axial (E5),T2_TurboRARE,RARE,4379.1,10.0,3.0,256x256,40x40,0.15625,0.5,46,axial,420.4,2024-01-22 14:24:27,8.0,,,,,,,,,,,,,,,,,,
acq:MRI:20240122_135942_AIPT_multimodelLung20240122_1_85:6,Acquisition,,,1075_Localizer (E6),,,,MRI,6.0,M75,,,,,,,,,,,,,,,,,,,,,,,,,,3.2,6.0,1075_Localizer (E6),1_Localizer,FLASH,100.0,3.0,1.0,256x256,40x40,0.15625,1.0,5 1 1,axial sagittal coronal,25.6,2024-01-22 14:27:39,,,,,,,,,,,,,,,,,,,
acq:MRI:20240122_135942_AIPT_multimodelLung20240122_1_85:9,Acquisition,,,1075_Localizer (E9),,,,MRI,6.0,M75,,,,,,,,,,,,,,,,,,,,,,,,,,4.2,9.0,1075_Localizer (E9),1_Localizer,FLASH,100.0,3.0,1.0,256x256,40x40,0.15625,1.0,5 1 1,axial sagittal coronal,25.6,2024-01-22 14:31:54,,,,,,,,,,,,,,,,,,,
acq:MRI:20240122_135942_AIPT_multimodelLung20240122_1_85:10,Acquisition,,,1075_Localizer (E10),,,,MRI,6.0,M75,,,,,,,,,,,,,,,,,,,,,,,,,,8.4,10.0,1075_Localizer (E10),1_Localizer,FLASH,100.0,3.0,1.0,256x256,40x40,0.15625,1.0,5 1 1,axial sagittal coronal,25.6,2024-01-22 14:40:19,,,,,,,,,,,,,,,,,,,
acq:MRI:20240122_135942_AIPT_multimodelLung20240122_1_85:7,Acquisition,,,1075_T2_TurboRARE_Axial (E7),,,,MRI,6.0,M75,,,,,,,,,,,,,,,,,,,,,,,,,,9.4,7.0,1075_T2_TurboRARE_Axial (E7),T2_TurboRARE,RARE,4379.1,10.0,3.0,256x256,40x40,0.15625,0.5,46,axial,420.4,2024-01-22 14:49:43,8.0,,,,,,,,,,,,,,,,,,
acq:MRI:20240122_135942_AIPT_multimodelLung20240122_1_85:11,Acquisition,,,1067_Localizer (E11),,,,MRI,6.0,M67,,,,,,,,,,,,,,,,,,,,,,,,,,3.1,11.0,1067_Localizer (E11),1_Localizer,FLASH,100.0,3.0,1.0,256x256,40x40,0.15625,1.0,5 1 1,axial sagittal coronal,25.6,2024-01-22 14:52:51,,,,,,,,,,,,,,,,,,,
acq:MRI:20240122_135942_AIPT_multimodelLung20240122_1_85:13,Acquisition,,,1067_Localizer (E13),,,,MRI,6.0,M67,,,,,,,,,,,,,,,,,,,,,,,,,,2.0,13.0,1067_Localizer (E13),1_Localizer,FLASH,100.0,3.0,1.0,256x256,40x40,0.15625,1.0,5 1 1,axial sagittal coronal,25.6,2024-01-22 14:54:53,,,,,,,,,,,,,,,,,,,
acq:MRI:20240122_135942_AIPT_multimodelLung20240122_1_85:12,Acquisition,,,1067_T2_TurboRARE_Axial (E12),,,,MRI,6.0,M67,,,,,,,,,,,,,,,,,,,,,,,,,,10.7,12.0,1067_T2_TurboRARE_Axial (E12),T2_TurboRARE,RARE,4379.1,10.0,3.0,256x256,40x40,0.15625,0.5,46,axial,420.4,2024-01-22 15:05:35,8.0,,,,,,,,,,,,,,,,,,
acq:MRI:20240122_135942_AIPT_multimodelLung20240122_1_85:16,Acquisition,,,68_Localizer (E16),,,,MRI,6.0,M68,,,,,,,,,,,,,,,,,,,,,,,,,,9.3,16.0,68_Localizer (E16),1_Localizer,FLASH,100.0,3.0,1.0,256x256,40x40,0.15625,1.0,5 1 1,axial sagittal coronal,25.6,2024-01-22 15:14:55,,,,,,,,,,,,,,,,,,,
acq:MRI:20240122_135942_AIPT_multimodelLung20240122_1_85:18,Acquisition,,,68_Localizer (E18),,,,MRI,6.0,M68,,,,,,,,,,,,,,,,,,,,,,,,,,1.4,18.0,68_Localizer (E18),1_Localizer,FLASH,100.0,3.0,1.0,256x256,40x40,0.15625,1.0,5 1 1,axial sagittal coronal,25.6,2024-01-22 15:16:17,,,,,,,,,,,,,,,,,,,
acq:MRI:20240122_135942_AIPT_multimodelLung20240122_1_85:17,Acquisition,,,68_T2_TurboRARE_Axial (E17),,,,MRI,6.0,M68,,,,,,,,,,,,,,,,,,,,,,,,,,10.0,17.0,68_T2_TurboRARE_Axial (E17),T2_TurboRARE,RARE,4379.1,10.0,3.0,256x256,40x40,0.15625,0.5,46,axial,420.4,2024-01-22 15:26:17,8.0,,,,,,,,,,,,,,,,,,
acq:MRI:20240122_135942_AIPT_multimodelLung20240122_1_85:19,Acquisition,,,69_Localizer (E19),,,,MRI,6.0,M69,,,,,,,,,,,,,,,,,,,,,,,,,,1.7,19.0,69_Localizer (E19),1_Localizer,FLASH,100.0,3.0,1.0,256x256,40x40,0.15625,1.0,5 1 1,axial sagittal coronal,25.6,2024-01-22 15:27:57,,,,,,,,,,,,,,,,,,,
acq:MRI:20240122_135942_AIPT_multimodelLung20240122_1_85:20,Acquisition,,,69_T2_TurboRARE_Axial (E20),,,,MRI,6.0,M69,,,,,,,,,,,,,,,,,,,,,,,,,,9.3,20.0,69_T2_TurboRARE_Axial (E20),T2_TurboRARE,RARE,4379.1,10.0,3.0,256x256,40x40,0.15625,0.5,46,axial,420.4,2024-01-22 15:37:18,8.0,,,,,,,,,,,,,,,,,,
acq:MRI:20240122_135942_AIPT_multimodelLung20240122_1_85:21,Acquisition,,,10_Localizer (E21),,,,MRI,6.0,M10,,,,,,,,,,,,,,,,,,,,,,,,,,2.4,21.0,10_Localizer (E21),1_Localizer,FLASH,100.0,3.0,1.0,256x256,40x40,0.15625,1.0,5 1 1,axial sagittal coronal,25.6,2024-01-22 15:39:39,,,,,,,,,,,,,,,,,,,
acq:MRI:20240122_135942_AIPT_multimodelLung20240122_1_85:22,Acquisition,,,10_T2_TurboRARE_Axial (E22),,,,MRI,6.0,M10,,,,,,,,,,,,,,,,,,,,,,,,,,10.2,22.0,10_T2_TurboRARE_Axial (E22),T2_TurboRARE,RARE,4379.1,10.0,3.0,256x256,40x40,0.15625,0.5,46,axial,420.4,2024-01-22 15:49:51,8.0,,,,,,,,,,,,,,,,,,
acq:MRI:20240122_135942_AIPT_multimodelLung20240122_1_85:23,Acquisition,,,11_Localizer (E23),,,,MRI,6.0,M11,,,,,,,,,,,,,,,,,,,,,,,,,,3.0,23.0,11_Localizer (E23),1_Localizer,FLASH,100.0,3.0,1.0,256x256,40x40,0.15625,1.0,5 1 1,axial sagittal coronal,25.6,2024-01-22 15:52:52,,,,,,,,,,,,,,,,,,,
acq:MRI:20240122_135942_AIPT_multimodelLung20240122_1_85:24,Acquisition,,,11_T2_TurboRARE_Axial (E24),,,,MRI,6.0,M11,,,,,,,,,,,,,,,,,,,,,,,,,,8.9,24.0,11_T2_TurboRARE_Axial (E24),T2_TurboRARE,RARE,4379.1,10.0,3.0,256x256,40x40,0.15625,0.5,46,axial,420.4,2024-01-22 16:01:44,8.0,,,,,,,,,,,,,,,,,,
acq:MRI:20240122_135942_AIPT_multimodelLung20240122_1_85:25,Acquisition,,,12_Localizer (E25),,,,MRI,6.0,M12,,,,,,,,,,,,,,,,,,,,,,,,,,3.5,25.0,12_Localizer (E25),1_Localizer,FLASH,100.0,3.0,1.0,256x256,40x40,0.15625,1.0,5 1 1,axial sagittal coronal,25.6,2024-01-22 16:05:13,,,,,,,,,,,,,,,,,,,
acq:MRI:20240122_135942_AIPT_multimodelLung20240122_1_85:27,Acquisition,,,12_T2_TurboRARE_Axial (E27),,,,MRI,6.0,M12,,,,,,,,,,,,,,,,,,,,,,,,,,9.3,27.0,12_T2_TurboRARE_Axial (E27),T2_TurboRARE,RARE,4379.1,10.0,3.0,256x256,40x40,0.15625,0.5,46,axial,420.4,2024-01-22 16:14:32,8.0,,,,,,,,,,,,,,,,,,
acq:MRI:20240122_135942_AIPT_multimodelLung20240122_1_85:28,Acquisition,,,14_Localizer (E28),,,,MRI,6.0,M14,,,,,,,,,,,,,,,,,,,,,,,,,,2.5,28.0,14_Localizer (E28),1_Localizer,FLASH,100.0,3.0,1.0,256x256,40x40,0.15625,1.0,5 1 1,axial sagittal coronal,25.6,2024-01-22 16:17:04,,,,,,,,,,,,,,,,,,,
acq:MRI:20240122_135942_AIPT_multimodelLung20240122_1_85:29,Acquisition,,,14_T2_TurboRARE_Axial (E29),,,,MRI,6.0,M14,,,,,,,,,,,,,,,,,,,,,,,,,,11.1,29.0,14_T2_TurboRARE_Axial (E29),T2_TurboRARE,RARE,4379.1,10.0,3.0,256x256,40x40,0.15625,0.5,46,axial,420.4,2024-01-22 16:28:12,8.0,,,,,,,,,,,,,,,,,,
acq:MRI:20240122_135942_AIPT_multimodelLung20240122_1_85:30,Acquisition,,,18_Localizer (E30),,,,MRI,6.0,M18,,,,,,,,,,,,,,,,,,,,,,,,,,5.0,30.0,18_Localizer (E30),1_Localizer,FLASH,100.0,3.0,1.0,256x256,40x40,0.15625,1.0,5 1 1,axial sagittal coronal,25.6,2024-01-22 16:33:11,,,,,,,,,,,,,,,,,,,
acq:MRI:20240122_135942_AIPT_multimodelLung20240122_1_85:31,Acquisition,,,18_T2_TurboRARE_Axial (E31),,,,MRI,6.0,M18,,,,,,,,,,,,,,,,,,,,,,,,,,8.8,31.0,18_T2_TurboRARE_Axial (E31),T2_TurboRARE,RARE,4379.1,10.0,3.0,256x256,40x40,0.15625,0.5,46,axial,420.4,2024-01-22 16:41:59,8.0,,,,,,,,,,,,,,,,,,
acq:MRI:20240122_135942_AIPT_multimodelLung20240122_1_85:32,Acquisition,,,15_Localizer (E32),,,,MRI,6.0,M15,,,,,,,,,,,,,,,,,,,,,,,,,,3.6,32.0,15_Localizer (E32),1_Localizer,FLASH,100.0,3.0,1.0,256x256,40x40,0.15625,1.0,5 1 1,axial sagittal coronal,25.6,2024-01-22 16:45:37,,,,,,,,,,,,,,,,,,,
acq:MRI:20240122_135942_AIPT_multimodelLung20240122_1_85:33,Acquisition,,,15_T2_TurboRARE_Axial (E33),,,,MRI,6.0,M15,,,,,,,,,,,,,,,,,,,,,,,,,,8.9,33.0,15_T2_TurboRARE_Axial (E33),T2_TurboRARE,RARE,4379.1,10.0,3.0,256x256,40x40,0.15625,0.5,46,axial,420.4,2024-01-22 16:54:34,8.0,,,,,,,,,,,,,,,,,,
acq:MRI:20240122_135942_AIPT_multimodelLung20240122_1_85:34,Acquisition,,,19_Localizer (E34),,,,MRI,6.0,M19,,,,,,,,,,,,,,,,,,,,,,,,,,6.1,34.0,19_Localizer (E34),1_Localizer,FLASH,100.0,3.0,1.0,256x256,40x40,0.15625,1.0,5 1 1,axial sagittal coronal,25.6,2024-01-22 17:00:38,,,,,,,,,,,,,,,,,,,
acq:MRI:20240122_135942_AIPT_multimodelLung20240122_1_85:35,Acquisition,,,19_Localizer (E35),,,,MRI,6.0,M19,,,,,,,,,,,,,,,,,,,,,,,,,,1.0,35.0,19_Localizer (E35),1_Localizer,FLASH,100.0,3.0,1.0,256x256,40x40,0.15625,1.0,5 1 1,axial sagittal coronal,25.6,2024-01-22 17:01:36,,,,,,,,,,,,,,,,,,,
acq:MRI:20240122_135942_AIPT_multimodelLung20240122_1_85:36,Acquisition,,,19_T2_TurboRARE_Axial (E36),,,,MRI,6.0,M19,,,,,,,,,,,,,,,,,,,,,,,,,,8.8,36.0,19_T2_TurboRARE_Axial (E36),T2_TurboRARE,RARE,4379.1,10.0,3.0,256x256,40x40,0.15625,0.5,46,axial,420.4,2024-01-22 17:10:26,8.0,,,,,,,,,,,,,,,,,,
acq:MRI:20240122_135942_AIPT_multimodelLung20240122_1_85:37,Acquisition,,,17_Localizer (E37),,,,MRI,6.0,M17,,,,,,,,,,,,,,,,,,,,,,,,,,2.6,37.0,17_Localizer (E37),1_Localizer,FLASH,100.0,3.0,1.0,256x256,40x40,0.15625,1.0,5 1 1,axial sagittal coronal,25.6,2024-01-22 17:13:03,,,,,,,,,,,,,,,,,,,
acq:MRI:20240122_135942_AIPT_multimodelLung20240122_1_85:38,Acquisition,,,17_T2_TurboRARE_Axial (E38),,,,MRI,6.0,M17,,,,,,,,,,,,,,,,,,,,,,,,,,9.2,38.0,17_T2_TurboRARE_Axial (E38),T2_TurboRARE,RARE,4379.1,10.0,3.0,256x256,40x40,0.15625,0.5,46,axial,420.4,2024-01-22 17:22:18,8.0,,,,,,,,,,,,,,,,,,
acq:MRI:20240129_112442_AIPT_multimodelLung20240129_1_86:4,Acquisition,,,1013_Localizer (E4),,,,MRI,7.0,M13,,,,,,,,,,,,,,,,,,,,,,,,,,7.6,4.0,1013_Localizer (E4),1_Localizer,FLASH,100.0,3.0,1.0,256x256,40x40,0.15625,1.0,5 1 1,axial sagittal coronal,25.6,2024-01-29 11:32:20,,,,,,,,,,,,,,,,,,,
acq:MRI:20240129_112442_AIPT_multimodelLung20240129_1_86:6,Acquisition,,,1013_Localizer (E6),,,,MRI,7.0,M13,,,,,,,,,,,,,,,,,,,,,,,,,,4.5,6.0,1013_Localizer (E6),1_Localizer,FLASH,100.0,3.0,1.0,256x256,40x40,0.15625,1.0,5 1 1,axial sagittal coronal,25.6,2024-01-29 11:36:47,,,,,,,,,,,,,,,,,,,
acq:MRI:20240129_112442_AIPT_multimodelLung20240129_1_86:2,Acquisition,,,1013_T2_TurboRARE_Axial (E2),,,,MRI,7.0,M13,,,,,,,,,,,,,,,,,,,,,,,,,,9.5,2.0,1013_T2_TurboRARE_Axial (E2),T2_TurboRARE,RARE,4379.1,10.0,3.0,256x256,40x40,0.15625,0.5,46,axial,420.4,2024-01-29 11:46:19,8.0,,,,,,,,,,,,,,,,,,
acq:MRI:20240129_112442_AIPT_multimodelLung20240129_1_86:7,Acquisition,,,67_Localizer (E7),,,,MRI,7.0,M67,,,,,,,,,,,,,,,,,,,,,,,,,,2.1,7.0,67_Localizer (E7),1_Localizer,FLASH,100.0,3.0,1.0,256x256,40x40,0.15625,1.0,5 1 1,axial sagittal coronal,25.6,2024-01-29 11:48:25,,,,,,,,,,,,,,,,,,,
acq:MRI:20240129_112442_AIPT_multimodelLung20240129_1_86:10,Acquisition,,,67_T2_TurboRARE_Axial (E10),,,,MRI,7.0,M67,,,,,,,,,,,,,,,,,,,,,,,,,,16.2,10.0,67_T2_TurboRARE_Axial (E10),T2_TurboRARE,RARE,4379.1,10.0,3.0,256x256,40x40,0.15625,0.5,46,axial,420.4,2024-01-29 12:04:40,8.0,,,,,,,,,,,,,,,,,,
acq:MRI:20240129_112442_AIPT_multimodelLung20240129_1_86:11,Acquisition,,,75_Localizer (E11),,,,MRI,7.0,M75,,,,,,,,,,,,,,,,,,,,,,,,,,2.2,11.0,75_Localizer (E11),1_Localizer,FLASH,100.0,3.0,1.0,256x256,40x40,0.15625,1.0,5 1 1,axial sagittal coronal,25.6,2024-01-29 12:06:51,,,,,,,,,,,,,,,,,,,
acq:MRI:20240129_112442_AIPT_multimodelLung20240129_1_86:12,Acquisition,,,75_T2_TurboRARE_Axial (E12),,,,MRI,7.0,M75,,,,,,,,,,,,,,,,,,,,,,,,,,8.6,12.0,75_T2_TurboRARE_Axial (E12),T2_TurboRARE,RARE,4379.1,10.0,3.0,256x256,40x40,0.15625,0.5,46,axial,420.4,2024-01-29 12:15:26,8.0,,,,,,,,,,,,,,,,,,
acq:MRI:20240129_112442_AIPT_multimodelLung20240129_1_86:13,Acquisition,,,68_Localizer (E13),,,,MRI,7.0,M68,,,,,,,,,,,,,,,,,,,,,,,,,,1.9,13.0,68_Localizer (E13),1_Localizer,FLASH,100.0,3.0,1.0,256x256,40x40,0.15625,1.0,5 1 1,axial sagittal coronal,25.6,2024-01-29 12:17:20,,,,,,,,,,,,,,,,,,,
acq:MRI:20240129_112442_AIPT_multimodelLung20240129_1_86:14,Acquisition,,,68_T2_TurboRARE_Axial (E14),,,,MRI,7.0,M68,,,,,,,,,,,,,,,,,,,,,,,,,,10.1,14.0,68_T2_TurboRARE_Axial (E14),T2_TurboRARE,RARE,4379.1,10.0,3.0,256x256,40x40,0.15625,0.5,46,axial,420.4,2024-01-29 12:27:27,8.0,,,,,,,,,,,,,,,,,,
acq:MRI:20240129_112442_AIPT_multimodelLung20240129_1_86:15,Acquisition,,,69_Localizer (E15),,,,MRI,7.0,M69,,,,,,,,,,,,,,,,,,,,,,,,,,2.3,15.0,69_Localizer (E15),1_Localizer,FLASH,100.0,3.0,1.0,256x256,40x40,0.15625,1.0,5 1 1,axial sagittal coronal,25.6,2024-01-29 12:29:45,,,,,,,,,,,,,,,,,,,
acq:MRI:20240129_112442_AIPT_multimodelLung20240129_1_86:16,Acquisition,,,69_T2_TurboRARE_Axial (E16),,,,MRI,7.0,M69,,,,,,,,,,,,,,,,,,,,,,,,,,9.6,16.0,69_T2_TurboRARE_Axial (E16),T2_TurboRARE,RARE,4379.1,10.0,3.0,256x256,40x40,0.15625,0.5,46,axial,420.4,2024-01-29 12:39:21,8.0,,,,,,,,,,,,,,,,,,
acq:MRI:20240129_112442_AIPT_multimodelLung20240129_1_86:17,Acquisition,,,10_Localizer (E17),,,,MRI,7.0,M10,,,,,,,,,,,,,,,,,,,,,,,,,,2.0,17.0,10_Localizer (E17),1_Localizer,FLASH,100.0,3.0,1.0,256x256,40x40,0.15625,1.0,5 1 1,axial sagittal coronal,25.6,2024-01-29 12:41:20,,,,,,,,,,,,,,,,,,,
acq:MRI:20240129_112442_AIPT_multimodelLung20240129_1_86:18,Acquisition,,,10_T2_TurboRARE_Axial (E18),,,,MRI,7.0,M10,,,,,,,,,,,,,,,,,,,,,,,,,,10.4,18.0,10_T2_TurboRARE_Axial (E18),T2_TurboRARE,RARE,4379.1,10.0,3.0,256x256,40x40,0.15625,0.5,46,axial,420.4,2024-01-29 12:51:42,8.0,,,,,,,,,,,,,,,,,,
acq:MRI:20240129_112442_AIPT_multimodelLung20240129_1_86:19,Acquisition,,,12_Localizer (E19),,,,MRI,7.0,M12,,,,,,,,,,,,,,,,,,,,,,,,,,2.7,19.0,12_Localizer (E19),1_Localizer,FLASH,100.0,3.0,1.0,256x256,40x40,0.15625,1.0,5 1 1,axial sagittal coronal,25.6,2024-01-29 12:54:22,,,,,,,,,,,,,,,,,,,
acq:MRI:20240129_112442_AIPT_multimodelLung20240129_1_86:20,Acquisition,,,12_T2_TurboRARE_Axial (E20),,,,MRI,7.0,M12,,,,,,,,,,,,,,,,,,,,,,,,,,8.9,20.0,12_T2_TurboRARE_Axial (E20),T2_TurboRARE,RARE,4379.1,10.0,3.0,256x256,40x40,0.15625,0.5,46,axial,420.4,2024-01-29 13:03:17,8.0,,,,,,,,,,,,,,,,,,
acq:MRI:20240129_112442_AIPT_multimodelLung20240129_1_86:21,Acquisition,,,11_Localizer (E21),,,,MRI,7.0,M11,,,,,,,,,,,,,,,,,,,,,,,,,,1.9,21.0,11_Localizer (E21),1_Localizer,FLASH,100.0,3.0,1.0,256x256,40x40,0.15625,1.0,5 1 1,axial sagittal coronal,25.6,2024-01-29 13:05:09,,,,,,,,,,,,,,,,,,,
acq:MRI:20240129_112442_AIPT_multimodelLung20240129_1_86:22,Acquisition,,,11_T2_TurboRARE_Axial (E22),,,,MRI,7.0,M11,,,,,,,,,,,,,,,,,,,,,,,,,,9.6,22.0,11_T2_TurboRARE_Axial (E22),T2_TurboRARE,RARE,4379.1,10.0,3.0,256x256,40x40,0.15625,0.5,46,axial,420.4,2024-01-29 13:14:43,8.0,,,,,,,,,,,,,,,,,,
acq:MRI:20240129_112442_AIPT_multimodelLung20240129_1_86:23,Acquisition,,,14_Localizer (E23),,,,MRI,7.0,M14,,,,,,,,,,,,,,,,,,,,,,,,,,2.3,23.0,14_Localizer (E23),1_Localizer,FLASH,100.0,3.0,1.0,256x256,40x40,0.15625,1.0,5 1 1,axial sagittal coronal,25.6,2024-01-29 13:17:03,,,,,,,,,,,,,,,,,,,
acq:MRI:20240129_112442_AIPT_multimodelLung20240129_1_86:24,Acquisition,,,14_T2_TurboRARE_Axial (E24),,,,MRI,7.0,M14,,,,,,,,,,,,,,,,,,,,,,,,,,9.0,24.0,14_T2_TurboRARE_Axial (E24),T2_TurboRARE,RARE,4379.1,10.0,3.0,256x256,40x40,0.15625,0.5,46,axial,420.4,2024-01-29 13:26:03,8.0,,,,,,,,,,,,,,,,,,
acq:MRI:20240129_112442_AIPT_multimodelLung20240129_1_86:25,Acquisition,,,15_Localizer (E25),,,,MRI,7.0,M15,,,,,,,,,,,,,,,,,,,,,,,,,,2.2,25.0,15_Localizer (E25),1_Localizer,FLASH,100.0,3.0,1.0,256x256,40x40,0.15625,1.0,5 1 1,axial sagittal coronal,25.6,2024-01-29 13:28:16,,,,,,,,,,,,,,,,,,,
acq:MRI:20240129_112442_AIPT_multimodelLung20240129_1_86:27,Acquisition,,,15_Localizer (E27),,,,MRI,7.0,M15,,,,,,,,,,,,,,,,,,,,,,,,,,1.5,27.0,15_Localizer (E27),1_Localizer,FLASH,100.0,3.0,1.0,256x256,40x40,0.15625,1.0,5 1 1,axial sagittal coronal,25.6,2024-01-29 13:29:46,,,,,,,,,,,,,,,,,,,
acq:MRI:20240129_112442_AIPT_multimodelLung20240129_1_86:26,Acquisition,,,15_T2_TurboRARE_Axial (E26),,,,MRI,7.0,M15,,,,,,,,,,,,,,,,,,,,,,,,,,9.2,26.0,15_T2_TurboRARE_Axial (E26),T2_TurboRARE,RARE,4379.1,10.0,3.0,256x256,40x40,0.15625,0.5,46,axial,420.4,2024-01-29 13:38:59,8.0,,,,,,,,,,,,,,,,,,
acq:MRI:20240129_112442_AIPT_multimodelLung20240129_1_86:28,Acquisition,,,17_Localizer (E28),,,,MRI,7.0,M17,,,,,,,,,,,,,,,,,,,,,,,,,,1.8,28.0,17_Localizer (E28),1_Localizer,FLASH,100.0,3.0,1.0,256x256,40x40,0.15625,1.0,5 1 1,axial sagittal coronal,25.6,2024-01-29 13:40:45,,,,,,,,,,,,,,,,,,,
acq:MRI:20240129_112442_AIPT_multimodelLung20240129_1_86:29,Acquisition,,,17_T2_TurboRARE_Axial (E29),,,,MRI,7.0,M17,,,,,,,,,,,,,,,,,,,,,,,,,,8.9,29.0,17_T2_TurboRARE_Axial (E29),T2_TurboRARE,RARE,4379.1,10.0,3.0,256x256,40x40,0.15625,0.5,46,axial,420.4,2024-01-29 13:49:40,8.0,,,,,,,,,,,,,,,,,,
acq:MRI:20240129_112442_AIPT_multimodelLung20240129_1_86:30,Acquisition,,,18_Localizer (E30),,,,MRI,7.0,M18,,,,,,,,,,,,,,,,,,,,,,,,,,1.7,30.0,18_Localizer (E30),1_Localizer,FLASH,100.0,3.0,1.0,256x256,40x40,0.15625,1.0,5 1 1,axial sagittal coronal,25.6,2024-01-29 13:51:23,,,,,,,,,,,,,,,,,,,
acq:MRI:20240129_112442_AIPT_multimodelLung20240129_1_86:31,Acquisition,,,18_T2_TurboRARE_Axial (E31),,,,MRI,7.0,M18,,,,,,,,,,,,,,,,,,,,,,,,,,13.2,31.0,18_T2_TurboRARE_Axial (E31),T2_TurboRARE,RARE,4379.1,10.0,3.0,256x256,40x40,0.15625,0.5,46,axial,420.4,2024-01-29 14:04:38,8.0,,,,,,,,,,,,,,,,,,
acq:MRI:20240129_112442_AIPT_multimodelLung20240129_1_86:32,Acquisition,,,19_Localizer (E32),,,,MRI,7.0,M19,,,,,,,,,,,,,,,,,,,,,,,,,,2.2,32.0,19_Localizer (E32),1_Localizer,FLASH,100.0,3.0,1.0,256x256,40x40,0.15625,1.0,5 1 1,axial sagittal coronal,25.6,2024-01-29 14:06:49,,,,,,,,,,,,,,,,,,,
acq:MRI:20240129_112442_AIPT_multimodelLung20240129_1_86:34,Acquisition,,,19_Localizer (E34),,,,MRI,7.0,M19,,,,,,,,,,,,,,,,,,,,,,,,,,1.0,34.0,19_Localizer (E34),1_Localizer,FLASH,100.0,3.0,1.0,256x256,40x40,0.15625,1.0,5 1 1,axial sagittal coronal,25.6,2024-01-29 14:07:47,,,,,,,,,,,,,,,,,,,
acq:MRI:20240129_112442_AIPT_multimodelLung20240129_1_86:33,Acquisition,,,19_T2_TurboRARE_Axial (E33),,,,MRI,7.0,M19,,,,,,,,,,,,,,,,,,,,,,,,,,9.5,33.0,19_T2_TurboRARE_Axial (E33),T2_TurboRARE,RARE,4379.1,10.0,3.0,256x256,40x40,0.15625,0.5,46,axial,420.4,2024-01-29 14:17:15,8.0,,,,,,,,,,,,,,,,,,
acq:MRI:20240205_122416_AIPT_multiModelLung20240205_1_89:1,Acquisition,,,1013_Localizer (E1),,,,MRI,8.0,M13,,,,,,,,,,,,,,,,,,,,,,,,,,83.2,1.0,1013_Localizer (E1),1_Localizer,FLASH,100.0,3.0,1.0,256x256,40x40,0.15625,1.0,5 1 1,axial sagittal coronal,25.6,2024-02-05 13:47:28,,,,,,,,,,,,,,,,,,,
acq:MRI:20240205_122416_AIPT_multiModelLung20240205_1_89:3,Acquisition,,,1013_Localizer (E3),,,,MRI,8.0,M13,,,,,,,,,,,,,,,,,,,,,,,,,,2.2,3.0,1013_Localizer (E3),1_Localizer,FLASH,100.0,3.0,1.0,256x256,40x40,0.15625,1.0,5 1 1,axial sagittal coronal,25.6,2024-02-05 13:49:43,,,,,,,,,,,,,,,,,,,
acq:MRI:20240205_122416_AIPT_multiModelLung20240205_1_89:4,Acquisition,,,1013_Localizer (E4),,,,MRI,8.0,M13,,,,,,,,,,,,,,,,,,,,,,,,,,3.9,4.0,1013_Localizer (E4),1_Localizer,FLASH,100.0,3.0,1.0,256x256,40x40,0.15625,1.0,5 1 1,axial sagittal coronal,25.6,2024-02-05 13:53:37,,,,,,,,,,,,,,,,,,,
acq:MRI:20240205_122416_AIPT_multiModelLung20240205_1_89:2,Acquisition,,,1013_T2_TurboRARE_Axial (E2),,,,MRI,8.0,M13,,,,,,,,,,,,,,,,,,,,,,,,,,9.2,2.0,1013_T2_TurboRARE_Axial (E2),T2_TurboRARE,RARE,4379.1,10.0,3.0,256x256,40x40,0.15625,0.5,46,axial,420.4,2024-02-05 14:02:47,8.0,,,,,,,,,,,,,,,,,,
acq:MRI:20240205_122416_AIPT_multiModelLung20240205_1_89:5,Acquisition,,,12_Localizer (E5),,,,MRI,8.0,M12,,,,,,,,,,,,,,,,,,,,,,,,,,2.0,5.0,12_Localizer (E5),1_Localizer,FLASH,100.0,3.0,1.0,256x256,40x40,0.15625,1.0,5 1 1,axial sagittal coronal,25.6,2024-02-05 14:04:50,,,,,,,,,,,,,,,,,,,
acq:MRI:20240205_122416_AIPT_multiModelLung20240205_1_89:6,Acquisition,,,12_T2_TurboRARE_Axial (E6),,,,MRI,8.0,M12,,,,,,,,,,,,,,,,,,,,,,,,,,9.0,6.0,12_T2_TurboRARE_Axial (E6),T2_TurboRARE,RARE,4379.1,10.0,3.0,256x256,40x40,0.15625,0.5,46,axial,420.4,2024-02-05 14:13:48,8.0,,,,,,,,,,,,,,,,,,
acq:MRI:20240205_122416_AIPT_multiModelLung20240205_1_89:7,Acquisition,,,10_Localizer (E7),,,,MRI,8.0,M10,,,,,,,,,,,,,,,,,,,,,,,,,,7.7,7.0,10_Localizer (E7),1_Localizer,FLASH,100.0,3.0,1.0,256x256,40x40,0.15625,1.0,5 1 1,axial sagittal coronal,25.6,2024-02-05 14:21:32,,,,,,,,,,,,,,,,,,,
acq:MRI:20240205_122416_AIPT_multiModelLung20240205_1_89:8,Acquisition,,,10_T2_TurboRARE_Axial (E8),,,,MRI,8.0,M10,,,,,,,,,,,,,,,,,,,,,,,,,,9.0,8.0,10_T2_TurboRARE_Axial (E8),T2_TurboRARE,RARE,4379.1,10.0,3.0,256x256,40x40,0.15625,0.5,46,axial,420.4,2024-02-05 14:30:30,8.0,,,,,,,,,,,,,,,,,,
acq:MRI:20240205_122416_AIPT_multiModelLung20240205_1_89:13,Acquisition,,,UTE (E13),,,,MRI,8.0,,,,,,,,,,,,,,,,,,,,,,,,,,,5.0,13.0,UTE (E13),UTE,UTE,181.7,0.610875,1.0,128x128,40x40,0.3125,0.5,36,axial,23.3,2024-02-05 14:35:33,,,,,,,,,,,,,,,,,,,
acq:MRI:20240205_122416_AIPT_multiModelLung20240205_1_89:10,Acquisition,,,14_Localizer (E10),,,,MRI,8.0,M14,,,,,,,,,,,,,,,,,,,,,,,,,,1.8,10.0,14_Localizer (E10),1_Localizer,FLASH,100.0,3.0,1.0,256x256,40x40,0.15625,1.0,5 1 1,axial sagittal coronal,25.6,2024-02-05 14:37:18,,,,,,,,,,,,,,,,,,,
acq:MRI:20240205_122416_AIPT_multiModelLung20240205_1_89:11,Acquisition,,,14_T2_TurboRARE_Axial (E11),,,,MRI,8.0,M14,,,,,,,,,,,,,,,,,,,,,,,,,,9.3,11.0,14_T2_TurboRARE_Axial (E11),T2_TurboRARE,RARE,4379.1,10.0,3.0,256x256,40x40,0.15625,0.5,46,axial,420.4,2024-02-05 14:46:37,8.0,,,,,,,,,,,,,,,,,,
acq:MRI:20240205_122416_AIPT_multiModelLung20240205_1_89:14,Acquisition,,,11_Localizer (E14),,,,MRI,8.0,M11,,,,,,,,,,,,,,,,,,,,,,,,,,2.4,14.0,11_Localizer (E14),1_Localizer,FLASH,100.0,3.0,1.0,256x256,40x40,0.15625,1.0,5 1 1,axial sagittal coronal,25.6,2024-02-05 14:48:58,,,,,,,,,,,,,,,,,,,
acq:MRI:20240205_122416_AIPT_multiModelLung20240205_1_89:15,Acquisition,,,11_T2_TurboRARE_Axial (E15),,,,MRI,8.0,M11,,,,,,,,,,,,,,,,,,,,,,,,,,9.7,15.0,11_T2_TurboRARE_Axial (E15),T2_TurboRARE,RARE,4379.1,10.0,3.0,256x256,40x40,0.15625,0.5,46,axial,420.4,2024-02-05 14:58:37,8.0,,,,,,,,,,,,,,,,,,
acq:MRI:20240205_122416_AIPT_multiModelLung20240205_1_89:16,Acquisition,,,17_Localizer (E16),,,,MRI,8.0,M17,,,,,,,,,,,,,,,,,,,,,,,,,,3.1,16.0,17_Localizer (E16),1_Localizer,FLASH,100.0,3.0,1.0,256x256,40x40,0.15625,1.0,5 1 1,axial sagittal coronal,25.6,2024-02-05 15:01:43,,,,,,,,,,,,,,,,,,,
acq:MRI:20240205_122416_AIPT_multiModelLung20240205_1_89:17,Acquisition,,,17_T2_TurboRARE_Axial (E17),,,,MRI,8.0,M17,,,,,,,,,,,,,,,,,,,,,,,,,,9.3,17.0,17_T2_TurboRARE_Axial (E17),T2_TurboRARE,RARE,4379.1,10.0,3.0,256x256,40x40,0.15625,0.5,46,axial,420.4,2024-02-05 15:11:01,8.0,,,,,,,,,,,,,,,,,,
acq:MRI:20240205_122416_AIPT_multiModelLung20240205_1_89:18,Acquisition,,,15_Localizer (E18),,,,MRI,8.0,M15,,,,,,,,,,,,,,,,,,,,,,,,,,2.0,18.0,15_Localizer (E18),1_Localizer,FLASH,100.0,3.0,1.0,256x256,40x40,0.15625,1.0,5 1 1,axial sagittal coronal,25.6,2024-02-05 15:13:01,,,,,,,,,,,,,,,,,,,
acq:MRI:20240205_122416_AIPT_multiModelLung20240205_1_89:19,Acquisition,,,15_T2_TurboRARE_Axial (E19),,,,MRI,8.0,M15,,,,,,,,,,,,,,,,,,,,,,,,,,8.8,19.0,15_T2_TurboRARE_Axial (E19),T2_TurboRARE,RARE,4379.1,10.0,3.0,256x256,40x40,0.15625,0.5,46,axial,420.4,2024-02-05 15:21:49,8.0,,,,,,,,,,,,,,,,,,
acq:MRI:20240205_122416_AIPT_multiModelLung20240205_1_89:20,Acquisition,,,18_Localizer (E20),,,,MRI,8.0,M18,,,,,,,,,,,,,,,,,,,,,,,,,,3.0,20.0,18_Localizer (E20),1_Localizer,FLASH,100.0,3.0,1.0,256x256,40x40,0.15625,1.0,5 1 1,axial sagittal coronal,25.6,2024-02-05 15:24:48,,,,,,,,,,,,,,,,,,,
acq:MRI:20240205_122416_AIPT_multiModelLung20240205_1_89:21,Acquisition,,,18_T2_TurboRARE_Axial (E21),,,,MRI,8.0,M18,,,,,,,,,,,,,,,,,,,,,,,,,,9.3,21.0,18_T2_TurboRARE_Axial (E21),T2_TurboRARE,RARE,4379.1,10.0,3.0,256x256,40x40,0.15625,0.5,46,axial,420.4,2024-02-05 15:34:08,8.0,,,,,,,,,,,,,,,,,,
acq:MRI:20240205_122416_AIPT_multiModelLung20240205_1_89:22,Acquisition,,,19_Localizer (E22),,,,MRI,8.0,M19,,,,,,,,,,,,,,,,,,,,,,,,,,2.1,22.0,19_Localizer (E22),1_Localizer,FLASH,100.0,3.0,1.0,256x256,40x40,0.15625,1.0,5 1 1,axial sagittal coronal,25.6,2024-02-05 15:36:16,,,,,,,,,,,,,,,,,,,
acq:MRI:20240205_122416_AIPT_multiModelLung20240205_1_89:23,Acquisition,,,19_T2_TurboRARE_Axial (E23),,,,MRI,8.0,M19,,,,,,,,,,,,,,,,,,,,,,,,,,8.6,23.0,19_T2_TurboRARE_Axial (E23),T2_TurboRARE,RARE,4379.1,10.0,3.0,256x256,40x40,0.15625,0.5,46,axial,420.4,2024-02-05 15:44:51,8.0,,,,,,,,,,,,,,,,,,
acq:MRI:20240205_122416_AIPT_multiModelLung20240205_1_89:24,Acquisition,,,67_Localizer (E24),,,,MRI,8.0,M67,,,,,,,,,,,,,,,,,,,,,,,,,,2.8,24.0,67_Localizer (E24),1_Localizer,FLASH,100.0,3.0,1.0,256x256,40x40,0.15625,1.0,5 1 1,axial sagittal coronal,25.6,2024-02-05 15:47:36,,,,,,,,,,,,,,,,,,,
acq:MRI:20240205_122416_AIPT_multiModelLung20240205_1_89:25,Acquisition,,,67_T2_TurboRARE_Axial (E25),,,,MRI,8.0,M67,,,,,,,,,,,,,,,,,,,,,,,,,,9.2,25.0,67_T2_TurboRARE_Axial (E25),T2_TurboRARE,RARE,4379.1,10.0,3.0,256x256,40x40,0.15625,0.5,46,axial,420.4,2024-02-05 15:56:50,8.0,,,,,,,,,,,,,,,,,,
acq:MRI:20240205_122416_AIPT_multiModelLung20240205_1_89:26,Acquisition,,,75_Localizer (E26),,,,MRI,8.0,M75,,,,,,,,,,,,,,,,,,,,,,,,,,2.0,26.0,75_Localizer (E26),1_Localizer,FLASH,100.0,3.0,1.0,256x256,40x40,0.15625,1.0,5 1 1,axial sagittal coronal,25.6,2024-02-05 15:58:51,,,,,,,,,,,,,,,,,,,
acq:MRI:20240205_122416_AIPT_multiModelLung20240205_1_89:27,Acquisition,,,75_T2_TurboRARE_Axial (E27),,,,MRI,8.0,M75,,,,,,,,,,,,,,,,,,,,,,,,,,9.2,27.0,75_T2_TurboRARE_Axial (E27),T2_TurboRARE,RARE,4379.1,10.0,3.0,256x256,40x40,0.15625,0.5,46,axial,420.4,2024-02-05 16:08:03,8.0,,,,,,,,,,,,,,,,,,
acq:MRI:20240205_122416_AIPT_multiModelLung20240205_1_89:28,Acquisition,,,68_Localizer (E28),,,,MRI,8.0,M68,,,,,,,,,,,,,,,,,,,,,,,,,,1.9,28.0,68_Localizer (E28),1_Localizer,FLASH,100.0,3.0,1.0,256x256,40x40,0.15625,1.0,5 1 1,axial sagittal coronal,25.6,2024-02-05 16:10:00,,,,,,,,,,,,,,,,,,,
acq:MRI:20240205_122416_AIPT_multiModelLung20240205_1_89:29,Acquisition,,,68_T2_TurboRARE_Axial (E29),,,,MRI,8.0,M68,,,,,,,,,,,,,,,,,,,,,,,,,,9.9,29.0,68_T2_TurboRARE_Axial (E29),T2_TurboRARE,RARE,4379.1,10.0,3.0,256x256,40x40,0.15625,0.5,46,axial,420.4,2024-02-05 16:19:56,8.0,,,,,,,,,,,,,,,,,,
acq:MRI:20240205_122416_AIPT_multiModelLung20240205_1_89:30,Acquisition,,,69_Localizer (E30),,,,MRI,8.0,M69,,,,,,,,,,,,,,,,,,,,,,,,,,1.9,30.0,69_Localizer (E30),1_Localizer,FLASH,100.0,3.0,1.0,256x256,40x40,0.15625,1.0,5 1 1,axial sagittal coronal,25.6,2024-02-05 16:21:51,,,,,,,,,,,,,,,,,,,
acq:MRI:20240205_122416_AIPT_multiModelLung20240205_1_89:31,Acquisition,,,69_T2_TurboRARE_Axial (E31),,,,MRI,8.0,M69,,,,,,,,,,,,,,,,,,,,,,,,,,8.3,31.0,69_T2_TurboRARE_Axial (E31),T2_TurboRARE,RARE,4379.1,10.0,3.0,256x256,40x40,0.15625,0.5,46,axial,420.4,2024-02-05 16:30:07,8.0,,,,,,,,,,,,,,,,,,
acq:MRI:20240212_140325_AIPT_multimodelLung20240212_1_90:1,Acquisition,,,1013_Localizer (E1),,,,MRI,9.0,M13,,,,,,,,,,,,,,,,,,,,,,,,,,6.4,1.0,1013_Localizer (E1),1_Localizer,FLASH,100.0,3.0,1.0,256x256,40x40,0.15625,1.0,5 1 1,axial sagittal coronal,25.6,2024-02-12 14:09:49,,,,,,,,,,,,,,,,,,,
acq:MRI:20240212_140325_AIPT_multimodelLung20240212_1_90:3,Acquisition,,,1013_Localizer (E3),,,,MRI,9.0,M13,,,,,,,,,,,,,,,,,,,,,,,,,,2.7,3.0,1013_Localizer (E3),1_Localizer,FLASH,100.0,3.0,1.0,256x256,40x40,0.15625,1.0,5 1 1,axial sagittal coronal,25.6,2024-02-12 14:12:29,,,,,,,,,,,,,,,,,,,
acq:MRI:20240212_140325_AIPT_multimodelLung20240212_1_90:2,Acquisition,,,1013_T2_TurboRARE_Axial (E2),,,,MRI,9.0,M13,,,,,,,,,,,,,,,,,,,,,,,,,,9.3,2.0,1013_T2_TurboRARE_Axial (E2),T2_TurboRARE,RARE,4379.1,10.0,3.0,256x256,40x40,0.15625,0.5,46,axial,420.4,2024-02-12 14:21:50,8.0,,,,,,,,,,,,,,,,,,
acq:MRI:20240212_140325_AIPT_multimodelLung20240212_1_90:4,Acquisition,,,67_Localizer (E4),,,,MRI,9.0,M67,,,,,,,,,,,,,,,,,,,,,,,,,,1.8,4.0,67_Localizer (E4),1_Localizer,FLASH,100.0,3.0,1.0,256x256,40x40,0.15625,1.0,5 1 1,axial sagittal coronal,25.6,2024-02-12 14:23:40,,,,,,,,,,,,,,,,,,,
acq:MRI:20240212_140325_AIPT_multimodelLung20240212_1_90:5,Acquisition,,,67_T2_TurboRARE_Axial (E5),,,,MRI,9.0,M67,,,,,,,,,,,,,,,,,,,,,,,,,,9.6,5.0,67_T2_TurboRARE_Axial (E5),T2_TurboRARE,RARE,4379.1,10.0,3.0,256x256,40x40,0.15625,0.5,46,axial,420.4,2024-02-12 14:33:16,8.0,,,,,,,,,,,,,,,,,,
acq:MRI:20240212_140325_AIPT_multimodelLung20240212_1_90:6,Acquisition,,,75_Localizer (E6),,,,MRI,9.0,M75,,,,,,,,,,,,,,,,,,,,,,,,,,1.6,6.0,75_Localizer (E6),1_Localizer,FLASH,100.0,3.0,1.0,256x256,40x40,0.15625,1.0,5 1 1,axial sagittal coronal,25.6,2024-02-12 14:34:52,,,,,,,,,,,,,,,,,,,
acq:MRI:20240212_140325_AIPT_multimodelLung20240212_1_90:7,Acquisition,,,75_T2_TurboRARE_Axial (E7),,,,MRI,9.0,M75,,,,,,,,,,,,,,,,,,,,,,,,,,11.7,7.0,75_T2_TurboRARE_Axial (E7),T2_TurboRARE,RARE,4379.1,10.0,3.0,256x256,40x40,0.15625,0.5,46,axial,420.4,2024-02-12 14:46:32,8.0,,,,,,,,,,,,,,,,,,
acq:MRI:20240212_140325_AIPT_multimodelLung20240212_1_90:8,Acquisition,,,12_Localizer (E8),,,,MRI,9.0,M12,,,,,,,,,,,,,,,,,,,,,,,,,,2.9,8.0,12_Localizer (E8),1_Localizer,FLASH,100.0,3.0,1.0,256x256,40x40,0.15625,1.0,5 1 1,axial sagittal coronal,25.6,2024-02-12 14:49:25,,,,,,,,,,,,,,,,,,,
acq:MRI:20240212_140325_AIPT_multimodelLung20240212_1_90:9,Acquisition,,,12_T2_TurboRARE_Axial (E9),,,,MRI,9.0,M12,,,,,,,,,,,,,,,,,,,,,,,,,,9.5,9.0,12_T2_TurboRARE_Axial (E9),T2_TurboRARE,RARE,4379.1,10.0,3.0,256x256,40x40,0.15625,0.5,46,axial,420.4,2024-02-12 14:58:57,8.0,,,,,,,,,,,,,,,,,,
acq:MRI:20240212_140325_AIPT_multimodelLung20240212_1_90:10,Acquisition,,,11_Localizer (E10),,,,MRI,9.0,M11,,,,,,,,,,,,,,,,,,,,,,,,,,1.7,10.0,11_Localizer (E10),1_Localizer,FLASH,100.0,3.0,1.0,256x256,40x40,0.15625,1.0,5 1 1,axial sagittal coronal,25.6,2024-02-12 15:00:37,,,,,,,,,,,,,,,,,,,
acq:MRI:20240212_140325_AIPT_multimodelLung20240212_1_90:11,Acquisition,,,11_T2_TurboRARE_Axial (E11),,,,MRI,9.0,M11,,,,,,,,,,,,,,,,,,,,,,,,,,9.5,11.0,11_T2_TurboRARE_Axial (E11),T2_TurboRARE,RARE,4379.1,10.0,3.0,256x256,40x40,0.15625,0.5,46,axial,420.4,2024-02-12 15:10:05,8.0,,,,,,,,,,,,,,,,,,
acq:MRI:20240212_140325_AIPT_multimodelLung20240212_1_90:14,Acquisition,,,11_T2_TurboRARE_Axial (E14),,,,MRI,9.0,M11,,,,,,,,,,,,,,,,,,,,,,,,,,10.6,14.0,11_T2_TurboRARE_Axial (E14),T2_TurboRARE,RARE,3800.0,10.0,3.0,256x256,40x40,0.15625,0.5,38,coronal,364.8,2024-02-12 15:20:40,8.0,,,,,,,,,,,,,,,,,,
acq:MRI:20240212_140325_AIPT_multimodelLung20240212_1_90:12,Acquisition,,,10_Localizer (E12),,,,MRI,9.0,M10,,,,,,,,,,,,,,,,,,,,,,,,,,2.1,12.0,10_Localizer (E12),1_Localizer,FLASH,100.0,3.0,1.0,256x256,40x40,0.15625,1.0,5 1 1,axial sagittal coronal,25.6,2024-02-12 15:22:49,,,,,,,,,,,,,,,,,,,
acq:MRI:20240212_140325_AIPT_multimodelLung20240212_1_90:13,Acquisition,,,10_T2_TurboRARE_Axial (E13),,,,MRI,9.0,M10,,,,,,,,,,,,,,,,,,,,,,,,,,9.1,13.0,10_T2_TurboRARE_Axial (E13),T2_TurboRARE,RARE,4379.1,10.0,3.0,256x256,40x40,0.15625,0.5,46,axial,420.4,2024-02-12 15:31:53,8.0,,,,,,,,,,,,,,,,,,
acq:MRI:20240212_140325_AIPT_multimodelLung20240212_1_90:15,Acquisition,,,14_Localizer (E15),,,,MRI,9.0,M14,,,,,,,,,,,,,,,,,,,,,,,,,,2.3,15.0,14_Localizer (E15),1_Localizer,FLASH,100.0,3.0,1.0,256x256,40x40,0.15625,1.0,5 1 1,axial sagittal coronal,25.6,2024-02-12 15:34:13,,,,,,,,,,,,,,,,,,,
acq:MRI:20240212_140325_AIPT_multimodelLung20240212_1_90:16,Acquisition,,,14_T2_TurboRARE_Axial (E16),,,,MRI,9.0,M14,,,,,,,,,,,,,,,,,,,,,,,,,,10.6,16.0,14_T2_TurboRARE_Axial (E16),T2_TurboRARE,RARE,4379.1,10.0,3.0,256x256,40x40,0.15625,0.5,46,axial,420.4,2024-02-12 15:44:51,8.0,,,,,,,,,,,,,,,,,,
acq:MRI:20240212_140325_AIPT_multimodelLung20240212_1_90:17,Acquisition,,,18_Localizer (E17),,,,MRI,9.0,M18,,,,,,,,,,,,,,,,,,,,,,,,,,2.0,17.0,18_Localizer (E17),1_Localizer,FLASH,100.0,3.0,1.0,256x256,40x40,0.15625,1.0,5 1 1,axial sagittal coronal,25.6,2024-02-12 15:46:53,,,,,,,,,,,,,,,,,,,
acq:MRI:20240212_140325_AIPT_multimodelLung20240212_1_90:18,Acquisition,,,18_T2_TurboRARE_Axial (E18),,,,MRI,9.0,M18,,,,,,,,,,,,,,,,,,,,,,,,,,9.1,18.0,18_T2_TurboRARE_Axial (E18),T2_TurboRARE,RARE,4379.1,10.0,3.0,256x256,40x40,0.15625,0.5,46,axial,420.4,2024-02-12 15:55:56,8.0,,,,,,,,,,,,,,,,,,
acq:MRI:20240212_140325_AIPT_multimodelLung20240212_1_90:19,Acquisition,,,19_Localizer (E19),,,,MRI,9.0,M19,,,,,,,,,,,,,,,,,,,,,,,,,,2.0,19.0,19_Localizer (E19),1_Localizer,FLASH,100.0,3.0,1.0,256x256,40x40,0.15625,1.0,5 1 1,axial sagittal coronal,25.6,2024-02-12 15:57:54,,,,,,,,,,,,,,,,,,,
acq:MRI:20240212_140325_AIPT_multimodelLung20240212_1_90:20,Acquisition,,,19_T2_TurboRARE_Axial (E20),,,,MRI,9.0,M19,,,,,,,,,,,,,,,,,,,,,,,,,,10.1,20.0,19_T2_TurboRARE_Axial (E20),T2_TurboRARE,RARE,4379.1,10.0,3.0,256x256,40x40,0.15625,0.5,46,axial,420.4,2024-02-12 16:08:02,8.0,,,,,,,,,,,,,,,,,,
acq:MRI:20240212_140325_AIPT_multimodelLung20240212_1_90:21,Acquisition,,,17_Localizer (E21),,,,MRI,9.0,M17,,,,,,,,,,,,,,,,,,,,,,,,,,2.1,21.0,17_Localizer (E21),1_Localizer,FLASH,100.0,3.0,1.0,256x256,40x40,0.15625,1.0,5 1 1,axial sagittal coronal,25.6,2024-02-12 16:10:06,,,,,,,,,,,,,,,,,,,
acq:MRI:20240212_140325_AIPT_multimodelLung20240212_1_90:22,Acquisition,,,17_T2_TurboRARE_Axial (E22),,,,MRI,9.0,M17,,,,,,,,,,,,,,,,,,,,,,,,,,10.2,22.0,17_T2_TurboRARE_Axial (E22),T2_TurboRARE,RARE,4379.1,10.0,3.0,256x256,40x40,0.15625,0.5,46,axial,420.4,2024-02-12 16:20:16,8.0,,,,,,,,,,,,,,,,,,
acq:MRI:20240212_140325_AIPT_multimodelLung20240212_1_90:23,Acquisition,,,15_Localizer (E23),,,,MRI,9.0,M15,,,,,,,,,,,,,,,,,,,,,,,,,,2.0,23.0,15_Localizer (E23),1_Localizer,FLASH,100.0,3.0,1.0,256x256,40x40,0.15625,1.0,5 1 1,axial sagittal coronal,25.6,2024-02-12 16:22:18,,,,,,,,,,,,,,,,,,,
acq:MRI:20240212_140325_AIPT_multimodelLung20240212_1_90:24,Acquisition,,,15_T2_TurboRARE_Axial (E24),,,,MRI,9.0,M15,,,,,,,,,,,,,,,,,,,,,,,,,,9.2,24.0,15_T2_TurboRARE_Axial (E24),T2_TurboRARE,RARE,4379.1,10.0,3.0,256x256,40x40,0.15625,0.5,46,axial,420.4,2024-02-12 16:31:30,8.0,,,,,,,,,,,,,,,,,,
acq:MRI:20240212_140325_AIPT_multimodelLung20240212_1_90:25,Acquisition,,,68_Localizer (E25),,,,MRI,9.0,M68,,,,,,,,,,,,,,,,,,,,,,,,,,1.9,25.0,68_Localizer (E25),1_Localizer,FLASH,100.0,3.0,1.0,256x256,40x40,0.15625,1.0,5 1 1,axial sagittal coronal,25.6,2024-02-12 16:33:27,,,,,,,,,,,,,,,,,,,
acq:MRI:20240212_140325_AIPT_multimodelLung20240212_1_90:26,Acquisition,,,68_T2_TurboRARE_Axial (E26),,,,MRI,9.0,M68,,,,,,,,,,,,,,,,,,,,,,,,,,9.8,26.0,68_T2_TurboRARE_Axial (E26),T2_TurboRARE,RARE,4379.1,10.0,3.0,256x256,40x40,0.15625,0.5,46,axial,420.4,2024-02-12 16:43:16,8.0,,,,,,,,,,,,,,,,,,
acq:MRI:20240212_140325_AIPT_multimodelLung20240212_1_90:27,Acquisition,,,69_Localizer (E27),,,,MRI,9.0,M69,,,,,,,,,,,,,,,,,,,,,,,,,,2.1,27.0,69_Localizer (E27),1_Localizer,FLASH,100.0,3.0,1.0,256x256,40x40,0.15625,1.0,5 1 1,axial sagittal coronal,25.6,2024-02-12 16:45:22,,,,,,,,,,,,,,,,,,,
acq:MRI:20240212_140325_AIPT_multimodelLung20240212_1_90:28,Acquisition,,,69_T2_TurboRARE_Axial (E28),,,,MRI,9.0,M69,,,,,,,,,,,,,,,,,,,,,,,,,,10.5,28.0,69_T2_TurboRARE_Axial (E28),T2_TurboRARE,RARE,4379.1,10.0,3.0,256x256,40x40,0.15625,0.5,46,axial,420.4,2024-02-12 16:55:52,8.0,,,,,,,,,,,,,,,,,,
acq:MRI:20240212_140325_AIPT_multimodelLung20240212_1_90:29,Acquisition,,,1013_Localizer (E29),,,,MRI,9.0,M13,,,,,,,,,,,,,,,,,,,,,,,,,,9.0,29.0,1013_Localizer (E29),1_Localizer,FLASH,100.0,3.0,1.0,256x256,40x40,0.15625,1.0,5 1 1,axial sagittal coronal,25.6,2024-02-12 17:04:52,,,,,,,,,,,,,,,,,,,
acq:MRI:20240212_140325_AIPT_multimodelLung20240212_1_90:30,Acquisition,,,1013_T2_TurboRARE_Axial (E30),,,,MRI,9.0,M13,,,,,,,,,,,,,,,,,,,,,,,,,,10.2,30.0,1013_T2_TurboRARE_Axial (E30),T2_TurboRARE,RARE,3500.0,10.0,3.0,256x256,30x30,0.1171875,0.5,36,coronal,336.0,2024-02-12 17:15:01,8.0,,,,,,,,,,,,,,,,,,
acq:MRI:20240216_114211_AIPT_multimodelLung20240216_1_91:1,Acquisition,,,1013_Localizer (E1),,,,MRI,10.0,M13,,,,,,,,,,,,,,,,,,,,,,,,,,6.4,1.0,1013_Localizer (E1),1_Localizer,FLASH,100.0,3.0,1.0,256x256,40x40,0.15625,1.0,5 1 1,axial sagittal coronal,25.6,2024-02-16 11:48:37,,,,,,,,,,,,,,,,,,,
acq:MRI:20240216_114211_AIPT_multimodelLung20240216_1_91:2,Acquisition,,,1013_T2_TurboRARE_Axial (E2),,,,MRI,10.0,M13,,,,,,,,,,,,,,,,,,,,,,,,,,8.1,2.0,1013_T2_TurboRARE_Axial (E2),T2_TurboRARE,RARE,4379.1,10.0,3.0,256x256,40x40,0.15625,0.5,46,axial,420.4,2024-02-16 11:56:44,8.0,,,,,,,,,,,,,,,,,,
acq:MRI:20240216_114211_AIPT_multimodelLung20240216_1_91:3,Acquisition,,,1013_T2_TurboRARE_Coronal (E3),,,,MRI,10.0,M13,,,,,,,,,,,,,,,,,,,,,,,,,,6.1,3.0,1013_T2_TurboRARE_Coronal (E3),T2_TurboRARE,RARE,3500.0,10.0,3.0,256x256,30x30,0.1171875,0.5,36,coronal,336.0,2024-02-16 12:02:48,8.0,,,,,,,,,,,,,,,,,,
acq:MRI:20240216_114211_AIPT_multimodelLung20240216_1_91:4,Acquisition,,,1013_T1_FLASH_flc (E4),,,,MRI,10.0,M13,,,,,,,,,,,,,,,,,,,,,,,,,,13.6,4.0,1013_T1_FLASH_flc (E4),T1_FLASH_flc,FcFLASH,601.0,3.0666,5.0,256x256,40x40,0.15625,0.5,46,axial,769.3,2024-02-16 12:16:25,,,,,,,,,,,,,,,,,,,
acq:MRI:20240216_114211_AIPT_multimodelLung20240216_1_91:6,Acquisition,,,2_Planning (E6),,,,MRI,10.0,,,,,,,,,,,,,,,,,,,,,,,,,,,3.3,6.0,2_Planning (E6),2_Planning,FcFLASH,79.3,3.5,18.0,256x256,25x25,0.09765625,0.8,12,axial,365.4,2024-02-16 12:19:44,,,,,,,,,,,,,,,,,,,
acq:MRI:20240216_114211_AIPT_multimodelLung20240216_1_91:7,Acquisition,,,3_Planning (E7),,,,MRI,10.0,,,,,,,,,,,,,,,,,,,,,,,,,,,3.8,7.0,3_Planning (E7),3_Planning,FcFLASH,66.6,3.5,25.0,256x256,25x25,0.09765625,0.8,10,coronal,425.9,2024-02-16 12:23:33,,,,,,,,,,,,,,,,,,,
acq:MRI:20240216_114211_AIPT_multimodelLung20240216_1_91:8,Acquisition,,,1013_T1_FLASH_flc (E8),,,,MRI,10.0,M13,,,,,,,,,,,,,,,,,,,,,,,,,,13.9,8.0,1013_T1_FLASH_flc (E8),T1_FLASH_flc,FcFLASH,601.0,3.0666,5.0,256x256,30x30,0.1171875,0.5,36,coronal,769.3,2024-02-16 12:37:25,,,,,,,,,,,,,,,,,,,
acq:MRI:20240226_111137_AIPT_multimodelLung20240226_1_92:1,Acquisition,,,1013_Localizer (E1),,,,MRI,11.0,M13,,,,,,,,,,,,,,,,,,,,,,,,,,7.3,1.0,1013_Localizer (E1),1_Localizer,FLASH,100.0,3.0,1.0,256x256,40x40,0.15625,1.0,5 1 1,axial sagittal coronal,25.6,2024-02-26 11:18:54,,,,,,,,,,,,,,,,,,,
acq:MRI:20240226_111137_AIPT_multimodelLung20240226_1_92:2,Acquisition,,,1013_T2_TurboRARE_Axial (E2),,,,MRI,11.0,M13,,,,,,,,,,,,,,,,,,,,,,,,,,8.6,2.0,1013_T2_TurboRARE_Axial (E2),T2_TurboRARE,RARE,4379.1,10.0,3.0,256x256,40x40,0.15625,0.5,46,axial,420.4,2024-02-26 11:27:30,8.0,,,,,,,,,,,,,,,,,,
acq:MRI:20240226_111137_AIPT_multimodelLung20240226_1_92:5,Acquisition,,,14_Localizer (E5),,,,MRI,11.0,M14,,,,,,,,,,,,,,,,,,,,,,,,,,2.7,5.0,14_Localizer (E5),1_Localizer,FLASH,100.0,3.0,1.0,256x256,40x40,0.15625,1.0,5 1 1,axial sagittal coronal,25.6,2024-02-26 11:30:12,,,,,,,,,,,,,,,,,,,
acq:MRI:20240226_111137_AIPT_multimodelLung20240226_1_92:6,Acquisition,,,14_T2_TurboRARE_Axial (E6),,,,MRI,11.0,M14,,,,,,,,,,,,,,,,,,,,,,,,,,9.0,6.0,14_T2_TurboRARE_Axial (E6),T2_TurboRARE,RARE,4379.1,10.0,3.0,256x256,40x40,0.15625,0.5,46,axial,420.4,2024-02-26 11:39:12,8.0,,,,,,,,,,,,,,,,,,
acq:MRI:20240226_111137_AIPT_multimodelLung20240226_1_92:10,Acquisition,,,14_T2_TurboRARE_Coronal (E10),,,,MRI,11.0,M14,,,,,,,,,,,,,,,,,,,,,,,,,,9.5,10.0,14_T2_TurboRARE_Coronal (E10),T2_TurboRARE,RARE,3500.0,10.0,3.0,256x256,30x30,0.1171875,0.5,36,coronal,336.0,2024-02-26 11:48:44,8.0,,,,,,,,,,,,,,,,,,
acq:MRI:20240226_111137_AIPT_multimodelLung20240226_1_92:7,Acquisition,,,11_Localizer (E7),,,,MRI,11.0,M11,,,,,,,,,,,,,,,,,,,,,,,,,,2.3,7.0,11_Localizer (E7),1_Localizer,FLASH,100.0,3.0,1.0,256x256,40x40,0.15625,1.0,5 1 1,axial sagittal coronal,25.6,2024-02-26 11:51:00,,,,,,,,,,,,,,,,,,,
acq:MRI:20240226_111137_AIPT_multimodelLung20240226_1_92:8,Acquisition,,,11_T2_TurboRARE_Axial (E8),,,,MRI,11.0,M11,,,,,,,,,,,,,,,,,,,,,,,,,,9.8,8.0,11_T2_TurboRARE_Axial (E8),T2_TurboRARE,RARE,4379.1,10.0,3.0,256x256,40x40,0.15625,0.5,46,axial,420.4,2024-02-26 12:00:47,8.0,,,,,,,,,,,,,,,,,,
acq:MRI:20240226_111137_AIPT_multimodelLung20240226_1_92:11,Acquisition,,,12_Localizer (E11),,,,MRI,11.0,M12,,,,,,,,,,,,,,,,,,,,,,,,,,1.6,11.0,12_Localizer (E11),1_Localizer,FLASH,100.0,3.0,1.0,256x256,40x40,0.15625,1.0,5 1 1,axial sagittal coronal,25.6,2024-02-26 12:02:26,,,,,,,,,,,,,,,,,,,
acq:MRI:20240226_111137_AIPT_multimodelLung20240226_1_92:12,Acquisition,,,12_T2_TurboRARE_Axial (E12),,,,MRI,11.0,M12,,,,,,,,,,,,,,,,,,,,,,,,,,9.2,12.0,12_T2_TurboRARE_Axial (E12),T2_TurboRARE,RARE,4379.1,10.0,3.0,256x256,40x40,0.15625,0.5,46,axial,420.4,2024-02-26 12:11:38,8.0,,,,,,,,,,,,,,,,,,
acq:MRI:20240226_111137_AIPT_multimodelLung20240226_1_92:13,Acquisition,,,10_Localizer (E13),,,,MRI,11.0,M10,,,,,,,,,,,,,,,,,,,,,,,,,,5.9,13.0,10_Localizer (E13),1_Localizer,FLASH,100.0,3.0,1.0,256x256,40x40,0.15625,1.0,5 1 1,axial sagittal coronal,25.6,2024-02-26 12:17:33,,,,,,,,,,,,,,,,,,,
acq:MRI:20240226_111137_AIPT_multimodelLung20240226_1_92:14,Acquisition,,,10_T2_TurboRARE_Axial (E14),,,,MRI,11.0,M10,,,,,,,,,,,,,,,,,,,,,,,,,,9.3,14.0,10_T2_TurboRARE_Axial (E14),T2_TurboRARE,RARE,4379.1,10.0,3.0,256x256,40x40,0.15625,0.5,46,axial,420.4,2024-02-26 12:26:49,8.0,,,,,,,,,,,,,,,,,,
acq:MRI:20240226_111137_AIPT_multimodelLung20240226_1_92:15,Acquisition,,,18_Localizer (E15),,,,MRI,11.0,M18,,,,,,,,,,,,,,,,,,,,,,,,,,1.9,15.0,18_Localizer (E15),1_Localizer,FLASH,100.0,3.0,1.0,256x256,40x40,0.15625,1.0,5 1 1,axial sagittal coronal,25.6,2024-02-26 12:28:40,,,,,,,,,,,,,,,,,,,
acq:MRI:20240226_111137_AIPT_multimodelLung20240226_1_92:16,Acquisition,,,18_T2_TurboRARE_Axial (E16),,,,MRI,11.0,M18,,,,,,,,,,,,,,,,,,,,,,,,,,9.5,16.0,18_T2_TurboRARE_Axial (E16),T2_TurboRARE,RARE,4379.1,10.0,3.0,256x256,40x40,0.15625,0.5,46,axial,420.4,2024-02-26 12:38:11,8.0,,,,,,,,,,,,,,,,,,
acq:MRI:20240226_111137_AIPT_multimodelLung20240226_1_92:17,Acquisition,,,19_Localizer (E17),,,,MRI,11.0,M19,,,,,,,,,,,,,,,,,,,,,,,,,,1.6,17.0,19_Localizer (E17),1_Localizer,FLASH,100.0,3.0,1.0,256x256,40x40,0.15625,1.0,5 1 1,axial sagittal coronal,25.6,2024-02-26 12:39:44,,,,,,,,,,,,,,,,,,,
acq:MRI:20240226_111137_AIPT_multimodelLung20240226_1_92:18,Acquisition,,,19_T2_TurboRARE_Axial (E18),,,,MRI,11.0,M19,,,,,,,,,,,,,,,,,,,,,,,,,,9.0,18.0,19_T2_TurboRARE_Axial (E18),T2_TurboRARE,RARE,4379.1,10.0,3.0,256x256,40x40,0.15625,0.5,46,axial,420.4,2024-02-26 12:48:42,8.0,,,,,,,,,,,,,,,,,,
acq:MRI:20240226_111137_AIPT_multimodelLung20240226_1_92:19,Acquisition,,,17_Localizer (E19),,,,MRI,11.0,M17,,,,,,,,,,,,,,,,,,,,,,,,,,1.9,19.0,17_Localizer (E19),1_Localizer,FLASH,100.0,3.0,1.0,256x256,40x40,0.15625,1.0,5 1 1,axial sagittal coronal,25.6,2024-02-26 12:50:34,,,,,,,,,,,,,,,,,,,
acq:MRI:20240226_111137_AIPT_multimodelLung20240226_1_92:20,Acquisition,,,17_T2_TurboRARE_Axial (E20),,,,MRI,11.0,M17,,,,,,,,,,,,,,,,,,,,,,,,,,9.4,20.0,17_T2_TurboRARE_Axial (E20),T2_TurboRARE,RARE,4379.1,10.0,3.0,256x256,40x40,0.15625,0.5,46,axial,420.4,2024-02-26 12:59:56,8.0,,,,,,,,,,,,,,,,,,
acq:MRI:20240226_111137_AIPT_multimodelLung20240226_1_92:21,Acquisition,,,15_Localizer (E21),,,,MRI,11.0,M15,,,,,,,,,,,,,,,,,,,,,,,,,,1.8,21.0,15_Localizer (E21),1_Localizer,FLASH,100.0,3.0,1.0,256x256,40x40,0.15625,1.0,5 1 1,axial sagittal coronal,25.6,2024-02-26 13:01:41,,,,,,,,,,,,,,,,,,,
acq:MRI:20240226_111137_AIPT_multimodelLung20240226_1_92:22,Acquisition,,,15_T2_TurboRARE_Axial (E22),,,,MRI,11.0,M15,,,,,,,,,,,,,,,,,,,,,,,,,,9.3,22.0,15_T2_TurboRARE_Axial (E22),T2_TurboRARE,RARE,4379.1,10.0,3.0,256x256,40x40,0.15625,0.5,46,axial,420.4,2024-02-26 13:10:59,8.0,,,,,,,,,,,,,,,,,,
acq:MRI:20240226_111137_AIPT_multimodelLung20240226_1_92:23,Acquisition,,,68_Localizer (E23),,,,MRI,11.0,M68,,,,,,,,,,,,,,,,,,,,,,,,,,2.4,23.0,68_Localizer (E23),1_Localizer,FLASH,100.0,3.0,1.0,256x256,40x40,0.15625,1.0,5 1 1,axial sagittal coronal,25.6,2024-02-26 13:13:22,,,,,,,,,,,,,,,,,,,
acq:MRI:20240226_111137_AIPT_multimodelLung20240226_1_92:24,Acquisition,,,68_T2_TurboRARE_Axial (E24),,,,MRI,11.0,M68,,,,,,,,,,,,,,,,,,,,,,,,,,8.8,24.0,68_T2_TurboRARE_Axial (E24),T2_TurboRARE,RARE,4379.1,10.0,3.0,256x256,40x40,0.15625,0.5,46,axial,420.4,2024-02-26 13:22:11,8.0,,,,,,,,,,,,,,,,,,
acq:MRI:20240226_111137_AIPT_multimodelLung20240226_1_92:25,Acquisition,,,69_Localizer (E25),,,,MRI,11.0,M69,,,,,,,,,,,,,,,,,,,,,,,,,,2.1,25.0,69_Localizer (E25),1_Localizer,FLASH,100.0,3.0,1.0,256x256,40x40,0.15625,1.0,5 1 1,axial sagittal coronal,25.6,2024-02-26 13:24:16,,,,,,,,,,,,,,,,,,,
acq:MRI:20240226_111137_AIPT_multimodelLung20240226_1_92:26,Acquisition,,,69_T2_TurboRARE_Axial (E26),,,,MRI,11.0,M69,,,,,,,,,,,,,,,,,,,,,,,,,,8.5,26.0,69_T2_TurboRARE_Axial (E26),T2_TurboRARE,RARE,4379.1,10.0,3.0,256x256,40x40,0.15625,0.5,46,axial,420.4,2024-02-26 13:32:45,8.0,,,,,,,,,,,,,,,,,,
acq:MRI:20240226_111137_AIPT_multimodelLung20240226_1_92:27,Acquisition,,,67_Localizer (E27),,,,MRI,11.0,M67,,,,,,,,,,,,,,,,,,,,,,,,,,1.7,27.0,67_Localizer (E27),1_Localizer,FLASH,100.0,3.0,1.0,256x256,40x40,0.15625,1.0,5 1 1,axial sagittal coronal,25.6,2024-02-26 13:34:25,,,,,,,,,,,,,,,,,,,
acq:MRI:20240226_111137_AIPT_multimodelLung20240226_1_92:28,Acquisition,,,67_T2_TurboRARE_Axial (E28),,,,MRI,11.0,M67,,,,,,,,,,,,,,,,,,,,,,,,,,9.4,28.0,67_T2_TurboRARE_Axial (E28),T2_TurboRARE,RARE,4379.1,10.0,3.0,256x256,40x40,0.15625,0.5,46,axial,420.4,2024-02-26 13:43:49,8.0,,,,,,,,,,,,,,,,,,
acq:MRI:20240226_111137_AIPT_multimodelLung20240226_1_92:29,Acquisition,,,75_Localizer (E29),,,,MRI,11.0,M75,,,,,,,,,,,,,,,,,,,,,,,,,,5.8,29.0,75_Localizer (E29),1_Localizer,FLASH,100.0,3.0,1.0,256x256,40x40,0.15625,1.0,5 1 1,axial sagittal coronal,25.6,2024-02-26 13:49:34,,,,,,,,,,,,,,,,,,,
acq:MRI:20240226_111137_AIPT_multimodelLung20240226_1_92:30,Acquisition,,,75_T2_TurboRARE_Axial (E30),,,,MRI,11.0,M75,,,,,,,,,,,,,,,,,,,,,,,,,,8.5,30.0,75_T2_TurboRARE_Axial (E30),T2_TurboRARE,RARE,4379.1,10.0,3.0,256x256,40x40,0.15625,0.5,46,axial,420.4,2024-02-26 13:58:02,8.0,,,,,,,,,,,,,,,,,,
acq:MRI:20240304_151201_AIPT_multimodelLung20240304_1_95:1,Acquisition,,,1013_Localizer (E1),,,,MRI,12.0,M13,,,,,,,,,,,,,,,,,,,,,,,,,,5.9,1.0,1013_Localizer (E1),1_Localizer,FLASH,100.0,3.0,1.0,256x256,40x40,0.15625,1.0,5 1 1,axial sagittal coronal,25.6,2024-03-04 15:17:57,,,,,,,,,,,,,,,,,,,
acq:MRI:20240304_151201_AIPT_multimodelLung20240304_1_95:3,Acquisition,,,1013_Localizer (E3),,,,MRI,12.0,M13,,,,,,,,,,,,,,,,,,,,,,,,,,2.8,3.0,1013_Localizer (E3),1_Localizer,FLASH,100.0,3.0,1.0,256x256,40x40,0.15625,1.0,5 1 1,axial sagittal coronal,25.6,2024-03-04 15:20:46,,,,,,,,,,,,,,,,,,,
acq:MRI:20240304_151201_AIPT_multimodelLung20240304_1_95:2,Acquisition,,,1013_T2_TurboRARE_Axial (E2),,,,MRI,12.0,M13,,,,,,,,,,,,,,,,,,,,,,,,,,9.4,2.0,1013_T2_TurboRARE_Axial (E2),T2_TurboRARE,RARE,4379.1,10.0,3.0,256x256,40x40,0.15625,0.5,46,axial,420.4,2024-03-04 15:30:13,8.0,,,,,,,,,,,,,,,,,,
acq:MRI:20240304_151201_AIPT_multimodelLung20240304_1_95:4,Acquisition,,,1013_T2_TurboRARE_Axial (E4),,,,MRI,12.0,M13,,,,,,,,,,,,,,,,,,,,,,,,,,9.0,4.0,1013_T2_TurboRARE_Axial (E4),T2_TurboRARE,RARE,4379.1,10.0,3.0,256x256,40x40,0.15625,0.5,40,coronal,420.4,2024-03-04 15:39:13,8.0,,,,,,,,,,,,,,,,,,
acq:MRI:20240304_151201_AIPT_multimodelLung20240304_1_95:7,Acquisition,,,1013_T1_FLASH_flc (E7),,,,MRI,12.0,M13,,,,,,,,,,,,,,,,,,,,,,,,,,10.5,7.0,1013_T1_FLASH_flc (E7),T1_FLASH_flc,FcFLASH,500.0,3.0666,4.0,256x256,40x40,0.15625,0.5,40,axial,512.0,2024-03-04 15:49:42,,,,,,,,,,,,,,,,,,,
acq:MRI:20240304_151201_AIPT_multimodelLung20240304_1_95:5,Acquisition,,,10_Localizer (E5),,,,MRI,12.0,M10,,,,,,,,,,,,,,,,,,,,,,,,,,3.0,5.0,10_Localizer (E5),1_Localizer,FLASH,100.0,3.0,1.0,256x256,40x40,0.15625,1.0,5 1 1,axial sagittal coronal,25.6,2024-03-04 15:52:45,,,,,,,,,,,,,,,,,,,
acq:MRI:20240304_151201_AIPT_multimodelLung20240304_1_95:6,Acquisition,,,10_T2_TurboRARE_Axial (E6),,,,MRI,12.0,M10,,,,,,,,,,,,,,,,,,,,,,,,,,10.7,6.0,10_T2_TurboRARE_Axial (E6),T2_TurboRARE,RARE,4000.0,10.0,3.0,256x256,40x40,0.15625,0.5,40,axial,384.0,2024-03-04 16:03:25,8.0,,,,,,,,,,,,,,,,,,
acq:MRI:20240304_151201_AIPT_multimodelLung20240304_1_95:10,Acquisition,,,11_Localizer (E10),,,,MRI,12.0,M11,,,,,,,,,,,,,,,,,,,,,,,,,,2.8,10.0,11_Localizer (E10),1_Localizer,FLASH,100.0,3.0,1.0,256x256,40x40,0.15625,1.0,5 1 1,axial sagittal coronal,25.6,2024-03-04 16:06:13,,,,,,,,,,,,,,,,,,,
acq:MRI:20240304_151201_AIPT_multimodelLung20240304_1_95:11,Acquisition,,,11_T2_TurboRARE_Axial (E11),,,,MRI,12.0,M11,,,,,,,,,,,,,,,,,,,,,,,,,,9.5,11.0,11_T2_TurboRARE_Axial (E11),T2_TurboRARE,RARE,4000.0,10.0,3.0,256x256,40x40,0.15625,0.5,40,axial,384.0,2024-03-04 16:15:44,8.0,,,,,,,,,,,,,,,,,,
acq:MRI:20240304_151201_AIPT_multimodelLung20240304_1_95:12,Acquisition,,,12_Localizer (E12),,,,MRI,12.0,M12,,,,,,,,,,,,,,,,,,,,,,,,,,1.8,12.0,12_Localizer (E12),1_Localizer,FLASH,100.0,3.0,1.0,256x256,40x40,0.15625,1.0,5 1 1,axial sagittal coronal,25.6,2024-03-04 16:17:30,,,,,,,,,,,,,,,,,,,
acq:MRI:20240304_151201_AIPT_multimodelLung20240304_1_95:13,Acquisition,,,12_T2_TurboRARE_Axial (E13),,,,MRI,12.0,M12,,,,,,,,,,,,,,,,,,,,,,,,,,9.4,13.0,12_T2_TurboRARE_Axial (E13),T2_TurboRARE,RARE,4000.0,10.0,3.0,256x256,40x40,0.15625,0.5,40,axial,384.0,2024-03-04 16:26:55,8.0,,,,,,,,,,,,,,,,,,
acq:MRI:20240304_151201_AIPT_multimodelLung20240304_1_95:17,Acquisition,,,12_T2_TurboRARE_Coronal (E17),,,,MRI,12.0,M12,,,,,,,,,,,,,,,,,,,,,,,,,,9.8,17.0,12_T2_TurboRARE_Coronal (E17),T2_TurboRARE,RARE,4000.0,10.0,3.0,256x256,40x40,0.15625,0.5,40,coronal,384.0,2024-03-04 16:36:42,8.0,,,,,,,,,,,,,,,,,,
acq:MRI:20240304_151201_AIPT_multimodelLung20240304_1_95:14,Acquisition,,,14_Localizer (E14),,,,MRI,12.0,M14,,,,,,,,,,,,,,,,,,,,,,,,,,2.3,14.0,14_Localizer (E14),1_Localizer,FLASH,100.0,3.0,1.0,256x256,40x40,0.15625,1.0,5 1 1,axial sagittal coronal,25.6,2024-03-04 16:39:00,,,,,,,,,,,,,,,,,,,
acq:MRI:20240304_151201_AIPT_multimodelLung20240304_1_95:16,Acquisition,,,14_T2_TurboRARE_Axial (E16),,,,MRI,12.0,M14,,,,,,,,,,,,,,,,,,,,,,,,,,8.2,16.0,14_T2_TurboRARE_Axial (E16),T2_TurboRARE,RARE,4000.0,10.0,3.0,256x256,40x40,0.15625,0.5,40,axial,384.0,2024-03-04 16:47:14,8.0,,,,,,,,,,,,,,,,,,
acq:MRI:20240304_151201_AIPT_multimodelLung20240304_1_95:18,Acquisition,,,15_Localizer (E18),,,,MRI,12.0,M15,,,,,,,,,,,,,,,,,,,,,,,,,,2.0,18.0,15_Localizer (E18),1_Localizer,FLASH,100.0,3.0,1.0,256x256,40x40,0.15625,1.0,5 1 1,axial sagittal coronal,25.6,2024-03-04 16:49:13,,,,,,,,,,,,,,,,,,,
acq:MRI:20240304_151201_AIPT_multimodelLung20240304_1_95:20,Acquisition,,,15_T2_TurboRARE_Axial (E20),,,,MRI,12.0,M15,,,,,,,,,,,,,,,,,,,,,,,,,,9.5,20.0,15_T2_TurboRARE_Axial (E20),T2_TurboRARE,RARE,4000.0,10.0,3.0,256x256,40x40,0.15625,0.5,40,axial,384.0,2024-03-04 16:58:44,8.0,,,,,,,,,,,,,,,,,,
acq:MRI:20240304_151201_AIPT_multimodelLung20240304_1_95:23,Acquisition,,,15_T1_FLASH_flc_Axial (E23),,,,MRI,12.0,M15,,,,,,,,,,,,,,,,,,,,,,,,,,14.1,23.0,15_T1_FLASH_flc_Axial (E23),T1_FLASH_flc,FcFLASH,600.0,3.0666,3.0,256x256,40x40,0.15625,0.5,40,axial,460.8,2024-03-04 17:12:52,,,,,,,,,,,,,,,,,,,
acq:MRI:20240304_151201_AIPT_multimodelLung20240304_1_95:21,Acquisition,,,17_Localizer (E21),,,,MRI,12.0,M17,,,,,,,,,,,,,,,,,,,,,,,,,,3.3,21.0,17_Localizer (E21),1_Localizer,FLASH,100.0,3.0,1.0,256x256,40x40,0.15625,1.0,5 1 1,axial sagittal coronal,25.6,2024-03-04 17:16:08,,,,,,,,,,,,,,,,,,,
acq:MRI:20240304_151201_AIPT_multimodelLung20240304_1_95:24,Acquisition,,,17_T2_TurboRARE_Axial (E24),,,,MRI,12.0,M17,,,,,,,,,,,,,,,,,,,,,,,,,,8.2,24.0,17_T2_TurboRARE_Axial (E24),T2_TurboRARE,RARE,4000.0,10.0,3.0,256x256,40x40,0.15625,0.5,40,axial,384.0,2024-03-04 17:24:20,8.0,,,,,,,,,,,,,,,,,,
acq:MRI:20240304_151201_AIPT_multimodelLung20240304_1_95:25,Acquisition,,,18_Localizer (E25),,,,MRI,12.0,M18,,,,,,,,,,,,,,,,,,,,,,,,,,2.7,25.0,18_Localizer (E25),1_Localizer,FLASH,100.0,3.0,1.0,256x256,40x40,0.15625,1.0,5 1 1,axial sagittal coronal,25.6,2024-03-04 17:27:04,,,,,,,,,,,,,,,,,,,
acq:MRI:20240304_151201_AIPT_multimodelLung20240304_1_95:26,Acquisition,,,18_T2_TurboRARE_Axial (E26),,,,MRI,12.0,M18,,,,,,,,,,,,,,,,,,,,,,,,,,8.8,26.0,18_T2_TurboRARE_Axial (E26),T2_TurboRARE,RARE,4000.0,10.0,3.0,256x256,40x40,0.15625,0.5,40,axial,384.0,2024-03-04 17:35:50,8.0,,,,,,,,,,,,,,,,,,
acq:MRI:20240304_151201_AIPT_multimodelLung20240304_1_95:27,Acquisition,,,19_Localizer (E27),,,,MRI,12.0,M19,,,,,,,,,,,,,,,,,,,,,,,,,,1.8,27.0,19_Localizer (E27),1_Localizer,FLASH,100.0,3.0,1.0,256x256,40x40,0.15625,1.0,5 1 1,axial sagittal coronal,25.6,2024-03-04 17:37:37,,,,,,,,,,,,,,,,,,,
acq:MRI:20240304_151201_AIPT_multimodelLung20240304_1_95:28,Acquisition,,,19_T2_TurboRARE_Axial (E28),,,,MRI,12.0,M19,,,,,,,,,,,,,,,,,,,,,,,,,,8.4,28.0,19_T2_TurboRARE_Axial (E28),T2_TurboRARE,RARE,4000.0,10.0,3.0,256x256,40x40,0.15625,0.5,40,axial,384.0,2024-03-04 17:46:02,8.0,,,,,,,,,,,,,,,,,,
acq:MRI:20240304_151201_AIPT_multimodelLung20240304_1_95:29,Acquisition,,,67_Localizer (E29),,,,MRI,12.0,M67,,,,,,,,,,,,,,,,,,,,,,,,,,1.9,29.0,67_Localizer (E29),1_Localizer,FLASH,100.0,3.0,1.0,256x256,40x40,0.15625,1.0,5 1 1,axial sagittal coronal,25.6,2024-03-04 17:47:58,,,,,,,,,,,,,,,,,,,
acq:MRI:20240304_151201_AIPT_multimodelLung20240304_1_95:30,Acquisition,,,67_T2_TurboRARE_Axial (E30),,,,MRI,12.0,M67,,,,,,,,,,,,,,,,,,,,,,,,,,10.1,30.0,67_T2_TurboRARE_Axial (E30),T2_TurboRARE,RARE,4000.0,10.0,3.0,256x256,40x40,0.15625,0.5,40,axial,384.0,2024-03-04 17:58:05,8.0,,,,,,,,,,,,,,,,,,
acq:MRI:20240304_151201_AIPT_multimodelLung20240304_1_95:31,Acquisition,,,68_Localizer (E31),,,,MRI,12.0,M68,,,,,,,,,,,,,,,,,,,,,,,,,,1.8,31.0,68_Localizer (E31),1_Localizer,FLASH,100.0,3.0,1.0,256x256,40x40,0.15625,1.0,5 1 1,axial sagittal coronal,25.6,2024-03-04 17:59:50,,,,,,,,,,,,,,,,,,,
acq:MRI:20240304_151201_AIPT_multimodelLung20240304_1_95:32,Acquisition,,,68_T2_TurboRARE_Axial (E32),,,,MRI,12.0,M68,,,,,,,,,,,,,,,,,,,,,,,,,,8.7,32.0,68_T2_TurboRARE_Axial (E32),T2_TurboRARE,RARE,4000.0,10.0,3.0,256x256,40x40,0.15625,0.5,40,axial,384.0,2024-03-04 18:08:34,8.0,,,,,,,,,,,,,,,,,,
acq:MRI:20240304_151201_AIPT_multimodelLung20240304_1_95:33,Acquisition,,,69_Localizer (E33),,,,MRI,12.0,M69,,,,,,,,,,,,,,,,,,,,,,,,,,1.8,33.0,69_Localizer (E33),1_Localizer,FLASH,100.0,3.0,1.0,256x256,40x40,0.15625,1.0,5 1 1,axial sagittal coronal,25.6,2024-03-04 18:10:21,,,,,,,,,,,,,,,,,,,
acq:MRI:20240304_151201_AIPT_multimodelLung20240304_1_95:34,Acquisition,,,69_T2_TurboRARE_Axial (E34),,,,MRI,12.0,M69,,,,,,,,,,,,,,,,,,,,,,,,,,7.9,34.0,69_T2_TurboRARE_Axial (E34),T2_TurboRARE,RARE,4000.0,10.0,3.0,256x256,40x40,0.15625,0.5,40,axial,384.0,2024-03-04 18:18:13,8.0,,,,,,,,,,,,,,,,,,
acq:MRI:20240304_151201_AIPT_multimodelLung20240304_1_95:35,Acquisition,,,17_Localizer,,,,MRI,12.0,M17,,,,,,,,,,,,,,,,,,,,,,,,,,,35.0,17_Localizer,1_Localizer,FLASH,100.0,3.0,1.0,256x256,40x40,0.15625,1.0,5 1 1,axial sagittal coronal,25.6,,,,,,,,,,,,,,,,,,,,
acq:MRI:20240311_142100_AIPT_20240311multimodalLung_1_99:5,Acquisition,,,1013_Localizer (E5),,,,MRI,13.0,M13,,,,,,,,,,,,,,,,,,,,,,,,,,16.1,5.0,1013_Localizer (E5),1_Localizer,FLASH,100.0,3.0,1.0,256x256,40x40,0.15625,1.0,1 1 1,axial sagittal coronal,25.6,2024-03-11 14:37:09,,,,,,,,,,,,,,,,,,,
acq:MRI:20240311_142100_AIPT_20240311multimodalLung_1_99:8,Acquisition,,,1013_T2_TurboRARE_Axial (E8),,,,MRI,13.0,M13,,,,,,,,,,,,,,,,,,,,,,,,,,13.2,8.0,1013_T2_TurboRARE_Axial (E8),T2_TurboRARE,RARE,4379.1,10.0,3.0,256x256,40x40,0.15625,0.5,46,axial,420.4,2024-03-11 14:50:18,8.0,,,,,,,,,,,,,,,,,,
acq:MRI:20240311_142100_AIPT_20240311multimodalLung_1_99:3,Acquisition,,,10_Localizer (E3),,,,MRI,13.0,M10,,,,,,,,,,,,,,,,,,,,,,,,,,2.1,3.0,10_Localizer (E3),1_Localizer,FLASH,100.0,3.0,1.0,256x256,40x40,0.15625,1.0,5 1 1,axial sagittal coronal,25.6,2024-03-11 14:52:27,,,,,,,,,,,,,,,,,,,
acq:MRI:20240311_142100_AIPT_20240311multimodalLung_1_99:4,Acquisition,,,10_T2_TurboRARE_Axial (E4),,,,MRI,13.0,M10,,,,,,,,,,,,,,,,,,,,,,,,,,9.0,4.0,10_T2_TurboRARE_Axial (E4),T2_TurboRARE,RARE,4379.1,10.0,3.0,256x256,40x40,0.15625,0.5,46,axial,420.4,2024-03-11 15:01:25,8.0,,,,,,,,,,,,,,,,,,
acq:MRI:20240311_142100_AIPT_20240311multimodalLung_1_99:9,Acquisition,,,11_Localizer (E9),,,,MRI,13.0,M11,,,,,,,,,,,,,,,,,,,,,,,,,,1.7,9.0,11_Localizer (E9),1_Localizer,FLASH,100.0,3.0,1.0,256x256,40x40,0.15625,1.0,5 1 1,axial sagittal coronal,25.6,2024-03-11 15:03:08,,,,,,,,,,,,,,,,,,,
acq:MRI:20240311_142100_AIPT_20240311multimodalLung_1_99:12,Acquisition,,,11_T2_TurboRARE_Axial (E12),,,,MRI,13.0,M11,,,,,,,,,,,,,,,,,,,,,,,,,,11.8,12.0,11_T2_TurboRARE_Axial (E12),T2_TurboRARE,RARE,4379.1,10.0,3.0,256x256,40x40,0.15625,0.5,46,axial,420.4,2024-03-11 15:14:56,8.0,,,,,,,,,,,,,,,,,,
acq:MRI:20240311_142100_AIPT_20240311multimodalLung_1_99:11,Acquisition,,,12_Localizer (E11),,,,MRI,13.0,M12,,,,,,,,,,,,,,,,,,,,,,,,,,4.1,11.0,12_Localizer (E11),1_Localizer,FLASH,100.0,3.0,1.0,256x256,40x40,0.15625,1.0,5 1 1,axial sagittal coronal,25.6,2024-03-11 15:19:02,,,,,,,,,,,,,,,,,,,
acq:MRI:20240311_142100_AIPT_20240311multimodalLung_1_99:13,Acquisition,,,12_T2_TurboRARE_Axial (E13),,,,MRI,13.0,M12,,,,,,,,,,,,,,,,,,,,,,,,,,9.1,13.0,12_T2_TurboRARE_Axial (E13),T2_TurboRARE,RARE,4379.1,10.0,3.0,256x256,40x40,0.15625,0.5,46,axial,420.4,2024-03-11 15:28:07,8.0,,,,,,,,,,,,,,,,,,
acq:MRI:20240311_142100_AIPT_20240311multimodalLung_1_99:15,Acquisition,,,14_Localizer (E15),,,,MRI,13.0,M14,,,,,,,,,,,,,,,,,,,,,,,,,,1.8,15.0,14_Localizer (E15),1_Localizer,FLASH,100.0,3.0,1.0,256x256,40x40,0.15625,1.0,5 1 1,axial sagittal coronal,25.6,2024-03-11 15:29:54,,,,,,,,,,,,,,,,,,,
acq:MRI:20240311_142100_AIPT_20240311multimodalLung_1_99:16,Acquisition,,,14_T2_TurboRARE_Axial (E16),,,,MRI,13.0,M14,,,,,,,,,,,,,,,,,,,,,,,,,,8.8,16.0,14_T2_TurboRARE_Axial (E16),T2_TurboRARE,RARE,4379.1,10.0,3.0,256x256,40x40,0.15625,0.5,46,axial,420.4,2024-03-11 15:38:45,8.0,,,,,,,,,,,,,,,,,,
acq:MRI:20240311_142100_AIPT_20240311multimodalLung_1_99:17,Acquisition,,,15_Localizer (E17),,,,MRI,13.0,M15,,,,,,,,,,,,,,,,,,,,,,,,,,1.9,17.0,15_Localizer (E17),1_Localizer,FLASH,100.0,3.0,1.0,256x256,40x40,0.15625,1.0,5 1 1,axial sagittal coronal,25.6,2024-03-11 15:40:42,,,,,,,,,,,,,,,,,,,
acq:MRI:20240311_142100_AIPT_20240311multimodalLung_1_99:18,Acquisition,,,15_T2_TurboRARE_Axial (E18),,,,MRI,13.0,M15,,,,,,,,,,,,,,,,,,,,,,,,,,8.9,18.0,15_T2_TurboRARE_Axial (E18),T2_TurboRARE,RARE,4379.1,10.0,3.0,256x256,40x40,0.15625,0.5,46,axial,420.4,2024-03-11 15:49:34,8.0,,,,,,,,,,,,,,,,,,
acq:MRI:20240311_142100_AIPT_20240311multimodalLung_1_99:19,Acquisition,,,17_Localizer (E19),,,,MRI,13.0,M17,,,,,,,,,,,,,,,,,,,,,,,,,,1.7,19.0,17_Localizer (E19),1_Localizer,FLASH,100.0,3.0,1.0,256x256,40x40,0.15625,1.0,5 1 1,axial sagittal coronal,25.6,2024-03-11 15:51:17,,,,,,,,,,,,,,,,,,,
acq:MRI:20240311_142100_AIPT_20240311multimodalLung_1_99:20,Acquisition,,,17_T2_TurboRARE_Axial (E20),,,,MRI,13.0,M17,,,,,,,,,,,,,,,,,,,,,,,,,,9.0,20.0,17_T2_TurboRARE_Axial (E20),T2_TurboRARE,RARE,4379.1,10.0,3.0,256x256,40x40,0.15625,0.5,46,axial,420.4,2024-03-11 16:00:15,8.0,,,,,,,,,,,,,,,,,,
acq:MRI:20240311_142100_AIPT_20240311multimodalLung_1_99:21,Acquisition,,,18_Localizer (E21),,,,MRI,13.0,M18,,,,,,,,,,,,,,,,,,,,,,,,,,1.7,21.0,18_Localizer (E21),1_Localizer,FLASH,100.0,3.0,1.0,256x256,40x40,0.15625,1.0,5 1 1,axial sagittal coronal,25.6,2024-03-11 16:01:55,,,,,,,,,,,,,,,,,,,
acq:MRI:20240311_142100_AIPT_20240311multimodalLung_1_99:22,Acquisition,,,18_T2_TurboRARE_Axial (E22),,,,MRI,13.0,M18,,,,,,,,,,,,,,,,,,,,,,,,,,8.5,22.0,18_T2_TurboRARE_Axial (E22),T2_TurboRARE,RARE,4379.1,10.0,3.0,256x256,40x40,0.15625,0.5,46,axial,420.4,2024-03-11 16:10:25,8.0,,,,,,,,,,,,,,,,,,
acq:MRI:20240311_142100_AIPT_20240311multimodalLung_1_99:23,Acquisition,,,19_Localizer (E23),,,,MRI,13.0,M19,,,,,,,,,,,,,,,,,,,,,,,,,,2.0,23.0,19_Localizer (E23),1_Localizer,FLASH,100.0,3.0,1.0,256x256,40x40,0.15625,1.0,5 1 1,axial sagittal coronal,25.6,2024-03-11 16:12:27,,,,,,,,,,,,,,,,,,,
acq:MRI:20240311_142100_AIPT_20240311multimodalLung_1_99:24,Acquisition,,,19_T2_TurboRARE_Axial (E24),,,,MRI,13.0,M19,,,,,,,,,,,,,,,,,,,,,,,,,,8.9,24.0,19_T2_TurboRARE_Axial (E24),T2_TurboRARE,RARE,4379.1,10.0,3.0,256x256,40x40,0.15625,0.5,46,axial,420.4,2024-03-11 16:21:20,8.0,,,,,,,,,,,,,,,,,,
acq:MRI:20240311_142100_AIPT_20240311multimodalLung_1_99:25,Acquisition,,,67_Localizer (E25),,,,MRI,13.0,M67,,,,,,,,,,,,,,,,,,,,,,,,,,2.0,25.0,67_Localizer (E25),1_Localizer,FLASH,100.0,3.0,1.0,256x256,40x40,0.15625,1.0,5 1 1,axial sagittal coronal,25.6,2024-03-11 16:23:19,,,,,,,,,,,,,,,,,,,
acq:MRI:20240311_142100_AIPT_20240311multimodalLung_1_99:26,Acquisition,,,67_T2_TurboRARE_Axial (E26),,,,MRI,13.0,M67,,,,,,,,,,,,,,,,,,,,,,,,,,8.8,26.0,67_T2_TurboRARE_Axial (E26),T2_TurboRARE,RARE,4379.1,10.0,3.0,256x256,40x40,0.15625,0.5,46,axial,420.4,2024-03-11 16:32:08,8.0,,,,,,,,,,,,,,,,,,
acq:MRI:20240311_142100_AIPT_20240311multimodalLung_1_99:27,Acquisition,,,68_Localizer (E27),,,,MRI,13.0,M68,,,,,,,,,,,,,,,,,,,,,,,,,,2.6,27.0,68_Localizer (E27),1_Localizer,FLASH,100.0,3.0,1.0,256x256,40x40,0.15625,1.0,5 1 1,axial sagittal coronal,25.6,2024-03-11 16:34:46,,,,,,,,,,,,,,,,,,,
acq:MRI:20240311_142100_AIPT_20240311multimodalLung_1_99:28,Acquisition,,,68_T2_TurboRARE_Axial (E28),,,,MRI,13.0,M68,,,,,,,,,,,,,,,,,,,,,,,,,,8.8,28.0,68_T2_TurboRARE_Axial (E28),T2_TurboRARE,RARE,4379.1,10.0,3.0,256x256,40x40,0.15625,0.5,46,axial,420.4,2024-03-11 16:43:36,8.0,,,,,,,,,,,,,,,,,,
acq:MRI:20240311_142100_AIPT_20240311multimodalLung_1_99:29,Acquisition,,,69_Localizer (E29),,,,MRI,13.0,M69,,,,,,,,,,,,,,,,,,,,,,,,,,2.8,29.0,69_Localizer (E29),1_Localizer,FLASH,100.0,3.0,1.0,256x256,40x40,0.15625,1.0,5 1 1,axial sagittal coronal,25.6,2024-03-11 16:46:22,,,,,,,,,,,,,,,,,,,
acq:MRI:20240311_142100_AIPT_20240311multimodalLung_1_99:30,Acquisition,,,69_T2_TurboRARE_Axial (E30),,,,MRI,13.0,M69,,,,,,,,,,,,,,,,,,,,,,,,,,8.7,30.0,69_T2_TurboRARE_Axial (E30),T2_TurboRARE,RARE,4379.1,10.0,3.0,256x256,40x40,0.15625,0.5,46,axial,420.4,2024-03-11 16:55:02,8.0,,,,,,,,,,,,,,,,,,
acq:MRI:20240318_140839_AIPT_MultimodalLung20240318_1_101:1,Acquisition,,,1013_Localizer (E1),,,,MRI,14.0,M13,,,,,,,,,,,,,,,,,,,,,,,,,,4.1,1.0,1013_Localizer (E1),1_Localizer,FLASH,100.0,3.0,1.0,256x256,40x40,0.15625,1.0,1 1 1,axial sagittal coronal,25.6,2024-03-18 14:12:47,,,,,,,,,,,,,,,,,,,
acq:MRI:20240318_140839_AIPT_MultimodalLung20240318_1_101:3,Acquisition,,,1013_Localizer (E3),,,,MRI,14.0,M13,,,,,,,,,,,,,,,,,,,,,,,,,,1.4,3.0,1013_Localizer (E3),1_Localizer,FLASH,100.0,3.0,1.0,256x256,40x40,0.15625,1.0,1 1 1,axial sagittal coronal,25.6,2024-03-18 14:14:11,,,,,,,,,,,,,,,,,,,
acq:MRI:20240318_140839_AIPT_MultimodalLung20240318_1_101:4,Acquisition,,,1013_Localizer (E4),,,,MRI,14.0,M13,,,,,,,,,,,,,,,,,,,,,,,,,,2.1,4.0,1013_Localizer (E4),1_Localizer,FLASH,100.0,3.0,1.0,256x256,40x40,0.15625,1.0,1 1 1,axial sagittal coronal,25.6,2024-03-18 14:16:20,,,,,,,,,,,,,,,,,,,
acq:MRI:20240318_140839_AIPT_MultimodalLung20240318_1_101:2,Acquisition,,,1013_T2_TurboRARE_Axial (E2),,,,MRI,14.0,M13,,,,,,,,,,,,,,,,,,,,,,,,,,8.4,2.0,1013_T2_TurboRARE_Axial (E2),T2_TurboRARE,RARE,4379.1,10.0,3.0,256x256,40x40,0.15625,0.5,46,axial,420.4,2024-03-18 14:24:46,8.0,,,,,,,,,,,,,,,,,,
acq:MRI:20240318_140839_AIPT_MultimodalLung20240318_1_101:5,Acquisition,,,10_Localizer (E5),,,,MRI,14.0,M10,,,,,,,,,,,,,,,,,,,,,,,,,,5.8,5.0,10_Localizer (E5),1_Localizer,FLASH,100.0,3.0,1.0,256x256,40x40,0.15625,1.0,5 1 1,axial sagittal coronal,25.6,2024-03-18 14:30:31,,,,,,,,,,,,,,,,,,,
acq:MRI:20240318_140839_AIPT_MultimodalLung20240318_1_101:6,Acquisition,,,10_T2_TurboRARE_Axial (E6),,,,MRI,14.0,M10,,,,,,,,,,,,,,,,,,,,,,,,,,10.5,6.0,10_T2_TurboRARE_Axial (E6),T2_TurboRARE,RARE,4379.1,10.0,3.0,256x256,40x40,0.15625,0.5,46,axial,420.4,2024-03-18 14:41:02,8.0,,,,,,,,,,,,,,,,,,
acq:MRI:20240318_140839_AIPT_MultimodalLung20240318_1_101:7,Acquisition,,,11_Localizer (E7),,,,MRI,14.0,M11,,,,,,,,,,,,,,,,,,,,,,,,,,1.9,7.0,11_Localizer (E7),1_Localizer,FLASH,100.0,3.0,1.0,256x256,40x40,0.15625,1.0,5 1 1,axial sagittal coronal,25.6,2024-03-18 14:42:54,,,,,,,,,,,,,,,,,,,
acq:MRI:20240318_140839_AIPT_MultimodalLung20240318_1_101:8,Acquisition,,,11_T2_TurboRARE_Axial (E8),,,,MRI,14.0,M11,,,,,,,,,,,,,,,,,,,,,,,,,,8.7,8.0,11_T2_TurboRARE_Axial (E8),T2_TurboRARE,RARE,4379.1,10.0,3.0,256x256,40x40,0.15625,0.5,46,axial,420.4,2024-03-18 14:51:36,8.0,,,,,,,,,,,,,,,,,,
acq:MRI:20240318_140839_AIPT_MultimodalLung20240318_1_101:9,Acquisition,,,12_Localizer (E9),,,,MRI,14.0,M12,,,,,,,,,,,,,,,,,,,,,,,,,,1.6,9.0,12_Localizer (E9),1_Localizer,FLASH,100.0,3.0,1.0,256x256,40x40,0.15625,1.0,5 1 1,axial sagittal coronal,25.6,2024-03-18 14:53:11,,,,,,,,,,,,,,,,,,,
acq:MRI:20240318_140839_AIPT_MultimodalLung20240318_1_101:10,Acquisition,,,12_T2_TurboRARE_Axial (E10),,,,MRI,14.0,M12,,,,,,,,,,,,,,,,,,,,,,,,,,8.6,10.0,12_T2_TurboRARE_Axial (E10),T2_TurboRARE,RARE,4379.1,10.0,3.0,256x256,40x40,0.15625,0.5,46,axial,420.4,2024-03-18 15:01:44,8.0,,,,,,,,,,,,,,,,,,
acq:MRI:20240318_140839_AIPT_MultimodalLung20240318_1_101:11,Acquisition,,,14_Localizer (E11),,,,MRI,14.0,M14,,,,,,,,,,,,,,,,,,,,,,,,,,1.8,11.0,14_Localizer (E11),1_Localizer,FLASH,100.0,3.0,1.0,256x256,40x40,0.15625,1.0,5 1 1,axial sagittal coronal,25.6,2024-03-18 15:03:31,,,,,,,,,,,,,,,,,,,
acq:MRI:20240318_140839_AIPT_MultimodalLung20240318_1_101:12,Acquisition,,,14_T2_TurboRARE_Axial (E12),,,,MRI,14.0,M14,,,,,,,,,,,,,,,,,,,,,,,,,,9.1,12.0,14_T2_TurboRARE_Axial (E12),T2_TurboRARE,RARE,4379.1,10.0,3.0,256x256,40x40,0.15625,0.5,46,axial,420.4,2024-03-18 15:12:35,8.0,,,,,,,,,,,,,,,,,,
acq:MRI:20240318_140839_AIPT_MultimodalLung20240318_1_101:13,Acquisition,,,15_Localizer (E13),,,,MRI,14.0,M15,,,,,,,,,,,,,,,,,,,,,,,,,,2.4,13.0,15_Localizer (E13),1_Localizer,FLASH,100.0,3.0,1.0,256x256,40x40,0.15625,1.0,5 1 1,axial sagittal coronal,25.6,2024-03-18 15:15:01,,,,,,,,,,,,,,,,,,,
acq:MRI:20240318_140839_AIPT_MultimodalLung20240318_1_101:14,Acquisition,,,15_T2_TurboRARE_Axial (E14),,,,MRI,14.0,M15,,,,,,,,,,,,,,,,,,,,,,,,,,8.9,14.0,15_T2_TurboRARE_Axial (E14),T2_TurboRARE,RARE,4379.1,10.0,3.0,256x256,40x40,0.15625,0.5,46,axial,420.4,2024-03-18 15:23:55,8.0,,,,,,,,,,,,,,,,,,
acq:MRI:20240318_140839_AIPT_MultimodalLung20240318_1_101:15,Acquisition,,,17_Localizer (E15),,,,MRI,14.0,M17,,,,,,,,,,,,,,,,,,,,,,,,,,1.9,15.0,17_Localizer (E15),1_Localizer,FLASH,100.0,3.0,1.0,256x256,40x40,0.15625,1.0,5 1 1,axial sagittal coronal,25.6,2024-03-18 15:25:49,,,,,,,,,,,,,,,,,,,
acq:MRI:20240318_140839_AIPT_MultimodalLung20240318_1_101:16,Acquisition,,,17_T2_TurboRARE_Axial (E16),,,,MRI,14.0,M17,,,,,,,,,,,,,,,,,,,,,,,,,,8.6,16.0,17_T2_TurboRARE_Axial (E16),T2_TurboRARE,RARE,4379.1,10.0,3.0,256x256,40x40,0.15625,0.5,46,axial,420.4,2024-03-18 15:34:27,8.0,,,,,,,,,,,,,,,,,,
acq:MRI:20240318_140839_AIPT_MultimodalLung20240318_1_101:20,Acquisition,,,17_T1_FLASH_flc_Axial (E20),,,,MRI,14.0,M17,,,,,,,,,,,,,,,,,,,,,,,,,,10.3,20.0,17_T1_FLASH_flc_Axial (E20),T1_FLASH_flc,FcFLASH,600.0,3.0666,3.0,256x256,40x40,0.15625,0.5,46,axial,460.8,2024-03-18 15:44:48,,,,,,,,,,,,,,,,,,,
acq:MRI:20240318_140839_AIPT_MultimodalLung20240318_1_101:17,Acquisition,,,18_Localizer (E17),,,,MRI,14.0,M18,,,,,,,,,,,,,,,,,,,,,,,,,,1.9,17.0,18_Localizer (E17),1_Localizer,FLASH,100.0,3.0,1.0,256x256,40x40,0.15625,1.0,5 1 1,axial sagittal coronal,25.6,2024-03-18 15:46:39,,,,,,,,,,,,,,,,,,,
acq:MRI:20240318_140839_AIPT_MultimodalLung20240318_1_101:18,Acquisition,,,18_T2_TurboRARE_Axial (E18),,,,MRI,14.0,M18,,,,,,,,,,,,,,,,,,,,,,,,,,8.5,18.0,18_T2_TurboRARE_Axial (E18),T2_TurboRARE,RARE,4379.1,10.0,3.0,256x256,40x40,0.15625,0.5,46,axial,420.4,2024-03-18 15:55:09,8.0,,,,,,,,,,,,,,,,,,
acq:MRI:20240318_140839_AIPT_MultimodalLung20240318_1_101:22,Acquisition,,,19_Localizer (E22),,,,MRI,14.0,M19,,,,,,,,,,,,,,,,,,,,,,,,,,1.8,22.0,19_Localizer (E22),1_Localizer,FLASH,100.0,3.0,1.0,256x256,40x40,0.15625,1.0,5 1 1,axial sagittal coronal,25.6,2024-03-18 15:56:58,,,,,,,,,,,,,,,,,,,
acq:MRI:20240318_140839_AIPT_MultimodalLung20240318_1_101:23,Acquisition,,,19_T2_TurboRARE_Axial (E23),,,,MRI,14.0,M19,,,,,,,,,,,,,,,,,,,,,,,,,,10.7,23.0,19_T2_TurboRARE_Axial (E23),T2_TurboRARE,RARE,4379.1,10.0,3.0,256x256,40x40,0.15625,0.5,46,axial,420.4,2024-03-18 16:07:42,8.0,,,,,,,,,,,,,,,,,,
acq:MRI:20240318_140839_AIPT_MultimodalLung20240318_1_101:24,Acquisition,,,67_Localizer (E24),,,,MRI,14.0,M67,,,,,,,,,,,,,,,,,,,,,,,,,,1.9,24.0,67_Localizer (E24),1_Localizer,FLASH,100.0,3.0,1.0,256x256,40x40,0.15625,1.0,5 1 1,axial sagittal coronal,25.6,2024-03-18 16:09:33,,,,,,,,,,,,,,,,,,,
acq:MRI:20240318_140839_AIPT_MultimodalLung20240318_1_101:25,Acquisition,,,67_T2_TurboRARE_Axial (E25),,,,MRI,14.0,M67,,,,,,,,,,,,,,,,,,,,,,,,,,9.7,25.0,67_T2_TurboRARE_Axial (E25),T2_TurboRARE,RARE,4379.1,10.0,3.0,256x256,40x40,0.15625,0.5,46,axial,420.4,2024-03-18 16:19:12,8.0,,,,,,,,,,,,,,,,,,
acq:MRI:20240318_140839_AIPT_MultimodalLung20240318_1_101:26,Acquisition,,,68_Localizer (E26),,,,MRI,14.0,M68,,,,,,,,,,,,,,,,,,,,,,,,,,1.6,26.0,68_Localizer (E26),1_Localizer,FLASH,100.0,3.0,1.0,256x256,40x40,0.15625,1.0,5 1 1,axial sagittal coronal,25.6,2024-03-18 16:20:47,,,,,,,,,,,,,,,,,,,
acq:MRI:20240318_140839_AIPT_MultimodalLung20240318_1_101:27,Acquisition,,,68_T2_TurboRARE_Axial (E27),,,,MRI,14.0,M68,,,,,,,,,,,,,,,,,,,,,,,,,,8.3,27.0,68_T2_TurboRARE_Axial (E27),T2_TurboRARE,RARE,4379.1,10.0,3.0,256x256,40x40,0.15625,0.5,46,axial,420.4,2024-03-18 16:29:07,8.0,,,,,,,,,,,,,,,,,,
acq:MRI:20240318_140839_AIPT_MultimodalLung20240318_1_101:28,Acquisition,,,69_Localizer (E28),,,,MRI,14.0,M69,,,,,,,,,,,,,,,,,,,,,,,,,,1.8,28.0,69_Localizer (E28),1_Localizer,FLASH,100.0,3.0,1.0,256x256,40x40,0.15625,1.0,5 1 1,axial sagittal coronal,25.6,2024-03-18 16:30:53,,,,,,,,,,,,,,,,,,,
acq:MRI:20240318_140839_AIPT_MultimodalLung20240318_1_101:29,Acquisition,,,69_T2_TurboRARE_Axial (E29),,,,MRI,14.0,M69,,,,,,,,,,,,,,,,,,,,,,,,,,8.7,29.0,69_T2_TurboRARE_Axial (E29),T2_TurboRARE,RARE,4379.1,10.0,3.0,256x256,40x40,0.15625,0.5,46,axial,420.4,2024-03-18 16:39:33,8.0,,,,,,,,,,,,,,,,,,
acq:IVIS:SME20240122152900,Acquisition,,,IVIS image SME20240122152900,,,,IVIS,6.0,,,,,,,,,,,,,,,,,,,,,,,,,,,,,,,,,,,,,,,,,,,,SME20240122152900,2024-01-22T15:29:26,60.0,8.0,1.0,22.8,Open,Block,-89.0,,,,,,,,,
acq:IVIS:SME20240122154353,Acquisition,,,IVIS image SME20240122154353,,,,IVIS,6.0,,,,,,,,,,,,,,,,,,,,,,,,,,,,,,,,,,,,,,,,,,,,SME20240122154353,2024-01-22T15:44:17,60.0,8.0,1.0,22.8,Open,Block,-89.0,,,,,,,,,
acq:IVIS:SME20240122160513,Acquisition,,,IVIS image SME20240122160513,,,,IVIS,6.0,,,,,,,,,,,,,,,,,,,,,,,,,,,,,,,,,,,,,,,,,,,,SME20240122160513,2024-01-22T16:05:37,60.0,8.0,1.0,22.8,Open,Block,-89.0,,,,,,,,,
acq:IVIS:SME20240129161434,Acquisition,,,IVIS image SME20240129161434,,,,IVIS,7.0,,,,,,,,,,,,,,,,,,,,,,,,,,,,,,,,,,,,,,,,,,,,SME20240129161434,2024-01-29T16:14:57,60.0,8.0,1.0,22.8,Open,Block,-89.0,,,,,,,,,
acq:IVIS:SME20240129161804,Acquisition,,,IVIS image SME20240129161804,,,,IVIS,7.0,,,,,,,,,,,,,,,,,,,,,,,,,,,,,,,,,,,,,,,,,,,,SME20240129161804,2024-01-29T16:18:28,60.0,8.0,1.0,22.8,Open,Block,-89.0,,,,,,,,,
acq:IVIS:SME20240129162016_001,Acquisition,,,IVIS image SME20240129162016_001,,,,IVIS,7.0,,,,,,,,,,,,,,,,,,,,,,,,,,,,,,,,,,,,,,,,,,,,SME20240129162016_001,2024-01-29T16:20:41,60.0,8.0,1.0,22.8,Open,Block,-89.0,,,,,,,,,
acq:IVIS:SME20240129162016_002,Acquisition,,,IVIS image SME20240129162016_002,,,,IVIS,7.0,,,,,,,,,,,,,,,,,,,,,,,,,,,,,,,,,,,,,,,,,,,,SME20240129162016_002,2024-01-29T16:23:24,60.0,8.0,1.0,22.8,Open,Block,-89.0,,,,,,,,,
acq:IVIS:SME20240129164009_001,Acquisition,,,IVIS image SME20240129164009_001,,,,IVIS,7.0,,,,,,,,,,,,,,,,,,,,,,,,,,,,,,,,,,,,,,,,,,,,SME20240129164009_001,2024-01-29T16:40:32,60.0,8.0,1.0,22.8,Open,Block,-89.0,,,,,,,,,
acq:IVIS:SME20240129164009_002,Acquisition,,,IVIS image SME20240129164009_002,,,,IVIS,7.0,,,,,,,,,,,,,,,,,,,,,,,,,,,,,,,,,,,,,,,,,,,,SME20240129164009_002,2024-01-29T16:43:22,60.0,8.0,1.0,22.8,Open,Block,-89.0,,,,,,,,,
acq:IVIS:SME20240129164009_003,Acquisition,,,IVIS image SME20240129164009_003,,,,IVIS,7.0,,,,,,,,,,,,,,,,,,,,,,,,,,,,,,,,,,,,,,,,,,,,SME20240129164009_003,2024-01-29T16:46:45,60.0,8.0,1.0,22.8,Open,Block,-89.0,,,,,,,,,
acq:IVIS:SME20240205183359_001,Acquisition,,,IVIS image SME20240205183359_001,,,,IVIS,8.0,,,,,,,,,,,,,,,,,,,,,,,,,,,,,,,,,,,,,,,,,,,,SME20240205183359_001,2024-02-05T18:34:26,60.0,8.0,1.0,22.8,Open,Block,-89.0,,,,,,,,,
acq:IVIS:SME20240205183359_002,Acquisition,,,IVIS image SME20240205183359_002,,,,IVIS,8.0,,,,,,,,,,,,,,,,,,,,,,,,,,,,,,,,,,,,,,,,,,,,SME20240205183359_002,2024-02-05T18:36:07,60.0,8.0,1.0,22.8,Open,Block,-89.0,,,,,,,,,
acq:IVIS:SME20240205183359_003,Acquisition,,,IVIS image SME20240205183359_003,,,,IVIS,8.0,,,,,,,,,,,,,,,,,,,,,,,,,,,,,,,,,,,,,,,,,,,,SME20240205183359_003,2024-02-05T18:38:07,60.0,8.0,1.0,22.8,Open,Block,-89.0,,,,,,,,,
acq:IVIS:SME20240205184459_001,Acquisition,,,IVIS image SME20240205184459_001,,,,IVIS,8.0,,,,,,,,,,,,,,,,,,,,,,,,,,,,,,,,,,,,,,,,,,,,SME20240205184459_001,2024-02-05T18:45:23,60.0,8.0,1.0,22.8,Open,Block,-89.0,,,,,,,,,
acq:IVIS:SME20240205184459_002,Acquisition,,,IVIS image SME20240205184459_002,,,,IVIS,8.0,,,,,,,,,,,,,,,,,,,,,,,,,,,,,,,,,,,,,,,,,,,,SME20240205184459_002,2024-02-05T18:47:12,60.0,8.0,1.0,22.8,Open,Block,-89.0,,,,,,,,,
acq:IVIS:SME20240205184459_003,Acquisition,,,IVIS image SME20240205184459_003,,,,IVIS,8.0,,,,,,,,,,,,,,,,,,,,,,,,,,,,,,,,,,,,,,,,,,,,SME20240205184459_003,2024-02-05T18:49:12,60.0,8.0,1.0,22.8,Open,Block,-89.0,,,,,,,,,
acq:IVIS:SME20240205190848_001,Acquisition,,,IVIS image SME20240205190848_001,,,,IVIS,8.0,,,,,,,,,,,,,,,,,,,,,,,,,,,,,,,,,,,,,,,,,,,,SME20240205190848_001,2024-02-05T19:09:12,60.0,8.0,1.0,22.8,Open,Block,-89.0,,,,,,,,,
acq:IVIS:SME20240205190848_002,Acquisition,,,IVIS image SME20240205190848_002,,,,IVIS,8.0,,,,,,,,,,,,,,,,,,,,,,,,,,,,,,,,,,,,,,,,,,,,SME20240205190848_002,2024-02-05T19:11:01,60.0,8.0,1.0,22.8,Open,Block,-89.0,,,,,,,,,
acq:IVIS:SME20240205190848_003,Acquisition,,,IVIS image SME20240205190848_003,,,,IVIS,8.0,,,,,,,,,,,,,,,,,,,,,,,,,,,,,,,,,,,,,,,,,,,,SME20240205190848_003,2024-02-05T19:13:01,60.0,8.0,1.0,22.8,Open,Block,-89.0,,,,,,,,,
acq:IVIS:SME20240213140737,Acquisition,,,IVIS image SME20240213140737,,,,IVIS,9.0,,,,,,,,,,,,,,,,,,,,,,,,,,,,,,,,,,,,,,,,,,,,SME20240213140737,2024-02-13T14:08:03,60.0,8.0,1.0,22.8,Open,Block,-89.0,,,,,,,,,
acq:IVIS:SME20240213140737A,Acquisition,,,IVIS image SME20240213140737A,,,,IVIS,9.0,,,,,,,,,,,,,,,,,,,,,,,,,,,,,,,,,,,,,,,,,,,,SME20240213140737A,2024-02-13T14:08:03,60.0,8.0,1.0,22.8,Open,Block,-89.0,,,,,,,,,
acq:IVIS:SME20240213140943,Acquisition,,,IVIS image SME20240213140943,,,,IVIS,9.0,,,,,,,,,,,,,,,,,,,,,,,,,,,,,,,,,,,,,,,,,,,,SME20240213140943,2024-02-13T14:10:07,60.0,8.0,1.0,22.8,Open,Block,-89.0,,,,,,,,,
acq:IVIS:SME20240213140943A,Acquisition,,,IVIS image SME20240213140943A,,,,IVIS,9.0,,,,,,,,,,,,,,,,,,,,,,,,,,,,,,,,,,,,,,,,,,,,SME20240213140943A,2024-02-13T14:10:07,60.0,8.0,1.0,22.8,Open,Block,-89.0,,,,,,,,,
acq:IVIS:SME20240213141152,Acquisition,,,IVIS image SME20240213141152,,,,IVIS,9.0,,,,,,,,,,,,,,,,,,,,,,,,,,,,,,,,,,,,,,,,,,,,SME20240213141152,2024-02-13T14:12:15,60.0,8.0,1.0,22.8,Open,Block,-89.0,,,,,,,,,
acq:IVIS:SME20240213141152A,Acquisition,,,IVIS image SME20240213141152A,,,,IVIS,9.0,,,,,,,,,,,,,,,,,,,,,,,,,,,,,,,,,,,,,,,,,,,,SME20240213141152A,2024-02-13T14:12:15,60.0,8.0,1.0,22.8,Open,Block,-89.0,,,,,,,,,
acq:IVIS:SME20240213141800,Acquisition,,,IVIS image SME20240213141800,,,,IVIS,9.0,,,,,,,,,,,,,,,,,,,,,,,,,,,,,,,,,,,,,,,,,,,,SME20240213141800,2024-02-13T14:18:19,60.0,8.0,1.0,22.8,Open,Block,-89.0,,,,,,,,,
acq:IVIS:SME20240213141800A,Acquisition,,,IVIS image SME20240213141800A,,,,IVIS,9.0,,,,,,,,,,,,,,,,,,,,,,,,,,,,,,,,,,,,,,,,,,,,SME20240213141800A,2024-02-13T14:18:19,60.0,8.0,1.0,22.8,Open,Block,-89.0,,,,,,,,,
acq:IVIS:SME20240213142014,Acquisition,,,IVIS image SME20240213142014,,,,IVIS,9.0,,,,,,,,,,,,,,,,,,,,,,,,,,,,,,,,,,,,,,,,,,,,SME20240213142014,2024-02-13T14:20:38,60.0,8.0,1.0,22.8,Open,Block,-89.0,,,,,,,,,
acq:IVIS:SME20240213142014A,Acquisition,,,IVIS image SME20240213142014A,,,,IVIS,9.0,,,,,,,,,,,,,,,,,,,,,,,,,,,,,,,,,,,,,,,,,,,,SME20240213142014A,2024-02-13T14:20:38,60.0,8.0,1.0,22.8,Open,Block,-89.0,,,,,,,,,
acq:IVIS:SME20240213142223,Acquisition,,,IVIS image SME20240213142223,,,,IVIS,9.0,,,,,,,,,,,,,,,,,,,,,,,,,,,,,,,,,,,,,,,,,,,,SME20240213142223,2024-02-13T14:22:47,60.0,8.0,1.0,22.8,Open,Block,-89.0,,,,,,,,,
acq:IVIS:SME20240213142223A,Acquisition,,,IVIS image SME20240213142223A,,,,IVIS,9.0,,,,,,,,,,,,,,,,,,,,,,,,,,,,,,,,,,,,,,,,,,,,SME20240213142223A,2024-02-13T14:22:47,60.0,8.0,1.0,22.8,Open,Block,-89.0,,,,,,,,,
acq:IVIS:SME20240213143938,Acquisition,,,IVIS image SME20240213143938,,,,IVIS,9.0,,,,,,,,,,,,,,,,,,,,,,,,,,,,,,,,,,,,,,,,,,,,SME20240213143938,2024-02-13T14:40:02,60.0,8.0,1.0,22.8,Open,Block,-89.0,,,,,,,,,
acq:IVIS:SME20240213143938A,Acquisition,,,IVIS image SME20240213143938A,,,,IVIS,9.0,,,,,,,,,,,,,,,,,,,,,,,,,,,,,,,,,,,,,,,,,,,,SME20240213143938A,2024-02-13T14:40:02,60.0,8.0,1.0,22.8,Open,Block,-89.0,,,,,,,,,
acq:IVIS:SME20240213144148,Acquisition,,,IVIS image SME20240213144148,,,,IVIS,9.0,,,,,,,,,,,,,,,,,,,,,,,,,,,,,,,,,,,,,,,,,,,,SME20240213144148,2024-02-13T14:42:12,60.0,8.0,1.0,22.8,Open,Block,-89.0,,,,,,,,,
acq:IVIS:SME20240213144148A,Acquisition,,,IVIS image SME20240213144148A,,,,IVIS,9.0,,,,,,,,,,,,,,,,,,,,,,,,,,,,,,,,,,,,,,,,,,,,SME20240213144148A,2024-02-13T14:42:12,60.0,8.0,1.0,22.8,Open,Block,-89.0,,,,,,,,,
acq:IVIS:SME20240213144403,Acquisition,,,IVIS image SME20240213144403,,,,IVIS,9.0,,,,,,,,,,,,,,,,,,,,,,,,,,,,,,,,,,,,,,,,,,,,SME20240213144403,2024-02-13T14:44:22,60.0,8.0,1.0,22.8,Open,Block,-89.0,,,,,,,,,
acq:IVIS:SME20240213144403A,Acquisition,,,IVIS image SME20240213144403A,,,,IVIS,9.0,,,,,,,,,,,,,,,,,,,,,,,,,,,,,,,,,,,,,,,,,,,,SME20240213144403A,2024-02-13T14:44:22,60.0,8.0,1.0,22.8,Open,Block,-89.0,,,,,,,,,
acq:IVIS:SME20240220182846,Acquisition,,,IVIS image SME20240220182846,,,,IVIS,10.0,,,,,,,,,,,,,,,,,,,,,,,,,,,,,,,,,,,,,,,,,,,,SME20240220182846,2024-02-20T18:29:12,60.0,8.0,1.0,22.8,Open,Block,-89.0,,,,,,,,,
acq:IVIS:SME20240220182846A,Acquisition,,,IVIS image SME20240220182846A,,,,IVIS,10.0,,,,,,,,,,,,,,,,,,,,,,,,,,,,,,,,,,,,,,,,,,,,SME20240220182846A,2024-02-20T18:29:12,60.0,8.0,1.0,22.8,Open,Block,-89.0,,,,,,,,,
acq:IVIS:SME20240220183104,Acquisition,,,IVIS image SME20240220183104,,,,IVIS,10.0,,,,,,,,,,,,,,,,,,,,,,,,,,,,,,,,,,,,,,,,,,,,SME20240220183104,2024-02-20T18:31:28,60.0,8.0,1.0,22.8,Open,Block,-89.0,,,,,,,,,
acq:IVIS:SME20240220183104A,Acquisition,,,IVIS image SME20240220183104A,,,,IVIS,10.0,,,,,,,,,,,,,,,,,,,,,,,,,,,,,,,,,,,,,,,,,,,,SME20240220183104A,2024-02-20T18:31:28,60.0,8.0,1.0,22.8,Open,Block,-89.0,,,,,,,,,
acq:IVIS:SME20240220183316,Acquisition,,,IVIS image SME20240220183316,,,,IVIS,10.0,,,,,,,,,,,,,,,,,,,,,,,,,,,,,,,,,,,,,,,,,,,,SME20240220183316,2024-02-20T18:33:40,60.0,8.0,1.0,22.8,Open,Block,-89.0,,,,,,,,,
acq:IVIS:SME20240220183623,Acquisition,,,IVIS image SME20240220183623,,,,IVIS,10.0,,,,,,,,,,,,,,,,,,,,,,,,,,,,,,,,,,,,,,,,,,,,SME20240220183623,2024-02-20T18:36:46,60.0,8.0,1.0,22.8,Open,Block,-89.0,,,,,,,,,
acq:IVIS:SME20240220183623A,Acquisition,,,IVIS image SME20240220183623A,,,,IVIS,10.0,,,,,,,,,,,,,,,,,,,,,,,,,,,,,,,,,,,,,,,,,,,,SME20240220183623A,2024-02-20T18:36:46,60.0,8.0,1.0,22.8,Open,Block,-89.0,,,,,,,,,
acq:IVIS:SME20240220183836,Acquisition,,,IVIS image SME20240220183836,,,,IVIS,10.0,,,,,,,,,,,,,,,,,,,,,,,,,,,,,,,,,,,,,,,,,,,,SME20240220183836,2024-02-20T18:38:59,60.0,8.0,1.0,22.8,Open,Block,-89.0,,,,,,,,,
acq:IVIS:SME20240220183836A,Acquisition,,,IVIS image SME20240220183836A,,,,IVIS,10.0,,,,,,,,,,,,,,,,,,,,,,,,,,,,,,,,,,,,,,,,,,,,SME20240220183836A,2024-02-20T18:38:59,60.0,8.0,1.0,22.8,Open,Block,-89.0,,,,,,,,,
acq:IVIS:SME20240220184044,Acquisition,,,IVIS image SME20240220184044,,,,IVIS,10.0,,,,,,,,,,,,,,,,,,,,,,,,,,,,,,,,,,,,,,,,,,,,SME20240220184044,2024-02-20T18:41:08,60.0,8.0,1.0,22.8,Open,Block,-89.0,,,,,,,,,
acq:IVIS:SME20240220185148,Acquisition,,,IVIS image SME20240220185148,,,,IVIS,10.0,,,,,,,,,,,,,,,,,,,,,,,,,,,,,,,,,,,,,,,,,,,,SME20240220185148,2024-02-20T18:52:11,60.0,8.0,1.0,22.8,Open,Block,-89.0,,,,,,,,,
acq:IVIS:SME20240220185148A,Acquisition,,,IVIS image SME20240220185148A,,,,IVIS,10.0,,,,,,,,,,,,,,,,,,,,,,,,,,,,,,,,,,,,,,,,,,,,SME20240220185148A,2024-02-20T18:52:11,60.0,8.0,1.0,22.8,Open,Block,-89.0,,,,,,,,,
acq:IVIS:SME20240220185355,Acquisition,,,IVIS image SME20240220185355,,,,IVIS,10.0,,,,,,,,,,,,,,,,,,,,,,,,,,,,,,,,,,,,,,,,,,,,SME20240220185355,2024-02-20T18:54:19,60.0,8.0,1.0,22.8,Open,Block,-89.0,,,,,,,,,
acq:IVIS:SME20240220185355A,Acquisition,,,IVIS image SME20240220185355A,,,,IVIS,10.0,,,,,,,,,,,,,,,,,,,,,,,,,,,,,,,,,,,,,,,,,,,,SME20240220185355A,2024-02-20T18:54:19,60.0,8.0,1.0,22.8,Open,Block,-89.0,,,,,,,,,
acq:IVIS:SME20240220185618,Acquisition,,,IVIS image SME20240220185618,,,,IVIS,10.0,,,,,,,,,,,,,,,,,,,,,,,,,,,,,,,,,,,,,,,,,,,,SME20240220185618,2024-02-20T18:56:42,60.0,8.0,1.0,22.8,Open,Block,-89.0,,,,,,,,,
acq:IVIS:SME20240229110412_001,Acquisition,,,IVIS image SME20240229110412_001,,,,IVIS,11.0,,,,,,,,,,,,,,,,,,,,,,,,,,,,,,,,,,,,,,,,,,,,SME20240229110412_001,2024-02-29T11:04:38,60.0,8.0,1.0,22.8,Open,Block,-89.0,,,,,,,,,
acq:IVIS:SME20240229110412_002,Acquisition,,,IVIS image SME20240229110412_002,,,,IVIS,11.0,,,,,,,,,,,,,,,,,,,,,,,,,,,,,,,,,,,,,,,,,,,,SME20240229110412_002,2024-02-29T11:07:19,60.0,8.0,1.0,22.8,Open,Block,-89.0,,,,,,,,,
acq:IVIS:SME20240229110954_001,Acquisition,,,IVIS image SME20240229110954_001,,,,IVIS,11.0,,,,,,,,,,,,,,,,,,,,,,,,,,,,,,,,,,,,,,,,,,,,SME20240229110954_001,2024-02-29T11:10:16,60.0,8.0,1.0,22.8,Open,Block,-89.0,,,,,,,,,
acq:IVIS:SME20240229111259,Acquisition,,,IVIS image SME20240229111259,,,,IVIS,11.0,,,,,,,,,,,,,,,,,,,,,,,,,,,,,,,,,,,,,,,,,,,,SME20240229111259,2024-02-29T11:13:20,60.0,8.0,1.0,22.8,Open,Block,-89.0,,,,,,,,,
acq:IVIS:SME20240229111517,Acquisition,,,IVIS image SME20240229111517,,,,IVIS,11.0,,,,,,,,,,,,,,,,,,,,,,,,,,,,,,,,,,,,,,,,,,,,SME20240229111517,2024-02-29T11:15:41,60.0,8.0,1.0,22.8,Open,Block,-89.0,,,,,,,,,
acq:IVIS:SME20240229111747A,Acquisition,,,IVIS image SME20240229111747A,,,,IVIS,11.0,,,,,,,,,,,,,,,,,,,,,,,,,,,,,,,,,,,,,,,,,,,,SME20240229111747A,2024-02-29T11:18:10,60.0,8.0,1.0,22.8,Open,Block,-89.0,,,,,,,,,
acq:IVIS:SME20240229112108,Acquisition,,,IVIS image SME20240229112108,,,,IVIS,11.0,,,,,,,,,,,,,,,,,,,,,,,,,,,,,,,,,,,,,,,,,,,,SME20240229112108,2024-02-29T11:21:31,60.0,8.0,1.0,22.8,Open,Block,-89.0,,,,,,,,,
acq:IVIS:SME20240229112326,Acquisition,,,IVIS image SME20240229112326,,,,IVIS,11.0,,,,,,,,,,,,,,,,,,,,,,,,,,,,,,,,,,,,,,,,,,,,SME20240229112326,2024-02-29T11:23:50,60.0,8.0,1.0,22.8,Open,Block,-89.0,,,,,,,,,
acq:IVIS:SME20240229112708,Acquisition,,,IVIS image SME20240229112708,,,,IVIS,11.0,,,,,,,,,,,,,,,,,,,,,,,,,,,,,,,,,,,,,,,,,,,,SME20240229112708,2024-02-29T11:27:31,60.0,8.0,1.0,22.8,Open,Block,-89.0,,,,,,,,,
acq:IVIS:SME20240229121754,Acquisition,,,IVIS image SME20240229121754,,,,IVIS,11.0,,,,,,,,,,,,,,,,,,,,,,,,,,,,,,,,,,,,,,,,,,,,SME20240229121754,2024-02-29T12:18:19,60.0,8.0,1.0,22.8,520,Block,-89.0,,,,,,,,,
acq:IVIS:SME20240229122344,Acquisition,,,IVIS image SME20240229122344,,,,IVIS,11.0,,,,,,,,,,,,,,,,,,,,,,,,,,,,,,,,,,,,,,,,,,,,SME20240229122344,2024-02-29T12:24:09,60.0,8.0,1.0,22.8,520,Block,-89.0,,,,,,,,,
acq:IVIS:SME20240229122553,Acquisition,,,IVIS image SME20240229122553,,,,IVIS,11.0,,,,,,,,,,,,,,,,,,,,,,,,,,,,,,,,,,,,,,,,,,,,SME20240229122553,2024-02-29T12:26:19,60.0,8.0,1.0,22.8,520,Block,-89.0,,,,,,,,,
acq:IVIS:SME20240229122808,Acquisition,,,IVIS image SME20240229122808,,,,IVIS,11.0,,,,,,,,,,,,,,,,,,,,,,,,,,,,,,,,,,,,,,,,,,,,SME20240229122808,2024-02-29T12:28:34,60.0,8.0,1.0,22.8,520,Block,-89.0,,,,,,,,,
acq:IVIS:SME20240301102731,Acquisition,,,IVIS image SME20240301102731,,,,IVIS,11.0,,,,,,,,,,,,,,,,,,,,,,,,,,,,,,,,,,,,,,,,,,,,SME20240301102731,2024-03-01T10:27:53,60.0,8.0,1.0,22.8,Open,Block,-89.0,,,,,,,,,
acq:IVIS:SME20240301102930,Acquisition,,,IVIS image SME20240301102930,,,,IVIS,11.0,,,,,,,,,,,,,,,,,,,,,,,,,,,,,,,,,,,,,,,,,,,,SME20240301102930,2024-03-01T10:29:48,60.0,8.0,1.0,22.8,Open,Block,-89.0,,,,,,,,,
acq:IVIS:SME20240301103118,Acquisition,,,IVIS image SME20240301103118,,,,IVIS,11.0,,,,,,,,,,,,,,,,,,,,,,,,,,,,,,,,,,,,,,,,,,,,SME20240301103118,2024-03-01T10:31:42,60.0,8.0,1.0,22.8,Open,Block,-89.0,,,,,,,,,
acq:IVIS:SME20240301103316,Acquisition,,,IVIS image SME20240301103316,,,,IVIS,11.0,,,,,,,,,,,,,,,,,,,,,,,,,,,,,,,,,,,,,,,,,,,,SME20240301103316,2024-03-01T10:33:43,60.0,8.0,1.0,22.8,Open,Block,-89.0,,,,,,,,,
acq:IVIS:SME20240301103517,Acquisition,,,IVIS image SME20240301103517,,,,IVIS,11.0,,,,,,,,,,,,,,,,,,,,,,,,,,,,,,,,,,,,,,,,,,,,SME20240301103517,2024-03-01T10:35:41,60.0,8.0,1.0,22.8,Open,Block,-89.0,,,,,,,,,
acq:IVIS:SME20240305145610,Acquisition,,,IVIS image SME20240305145610,,,,IVIS,12.0,,,,,,,,,,,,,,,,,,,,,,,,,,,,,,,,,,,,,,,,,,,,SME20240305145610,2024-03-05T14:56:28,20.0,8.0,1.0,22.8,Open,Block,-89.0,,,,,,,,,
acq:IVIS:SME20240305145759,Acquisition,,,IVIS image SME20240305145759,,,,IVIS,12.0,,,,,,,,,,,,,,,,,,,,,,,,,,,,,,,,,,,,,,,,,,,,SME20240305145759,2024-03-05T14:58:18,60.0,8.0,1.0,22.8,Open,Block,-89.0,,,,,,,,,
acq:IVIS:SME20240305150013,Acquisition,,,IVIS image SME20240305150013,,,,IVIS,12.0,,,,,,,,,,,,,,,,,,,,,,,,,,,,,,,,,,,,,,,,,,,,SME20240305150013,2024-03-05T15:00:31,25.0,8.0,1.0,22.8,Open,Block,-89.0,,,,,,,,,
acq:IVIS:SME20240305150744,Acquisition,,,IVIS image SME20240305150744,,,,IVIS,12.0,,,,,,,,,,,,,,,,,,,,,,,,,,,,,,,,,,,,,,,,,,,,SME20240305150744,2024-03-05T15:08:08,60.0,8.0,1.0,22.8,Open,Block,-89.0,,,,,,,,,
acq:IVIS:SME20240305151020,Acquisition,,,IVIS image SME20240305151020,,,,IVIS,12.0,,,,,,,,,,,,,,,,,,,,,,,,,,,,,,,,,,,,,,,,,,,,SME20240305151020,2024-03-05T15:10:44,60.0,8.0,1.0,22.8,Open,Block,-89.0,,,,,,,,,
acq:IVIS:SME20240305151345,Acquisition,,,IVIS image SME20240305151345,,,,IVIS,12.0,,,,,,,,,,,,,,,,,,,,,,,,,,,,,,,,,,,,,,,,,,,,SME20240305151345,2024-03-05T15:14:03,60.0,8.0,1.0,22.8,Open,Block,-89.0,,,,,,,,,
acq:IVIS:SME20240305151814,Acquisition,,,IVIS image SME20240305151814,,,,IVIS,12.0,,,,,,,,,,,,,,,,,,,,,,,,,,,,,,,,,,,,,,,,,,,,SME20240305151814,2024-03-05T15:18:37,60.0,8.0,1.0,22.8,Open,Block,-89.0,,,,,,,,,
acq:IVIS:SME20240305153142,Acquisition,,,IVIS image SME20240305153142,,,,IVIS,12.0,,,,,,,,,,,,,,,,,,,,,,,,,,,,,,,,,,,,,,,,,,,,SME20240305153142,2024-03-05T15:32:06,60.0,8.0,1.0,22.8,Open,Block,-89.0,,,,,,,,,
acq:IVIS:SME20240305153421,Acquisition,,,IVIS image SME20240305153421,,,,IVIS,12.0,,,,,,,,,,,,,,,,,,,,,,,,,,,,,,,,,,,,,,,,,,,,SME20240305153421,2024-03-05T15:34:39,60.0,8.0,1.0,22.8,Open,Block,-89.0,,,,,,,,,
acq:IVIS:SME20240305153652,Acquisition,,,IVIS image SME20240305153652,,,,IVIS,12.0,,,,,,,,,,,,,,,,,,,,,,,,,,,,,,,,,,,,,,,,,,,,SME20240305153652,2024-03-05T15:37:15,60.0,8.0,1.0,22.8,Open,Block,-89.0,,,,,,,,,
acq:IVIS:SME20240319141706,Acquisition,,,IVIS image SME20240319141706,,,,IVIS,14.0,,,,,,,,,,,,,,,,,,,,,,,,,,,,,,,,,,,,,,,,,,,,SME20240319141706,2024-03-19T14:17:24,0.75,8.0,1.0,22.8,Open,Block,-89.0,,,,,,,,,
acq:IVIS:SME20240319141829,Acquisition,,,IVIS image SME20240319141829,,,,IVIS,14.0,,,,,,,,,,,,,,,,,,,,,,,,,,,,,,,,,,,,,,,,,,,,SME20240319141829,2024-03-19T14:18:47,3.0,8.0,1.0,22.8,Open,Block,-89.0,,,,,,,,,
acq:IVIS:SME20240319142653,Acquisition,,,IVIS image SME20240319142653,,,,IVIS,14.0,,,,,,,,,,,,,,,,,,,,,,,,,,,,,,,,,,,,,,,,,,,,SME20240319142653,2024-03-19T14:27:08,1.0,8.0,1.0,22.8,Open,Block,-89.0,,,,,,,,,
acq:IVIS:SME20240319142734,Acquisition,,,IVIS image SME20240319142734,,,,IVIS,14.0,,,,,,,,,,,,,,,,,,,,,,,,,,,,,,,,,,,,,,,,,,,,SME20240319142734,2024-03-19T14:27:52,30.0,8.0,1.0,22.8,Open,Block,-89.0,,,,,,,,,
acq:IVIS:SME20240319145246,Acquisition,,,IVIS image SME20240319145246,,,,IVIS,14.0,,,,,,,,,,,,,,,,,,,,,,,,,,,,,,,,,,,,,,,,,,,,SME20240319145246,2024-03-19T14:53:07,0.75,8.0,1.0,22.8,Open,Block,-89.0,,,,,,,,,
acq:IVIS:SME20240319145403,Acquisition,,,IVIS image SME20240319145403,,,,IVIS,14.0,,,,,,,,,,,,,,,,,,,,,,,,,,,,,,,,,,,,,,,,,,,,SME20240319145403,2024-03-19T14:54:21,50.0,8.0,1.0,22.8,Open,Block,-89.0,,,,,,,,,
acq:IVIS:SME20240319145831,Acquisition,,,IVIS image SME20240319145831,,,,IVIS,14.0,,,,,,,,,,,,,,,,,,,,,,,,,,,,,,,,,,,,,,,,,,,,SME20240319145831,2024-03-19T14:58:55,60.0,8.0,1.0,22.8,Open,Block,-89.0,,,,,,,,,
acq:IVIS:SME20240319150046,Acquisition,,,IVIS image SME20240319150046,,,,IVIS,14.0,,,,,,,,,,,,,,,,,,,,,,,,,,,,,,,,,,,,,,,,,,,,SME20240319150046,2024-03-19T15:01:10,60.0,8.0,1.0,22.8,Open,Block,-89.0,,,,,,,,,
acq:IVIS:SME20240319150545,Acquisition,,,IVIS image SME20240319150545,,,,IVIS,14.0,,,,,,,,,,,,,,,,,,,,,,,,,,,,,,,,,,,,,,,,,,,,SME20240319150545,2024-03-19T15:06:09,60.0,8.0,1.0,22.8,Open,Block,-89.0,,,,,,,,,
instrument:microCT,Instrument,,,SkyScan1276,,,,microCT,,,,,,,,,,,,,,,,,,,,,,,,,,,,,,,,,,,,,,,,,,,,,,,,,,,,,,Bruker SkyScan 1276,19I17123,SkyScan 1.8; NRecon 1.7.4.2,10.0,1.0,4.6,median gap between consecutive scan starts (SkyScan logs); setup estimated,137.81,
instrument:MRI,Instrument,,,Bruker BioSpec,,,,MRI,,,,,,,,,,,,,,,,,,,,,,,,,,,,,,,,,,,,,,,,,,,,,,,,,,,,,,Bruker BioSpec (ParaVision),,ParaVision,15.0,1.0,11.9,"median scanner minutes per mouse (scan logs, all series); setup estimated",275.63,
instrument:IVIS,Instrument,,,IVIS 200 Spectrum,,,,IVIS,,,,,,,,,,,,,,,,,,,,,,,,,,,,,,,,,,,,,,,,,,,,,,,,,,,,,,IVIS 200 Spectrum,,4.7.3.20616 (Jan 23 2019),15.0,5.0,7.1,"median weekly session length (ClickInfo times) less 15 min luciferin uptake, over 3 cage groups",144.38,"Andor, iKon"
